Gene@1351	Mutation@rs757110	Disease@MESH:D003920	0
Gene@1351	Mutation@rs757110	Disease@MESH:D003643	0
Gene@1351	Mutation@rs757110	Disease@MESH:D003924	0
Gene@1351	Mutation@rs757110	Disease@MESH:D014717	0
Gene@1351	Mutation@rs757110	Disease@MESH:D006943	0
Gene@1351	Mutation@rs757110	Disease@MESH:D003922	0
Gene@1351	Mutation@rs757110	Disease@MESH:D009223	0
Gene@1351	Mutation@rs757110	Disease@MESH:D007003	0
Gene@1351	Mutation@rs757110	Disease@MESH:D051437	0
Gene@1351	Mutation@rs757110	Disease@MESH:C562419	0
Gene@1351	Mutation@rs757110	Disease@MESH:D050197	0
Gene@1351	Mutation@rs757110	Disease@MESH:D018149	0
Gene@1351	Mutation@rs757110	Disease@MESH:D008659	0
Gene@1351	Mutation@rs757110	Disease@MESH:D007333	0
Gene@1351	Mutation@rs1801282	Disease@MESH:D003920	0
Gene@1351	Mutation@rs1801282	Disease@MESH:D003643	0
Gene@1351	Mutation@rs1801282	Disease@MESH:D003924	0
Gene@1351	Mutation@rs1801282	Disease@MESH:D014717	0
Gene@23671	Mutation@rs10497721	Disease@MESH:D003920	1
Gene@23671	Mutation@rs10497721	Disease@MESH:D003924	1
Gene@23671	Mutation@rs10497721	Disease@MESH:D006943	1
Gene@23671	Mutation@rs10497721	Disease@MESH:D003922	1
