Gene@348	Mutation@rs2075650	Disease@MESH:D000544	1
Gene@348	Mutation@rs2075650	Disease@MESH:C562799	0
Gene@348	Mutation@rs2075650	Disease@MESH:D019636	0
Gene@348	Mutation@rs2075650	Disease@MESH:D003072	0
Gene@348	Mutation@rs2075650	Disease@MESH:D003704	0
Gene@348	Mutation@rs2075650	Disease@MESH:D010302	0
Gene@348	Mutation@rs2075650	Disease@MESH:D004461	0
Gene@348	Mutation@rs2075650	Disease@MESH:D048909	0
Gene@348	Mutation@rs2075650	Disease@MESH:D006331	0
Gene@348	Mutation@rs2075650	Disease@MESH:D003324	0
Gene@348	Mutation@rs2075650	Disease@MESH:D064420	0
Gene@348	Mutation@rs2075650	Disease@MESH:D003920	0
Gene@348	Mutation@rs2075650	Disease@MESH:D015140	0
Gene@348	Mutation@rs2075650	Disease@MESH:D003643	0
Gene@348	Mutation@rs2075650	Disease@MESH:D009422	0
Gene@348	Mutation@rs2075650	Disease@MESH:D020521	0
Gene@348	Mutation@rs2075650	Disease@MESH:C566298	1
Gene@348	Mutation@rs2075650	Disease@MESH:D003139	1
Gene@25902	Mutation@rs11754661	Disease@MESH:D000544	1
Gene@25902	Mutation@rs11754661	Disease@MESH:C566298	1
Gene@25902	Mutation@rs11754661	Disease@MESH:D003139	1
Gene@10452	Mutation@rs2075650	Disease@MESH:D000544	1
Gene@10452	Mutation@rs2075650	Disease@MESH:C566298	1
Gene@10452	Mutation@rs2075650	Disease@MESH:D003139	1
Gene@5819	Mutation@rs6859	Disease@MESH:D000544	1
Gene@5819	Mutation@rs6859	Disease@MESH:C566298	1
Gene@270685	Mutation@rs11754661	Disease@MESH:D000544	1
Gene@270685	Mutation@rs11754661	Disease@MESH:C566298	1
Gene@270685	Mutation@rs11754661	Disease@MESH:D003139	1
