Gene@81037	Mutation@rs2736100	Disease@MESH:D000077192	1
Gene@81037	Mutation@rs2736100	Disease@MESH:D000230	0
Gene@81037	Mutation@rs2736100	Disease@MESH:D008175	1
Gene@81037	Mutation@rs2736100	Disease@MESH:D063646	1
Gene@81037	Mutation@rs2736100	Disease@MESH:D009369	0
Gene@81037	Mutation@rs2736100	Disease@MESH:D002294	0
Gene@81037	Mutation@rs2736100	Disease@MESH:D010190	0
Gene@81037	Mutation@rs2736100	Disease@MESH:D002280	0
Gene@81037	Mutation@rs2736100	Disease@MESH:D054990	0
Gene@81037	Mutation@rs2736100	Disease@MESH:D015470	0
Gene@81037	Mutation@rs2736100	Disease@MESH:D008545	0
Gene@81037	Mutation@rs2736100	Disease@MESH:D001749	0
Gene@81037	Mutation@rs2736100	Disease@MESH:D019871	0
Gene@81037	Mutation@rs2736100	Disease@MESH:D000080983	0
Gene@81037	Mutation@rs2736100	Disease@MESH:D001260	0
Gene@81037	Mutation@rs2736100	Disease@MESH:D014983	0
Gene@81037	Mutation@rs2736100	Disease@MESH:D005910	0
Gene@81037	Mutation@rs2736100	Disease@MESH:D000741	0
Gene@7015	Mutation@rs2736100	Disease@MESH:D000077192	1
Gene@7015	Mutation@rs2736100	Disease@MESH:D008175	1
Gene@7015	Mutation@rs2736100	Disease@MESH:D063646	1
Gene@7015	Mutation@rs2736100	Disease@MESH:D009369	1
