Gene@7015	Mutation@rs402710	Disease@MESH:D009369	1
Gene@7015	Mutation@rs402710	Disease@MESH:D008175	1
Gene@7015	Mutation@rs402710	Disease@MESH:D063646	0
Gene@7015	Mutation@rs402710	Disease@MESH:D019871	0
Gene@7015	Mutation@rs402710	Disease@MESH:D011658	0
Gene@7015	Mutation@rs402710	Disease@MESH:D030342	0
Gene@7015	Mutation@rs402710	Disease@MESH:D001855	0
Gene@7015	Mutation@rs402710	Disease@MESH:D002971	0
Gene@7015	Mutation@rs402710	Disease@MESH:D010051	0
Gene@7015	Mutation@rs2736100	Disease@MESH:D009369	0
Gene@7015	Mutation@rs2736100	Disease@MESH:D008175	0
Gene@7015	Mutation@rs2736100	Disease@MESH:D063646	0
Gene@7015	Mutation@rs2736100	Disease@MESH:D019871	0
Gene@7015	Mutation@rs2736100	Disease@MESH:D011658	0
Gene@7015	Mutation@rs2736100	Disease@MESH:D030342	0
Gene@7015	Mutation@rs2736100	Disease@MESH:D001855	0
Gene@7015	Mutation@rs2736100	Disease@MESH:D002971	0
Gene@7015	Mutation@rs2736100	Disease@MESH:D010051	0
Gene@81037	Mutation@rs402710	Disease@MESH:D009369	1
Gene@81037	Mutation@rs402710	Disease@MESH:D008175	1
