Gene@5890	Mutation@rs999737	Disease@MESH:D001943	1
Gene@5890	Mutation@rs999737	Disease@MESH:D003920	0
Gene@5890	Mutation@rs999737	Disease@MESH:D009369	1
Gene@5890	Mutation@rs999737	Disease@MESH:D016864	0
Gene@5890	Mutation@rs999737	Disease@MESH:D009386	0
Gene@5890	Mutation@rs999737	Disease@MESH:C538336	0
Gene@5890	Mutation@rs999737	Disease@MESH:D010051	1
Gene@5890	Mutation@rs999737	Disease@MESH:D001260	0
Gene@5890	Mutation@rs999737	Disease@MESH:D005199	0
Gene@5890	Mutation@rs999737	Disease@MESH:D008659	0
Gene@5890	Mutation@rs11249433	Disease@MESH:D001943	0
Gene@5890	Mutation@rs11249433	Disease@MESH:D003920	0
Gene@5890	Mutation@rs11249433	Disease@MESH:D009369	0
Gene@5890	Mutation@rs11249433	Disease@MESH:D016864	0
Gene@5890	Mutation@rs11249433	Disease@MESH:D009386	0
Gene@5890	Mutation@rs11249433	Disease@MESH:C538336	0
Gene@5890	Mutation@rs11249433	Disease@MESH:D010051	0
Gene@5890	Mutation@rs11249433	Disease@MESH:D001260	0
Gene@5890	Mutation@rs11249433	Disease@MESH:D005199	0
Gene@5890	Mutation@rs11249433	Disease@MESH:D008659	0
Gene@2263	Mutation@rs2981579	Disease@MESH:D001943	1
Gene@2263	Mutation@rs2981579	Disease@MESH:D009369	1
Gene@2263	Mutation@rs2981579	Disease@MESH:D010051	1
Gene@4214	Mutation@rs16886165	Disease@MESH:D001943	1
Gene@4214	Mutation@rs16886165	Disease@MESH:D009369	1
Gene@4214	Mutation@rs16886165	Disease@MESH:D010051	1
Gene@5888	Mutation@rs999737	Disease@MESH:D001943	1
Gene@5888	Mutation@rs999737	Disease@MESH:D009369	1
Gene@5888	Mutation@rs999737	Disease@MESH:D010051	1
