Gene@19699	Mutation@rs4298437	Disease@MESH:D000544	0
Gene@19699	Mutation@rs4298437	Disease@MESH:D003704	0
Gene@19699	Mutation@rs4298437	Disease@MESH:D003072	0
Gene@19699	Mutation@rs4298437	Disease@MESH:D043183	0
Gene@19699	Mutation@rs4298437	Disease@MESH:D058225	0
Gene@19699	Mutation@rs4298437	Disease@MESH:C536522	0
Gene@19699	Mutation@rs4298437	Disease@MESH:C564974	0
Gene@19699	Mutation@rs4298437	Disease@MESH:D009410	0
Gene@19699	Mutation@rs4298437	Disease@MESH:D019636	0
Gene@19699	Mutation@rs4298437	Disease@MESH:D002544	0
Gene@19699	Mutation@rs4298437	Disease@MESH:D012559	0
Gene@19699	Mutation@rs4298437	Disease@MESH:D001172	0
Gene@19699	Mutation@rs6943822	Disease@MESH:D000544	0
Gene@19699	Mutation@rs6943822	Disease@MESH:D003704	0
Gene@19699	Mutation@rs6943822	Disease@MESH:D003072	0
Gene@19699	Mutation@rs6943822	Disease@MESH:D043183	0
Gene@19699	Mutation@rs6943822	Disease@MESH:D058225	0
Gene@19699	Mutation@rs6943822	Disease@MESH:C536522	0
Gene@19699	Mutation@rs6943822	Disease@MESH:C564974	0
