Gene@9497	Mutation@rs4973768	Disease@MESH:D001943	1
Gene@9497	Mutation@rs4973768	Disease@MESH:D009369	1
Gene@9497	Mutation@rs4973768	Disease@MESH:D007690	0
Gene@9497	Mutation@rs4973768	Disease@MESH:D002278	0
Gene@9497	Mutation@rs6504950	Disease@MESH:D001943	0
Gene@9497	Mutation@rs6504950	Disease@MESH:D009369	0
Gene@9497	Mutation@rs6504950	Disease@MESH:D007690	0
Gene@9497	Mutation@rs6504950	Disease@MESH:D002278	0
Gene@9497	Mutation@rs4132417	Disease@MESH:D001943	0
Gene@9497	Mutation@rs4132417	Disease@MESH:D009369	0
Gene@9497	Mutation@rs4132417	Disease@MESH:D007690	0
Gene@9497	Mutation@rs4132417	Disease@MESH:D002278	0
Gene@9497	Mutation@rs1357245	Disease@MESH:D001943	1
Gene@9497	Mutation@rs1357245	Disease@MESH:D009369	1
Gene@9497	Mutation@rs1357245	Disease@MESH:D007690	0
Gene@9497	Mutation@rs1357245	Disease@MESH:D002278	0
Gene@152110	Mutation@rs4973768	Disease@MESH:D001943	1
Gene@152110	Mutation@rs4973768	Disease@MESH:D009369	1
Gene@152110	Mutation@rs1357245	Disease@MESH:D001943	1
Gene@152110	Mutation@rs1357245	Disease@MESH:D009369	1
Gene@1353	Mutation@rs6504950	Disease@MESH:D001943	1
Gene@1353	Mutation@rs6504950	Disease@MESH:D009369	1
