Gene@2262	Mutation@rs2352028	Disease@MESH:D008175	1
Gene@2262	Mutation@rs2352028	Disease@MESH:D009369	1
Gene@2262	Mutation@rs2352028	Disease@MESH:C535460	0
Gene@2262	Mutation@rs2352028	Disease@MESH:D000077192	1
Gene@2262	Mutation@rs2352028	Disease@MESH:D001102	0
Gene@2262	Mutation@rs2352028	Disease@MESH:D029424	0
Gene@2262	Mutation@rs2352028	Disease@MESH:D009135	0
Gene@2262	Mutation@rs2352028	Disease@MESH:D014571	0
Gene@2262	Mutation@rs2352028	Disease@MESH:D000230	0
Gene@2262	Mutation@rs2352028	Disease@MESH:C538614	0
Gene@2262	Mutation@rs2352028	Disease@MESH:D002276	0
Gene@2262	Mutation@rs2352028	Disease@MESH:D002289	0
Gene@2262	Mutation@rs2352028	Disease@MESH:D054331	0
Gene@2262	Mutation@rs2352028	Disease@MESH:D018288	0
Gene@2262	Mutation@rs2352028	Disease@MESH:D018287	0
Gene@2262	Mutation@rs2352028	Disease@MESH:D060825	0
Gene@2262	Mutation@rs2352028	Disease@MESH:D009103	0
Gene@2262	Mutation@rs2352028	Disease@MESH:D008171	0
Gene@2262	Mutation@rs2352028	Disease@MESH:D008223	0
Gene@2262	Mutation@rs2352028	Disease@MESH:D009461	0
