Gene@7917	Mutation@rs401681	Disease@MESH:D008175	0
Gene@7917	Mutation@rs401681	Disease@MESH:C536143	0
Gene@7917	Mutation@rs401681	Disease@MESH:D002289	0
Gene@7917	Mutation@rs401681	Disease@MESH:D018288	0
Gene@7917	Mutation@rs8042374	Disease@MESH:D008175	0
Gene@7917	Mutation@rs8042374	Disease@MESH:C536143	0
Gene@7917	Mutation@rs8042374	Disease@MESH:D002289	0
Gene@7917	Mutation@rs8042374	Disease@MESH:D018288	0
Gene@7917	Mutation@rs3117582	Disease@MESH:D008175	1
Gene@7917	Mutation@rs3117582	Disease@MESH:C536143	0
Gene@7917	Mutation@rs3117582	Disease@MESH:D002289	0
Gene@7917	Mutation@rs3117582	Disease@MESH:D018288	0
Gene@7917	Mutation@rs3131379	Disease@MESH:D008175	0
Gene@7917	Mutation@rs3131379	Disease@MESH:C536143	0
Gene@7917	Mutation@rs3131379	Disease@MESH:D002289	0
Gene@7917	Mutation@rs3131379	Disease@MESH:D018288	0
Gene@7917	Mutation@rs9295740	Disease@MESH:D008175	0
Gene@7917	Mutation@rs9295740	Disease@MESH:C536143	0
Gene@7917	Mutation@rs9295740	Disease@MESH:D002289	0
Gene@7917	Mutation@rs9295740	Disease@MESH:D018288	0
Gene@4439	Mutation@rs3117582	Disease@MESH:D008175	1
Gene@81037	Mutation@rs401681	Disease@MESH:D008175	1
