Gene@19266	Mutation@rs2237895	Disease@MESH:D003924	0
Gene@19266	Mutation@rs2237895	Disease@MESH:D003920	0
Gene@19266	Mutation@rs2237895	Disease@MESH:D010195	0
Gene@19266	Mutation@rs2237895	Disease@MESH:D030342	0
Gene@19266	Mutation@rs2237895	Disease@MESH:D006943	0
Gene@19266	Mutation@rs2237895	Disease@MESH:D000326	0
Gene@19266	Mutation@rs2237895	Disease@MESH:C564026	0
Gene@19266	Mutation@rs2237895	Disease@MESH:D018149	0
Gene@19266	Mutation@rs2237895	Disease@MESH:D007333	0
Gene@19266	Mutation@rs2237895	Disease@MESH:D009422	0
Gene@19266	Mutation@rs2237895	Disease@MESH:D006130	0
Gene@19266	Mutation@rs2237895	Disease@MESH:D009369	0
Gene@19266	Mutation@rs2237895	Disease@MESH:D007859	0
Gene@19266	Mutation@rs2237895	Disease@MESH:D020258	0
Gene@19266	Mutation@rs2237895	Disease@MESH:C562463	0
Gene@19266	Mutation@rs2237895	Disease@MESH:D009765	0
Gene@19266	Mutation@rs2237895	Disease@MESH:D006331	0
Gene@19266	Mutation@rs2237895	Disease@MESH:D008133	0
Gene@19266	Mutation@rs2237895	Disease@MESH:D001281	0
Gene@19266	Mutation@rs2237895	Disease@MESH:D016640	0
Gene@16535	Mutation@rs2237895	Disease@MESH:D003924	1
Gene@16535	Mutation@rs2237895	Disease@MESH:D003920	1
