Gene@8788	Mutation@rs941576	Disease@MESH:D003920	1
Gene@8788	Mutation@rs941576	Disease@MESH:D008180	0
Gene@8788	Mutation@rs941576	Disease@MESH:D003922	1
Gene@8788	Mutation@rs941576	Disease@MESH:D010051	0
Gene@8788	Mutation@rs941576	Disease@MESH:C536227	0
Gene@8788	Mutation@rs941576	Disease@MESH:D010195	0
Gene@8788	Mutation@rs941576	Disease@MESH:D002280	0
Gene@8788	Mutation@rs941576	Disease@MESH:D011218	0
Gene@8788	Mutation@rs941576	Disease@MESH:D018358	0
Gene@8788	Mutation@rs941576	Disease@MESH:D004701	0
Gene@8788	Mutation@rs2304256	Disease@MESH:D003920	0
Gene@8788	Mutation@rs2304256	Disease@MESH:D008180	0
Gene@8788	Mutation@rs2304256	Disease@MESH:D003922	0
Gene@8788	Mutation@rs2304256	Disease@MESH:D010051	0
Gene@8788	Mutation@rs2304256	Disease@MESH:C536227	0
Gene@8788	Mutation@rs2304256	Disease@MESH:D010195	0
Gene@8788	Mutation@rs2304256	Disease@MESH:D002280	0
Gene@8788	Mutation@rs2304256	Disease@MESH:D011218	0
Gene@8788	Mutation@rs2304256	Disease@MESH:D018358	0
Gene@8788	Mutation@rs2304256	Disease@MESH:D004701	0
Gene@55384	Mutation@rs941576	Disease@MESH:D003920	1
Gene@55384	Mutation@rs941576	Disease@MESH:D003922	1
Gene@7297	Mutation@rs2304256	Disease@MESH:D003920	1
Gene@7297	Mutation@rs2304256	Disease@MESH:D003922	1
Gene@388015	Mutation@rs941576	Disease@MESH:D003920	1
Gene@388015	Mutation@rs941576	Disease@MESH:D003922	1
Gene@1735	Mutation@rs941576	Disease@MESH:D003920	1
Gene@1735	Mutation@rs941576	Disease@MESH:D003922	1
