Gene@675	Mutation@rs16917302	Disease@MESH:D001943	0
Gene@675	Mutation@rs16917302	Disease@MESH:D009369	0
Gene@675	Mutation@rs16917302	Disease@MESH:D010051	0
Gene@675	Mutation@rs16917302	Disease@MESH:D001919	0
Gene@675	Mutation@rs16917302	Disease@MESH:D005199	0
Gene@675	Mutation@rs16917302	Disease@MESH:D001321	0
Gene@675	Mutation@rs16917302	Disease@MESH:D063646	0
Gene@675	Mutation@rs16917302	Disease@MESH:D000309	0
Gene@675	Mutation@rs16917302	Disease@MESH:D043183	0
Gene@675	Mutation@rs16917302	Disease@MESH:D008223	0
Gene@675	Mutation@rs16917302	Disease@MESH:D003920	0
Gene@675	Mutation@rs786204278	Disease@MESH:D001943	0
Gene@675	Mutation@rs786204278	Disease@MESH:D009369	0
Gene@675	Mutation@rs786204278	Disease@MESH:D010051	0
Gene@675	Mutation@rs786204278	Disease@MESH:D001919	0
Gene@675	Mutation@rs786204278	Disease@MESH:D005199	0
Gene@675	Mutation@rs786204278	Disease@MESH:D001321	0
Gene@675	Mutation@rs786204278	Disease@MESH:D063646	0
Gene@675	Mutation@rs786204278	Disease@MESH:D000309	0
Gene@675	Mutation@rs786204278	Disease@MESH:D043183	0
Gene@2263	Mutation@rs2981575	Disease@MESH:D001943	1
Gene@2263	Mutation@rs2981575	Disease@MESH:D009369	1
Gene@2263	Mutation@rs2981575	Disease@MESH:D010051	1
