Gene@3586	Mutation@rs2476601	Disease@MESH:D003920	0
Gene@3586	Mutation@rs2476601	Disease@MESH:D003922	0
Gene@3586	Mutation@rs2476601	Disease@MESH:D001327	0
Gene@3586	Mutation@rs2476601	Disease@MESH:D003928	0
Gene@3586	Mutation@rs2476601	Disease@MESH:D017034	0
Gene@3586	Mutation@rs2476601	Disease@MESH:D003409	0
Gene@3586	Mutation@rs2476601	Disease@MESH:C563425	0
Gene@3586	Mutation@rs2476601	Disease@MESH:D001714	0
Gene@3586	Mutation@rs2476601	Disease@MESH:D003924	0
Gene@3586	Mutation@rs2476601	Disease@MESH:D035583	0
Gene@3586	Mutation@rs2476601	Disease@MESH:D044882	0
Gene@3586	Mutation@rs917997	Disease@MESH:D003920	0
Gene@3586	Mutation@rs917997	Disease@MESH:D003922	0
Gene@3586	Mutation@rs917997	Disease@MESH:D001327	0
Gene@3586	Mutation@rs917997	Disease@MESH:D003928	0
Gene@3586	Mutation@rs917997	Disease@MESH:D017034	0
Gene@3586	Mutation@rs917997	Disease@MESH:D003409	0
Gene@3586	Mutation@rs917997	Disease@MESH:C563425	0
Gene@3586	Mutation@rs917997	Disease@MESH:D001714	0
Gene@3586	Mutation@rs3024505	Disease@MESH:D003920	1
Gene@3586	Mutation@rs3024505	Disease@MESH:D003922	1
Gene@50604	Mutation@rs4505848	Disease@MESH:D003920	1
Gene@50604	Mutation@rs4505848	Disease@MESH:D003922	1
Gene@169792	Mutation@rs7020673	Disease@MESH:D003920	1
Gene@169792	Mutation@rs7020673	Disease@MESH:D003922	1
Gene@969	Mutation@rs4763879	Disease@MESH:D003920	1
Gene@969	Mutation@rs4763879	Disease@MESH:D003922	1
Gene@246778	Mutation@rs4788084	Disease@MESH:D003920	1
Gene@246778	Mutation@rs4788084	Disease@MESH:D003922	1
Gene@1493	Mutation@rs3087243	Disease@MESH:D003920	1
Gene@1493	Mutation@rs3087243	Disease@MESH:D003922	1
Gene@26191	Mutation@rs2476601	Disease@MESH:D003920	1
Gene@26191	Mutation@rs2476601	Disease@MESH:D003922	1
Gene@26191	Mutation@rs1893217	Disease@MESH:D003920	1
Gene@26191	Mutation@rs1893217	Disease@MESH:D003922	1
Gene@3559	Mutation@rs12251307	Disease@MESH:D003920	1
Gene@3559	Mutation@rs12251307	Disease@MESH:D003922	1
Gene@64135	Mutation@rs1990760	Disease@MESH:D003920	1
Gene@64135	Mutation@rs1990760	Disease@MESH:D003922	1
Gene@3107	Mutation@rs9268645	Disease@MESH:D003920	1
Gene@3107	Mutation@rs9268645	Disease@MESH:D003922	1
Gene@10019	Mutation@rs3184504	Disease@MESH:D003920	1
Gene@10019	Mutation@rs3184504	Disease@MESH:D003922	1
Gene@53347	Mutation@rs11203203	Disease@MESH:D003920	1
Gene@53347	Mutation@rs11203203	Disease@MESH:D003922	1
Gene@60468	Mutation@rs11755527	Disease@MESH:D003920	1
Gene@60468	Mutation@rs11755527	Disease@MESH:D003922	1
Gene@23242	Mutation@rs4948088	Disease@MESH:D003920	1
Gene@23242	Mutation@rs4948088	Disease@MESH:D003922	1
Gene@387103	Mutation@rs9388489	Disease@MESH:D003920	1
Gene@387103	Mutation@rs9388489	Disease@MESH:D003922	1
Gene@55328	Mutation@rs10509540	Disease@MESH:D003920	1
Gene@55328	Mutation@rs10509540	Disease@MESH:D003922	1
Gene@94103	Mutation@rs2290400	Disease@MESH:D003920	1
Gene@94103	Mutation@rs2290400	Disease@MESH:D003922	1
Gene@5236	Mutation@rs2269241	Disease@MESH:D003920	1
Gene@5236	Mutation@rs2269241	Disease@MESH:D003922	1
