Gene@3630	Mutation@rs10906115	Disease@MESH:D003924	0
Gene@3630	Mutation@rs10906115	Disease@MESH:D003920	0
Gene@3630	Mutation@rs10906115	Disease@MESH:D007105	0
Gene@3630	Mutation@rs10906115	Disease@MESH:D001943	0
Gene@3630	Mutation@rs10906115	Disease@MESH:C538336	0
Gene@3630	Mutation@rs10906115	Disease@MESH:D010195	0
Gene@3630	Mutation@rs10906115	Disease@MESH:D007249	0
Gene@3630	Mutation@rs10906115	Disease@MESH:D009369	0
Gene@3630	Mutation@rs10906115	Disease@MESH:D006946	0
Gene@3630	Mutation@rs10906115	Disease@MESH:D010190	0
Gene@3630	Mutation@rs10906115	Disease@MESH:C536439	0
Gene@3630	Mutation@rs10906115	Disease@MESH:D050197	0
Gene@3630	Mutation@rs10906115	Disease@MESH:D009765	0
Gene@3630	Mutation@rs10906115	Disease@MESH:D018149	0
Gene@3630	Mutation@rs1359790	Disease@MESH:D003924	0
Gene@3630	Mutation@rs1359790	Disease@MESH:D003920	0
Gene@3630	Mutation@rs1359790	Disease@MESH:D007105	0
Gene@3630	Mutation@rs1359790	Disease@MESH:D001943	0
Gene@3630	Mutation@rs1359790	Disease@MESH:C538336	0
Gene@3630	Mutation@rs1359790	Disease@MESH:D010195	0
Gene@8872	Mutation@rs10906115	Disease@MESH:D003924	1
Gene@8872	Mutation@rs10906115	Disease@MESH:D003920	1
Gene@57118	Mutation@rs10906115	Disease@MESH:D003924	1
Gene@57118	Mutation@rs10906115	Disease@MESH:D003920	1
Gene@3087	Mutation@rs5015480	Disease@MESH:D003924	1
Gene@3087	Mutation@rs5015480	Disease@MESH:D003920	1
Gene@10253	Mutation@rs1359790	Disease@MESH:D003924	1
Gene@10253	Mutation@rs1359790	Disease@MESH:D003920	1
Gene@388125	Mutation@rs1436955	Disease@MESH:D003924	1
Gene@388125	Mutation@rs1436955	Disease@MESH:D003920	1
