Gene@1191	Mutation@rs597668	Disease@MESH:D000544	0
Gene@1191	Mutation@rs597668	Disease@MESH:D020521	0
Gene@1191	Mutation@rs597668	Disease@MESH:D003704	0
Gene@1191	Mutation@rs597668	Disease@MESH:D001523	0
Gene@1191	Mutation@rs597668	Disease@MESH:D009422	0
Gene@1191	Mutation@rs597668	Disease@MESH:D012640	0
Gene@1191	Mutation@rs597668	Disease@MESH:D007859	0
Gene@1191	Mutation@rs597668	Disease@MESH:D012559	0
Gene@1191	Mutation@rs597668	Disease@MESH:D000326	0
Gene@1191	Mutation@rs597668	Disease@MESH:D001172	0
Gene@1191	Mutation@rs597668	Disease@MESH:C537366	0
Gene@1191	Mutation@rs597668	Disease@MESH:D054880	0
Gene@1191	Mutation@rs597668	Disease@MESH:D007039	0
Gene@1191	Mutation@rs597668	Disease@MESH:D029461	0
Gene@1191	Mutation@rs597668	Disease@MESH:D002609	0
Gene@1191	Mutation@rs597668	Disease@MESH:D003072	0
Gene@1191	Mutation@rs597668	Disease@MESH:D001714	0
Gene@1191	Mutation@rs744373	Disease@MESH:D000544	0
Gene@1191	Mutation@rs744373	Disease@MESH:D020521	0
Gene@1191	Mutation@rs744373	Disease@MESH:D003704	0
Gene@348	Mutation@rs2075650	Disease@MESH:D000544	1
