Gene@23112	Mutation@rs9623117	Disease@MESH:D011471	1
Gene@23112	Mutation@rs9623117	Disease@MESH:D001523	0
Gene@23112	Mutation@rs9623117	Disease@MESH:D009369	1
Gene@23112	Mutation@rs9623117	Disease@MESH:D063646	1
Gene@23112	Mutation@rs9623117	Disease@MESH:D010051	0
Gene@23112	Mutation@rs9623117	Disease@MESH:D011472	1
Gene@23112	Mutation@rs9623117	Disease@MESH:D003920	0
Gene@23112	Mutation@rs9623117	Disease@MESH:C537243	1
Gene@23112	Mutation@rs11649743	Disease@MESH:D011471	0
Gene@23112	Mutation@rs11649743	Disease@MESH:D001523	0
Gene@23112	Mutation@rs11649743	Disease@MESH:D009369	0
Gene@23112	Mutation@rs11649743	Disease@MESH:D063646	0
Gene@23112	Mutation@rs11649743	Disease@MESH:D010051	0
Gene@23112	Mutation@rs11649743	Disease@MESH:D011472	0
Gene@23112	Mutation@rs11649743	Disease@MESH:D003920	0
Gene@23112	Mutation@rs11649743	Disease@MESH:C537243	0
Gene@23112	Mutation@rs4430796	Disease@MESH:D011471	0
Gene@23112	Mutation@rs4430796	Disease@MESH:D001523	0
