Gene@2099	Mutation@rs2046210	Disease@MESH:D001943	0
Gene@2099	Mutation@rs2046210	Disease@MESH:D009369	0
Gene@2099	Mutation@rs2046210	Disease@MESH:D030342	0
Gene@2099	Mutation@rs2046210	Disease@MESH:D016889	0
Gene@2099	Mutation@rs2046210	Disease@MESH:D063646	0
Gene@2099	Mutation@rs2046210	Disease@MESH:D010051	0
Gene@2099	Mutation@rs2046210	Disease@MESH:D050723	0
Gene@2099	Mutation@rs2046210	Disease@OMIM:615554	0
Gene@2099	Mutation@rs2046210	Disease@MESH:D047688	0
Gene@2099	Mutation@rs1219648	Disease@MESH:D001943	0
Gene@2099	Mutation@rs1219648	Disease@MESH:D009369	0
Gene@2099	Mutation@rs1219648	Disease@MESH:D030342	0
Gene@2099	Mutation@rs1219648	Disease@MESH:D016889	0
Gene@2099	Mutation@rs1219648	Disease@MESH:D063646	0
Gene@2099	Mutation@rs1219648	Disease@MESH:D010051	0
Gene@2099	Mutation@rs1219648	Disease@MESH:D050723	0
Gene@2099	Mutation@rs1219648	Disease@OMIM:615554	0
Gene@2099	Mutation@rs1219648	Disease@MESH:D047688	0
Gene@2099	Mutation@rs8051542	Disease@MESH:D001943	0
Gene@2099	Mutation@rs8051542	Disease@MESH:D009369	0
Gene@80129	Mutation@rs2046210	Disease@MESH:D001943	1
Gene@80129	Mutation@rs2046210	Disease@MESH:D063646	1
