Gene@1071	Mutation@rs174546	Disease@MESH:D008659	0
Gene@1071	Mutation@rs174546	Disease@MESH:D056128	0
Gene@1071	Mutation@rs174546	Disease@MESH:D003920	0
Gene@1071	Mutation@rs174546	Disease@MESH:D003924	0
Gene@1071	Mutation@rs174546	Disease@MESH:D050171	0
Gene@1071	Mutation@rs174546	Disease@MESH:D003324	0
Gene@1071	Mutation@rs174546	Disease@MESH:D003643	0
Gene@1071	Mutation@rs174546	Disease@MESH:D029461	0
Gene@1071	Mutation@rs174546	Disease@MESH:D006973	0
Gene@1071	Mutation@rs174546	Disease@MESH:D009765	0
Gene@1071	Mutation@rs7903146	Disease@MESH:D008659	0
Gene@1071	Mutation@rs7903146	Disease@MESH:D056128	0
Gene@1071	Mutation@rs7903146	Disease@MESH:D003920	0
Gene@1071	Mutation@rs7903146	Disease@MESH:D003924	0
Gene@1071	Mutation@rs7903146	Disease@MESH:D050171	0
Gene@1071	Mutation@rs7903146	Disease@MESH:D003324	0
Gene@1071	Mutation@rs7903146	Disease@MESH:D003643	0
Gene@1071	Mutation@rs7903146	Disease@MESH:D029461	0
Gene@1071	Mutation@rs7903146	Disease@MESH:D006973	0
Gene@1071	Mutation@rs3764261	Disease@MESH:D008659	1
Gene@4023	Mutation@rs2083637	Disease@MESH:D008659	1
Gene@6934	Mutation@rs7903146	Disease@MESH:D008659	1
Gene@3992	Mutation@rs174546	Disease@MESH:D008659	1
Gene@9415	Mutation@rs1535	Disease@MESH:D008659	1
Gene@2022	Mutation@rs7865146	Disease@MESH:D008659	1
Gene@5366	Mutation@Rs12957347	Disease@MESH:D008659	1
