Gene@6281	Mutation@rs478582	Disease@MESH:D003920	0
Gene@6281	Mutation@rs478582	Disease@MESH:D004915	0
Gene@6281	Mutation@rs478582	Disease@MESH:D000081012	0
Gene@6281	Mutation@rs478582	Disease@MESH:D013967	0
Gene@6281	Mutation@rs478582	Disease@MESH:D003141	0
Gene@6281	Mutation@rs478582	Disease@MESH:D001327	0
Gene@6281	Mutation@rs478582	Disease@MESH:D010850	0
Gene@6281	Mutation@rs478582	Disease@MESH:D006111	0
Gene@6281	Mutation@rs478582	Disease@MESH:D010195	0
Gene@6281	Mutation@rs478582	Disease@MESH:D003922	0
Gene@6281	Mutation@rs478582	Disease@MESH:D007249	0
Gene@6281	Mutation@rs478582	Disease@MESH:D006042	0
Gene@6281	Mutation@rs478582	Disease@MESH:D013959	0
Gene@6281	Mutation@rs478582	Disease@MESH:D006980	0
Gene@6281	Mutation@rs478582	Disease@MESH:D009103	0
Gene@6281	Mutation@rs1893217	Disease@MESH:D003920	0
Gene@6281	Mutation@rs1893217	Disease@MESH:D004915	0
Gene@26191	Mutation@rs2542151	Disease@MESH:D003920	1
Gene@26191	Mutation@rs2542151	Disease@MESH:D003922	1
Gene@64135	Mutation@rs1990760	Disease@MESH:D003920	1
Gene@64135	Mutation@rs1990760	Disease@MESH:D003922	1
Gene@23274	Mutation@rs12708716	Disease@MESH:D003920	1
Gene@23274	Mutation@rs12708716	Disease@MESH:D003922	1
Gene@2065	Mutation@rs1445898	Disease@MESH:D003920	1
Gene@2065	Mutation@rs1445898	Disease@MESH:D003922	1
Gene@10666	Mutation@rs763361	Disease@MESH:D003920	1
Gene@10666	Mutation@rs763361	Disease@MESH:D003922	1
Gene@133690	Mutation@rs1445898	Disease@MESH:D003920	1
Gene@133690	Mutation@rs1445898	Disease@MESH:D003922	1
Gene@3575	Mutation@rs6897932	Disease@MESH:D003920	1
Gene@3575	Mutation@rs6897932	Disease@MESH:D003922	1
Gene@3899	Mutation@rs9653442	Disease@MESH:D003920	1
Gene@3899	Mutation@rs9653442	Disease@MESH:D003922	1
Gene@10745	Mutation@rs6679677	Disease@MESH:D003920	1
Gene@10745	Mutation@rs6679677	Disease@MESH:D003922	1
Gene@80018	Mutation@rs17696736	Disease@MESH:D003920	1
Gene@80018	Mutation@rs17696736	Disease@MESH:D003922	1
