Gene@2492	Mutation@rs2268363	Disease@MESH:D011471	0
Gene@2492	Mutation@rs2268363	Disease@MESH:D007172	0
Gene@2492	Mutation@rs2268363	Disease@MESH:D011832	0
Gene@2492	Mutation@rs2268363	Disease@MESH:D011349	0
Gene@2492	Mutation@rs2268363	Disease@MESH:D000783	0
Gene@2492	Mutation@rs2268363	Disease@MESH:D003920	0
Gene@2492	Mutation@rs2268363	Disease@MESH:D064420	0
Gene@2492	Mutation@rs2268363	Disease@MESH:D013684	0
Gene@2492	Mutation@rs2268363	Disease@MESH:D001943	0
Gene@2492	Mutation@rs2268363	Disease@MESH:D006331	0
Gene@2492	Mutation@rs2268363	Disease@MESH:D007037	0
Gene@2492	Mutation@rs2268363	Disease@MESH:D043183	0
Gene@2492	Mutation@rs2268363	Disease@MESH:D006973	0
Gene@2492	Mutation@rs2268363	Disease@MESH:D001249	0
Gene@2492	Mutation@rs2268363	Disease@MESH:D007247	0
Gene@2492	Mutation@rs2268363	Disease@MESH:D011472	0
Gene@2492	Mutation@rs2268363	Disease@MESH:D006470	0
Gene@2492	Mutation@rs2268363	Disease@MESH:D005355	0
Gene@2492	Mutation@rs2268363	Disease@MESH:D001284	0
Gene@2492	Mutation@rs2268363	Disease@MESH:D006432	0
Gene@57217	Mutation@rs10194115	Disease@MESH:D011471	1
Gene@57217	Mutation@rs10194115	Disease@MESH:D007172	1
Gene@57217	Mutation@rs10194115	Disease@MESH:D011472	1
Gene@14308	Mutation@rs2268363	Disease@MESH:D011471	1
Gene@14308	Mutation@rs2268363	Disease@MESH:D007172	1
Gene@14308	Mutation@rs2268363	Disease@MESH:D011472	1
Gene@9843	Mutation@rs5965182	Disease@MESH:D011471	1
Gene@9843	Mutation@rs5965182	Disease@MESH:D007172	1
Gene@9843	Mutation@rs5965182	Disease@MESH:D011472	1
Gene@225049	Mutation@rs10194115	Disease@MESH:D011471	1
Gene@225049	Mutation@rs10194115	Disease@MESH:D007172	1
Gene@225049	Mutation@rs10194115	Disease@MESH:D011472	1
Gene@1240	Mutation@rs10861905	Disease@MESH:D011471	1
Gene@1240	Mutation@rs10861905	Disease@MESH:D007172	1
Gene@1240	Mutation@rs10861905	Disease@MESH:D011472	1
Gene@53353	Mutation@rs10210358	Disease@MESH:D011471	1
Gene@53353	Mutation@rs10210358	Disease@MESH:D007172	1
Gene@53353	Mutation@rs10210358	Disease@MESH:D011472	1
Gene@92086	Mutation@rs6049375	Disease@MESH:D011471	1
Gene@92086	Mutation@rs6049375	Disease@MESH:D007172	1
Gene@92086	Mutation@rs6049375	Disease@MESH:D011472	1
