Gene@2904	Mutation@rs10845840	Disease@MESH:D019636	0
Gene@2904	Mutation@rs10845840	Disease@MESH:D000544	0
Gene@2904	Mutation@rs10845840	Disease@MESH:D017825	0
Gene@2904	Mutation@rs10845840	Disease@MESH:D003643	0
Gene@2904	Mutation@rs10845840	Disease@MESH:D012162	0
Gene@2904	Mutation@rs10845840	Disease@MESH:D003072	0
Gene@2904	Mutation@rs10845840	Disease@MESH:D001927	0
Gene@2904	Mutation@rs10845840	Disease@MESH:D001284	0
Gene@2904	Mutation@rs10845840	Disease@MESH:D009410	0
Gene@2904	Mutation@rs10845840	Disease@MESH:D001523	0
Gene@2904	Mutation@rs10845840	Disease@MESH:D020914	0
Gene@2904	Mutation@rs10845840	Disease@MESH:D003704	0
Gene@2904	Mutation@rs10845840	Disease@MESH:D008569	0
Gene@2904	Mutation@rs10845840	Disease@MESH:D006816	0
Gene@2904	Mutation@rs10845840	Disease@MESH:D004833	0
Gene@2904	Mutation@rs10845840	Disease@MESH:D030342	0
Gene@2904	Mutation@rs10845840	Disease@MESH:D005600	0
Gene@2904	Mutation@rs10845840	Disease@MESH:D060825	0
Gene@2904	Mutation@rs10845840	Disease@MESH:D012559	0
Gene@2904	Mutation@rs11055612	Disease@MESH:D019636	1
Gene@2904	Mutation@rs11055612	Disease@MESH:D000544	1
Gene@2904	Mutation@rs11055612	Disease@MESH:D017825	1
Gene@2904	Mutation@rs11055612	Disease@MESH:D001927	1
Gene@2904	Mutation@rs11055612	Disease@MESH:D003704	1
Gene@27340	Mutation@rs2290720	Disease@MESH:D019636	1
Gene@27340	Mutation@rs2290720	Disease@MESH:D000544	1
Gene@27340	Mutation@rs2290720	Disease@MESH:D017825	1
Gene@27340	Mutation@rs2290720	Disease@MESH:D001927	1
Gene@27340	Mutation@rs2290720	Disease@MESH:D003704	1
Gene@284695	Mutation@rs2813746	Disease@MESH:D019636	1
Gene@284695	Mutation@rs2813746	Disease@MESH:D000544	1
Gene@284695	Mutation@rs2813746	Disease@MESH:D017825	1
Gene@284695	Mutation@rs2813746	Disease@MESH:D001927	1
Gene@284695	Mutation@rs2813746	Disease@MESH:D003704	1
