Gene@348	Mutation@rs11159647	Disease@MESH:D000544	0
Gene@348	Mutation@rs11159647	Disease@MESH:D019636	0
Gene@348	Mutation@rs11159647	Disease@MESH:D003643	0
Gene@348	Mutation@rs11159647	Disease@MESH:D003704	0
Gene@348	Mutation@rs11159647	Disease@MESH:D005911	0
Gene@348	Mutation@rs11159647	Disease@MESH:D017827	0
Gene@348	Mutation@rs11159647	Disease@MESH:D012559	0
Gene@348	Mutation@rs11159647	Disease@MESH:D004827	0
Gene@348	Mutation@rs11159647	Disease@MESH:D001523	0
Gene@348	Mutation@rs11159647	Disease@MESH:D001749	0
Gene@348	Mutation@rs11159647	Disease@MESH:D008577	0
Gene@348	Mutation@rs11159647	Disease@MESH:D001714	0
Gene@348	Mutation@rs11159647	Disease@MESH:D001321	0
Gene@348	Mutation@rs11159647	Disease@MESH:C562694	0
Gene@348	Mutation@rs11159647	Disease@MESH:D008607	0
Gene@348	Mutation@rs11159647	Disease@MESH:D010300	0
Gene@348	Mutation@rs2373115	Disease@MESH:D000544	0
Gene@348	Mutation@rs2373115	Disease@MESH:D019636	0
Gene@348	Mutation@rs2075650	Disease@MESH:D000544	1
Gene@348	Mutation@rs2075650	Disease@MESH:D003704	1
Gene@10452	Mutation@rs2075650	Disease@MESH:D000544	1
Gene@10452	Mutation@rs2075650	Disease@MESH:D003704	1
Gene@79739	Mutation@rs7539409	Disease@MESH:D000544	1
Gene@79739	Mutation@rs7539409	Disease@MESH:D003704	1
Gene@5076	Mutation@rs4509693	Disease@MESH:D000544	1
Gene@5076	Mutation@rs4509693	Disease@MESH:D003704	1
Gene@23328	Mutation@rs9390537	Disease@MESH:D000544	1
Gene@23328	Mutation@rs9390537	Disease@MESH:D003704	1
