Gene@1029	Mutation@rs9502893	Disease@MESH:D010190	0
Gene@1029	Mutation@rs9502893	Disease@MESH:D021441	0
Gene@1029	Mutation@rs9502893	Disease@MESH:D003643	0
Gene@1029	Mutation@rs9502893	Disease@MESH:C566800	0
Gene@1029	Mutation@rs9502893	Disease@MESH:D010195	0
Gene@1029	Mutation@rs9502893	Disease@MESH:D003920	0
Gene@1029	Mutation@rs9502893	Disease@MESH:D011125	0
Gene@1029	Mutation@rs9502893	Disease@MESH:D009369	0
Gene@1029	Mutation@rs9502893	Disease@MESH:D030342	0
Gene@1029	Mutation@rs9502893	Disease@MESH:D063646	0
Gene@1029	Mutation@rs9502893	Disease@MESH:C536801	0
Gene@1029	Mutation@rs9502893	Disease@MESH:D006509	0
Gene@1029	Mutation@rs9502893	Disease@MESH:D058729	0
Gene@1029	Mutation@rs9502893	Disease@MESH:D009203	0
Gene@1029	Mutation@rs9502893	Disease@MESH:D001145	0
Gene@1029	Mutation@rs9502893	Disease@MESH:D009759	0
Gene@1029	Mutation@rs9502893	Disease@MESH:D005076	0
Gene@1029	Mutation@rs9502893	Disease@MESH:D020521	0
Gene@1029	Mutation@rs9502893	Disease@MESH:D014397	0
Gene@1029	Mutation@rs9502893	Disease@MESH:C562463	0
Gene@94234	Mutation@rs9502893	Disease@MESH:D010190	1
Gene@94234	Mutation@rs9502893	Disease@MESH:D021441	1
Gene@94234	Mutation@rs9502893	Disease@MESH:D009369	1
Gene@94234	Mutation@rs9502893	Disease@MESH:D063646	1
Gene@94234	Mutation@rs9502893	Disease@MESH:C562463	1
Gene@94234	Mutation@rs9502893	Disease@MESH:C535837	1
Gene@94234	Mutation@rs9502893	Disease@MESH:D018290	1
Gene@636	Mutation@rs708224	Disease@MESH:D010190	1
Gene@636	Mutation@rs708224	Disease@MESH:D021441	1
Gene@636	Mutation@rs708224	Disease@MESH:D009369	1
Gene@636	Mutation@rs708224	Disease@MESH:D063646	1
Gene@636	Mutation@rs708224	Disease@MESH:C562463	1
Gene@636	Mutation@rs708224	Disease@MESH:C535837	1
Gene@636	Mutation@rs708224	Disease@MESH:D018290	1
Gene@1804	Mutation@rs6464375	Disease@MESH:D010190	1
Gene@1804	Mutation@rs6464375	Disease@MESH:D021441	1
Gene@1804	Mutation@rs6464375	Disease@MESH:D009369	1
Gene@1804	Mutation@rs6464375	Disease@MESH:D063646	1
Gene@1804	Mutation@rs6464375	Disease@MESH:C562463	1
Gene@1804	Mutation@rs6464375	Disease@MESH:C535837	1
Gene@1804	Mutation@rs6464375	Disease@MESH:D018290	1
Gene@157769	Mutation@rs10088262	Disease@MESH:D010190	1
Gene@157769	Mutation@rs10088262	Disease@MESH:D021441	1
Gene@157769	Mutation@rs10088262	Disease@MESH:D009369	1
Gene@157769	Mutation@rs10088262	Disease@MESH:D063646	1
Gene@157769	Mutation@rs10088262	Disease@MESH:C562463	1
Gene@157769	Mutation@rs10088262	Disease@MESH:C535837	1
Gene@157769	Mutation@rs10088262	Disease@MESH:D018290	1
Gene@286140	Mutation@rs7832232	Disease@MESH:D010190	1
Gene@286140	Mutation@rs7832232	Disease@MESH:D021441	1
Gene@286140	Mutation@rs7832232	Disease@MESH:D009369	1
Gene@286140	Mutation@rs7832232	Disease@MESH:D063646	1
Gene@286140	Mutation@rs7832232	Disease@MESH:C562463	1
Gene@286140	Mutation@rs7832232	Disease@MESH:C535837	1
Gene@286140	Mutation@rs7832232	Disease@MESH:D018290	1
Gene@10123	Mutation@rs6736997	Disease@MESH:D010190	1
Gene@10123	Mutation@rs6736997	Disease@MESH:D021441	1
Gene@10123	Mutation@rs6736997	Disease@MESH:D009369	1
Gene@10123	Mutation@rs6736997	Disease@MESH:D063646	1
Gene@10123	Mutation@rs6736997	Disease@MESH:C535837	1
Gene@10123	Mutation@rs6736997	Disease@MESH:D018290	1
Gene@80731	Mutation@rs1427593	Disease@MESH:D010190	1
Gene@80731	Mutation@rs1427593	Disease@MESH:D021441	1
Gene@80731	Mutation@rs1427593	Disease@MESH:D009369	1
Gene@80731	Mutation@rs1427593	Disease@MESH:D063646	1
Gene@80731	Mutation@rs1427593	Disease@MESH:C562463	1
Gene@80731	Mutation@rs1427593	Disease@MESH:C535837	1
Gene@80731	Mutation@rs1427593	Disease@MESH:D018290	1
Gene@5071	Mutation@rs3016539	Disease@MESH:D010190	1
Gene@5071	Mutation@rs3016539	Disease@MESH:D021441	1
Gene@5071	Mutation@rs3016539	Disease@MESH:D009369	1
Gene@5071	Mutation@rs3016539	Disease@MESH:D063646	1
Gene@5071	Mutation@rs3016539	Disease@MESH:C562463	1
Gene@5071	Mutation@rs3016539	Disease@MESH:C535837	1
Gene@5071	Mutation@rs3016539	Disease@MESH:D018290	1
Gene@5636	Mutation@rs4924935	Disease@MESH:D010190	1
Gene@5636	Mutation@rs4924935	Disease@MESH:D021441	1
Gene@5636	Mutation@rs4924935	Disease@MESH:D009369	1
Gene@5636	Mutation@rs4924935	Disease@MESH:D063646	1
Gene@5636	Mutation@rs4924935	Disease@MESH:C562463	1
Gene@5636	Mutation@rs4924935	Disease@MESH:C535837	1
Gene@5636	Mutation@rs4924935	Disease@MESH:D018290	1
