Gene@53347	Mutation@rs3757247	Disease@MESH:D003922	0
Gene@53347	Mutation@rs3757247	Disease@MESH:D003920	0
Gene@53347	Mutation@rs3757247	Disease@MESH:D004194	0
Gene@53347	Mutation@rs3757247	Disease@MESH:D010195	0
Gene@53347	Mutation@rs3757247	Disease@MESH:D003925	0
Gene@53347	Mutation@rs3757247	Disease@MESH:D012164	0
Gene@53347	Mutation@rs3757247	Disease@MESH:D007674	0
Gene@53347	Mutation@rs3757247	Disease@MESH:D008180	0
Gene@53347	Mutation@rs3757247	Disease@MESH:D003409	0
Gene@53347	Mutation@rs3757247	Disease@MESH:D035583	0
Gene@53347	Mutation@rs3757247	Disease@MESH:D012030	0
Gene@53347	Mutation@rs9976767	Disease@MESH:D003922	1
Gene@53347	Mutation@rs9976767	Disease@MESH:D003920	1
Gene@53347	Mutation@rs9976767	Disease@MESH:D004194	0
Gene@53347	Mutation@rs9976767	Disease@MESH:D010195	0
Gene@53347	Mutation@rs9976767	Disease@MESH:D003925	0
Gene@53347	Mutation@rs9976767	Disease@MESH:D012164	0
Gene@53347	Mutation@rs9976767	Disease@MESH:D007674	0
Gene@53347	Mutation@rs9976767	Disease@MESH:D008180	0
Gene@53347	Mutation@rs9976767	Disease@MESH:D003409	0
Gene@60468	Mutation@rs3757247	Disease@MESH:D003922	1
Gene@60468	Mutation@rs3757247	Disease@MESH:D003920	1
Gene@23566	Mutation@rs1983853	Disease@MESH:D003922	1
Gene@23566	Mutation@rs1983853	Disease@MESH:D003920	1
Gene@169792	Mutation@rs10758593	Disease@MESH:D003922	1
Gene@169792	Mutation@rs10758593	Disease@MESH:D003920	1
Gene@10125	Mutation@rs8035957	Disease@MESH:D003922	1
Gene@10125	Mutation@rs8035957	Disease@MESH:D003920	1
