Gene@3558;59067	Mutation@rs947474	Disease@MESH:D003920	0
Gene@3558;59067	Mutation@rs947474	Disease@MESH:D003928	0
Gene@3558;59067	Mutation@rs947474	Disease@MESH:D008569	0
Gene@3558;59067	Mutation@rs947474	Disease@MESH:D003922	0
Gene@3558;59067	Mutation@rs11755527	Disease@MESH:D003920	0
Gene@3558;59067	Mutation@rs11755527	Disease@MESH:D003928	0
Gene@3558;59067	Mutation@rs11755527	Disease@MESH:D008569	0
Gene@3558;59067	Mutation@rs11755527	Disease@MESH:D003922	0
Gene@3558;59067	Mutation@rs229541	Disease@MESH:D003920	0
Gene@3558;59067	Mutation@rs229541	Disease@MESH:D003928	0
Gene@3558;59067	Mutation@rs229541	Disease@MESH:D008569	0
Gene@3558;59067	Mutation@rs229541	Disease@MESH:D003922	0
Gene@3558;59067	Mutation@rs3825932	Disease@MESH:D003920	0
Gene@3558;59067	Mutation@rs3825932	Disease@MESH:D003928	0
Gene@3558;59067	Mutation@rs3825932	Disease@MESH:D008569	0
Gene@3558;59067	Mutation@rs3825932	Disease@MESH:D003922	0
Gene@3558;59067	Mutation@rs619192	Disease@MESH:D003920	0
Gene@3558;59067	Mutation@rs619192	Disease@MESH:D003928	0
Gene@3558;59067	Mutation@rs619192	Disease@MESH:D008569	0
Gene@3558;59067	Mutation@rs619192	Disease@MESH:D003922	0
Gene@60468	Mutation@rs11755527	Disease@MESH:D003920	1
Gene@60468	Mutation@rs11755527	Disease@MESH:D003928	1
Gene@60468	Mutation@rs11755527	Disease@MESH:D003922	1
Gene@5588	Mutation@rs947474	Disease@MESH:D003920	1
Gene@5588	Mutation@rs947474	Disease@MESH:D003928	1
Gene@5588	Mutation@rs947474	Disease@MESH:D003922	1
Gene@1512	Mutation@rs3825932	Disease@MESH:D003920	1
Gene@1512	Mutation@rs3825932	Disease@MESH:D003928	1
Gene@1512	Mutation@rs3825932	Disease@MESH:D003922	1
Gene@114904	Mutation@rs229541	Disease@MESH:D003920	1
Gene@114904	Mutation@rs229541	Disease@MESH:D003928	1
Gene@114904	Mutation@rs229541	Disease@MESH:D003922	1
Gene@116028	Mutation@rs416603	Disease@MESH:D003920	1
Gene@116028	Mutation@rs416603	Disease@MESH:D003928	1
Gene@116028	Mutation@rs416603	Disease@MESH:D003922	1
Gene@58531	Mutation@rs416603	Disease@MESH:D003920	1
Gene@58531	Mutation@rs416603	Disease@MESH:D003928	1
Gene@58531	Mutation@rs416603	Disease@MESH:D003922	1
Gene@7142	Mutation@rs416603	Disease@MESH:D003920	1
Gene@7142	Mutation@rs416603	Disease@MESH:D003928	1
Gene@7142	Mutation@rs416603	Disease@MESH:D003922	1
