Gene@28	Mutation@rs505922	Disease@MESH:D010190	1
Gene@28	Mutation@rs505922	Disease@MESH:D009369	1
Gene@28	Mutation@rs505922	Disease@MESH:D003924	0
Gene@28	Mutation@rs505922	Disease@MESH:C537262	1
Gene@28	Mutation@rs505922	Disease@MESH:D008569	0
Gene@28	Mutation@rs505922	Disease@MESH:C535460	0
Gene@28	Mutation@rs505922	Disease@MESH:D012030	0
Gene@28	Mutation@rs505922	Disease@MESH:D013274	0
Gene@28	Mutation@rs505922	Disease@MESH:D004067	0
Gene@28	Mutation@rs505922	Disease@MESH:D063646	1
Gene@28	Mutation@rs505922	Disease@MESH:D010195	0
Gene@28	Mutation@rs505922	Disease@MESH:D008175	0
Gene@28	Mutation@rs505922	Disease@MESH:D000071960	0
Gene@28	Mutation@rs505922	Disease@MESH:D004342	0
Gene@28	Mutation@rs505922	Disease@MESH:D005764	0
Gene@28	Mutation@rs505922	Disease@MESH:D014571	0
Gene@28	Mutation@rs505922	Disease@MESH:D011471	0
Gene@28	Mutation@rs505922	Disease@MESH:D001943	0
Gene@28	Mutation@rs4459505	Disease@MESH:D010190	0
