Gene@1136	Mutation@rs748404	Disease@MESH:D008175	0
Gene@1136	Mutation@rs748404	Disease@MESH:D003643	0
Gene@1136	Mutation@rs748404	Disease@MESH:D009369	0
Gene@1136	Mutation@rs748404	Disease@MESH:D015179	0
Gene@1136	Mutation@rs748404	Disease@MESH:D002289	0
Gene@1136	Mutation@rs748404	Disease@MESH:D055752	0
Gene@1136	Mutation@rs748404	Disease@MESH:D018288	0
Gene@1136	Mutation@rs748404	Disease@MESH:C565865	0
Gene@1136	Mutation@rs748404	Disease@MESH:D000230	0
Gene@1136	Mutation@rs748404	Disease@MESH:D002294	0
Gene@1136	Mutation@rs748404	Disease@MESH:D020914	0
Gene@1136	Mutation@rs748404	Disease@MESH:C565145	0
Gene@1136	Mutation@rs748404	Disease@MESH:D058729	0
Gene@1136	Mutation@rs748404	Disease@MESH:D030342	0
Gene@1136	Mutation@rs748404	Disease@MESH:D010051	0
Gene@1136	Mutation@rs3117582	Disease@MESH:D008175	0
Gene@1136	Mutation@rs3117582	Disease@MESH:D003643	0
Gene@1136	Mutation@rs3117582	Disease@MESH:D009369	0
Gene@1136	Mutation@rs3117582	Disease@MESH:D015179	0
Gene@1136	Mutation@rs8034191	Disease@MESH:D008175	1
Gene@1136	Mutation@rs8034191	Disease@MESH:D002289	1
Gene@81037	Mutation@rs4975616	Disease@MESH:D008175	1
Gene@81037	Mutation@rs4975616	Disease@MESH:D002289	1
Gene@7917	Mutation@rs3117582	Disease@MESH:D008175	1
Gene@7917	Mutation@rs3117582	Disease@MESH:D002289	1
