Gene@221895	Mutation@rs7903146	Disease@MESH:D003920	0
Gene@221895	Mutation@rs7903146	Disease@MESH:D003924	0
Gene@221895	Mutation@rs7903146	Disease@MESH:D009765	0
Gene@221895	Mutation@rs7903146	Disease@MESH:D011471	0
Gene@221895	Mutation@rs7903146	Disease@MESH:D019052	0
Gene@221895	Mutation@rs7903146	Disease@MESH:D006130	0
Gene@221895	Mutation@rs7903146	Disease@MESH:D015179	0
Gene@221895	Mutation@rs7903146	Disease@MESH:D013964	0
Gene@221895	Mutation@rs7903146	Disease@MESH:D010195	0
Gene@221895	Mutation@rs7903146	Disease@MESH:D018149	0
Gene@221895	Mutation@rs7903146	Disease@MESH:D002908	0
Gene@221895	Mutation@rs7903146	Disease@MESH:D013959	0
Gene@221895	Mutation@rs864745	Disease@MESH:D003920	1
Gene@221895	Mutation@rs864745	Disease@MESH:D003924	1
Gene@221895	Mutation@rs864745	Disease@MESH:D009765	0
Gene@221895	Mutation@rs864745	Disease@MESH:D011471	0
Gene@221895	Mutation@rs864745	Disease@MESH:D019052	0
Gene@221895	Mutation@rs864745	Disease@MESH:D006130	0
Gene@221895	Mutation@rs864745	Disease@MESH:D015179	0
Gene@8872	Mutation@rs12779790	Disease@MESH:D003920	1
Gene@8872	Mutation@rs12779790	Disease@MESH:D003924	1
Gene@57118	Mutation@rs12779790	Disease@MESH:D003920	1
Gene@57118	Mutation@rs12779790	Disease@MESH:D003924	1
Gene@7103	Mutation@rs7961581	Disease@MESH:D003920	1
Gene@7103	Mutation@rs7961581	Disease@MESH:D003924	1
Gene@8549	Mutation@rs7961581	Disease@MESH:D003920	1
Gene@8549	Mutation@rs7961581	Disease@MESH:D003924	1
Gene@63892	Mutation@rs7578597	Disease@MESH:D003920	1
Gene@63892	Mutation@rs7578597	Disease@MESH:D003924	1
Gene@56999	Mutation@Rs4607103	Disease@MESH:D003920	1
Gene@56999	Mutation@Rs4607103	Disease@MESH:D003924	1
Gene@4853	Mutation@rs10923931	Disease@MESH:D003920	1
Gene@4853	Mutation@rs10923931	Disease@MESH:D003924	1
Gene@6934	Mutation@rs7903146	Disease@MESH:D003920	1
Gene@6934	Mutation@rs7903146	Disease@MESH:D003924	1
Gene@5468	Mutation@rs17036101	Disease@MESH:D003920	1
Gene@5468	Mutation@rs17036101	Disease@MESH:D003924	1
Gene@11085	Mutation@rs10923931	Disease@MESH:D003920	1
Gene@11085	Mutation@rs10923931	Disease@MESH:D003924	1
Gene@7422	Mutation@rs9472138	Disease@MESH:D003920	1
Gene@7422	Mutation@rs9472138	Disease@MESH:D003924	1
Gene@6854	Mutation@rs17036101	Disease@MESH:D003920	1
Gene@6854	Mutation@rs17036101	Disease@MESH:D003924	1
