Gene@23301	Mutation@rs6545977	Disease@MESH:D011471	1
Gene@23301	Mutation@rs6545977	Disease@MESH:D009369	1
Gene@23301	Mutation@rs6545977	Disease@MESH:D007713	0
Gene@23301	Mutation@rs6545977	Disease@MESH:D003920	0
Gene@23301	Mutation@rs6545977	Disease@MESH:D013964	0
Gene@23301	Mutation@rs6545977	Disease@MESH:D010146	0
Gene@23301	Mutation@rs6545977	Disease@MESH:D054437	0
Gene@23301	Mutation@rs6545977	Disease@MESH:D063646	0
Gene@23301	Mutation@rs6545977	Disease@MESH:D001943	0
Gene@23301	Mutation@rs6545977	Disease@MESH:C537243	1
Gene@23301	Mutation@rs6545977	Disease@MESH:D011125	0
Gene@23301	Mutation@rs6545977	Disease@MESH:D009101	0
Gene@23301	Mutation@rs6545977	Disease@MESH:C537366	0
Gene@23301	Mutation@rs6545977	Disease@MESH:D054067	0
Gene@23301	Mutation@rs6545977	Disease@MESH:D007039	0
Gene@23301	Mutation@rs6545977	Disease@MESH:C537702	0
Gene@23301	Mutation@rs2710647	Disease@MESH:D011471	0
Gene@23301	Mutation@rs2710647	Disease@MESH:D009369	0
Gene@23301	Mutation@rs2710647	Disease@MESH:D007713	0
Gene@3655	Mutation@rs12621278	Disease@MESH:D011471	1
Gene@3655	Mutation@rs12621278	Disease@MESH:D009369	1
Gene@3655	Mutation@rs12621278	Disease@MESH:C537243	1
Gene@4824	Mutation@rs1512268	Disease@MESH:D011471	1
Gene@4824	Mutation@rs1512268	Disease@MESH:D009369	1
Gene@4824	Mutation@rs1512268	Disease@MESH:C537243	1
Gene@10611	Mutation@rs12500426	Disease@MESH:D011471	1
Gene@10611	Mutation@rs12500426	Disease@MESH:D009369	1
Gene@10611	Mutation@rs12500426	Disease@MESH:C537243	1
Gene@10611	Mutation@rs17021918	Disease@MESH:D011471	1
Gene@10611	Mutation@rs17021918	Disease@MESH:D009369	1
Gene@10611	Mutation@rs17021918	Disease@MESH:C537243	1
Gene@54790	Mutation@rs7679673	Disease@MESH:D011471	1
Gene@54790	Mutation@rs7679673	Disease@MESH:D009369	1
Gene@54790	Mutation@rs7679673	Disease@MESH:C537243	1
