Gene@2494	Mutation@rs3790844	Disease@MESH:D010190	1
Gene@2494	Mutation@rs3790844	Disease@MESH:D009369	0
Gene@2494	Mutation@rs3790844	Disease@MESH:D020914	0
Gene@2494	Mutation@rs3790844	Disease@MESH:D011125	0
Gene@2494	Mutation@rs3790844	Disease@MESH:D003920	0
Gene@2494	Mutation@rs3790844	Disease@MESH:D001943	0
Gene@2494	Mutation@rs3790844	Disease@MESH:D010051	0
Gene@2494	Mutation@rs3790844	Disease@MESH:D058495	0
Gene@2494	Mutation@rs3790844	Disease@MESH:D010188	0
Gene@2494	Mutation@rs3790844	Disease@MESH:D008545	0
Gene@2494	Mutation@rs3790844	Disease@MESH:D000230	0
Gene@2494	Mutation@rs3790844	Disease@MESH:D002280	0
Gene@2494	Mutation@rs3790844	Disease@MESH:D015470	0
Gene@2494	Mutation@rs3790844	Disease@MESH:D001749	0
Gene@2494	Mutation@rs3790844	Disease@MESH:D008175	0
Gene@2494	Mutation@rs3790844	Disease@MESH:D000080983	0
Gene@2494	Mutation@rs3790844	Disease@MESH:D019337	0
Gene@2494	Mutation@rs3790844	Disease@MESH:D001932	0
Gene@2494	Mutation@rs3790844	Disease@MESH:D002971	0
Gene@2494	Mutation@rs3790844	Disease@MESH:D063646	1
Gene@81037	Mutation@rs401681	Disease@MESH:D010190	1
Gene@81037	Mutation@rs401681	Disease@MESH:D063646	1
Gene@688	Mutation@rs9543325	Disease@MESH:D010190	1
Gene@688	Mutation@rs9543325	Disease@MESH:D063646	1
Gene@11278	Mutation@rs9543325	Disease@MESH:D010190	1
Gene@11278	Mutation@rs9543325	Disease@MESH:D063646	1
