Gene@79068	Mutation@rs8050136	Disease@MESH:D003924	1
Gene@79068	Mutation@rs8050136	Disease@MESH:D003920	1
Gene@79068	Mutation@rs8050136	Disease@MESH:D009765	0
Gene@79068	Mutation@rs8050136	Disease@MESH:C564026	1
Gene@79068	Mutation@rs8050136	Disease@MESH:C537770	0
Gene@79068	Mutation@rs8050136	Disease@MESH:D007340	0
Gene@79068	Mutation@rs8050136	Disease@MESH:D007333	0
Gene@79068	Mutation@rs7901695	Disease@MESH:D003924	0
Gene@79068	Mutation@rs7901695	Disease@MESH:D003920	0
Gene@79068	Mutation@rs7901695	Disease@MESH:D009765	0
Gene@79068	Mutation@rs7901695	Disease@MESH:C564026	0
Gene@79068	Mutation@rs7901695	Disease@MESH:C537770	0
Gene@79068	Mutation@rs7901695	Disease@MESH:D007340	0
Gene@79068	Mutation@rs7901695	Disease@MESH:D007333	0
Gene@79068	Mutation@rs7903146	Disease@MESH:D003924	0
Gene@79068	Mutation@rs7903146	Disease@MESH:D003920	0
Gene@79068	Mutation@rs7903146	Disease@MESH:D009765	0
Gene@79068	Mutation@rs7903146	Disease@MESH:C564026	0
Gene@79068	Mutation@rs7903146	Disease@MESH:C537770	0
Gene@79068	Mutation@rs7903146	Disease@MESH:D007340	0
Gene@6934	Mutation@rs7903146	Disease@MESH:D003924	1
Gene@6934	Mutation@rs7903146	Disease@MESH:D003920	1
Gene@6934	Mutation@rs7903146	Disease@MESH:C564026	1
Gene@169026	Mutation@rs13266634	Disease@MESH:D003924	1
Gene@169026	Mutation@rs13266634	Disease@MESH:D003920	1
Gene@169026	Mutation@rs13266634	Disease@MESH:C564026	1
Gene@54901	Mutation@rs10946398	Disease@MESH:D003924	1
Gene@54901	Mutation@rs10946398	Disease@MESH:D003920	1
Gene@54901	Mutation@rs10946398	Disease@MESH:C564026	1
Gene@1030	Mutation@rs10811661	Disease@MESH:D003924	1
Gene@1030	Mutation@rs10811661	Disease@MESH:D003920	1
Gene@1030	Mutation@rs10811661	Disease@MESH:C564026	1
