Gene@2263	Mutation@rs2981582	Disease@MESH:D001943	1
Gene@2263	Mutation@rs2981582	Disease@MESH:D020914	0
Gene@2263	Mutation@rs2981582	Disease@MESH:D002278	0
Gene@2263	Mutation@rs2981582	Disease@MESH:D011471	0
Gene@2263	Mutation@rs2981582	Disease@MESH:D009369	1
Gene@2263	Mutation@rs2981582	Disease@MESH:D010051	1
Gene@2263	Mutation@rs2981582	Disease@MESH:D001260	0
Gene@2263	Mutation@rs2981582	Disease@MESH:D005199	0
Gene@2263	Mutation@rs2981582	Disease@MESH:D015179	0
Gene@2263	Mutation@rs16901979	Disease@MESH:D001943	0
Gene@2263	Mutation@rs16901979	Disease@MESH:D020914	0
Gene@2263	Mutation@rs16901979	Disease@MESH:D002278	0
Gene@2263	Mutation@rs16901979	Disease@MESH:D011471	0
Gene@2263	Mutation@rs16901979	Disease@MESH:D009369	0
Gene@2263	Mutation@rs16901979	Disease@MESH:D010051	0
Gene@2263	Mutation@rs16901979	Disease@MESH:D001260	0
Gene@2263	Mutation@rs16901979	Disease@MESH:D005199	0
Gene@2263	Mutation@rs16901979	Disease@MESH:D015179	0
Gene@2263	Mutation@rs2107425	Disease@MESH:D001943	0
Gene@2263	Mutation@rs2107425	Disease@MESH:D020914	0
Gene@27324	Mutation@rs3803662	Disease@MESH:D001943	1
Gene@27324	Mutation@rs3803662	Disease@MESH:D009369	1
Gene@27324	Mutation@rs3803662	Disease@MESH:D010051	1
Gene@4214	Mutation@rs889312	Disease@MESH:D001943	1
Gene@4214	Mutation@rs889312	Disease@MESH:D009369	1
Gene@4214	Mutation@rs889312	Disease@MESH:D010051	1
Gene@4046	Mutation@rs3817198	Disease@MESH:D001943	1
Gene@4046	Mutation@rs3817198	Disease@MESH:D009369	1
Gene@4046	Mutation@rs3817198	Disease@MESH:D010051	1
