Gene@27328	Mutation@rs5984894	Disease@MESH:D000544	0
Gene@27328	Mutation@rs5984894	Disease@MESH:D003704	0
Gene@27328	Mutation@rs5984894	Disease@MESH:D019636	0
Gene@27328	Mutation@rs5984894	Disease@MESH:D001289	0
Gene@27328	Mutation@rs5984894	Disease@MESH:D001523	0
Gene@27328	Mutation@rs5984894	Disease@MESH:D012559	0
Gene@27328	Mutation@rs5984894	Disease@MESH:D009771	0
Gene@27328	Mutation@rs5984894	Disease@MESH:D001321	0
Gene@27328	Mutation@rs5984894	Disease@MESH:D017034	0
Gene@27328	Mutation@rs1279795	Disease@MESH:D000544	0
Gene@27328	Mutation@rs1279795	Disease@MESH:D003704	0
Gene@27328	Mutation@rs1279795	Disease@MESH:D019636	0
Gene@27328	Mutation@rs1279795	Disease@MESH:D001289	0
Gene@27328	Mutation@rs1279795	Disease@MESH:D001523	0
Gene@27328	Mutation@rs1279795	Disease@MESH:D012559	0
Gene@27328	Mutation@rs1279795	Disease@MESH:D009771	0
Gene@27328	Mutation@rs1279795	Disease@MESH:D001321	0
Gene@27328	Mutation@rs1279795	Disease@MESH:D017034	0
Gene@27328	Mutation@rs4568761	Disease@MESH:D000544	0
Gene@27328	Mutation@rs4568761	Disease@MESH:D003704	0
Gene@27328	Mutation@rs2573905	Disease@MESH:D000544	1
Gene@27328	Mutation@rs2573905	Disease@MESH:D003704	1
