Gene@348	Mutation@rs727153	Disease@MESH:D000544	0
Gene@348	Mutation@rs727153	Disease@MESH:D019636	0
Gene@348	Mutation@rs727153	Disease@MESH:D003704	0
Gene@348	Mutation@rs727153	Disease@MESH:D021501	0
Gene@348	Mutation@rs727153	Disease@MESH:D008569	0
Gene@348	Mutation@rs727153	Disease@MESH:D020521	0
Gene@348	Mutation@rs727153	Disease@MESH:D009422	0
Gene@348	Mutation@rs727153	Disease@MESH:D003693	0
Gene@348	Mutation@rs727153	Disease@MESH:D000275	0
Gene@348	Mutation@rs727153	Disease@MESH:D012030	0
Gene@348	Mutation@rs727153	Disease@MESH:C537017	0
Gene@348	Mutation@rs727153	Disease@MESH:C564766	0
Gene@348	Mutation@rs727153	Disease@MESH:D015140	0
Gene@348	Mutation@rs727153	Disease@MESH:D001523	0
Gene@348	Mutation@rs727153	Disease@MESH:D010300	0
Gene@348	Mutation@rs727153	Disease@MESH:D012559	0
Gene@348	Mutation@rs201825	Disease@MESH:D000544	0
Gene@348	Mutation@rs201825	Disease@MESH:D019636	0
Gene@348	Mutation@rs201825	Disease@MESH:D003704	0
Gene@348	Mutation@rs201825	Disease@MESH:D021501	0
