Gene@1191	Mutation@rs3851179	Disease@MESH:D000544	0
Gene@1191	Mutation@rs3851179	Disease@MESH:D003704	0
Gene@1191	Mutation@rs3851179	Disease@MESH:C535477	0
Gene@1191	Mutation@rs3851179	Disease@MESH:C567751	0
Gene@1191	Mutation@rs3851179	Disease@MESH:D004660	0
Gene@1191	Mutation@rs3851179	Disease@MESH:D064420	0
Gene@1191	Mutation@rs3851179	Disease@MESH:D007951	0
Gene@1191	Mutation@rs3851179	Disease@MESH:D003072	0
Gene@1191	Mutation@rs3851179	Disease@MESH:D003924	0
Gene@1191	Mutation@rs3851179	Disease@MESH:D008569	0
Gene@1191	Mutation@rs3851179	Disease@MESH:C000656865	0
Gene@1191	Mutation@rs3851179	Disease@MESH:D009190	0
Gene@1191	Mutation@rs3851179	Disease@MESH:D043183	0
Gene@1191	Mutation@rs3851179	Disease@MESH:D005776	0
Gene@1191	Mutation@rs3851179	Disease@MESH:D020258	0
Gene@1191	Mutation@rs3851179	Disease@MESH:D058225	0
Gene@1191	Mutation@rs3851179	Disease@MESH:D058456	0
Gene@1191	Mutation@rs3851179	Disease@MESH:D003920	0
Gene@1191	Mutation@rs11136000	Disease@MESH:D000544	1
Gene@1191	Mutation@rs11136000	Disease@MESH:D003704	1
Gene@8301	Mutation@rs3851179	Disease@MESH:D000544	1
Gene@8301	Mutation@rs3851179	Disease@MESH:D003704	1
Gene@348	Mutation@rs2075650	Disease@MESH:D000544	1
Gene@348	Mutation@rs2075650	Disease@MESH:D003704	1
