Gene@3938	Mutation@rs420259	Disease@MESH:D003324	0
Gene@3938	Mutation@rs420259	Disease@MESH:D003920	0
Gene@3938	Mutation@rs420259	Disease@MESH:D003424	0
Gene@3938	Mutation@rs420259	Disease@MESH:D001714	0
Gene@3938	Mutation@rs420259	Disease@MESH:D001172	0
Gene@3938	Mutation@rs420259	Disease@MESH:D004194	0
Gene@3938	Mutation@rs420259	Disease@MESH:D013967	0
Gene@3938	Mutation@rs420259	Disease@MESH:D013167	0
Gene@3938	Mutation@rs420259	Disease@MESH:D003924	0
Gene@3938	Mutation@rs420259	Disease@MESH:D006973	0
Gene@3938	Mutation@rs420259	Disease@MESH:D009103	0
Gene@3938	Mutation@rs420259	Disease@MESH:D001943	0
Gene@3938	Mutation@rs420259	Disease@MESH:D003922	0
Gene@3938	Mutation@rs420259	Disease@MESH:D030342	0
Gene@3938	Mutation@rs420259	Disease@OMIM:176500	0
Gene@3938	Mutation@rs420259	Disease@MESH:D007918	0
Gene@3938	Mutation@rs420259	Disease@MESH:C566610	0
Gene@3938	Mutation@rs420259	Disease@MESH:D003141	0
Gene@3938	Mutation@rs420259	Disease@MESH:D001327	0
Gene@79728	Mutation@rs420259	Disease@MESH:D001714	1
Gene@4706	Mutation@rs420259	Disease@MESH:D001714	1
Gene@84516	Mutation@rs420259	Disease@MESH:D001714	1
Gene@1029	Mutation@rs1333049	Disease@MESH:D003324	1
Gene@1030	Mutation@rs1333049	Disease@MESH:D003324	1
Gene@149233	Mutation@rs11805303	Disease@MESH:D003424	1
Gene@55054	Mutation@rs10210302	Disease@MESH:D003424	1
Gene@345611	Mutation@rs1000113	Disease@MESH:D003424	1
Gene@4485	Mutation@rs9858542	Disease@MESH:D003424	1
Gene@159296;4824	Mutation@rs10883365	Disease@MESH:D003424	1
Gene@5771	Mutation@rs2542151	Disease@MESH:D003424	1
Gene@5781	Mutation@rs17696736	Disease@MESH:D003920	1
Gene@5781	Mutation@rs17696736	Disease@MESH:D003922	1
Gene@6262	Mutation@rs2820037	Disease@MESH:D006973	1
Gene@1131	Mutation@rs2820037	Disease@MESH:D006973	1
Gene@57829	Mutation@rs2820037	Disease@MESH:D006973	1
Gene@26191	Mutation@rs6679677	Disease@MESH:D003920	1
Gene@26191	Mutation@rs6679677	Disease@MESH:D001172	1
Gene@26191	Mutation@rs6679677	Disease@MESH:D003922	1
Gene@2065	Mutation@rs11171739	Disease@MESH:D003920	1
Gene@2065	Mutation@rs11171739	Disease@MESH:D003922	1
Gene@10019	Mutation@rs17696736	Disease@MESH:D003920	1
Gene@10019	Mutation@rs17696736	Disease@MESH:D003922	1
Gene@10906	Mutation@rs17696736	Disease@MESH:D003920	1
Gene@10906	Mutation@rs17696736	Disease@MESH:D003922	1
Gene@23274	Mutation@rs12708716	Disease@MESH:D003920	1
Gene@23274	Mutation@rs12708716	Disease@MESH:D003922	1
Gene@6934	Mutation@rs4506565	Disease@MESH:D003920	1
Gene@6934	Mutation@rs4506565	Disease@MESH:D003924	1
Gene@79068	Mutation@rs9939609	Disease@MESH:D003920	1
Gene@79068	Mutation@rs9939609	Disease@MESH:D003924	1
Gene@54901	Mutation@rs9465871	Disease@MESH:D003920	1
Gene@54901	Mutation@rs9465871	Disease@MESH:D003924	1
