Gene@5184	Mutation@rs752145794	Disease@MESH:D003924	0
Gene@5184	Mutation@rs752145794	Disease@MESH:D003920	0
Gene@5184	Mutation@rs752145794	Disease@MESH:D051437	0
Gene@5184	Mutation@rs752145794	Disease@MESH:D018149	0
Gene@5184	Mutation@rs752145794	Disease@MESH:D030342	0
Gene@5184	Mutation@rs752145794	Disease@MESH:D006973	0
Gene@5184	Mutation@rs752145794	Disease@MESH:D050197	0
Gene@5184	Mutation@rs752145794	Disease@MESH:D044882	0
Gene@5184	Mutation@rs752145794	Disease@MESH:D009765	0
Gene@5184	Mutation@rs752145794	Disease@MESH:D009422	0
Gene@5184	Mutation@rs752145794	Disease@MESH:D011471	0
Gene@5184	Mutation@rs1111875	Disease@MESH:D003924	0
Gene@5184	Mutation@rs1111875	Disease@MESH:D003920	0
Gene@5184	Mutation@rs1111875	Disease@MESH:D051437	0
Gene@5184	Mutation@rs1111875	Disease@MESH:D018149	0
Gene@5184	Mutation@rs1111875	Disease@MESH:D030342	0
Gene@5184	Mutation@rs1111875	Disease@MESH:D006973	0
Gene@5184	Mutation@rs1111875	Disease@MESH:D050197	0
Gene@5184	Mutation@rs1111875	Disease@MESH:D044882	0
Gene@5184	Mutation@rs1111875	Disease@MESH:D009765	0
Gene@54901	Mutation@rs4712523	Disease@MESH:D003924	1
Gene@54901	Mutation@rs4712523	Disease@MESH:D003920	1
Gene@1029	Mutation@rs2383208	Disease@MESH:D003924	1
Gene@1030	Mutation@rs2383208	Disease@MESH:D003924	1
Gene@1030	Mutation@rs2383208	Disease@MESH:D003920	1
Gene@3784	Mutation@rs2237892	Disease@MESH:D003924	1
Gene@3784	Mutation@rs2237892	Disease@MESH:D003920	1
Gene@6934	Mutation@rs7903146	Disease@MESH:D003924	1
Gene@6934	Mutation@rs7903146	Disease@MESH:D003920	1
Gene@169026	Mutation@rs13266634	Disease@MESH:D003924	1
Gene@169026	Mutation@rs13266634	Disease@MESH:D003920	1
Gene@3087	Mutation@rs1111875	Disease@MESH:D003924	1
Gene@3087	Mutation@rs1111875	Disease@MESH:D003920	1
