Gene@672	Mutation@rs4784227	Disease@MESH:D001943	0
Gene@672	Mutation@rs4784227	Disease@MESH:D009369	0
Gene@672	Mutation@rs4784227	Disease@MESH:C567932	0
Gene@672	Mutation@rs4784227	Disease@MESH:D016889	0
Gene@672	Mutation@rs10479046	Disease@MESH:D001943	0
Gene@672	Mutation@rs10479046	Disease@MESH:D009369	0
Gene@672	Mutation@rs10479046	Disease@MESH:C567932	0
Gene@672	Mutation@rs10479046	Disease@MESH:D016889	0
Gene@672	Mutation@rs7966820	Disease@MESH:D001943	0
Gene@672	Mutation@rs7966820	Disease@MESH:D009369	0
Gene@672	Mutation@rs7966820	Disease@MESH:C567932	0
Gene@672	Mutation@rs7966820	Disease@MESH:D016889	0
Gene@672	Mutation@rs3829849	Disease@MESH:D001943	0
Gene@672	Mutation@rs3829849	Disease@MESH:D009369	0
