Gene@1351	Mutation@rs12362504	Disease@MESH:D010190	0
Gene@1351	Mutation@rs12362504	Disease@MESH:D003643	0
Gene@1351	Mutation@rs12362504	Disease@MESH:D009369	0
Gene@1351	Mutation@rs12362504	Disease@MESH:D018220	0
Gene@1351	Mutation@rs12362504	Disease@MESH:D054877	0
Gene@1351	Mutation@rs12362504	Disease@MESH:D020165	0
Gene@1351	Mutation@rs12362504	Disease@MESH:D010195	0
Gene@1351	Mutation@rs12362504	Disease@MESH:D009362	0
Gene@1351	Mutation@rs12362504	Disease@MESH:D021441	0
Gene@1351	Mutation@rs12362504	Disease@MESH:D012594	0
Gene@1351	Mutation@rs12362504	Disease@MESH:D000699	0
Gene@1351	Mutation@rs12362504	Disease@MESH:D030342	0
Gene@1351	Mutation@rs12362504	Disease@MESH:D010523	0
Gene@1351	Mutation@rs12362504	Disease@MESH:D009765	0
Gene@1351	Mutation@rs12362504	Disease@MESH:D000069451	0
Gene@1351	Mutation@rs12362504	Disease@MESH:D001943	0
Gene@1351	Mutation@rs12362504	Disease@MESH:D055752	0
Gene@1351	Mutation@rs12362504	Disease@MESH:D008175	0
