Gene@51371	Mutation@rs3824418	Disease@MESH:D001943	0
Gene@51371	Mutation@rs3824418	Disease@MESH:D002318	0
Gene@51371	Mutation@rs3824418	Disease@MESH:D013274	0
Gene@51371	Mutation@rs3824418	Disease@MESH:D063646	0
Gene@51371	Mutation@rs3824418	Disease@MESH:D002277	0
Gene@51371	Mutation@rs3824418	Disease@MESH:D018275	0
Gene@51371	Mutation@rs3824418	Disease@MESH:D009369	0
Gene@51371	Mutation@rs3824418	Disease@MESH:C537005	0
Gene@51371	Mutation@rs3824418	Disease@MESH:D011471	0
Gene@51371	Mutation@rs3824418	Disease@MESH:D005910	0
Gene@51371	Mutation@rs2102354	Disease@MESH:D001943	0
Gene@51371	Mutation@rs2102354	Disease@MESH:D002318	0
Gene@51371	Mutation@rs2102354	Disease@MESH:D013274	0
Gene@51371	Mutation@rs2102354	Disease@MESH:D063646	0
Gene@51371	Mutation@rs2102354	Disease@MESH:D002277	0
Gene@51371	Mutation@rs2102354	Disease@MESH:D018275	0
Gene@51371	Mutation@rs2102354	Disease@MESH:D009369	0
Gene@51371	Mutation@rs2102354	Disease@MESH:C537005	0
Gene@51371	Mutation@rs2102354	Disease@MESH:D011471	0
Gene@51371	Mutation@rs2102354	Disease@MESH:D005910	0
Gene@51371	Mutation@rs9579199	Disease@MESH:D001943	1
Gene@51371	Mutation@rs9579199	Disease@MESH:D013274	1
Gene@51371	Mutation@rs9579199	Disease@MESH:D063646	1
Gene@51371	Mutation@rs9579199	Disease@MESH:D009369	1
Gene@51371	Mutation@rs9579199	Disease@MESH:D011471	1
Gene@5336	Mutation@rs7192724	Disease@MESH:D001943	1
Gene@5336	Mutation@rs7192724	Disease@MESH:D013274	1
Gene@5336	Mutation@rs7192724	Disease@MESH:D063646	1
Gene@5336	Mutation@rs7192724	Disease@MESH:D009369	1
Gene@5336	Mutation@rs7192724	Disease@MESH:D011471	1
Gene@124842	Mutation@rs11654964	Disease@MESH:D001943	1
Gene@124842	Mutation@rs11654964	Disease@MESH:D013274	1
Gene@124842	Mutation@rs11654964	Disease@MESH:D063646	1
Gene@124842	Mutation@rs11654964	Disease@MESH:D011471	1
Gene@124842	Mutation@rs6506940	Disease@MESH:D001943	1
