Gene@2263	Mutation@rs3803662	Disease@MESH:D001943	0
Gene@2263	Mutation@rs3803662	Disease@MESH:D063646	0
Gene@2263	Mutation@rs3803662	Disease@MESH:D009369	0
Gene@2263	Mutation@rs3803662	Disease@MESH:D003643	0
Gene@2263	Mutation@rs3803662	Disease@MESH:D001941	0
Gene@2263	Mutation@rs3803662	Disease@MESH:D004194	0
Gene@2263	Mutation@rs3803662	Disease@MESH:D009386	0
Gene@2263	Mutation@rs3803662	Disease@MESH:D009759	0
Gene@2263	Mutation@rs3803662	Disease@MESH:D003027	0
Gene@2263	Mutation@rs3803662	Disease@MESH:D009362	0
Gene@2263	Mutation@rs3803662	Disease@MESH:D010051	0
Gene@2263	Mutation@rs3803662	Disease@MESH:D001260	0
Gene@2263	Mutation@rs3803662	Disease@MESH:D006223	0
Gene@2263	Mutation@rs3803662	Disease@MESH:D013274	0
Gene@2263	Mutation@rs3803662	Disease@MESH:D010190	0
Gene@2263	Mutation@rs2981578	Disease@MESH:D001943	1
Gene@2263	Mutation@rs2981578	Disease@MESH:D001941	1
Gene@2263	Mutation@rs2981578	Disease@MESH:D009362	1
Gene@2263	Mutation@rs2981578	Disease@MESH:D010051	1
Gene@2263	Mutation@rs2981578	Disease@MESH:D013274	1
Gene@2263	Mutation@rs2981578	Disease@MESH:D010190	1
Gene@27324	Mutation@rs3803662	Disease@MESH:D001943	1
Gene@27324	Mutation@rs3803662	Disease@MESH:D001941	1
Gene@27324	Mutation@rs3803662	Disease@MESH:D009362	1
Gene@27324	Mutation@rs3803662	Disease@MESH:D010051	1
Gene@27324	Mutation@rs3803662	Disease@MESH:D013274	1
Gene@27324	Mutation@rs3803662	Disease@MESH:D010190	1
Gene@27324	Mutation@rs12922061	Disease@MESH:D001943	1
Gene@27324	Mutation@rs12922061	Disease@MESH:D001941	1
Gene@27324	Mutation@rs12922061	Disease@MESH:D009362	1
Gene@27324	Mutation@rs12922061	Disease@MESH:D010051	1
Gene@27324	Mutation@rs12922061	Disease@MESH:D013274	1
Gene@27324	Mutation@rs12922061	Disease@MESH:D010190	1
Gene@55729	Mutation@rs17221259	Disease@MESH:D001943	1
Gene@55729	Mutation@rs17221259	Disease@MESH:D001941	1
Gene@55729	Mutation@rs17221259	Disease@MESH:D009362	1
Gene@55729	Mutation@rs17221259	Disease@MESH:D010051	1
Gene@55729	Mutation@rs17221259	Disease@MESH:D013274	1
Gene@55729	Mutation@rs17221259	Disease@MESH:D010190	1
