Gene@54209	Mutation@rs75932628	Disease@MESH:D000544	1
Gene@54209	Mutation@rs75932628	Disease@MESH:D003704	0
Gene@54209	Mutation@rs75932628	Disease@MESH:D019636	0
Gene@54209	Mutation@rs75932628	Disease@MESH:D003072	0
Gene@54209	Mutation@rs75932628	Disease@MESH:D001284	0
Gene@54209	Mutation@rs75932628	Disease@MESH:D012804	0
Gene@54209	Mutation@rs75932628	Disease@MESH:D006073	0
Gene@54209	Mutation@rs75932628	Disease@MESH:D020521	0
Gene@54209	Mutation@rs75932628	Disease@MESH:C000657245	0
Gene@54209	Mutation@rs75932628	Disease@MESH:D008310	0
Gene@54209	Mutation@rs75932628	Disease@MESH:D001523	0
Gene@54209	Mutation@rs75932628	Disease@MESH:D011605	0
Gene@54209	Mutation@rs75932628	Disease@MESH:D001289	0
Gene@54209	Mutation@rs75932628	Disease@MESH:D000275	0
Gene@54209	Mutation@rs75932628	Disease@MESH:D020271	0
Gene@54209	Mutation@rs75932628	Disease@MESH:D011618	0
Gene@54209	Mutation@rs75932628	Disease@MESH:D009422	0
Gene@54209	Mutation@rs75932628	Disease@MESH:D015140	0
Gene@54209	Mutation@rs75932628	Disease@MESH:C566298	1
