Gene@348	Mutation@rs429358	Disease@MESH:D000544	1
Gene@348	Mutation@rs429358	Disease@MESH:D058225	0
Gene@348	Mutation@rs429358	Disease@MESH:D003072	0
Gene@348	Mutation@rs429358	Disease@MESH:D003704	0
Gene@348	Mutation@rs429358	Disease@MESH:D009422	0
Gene@348	Mutation@rs429358	Disease@MESH:D000647	0
Gene@348	Mutation@rs429358	Disease@MESH:D008569	0
Gene@348	Mutation@rs429358	Disease@MESH:D019636	0
Gene@348	Mutation@rs429358	Disease@MESH:D003920	0
Gene@348	Mutation@rs429358	Disease@MESH:D017887	0
Gene@348	Mutation@rs429358	Disease@MESH:D010300	0
Gene@348	Mutation@rs429358	Disease@MESH:D020138	0
Gene@348	Mutation@rs509208	Disease@MESH:D000544	0
Gene@348	Mutation@rs509208	Disease@MESH:D058225	0
Gene@348	Mutation@rs509208	Disease@MESH:D003072	0
Gene@348	Mutation@rs509208	Disease@MESH:D003704	0
Gene@348	Mutation@rs509208	Disease@MESH:D009422	0
Gene@348	Mutation@rs509208	Disease@MESH:D000647	0
Gene@348	Mutation@rs509208	Disease@MESH:D008569	0
Gene@590	Mutation@rs509208	Disease@MESH:D000544	1
