Gene@672	Mutation@rs17631303	Disease@MESH:D010051	0
Gene@672	Mutation@rs17631303	Disease@MESH:D001943	0
Gene@672	Mutation@rs17631303	Disease@MESH:D009369	0
Gene@672	Mutation@rs17631303	Disease@MESH:D011471	0
Gene@672	Mutation@rs17631303	Disease@OMIM:604370	0
Gene@672	Mutation@rs17631303	Disease@MESH:C000656865	0
Gene@672	Mutation@rs17631303	Disease@MESH:D054198	0
Gene@672	Mutation@rs17631303	Disease@MESH:D003924	0
Gene@672	Mutation@rs17631303	Disease@MESH:D018149	0
Gene@672	Mutation@rs17631303	Disease@MESH:D010300	0
Gene@672	Mutation@rs17631303	Disease@MESH:D013494	0
Gene@672	Mutation@rs17631303	Disease@MESH:D002446	0
Gene@672	Mutation@rs17631303	Disease@MESH:D003920	0
Gene@672	Mutation@rs17631303	Disease@MESH:D012175	0
Gene@672	Mutation@rs4691139	Disease@MESH:D010051	0
Gene@672	Mutation@rs4691139	Disease@MESH:D001943	0
Gene@672	Mutation@rs4691139	Disease@MESH:D009369	0
Gene@672	Mutation@rs4691139	Disease@MESH:D011471	0
Gene@6934	Mutation@rs11196174	Disease@MESH:D010051	1
Gene@6934	Mutation@rs11196174	Disease@MESH:D001943	1
Gene@6934	Mutation@rs11196174	Disease@MESH:D009369	1
Gene@4194	Mutation@rs2290854	Disease@MESH:D010051	1
Gene@4194	Mutation@rs2290854	Disease@MESH:D001943	1
Gene@4194	Mutation@rs2290854	Disease@MESH:D009369	1
