Gene@3075	Mutation@rs17073641	Disease@MESH:D006009	0
Gene@3075	Mutation@rs17073641	Disease@MESH:D006973	0
Gene@3075	Mutation@rs17073641	Disease@MESH:D001284	0
Gene@3075	Mutation@rs17073641	Disease@MESH:D009765	0
Gene@3075	Mutation@rs17073641	Disease@MESH:D014786	0
Gene@3075	Mutation@rs17073641	Disease@MESH:D001766	0
Gene@3075	Mutation@rs17073641	Disease@MESH:D007249	0
Gene@3075	Mutation@rs17073641	Disease@MESH:D009216	0
Gene@3075	Mutation@rs17073641	Disease@OMIM:615458	0
Gene@3075	Mutation@rs17073641	Disease@MESH:D008268	0
Gene@3075	Mutation@rs17073641	Disease@MESH:C537835	0
Gene@3075	Mutation@rs17073641	Disease@MESH:D005902	0
Gene@3075	Mutation@rs17073641	Disease@MESH:C536309	0
Gene@3075	Mutation@rs17073641	Disease@MESH:D005901	0
Gene@3075	Mutation@rs17073641	Disease@MESH:D005128	0
Gene@3075	Mutation@rs17073641	Disease@MESH:D007239	0
Gene@3075	Mutation@rs17073641	Disease@MESH:D002609	0
Gene@3075	Mutation@rs17073641	Disease@MESH:D009136	0
Gene@3075	Mutation@rs17073641	Disease@MESH:D000080362	0
Gene@3075	Mutation@rs17073641	Disease@MESH:C566397	0
Gene@3075	Mutation@rs1831282	Disease@MESH:D008268	1
Gene@3075	Mutation@rs1831282	Disease@MESH:C537835	1
Gene@387715	Mutation@rs10490924	Disease@MESH:D008268	1
Gene@387715	Mutation@rs10490924	Disease@MESH:C537835	1
Gene@7936	Mutation@rs522162	Disease@MESH:D008268	1
Gene@7936	Mutation@rs522162	Disease@MESH:C537835	1
Gene@629;717	Mutation@rs522162	Disease@MESH:D008268	1
Gene@629;717	Mutation@rs522162	Disease@MESH:C537835	1
Gene@5654	Mutation@rs10490924	Disease@MESH:D008268	1
Gene@5654	Mutation@rs10490924	Disease@MESH:C537835	1
Gene@6499	Mutation@rs406936	Disease@MESH:D008268	1
Gene@6499	Mutation@rs406936	Disease@MESH:C537835	1
Gene@59338	Mutation@rs10490924	Disease@MESH:D008268	1
Gene@59338	Mutation@rs10490924	Disease@MESH:C537835	1
