Gene@55691	Mutation@rs2446581	Disease@MESH:D000544	0
Gene@55691	Mutation@rs2446581	Disease@MESH:D006331	0
Gene@55691	Mutation@rs2446581	Disease@MESH:D020258	0
Gene@55691	Mutation@rs2446581	Disease@MESH:D003643	0
Gene@55691	Mutation@rs2446581	Disease@MESH:D004194	0
Gene@55691	Mutation@rs2446581	Disease@MESH:D007319	0
Gene@55691	Mutation@rs2446581	Disease@MESH:D003704	0
Gene@55691	Mutation@rs2446581	Disease@MESH:D003072	0
Gene@55691	Mutation@rs2446581	Disease@MESH:D002609	0
Gene@55691	Mutation@rs2446581	Disease@MESH:D007635	0
Gene@55691	Mutation@rs2446581	Disease@MESH:D003324	0
Gene@55691	Mutation@rs2446581	Disease@MESH:D010300	0
Gene@55691	Mutation@rs2446581	Disease@MESH:D001249	0
Gene@55691	Mutation@rs2446581	Disease@MESH:D009203	0
Gene@55691	Mutation@rs2446581	Disease@MESH:D058186	0
Gene@55691	Mutation@rs2395760	Disease@MESH:D000544	0
Gene@55691	Mutation@rs2395760	Disease@MESH:D006331	0
Gene@55691	Mutation@rs2395760	Disease@MESH:D020258	0
Gene@55691	Mutation@rs2395760	Disease@MESH:D003643	0
Gene@55691	Mutation@rs7081208	Disease@MESH:D000544	1
Gene@55691	Mutation@rs7081208	Disease@MESH:D010300	1
