Gene@1602	Mutation@rs1408888	Disease@MESH:D002318	0
Gene@1602	Mutation@rs1408888	Disease@MESH:D003920	0
Gene@1602	Mutation@rs1408888	Disease@MESH:D003324	0
Gene@1602	Mutation@rs1408888	Disease@MESH:D009765	0
Gene@1602	Mutation@rs1408888	Disease@MESH:D011236	0
Gene@1602	Mutation@rs1408888	Disease@MESH:D007333	0
Gene@1602	Mutation@rs1408888	Disease@MESH:D003924	0
Gene@1602	Mutation@rs1408888	Disease@MESH:D008659	0
Gene@1602	Mutation@rs1408888	Disease@MESH:D020521	0
Gene@1602	Mutation@rs1408888	Disease@MESH:D009203	0
Gene@1602	Mutation@rs1408888	Disease@MESH:D016491	0
Gene@1602	Mutation@rs1408888	Disease@MESH:D020300	0
Gene@1602	Mutation@rs1408888	Disease@MESH:D005734	0
Gene@1602	Mutation@rs1408888	Disease@MESH:D001018	0
Gene@1602	Mutation@rs1408888	Disease@MESH:D013345	0
Gene@1602	Mutation@rs1408888	Disease@MESH:D002543	0
Gene@1602	Mutation@rs1408888	Disease@MESH:D014947	0
