Gene@66037	Mutation@rs17023900	Disease@MESH:D011471	0
Gene@66037	Mutation@rs17023900	Disease@MESH:D009369	0
Gene@66037	Mutation@rs17023900	Disease@MESH:D009759	0
Gene@66037	Mutation@rs17023900	Disease@MESH:D001943	0
Gene@66037	Mutation@rs17023900	Disease@MESH:D003920	0
Gene@66037	Mutation@rs17023900	Disease@MESH:D015179	0
Gene@66037	Mutation@rs10090154	Disease@MESH:D011471	0
Gene@66037	Mutation@rs10090154	Disease@MESH:D009369	0
Gene@66037	Mutation@rs10090154	Disease@MESH:D009759	0
Gene@66037	Mutation@rs10090154	Disease@MESH:D001943	0
Gene@66037	Mutation@rs10090154	Disease@MESH:D003920	0
Gene@66037	Mutation@rs10090154	Disease@MESH:D015179	0
Gene@66037	Mutation@rs1016343	Disease@MESH:D011471	0
Gene@66037	Mutation@rs1016343	Disease@MESH:D009369	0
Gene@66037	Mutation@rs1016343	Disease@MESH:D009759	0
Gene@66037	Mutation@rs1016343	Disease@MESH:D001943	0
Gene@66037	Mutation@rs1016343	Disease@MESH:D003920	0
Gene@66037	Mutation@rs1016343	Disease@MESH:D015179	0
Gene@66037	Mutation@rs11986220	Disease@MESH:D011471	0
Gene@66037	Mutation@rs11986220	Disease@MESH:D009369	0
