Gene@11200	Mutation@rs1333040	Disease@MESH:D008175	0
Gene@11200	Mutation@rs1333040	Disease@MESH:D002294	0
Gene@11200	Mutation@rs1333040	Disease@MESH:D063646	0
Gene@11200	Mutation@rs1333040	Disease@MESH:D003643	0
Gene@11200	Mutation@rs1333040	Disease@MESH:D000230	0
Gene@11200	Mutation@rs1333040	Disease@MESH:C535460	0
Gene@11200	Mutation@rs1333040	Disease@MESH:D009369	0
Gene@11200	Mutation@rs1333040	Disease@MESH:D055752	0
Gene@11200	Mutation@rs1333040	Disease@MESH:D002289	0
Gene@11200	Mutation@rs1333040	Disease@MESH:D018288	0
Gene@11200	Mutation@rs1333040	Disease@MESH:D018287	0
Gene@11200	Mutation@rs1333040	Disease@MESH:D002277	0
Gene@11200	Mutation@rs1333040	Disease@MESH:D000077192	0
Gene@11200	Mutation@rs1333040	Disease@MESH:D002532	0
Gene@11200	Mutation@rs1333040	Disease@MESH:D008545	0
Gene@11200	Mutation@rs1333040	Disease@MESH:D004715	0
Gene@11200	Mutation@rs1333040	Disease@MESH:D003324	0
Gene@5893	Mutation@rs10849605	Disease@MESH:D008175	1
Gene@5893	Mutation@rs10849605	Disease@MESH:D003643	1
Gene@5893	Mutation@rs10849605	Disease@MESH:D055752	1
Gene@5893	Mutation@rs10849605	Disease@MESH:D000077192	1
Gene@5893	Mutation@rs10849605	Disease@MESH:D030342	1
