Gene@8517	Mutation@rs11228565	Disease@MESH:D011471	0
Gene@8517	Mutation@rs11228565	Disease@MESH:D009369	0
Gene@8517	Mutation@rs11228565	Disease@MESH:D020165	0
Gene@8517	Mutation@rs11228565	Disease@MESH:D015179	0
Gene@8517	Mutation@rs11228565	Disease@MESH:D001749	0
Gene@8517	Mutation@rs11228565	Disease@MESH:D001943	0
Gene@8517	Mutation@rs11228565	Disease@MESH:D028243	0
Gene@8517	Mutation@rs11228565	Disease@MESH:D001523	0
Gene@8517	Mutation@rs11228565	Disease@MESH:D003920	0
Gene@8517	Mutation@rs11228565	Disease@MESH:D002544	0
Gene@8517	Mutation@rs11228565	Disease@MESH:D050723	0
Gene@8517	Mutation@rs8102476	Disease@MESH:D011471	0
Gene@8517	Mutation@rs8102476	Disease@MESH:D009369	0
Gene@8517	Mutation@rs8102476	Disease@MESH:D020165	0
Gene@8517	Mutation@rs8102476	Disease@MESH:D015179	0
Gene@8517	Mutation@rs8102476	Disease@MESH:D001749	0
Gene@8517	Mutation@rs8102476	Disease@MESH:D001943	0
Gene@8517	Mutation@rs8102476	Disease@MESH:D028243	0
Gene@8517	Mutation@rs8102476	Disease@MESH:D001523	0
Gene@8517	Mutation@rs8102476	Disease@MESH:D003920	0
