Gene@6927	Mutation@rs10465543	Disease@MESH:D003920	0
Gene@6927	Mutation@rs10465543	Disease@MESH:D003924	0
Gene@6927	Mutation@rs10465543	Disease@MESH:D008659	0
Gene@6927	Mutation@rs10465543	Disease@MESH:D009765	0
Gene@6927	Mutation@rs7305618	Disease@MESH:D003920	1
Gene@6927	Mutation@rs7305618	Disease@MESH:D003924	1
Gene@6927	Mutation@rs7305618	Disease@MESH:D008659	0
Gene@6927	Mutation@rs7305618	Disease@MESH:D009765	0
Gene@6927	Mutation@rs7957197	Disease@MESH:D003920	0
Gene@6927	Mutation@rs7957197	Disease@MESH:D003924	0
Gene@6927	Mutation@rs7957197	Disease@MESH:D008659	0
Gene@6927	Mutation@rs7957197	Disease@MESH:D009765	0
Gene@6927	Mutation@rs231362	Disease@MESH:D003920	0
Gene@6927	Mutation@rs231362	Disease@MESH:D003924	0
Gene@6927	Mutation@rs231362	Disease@MESH:D008659	0
Gene@6927	Mutation@rs231362	Disease@MESH:D009765	0
Gene@3784	Mutation@rs2237892	Disease@MESH:D003920	1
Gene@3784	Mutation@rs2237892	Disease@MESH:D003924	1
Gene@1029	Mutation@rs1333051	Disease@MESH:D003920	1
Gene@1029	Mutation@rs1333051	Disease@MESH:D003924	1
Gene@1030	Mutation@rs1333051	Disease@MESH:D003920	1
Gene@1030	Mutation@rs1333051	Disease@MESH:D003924	1
Gene@10644	Mutation@rs1374910	Disease@MESH:D003920	1
Gene@10644	Mutation@rs1374910	Disease@MESH:D003924	1
Gene@283601	Mutation@rs730570	Disease@MESH:D003920	1
Gene@283601	Mutation@rs730570	Disease@MESH:D003924	1
