Gene@672;675	Mutation@rs7141529	Disease@MESH:D011471	0
Gene@672;675	Mutation@rs7141529	Disease@MESH:D009369	0
Gene@672;675	Mutation@rs7141529	Disease@MESH:D001943	0
Gene@672;675	Mutation@rs7141529	Disease@MESH:D010051	0
Gene@672;675	Mutation@rs7141529	Disease@MESH:D003643	0
Gene@672;675	Mutation@rs7141529	Disease@MESH:D001523	0
Gene@672;675	Mutation@rs7141529	Disease@MESH:D006323	0
Gene@672;675	Mutation@rs7141529	Disease@MESH:D004342	0
Gene@672;675	Mutation@rs7141529	Disease@MESH:D054990	0
Gene@672;675	Mutation@rs11902236	Disease@MESH:D011471	0
Gene@672;675	Mutation@rs11902236	Disease@MESH:D009369	0
Gene@672;675	Mutation@rs11902236	Disease@MESH:D001943	0
Gene@672;675	Mutation@rs11902236	Disease@MESH:D010051	0
Gene@672;675	Mutation@rs11902236	Disease@MESH:D003643	0
Gene@672;675	Mutation@rs11902236	Disease@MESH:D001523	0
Gene@672;675	Mutation@rs11902236	Disease@MESH:D006323	0
Gene@672;675	Mutation@rs11902236	Disease@MESH:D004342	0
Gene@4194	Mutation@rs4245739	Disease@MESH:D011471	1
Gene@4194	Mutation@rs4245739	Disease@MESH:D009369	1
Gene@4316	Mutation@rs11568818	Disease@MESH:D011471	1
Gene@4316	Mutation@rs11568818	Disease@MESH:D009369	1
Gene@5890	Mutation@rs7141529	Disease@MESH:D011471	1
Gene@5890	Mutation@rs7141529	Disease@MESH:D009369	1
Gene@10481	Mutation@rs11650494	Disease@MESH:D011471	1
Gene@10481	Mutation@rs11650494	Disease@MESH:D009369	1
Gene@84366	Mutation@rs11650494	Disease@MESH:D011471	1
Gene@84366	Mutation@rs11650494	Disease@MESH:D009369	1
Gene@8405	Mutation@rs11650494	Disease@MESH:D011471	1
Gene@8405	Mutation@rs11650494	Disease@MESH:D009369	1
Gene@22834	Mutation@rs11650494	Disease@MESH:D011471	1
Gene@22834	Mutation@rs11650494	Disease@MESH:D009369	1
Gene@3782	Mutation@rs1218582	Disease@MESH:D011471	1
Gene@3782	Mutation@rs1218582	Disease@MESH:D009369	1
Gene@9014	Mutation@rs11902236	Disease@MESH:D011471	1
Gene@9014	Mutation@rs11902236	Disease@MESH:D009369	1
Gene@29841	Mutation@rs11902236	Disease@MESH:D011471	1
Gene@29841	Mutation@rs11902236	Disease@MESH:D009369	1
Gene@9855	Mutation@rs3771570	Disease@MESH:D011471	1
Gene@9855	Mutation@rs3771570	Disease@MESH:D009369	1
Gene@54847	Mutation@rs7611694	Disease@MESH:D011471	1
Gene@54847	Mutation@rs7611694	Disease@MESH:D009369	1
Gene@166824	Mutation@rs1894292	Disease@MESH:D011471	1
Gene@166824	Mutation@rs1894292	Disease@MESH:D009369	1
Gene@91272	Mutation@rs6869841	Disease@MESH:D011471	1
Gene@91272	Mutation@rs6869841	Disease@MESH:D009369	1
Gene@84071	Mutation@rs2273669	Disease@MESH:D011471	1
Gene@84071	Mutation@rs2273669	Disease@MESH:D009369	1
Gene@27244	Mutation@rs2273669	Disease@MESH:D011471	1
Gene@27244	Mutation@rs2273669	Disease@MESH:D009369	1
Gene@64641	Mutation@rs11135910	Disease@MESH:D011471	1
Gene@64641	Mutation@rs11135910	Disease@MESH:D009369	1
Gene@10979	Mutation@rs8008270	Disease@MESH:D011471	1
Gene@10979	Mutation@rs8008270	Disease@MESH:D009369	1
Gene@55275	Mutation@rs684232	Disease@MESH:D011471	1
Gene@55275	Mutation@rs684232	Disease@MESH:D009369	1
Gene@79850	Mutation@rs684232	Disease@MESH:D011471	1
Gene@79850	Mutation@rs684232	Disease@MESH:D009369	1
Gene@27164	Mutation@rs7241993	Disease@MESH:D011471	1
Gene@27164	Mutation@rs7241993	Disease@MESH:D009369	1
Gene@81928	Mutation@rs2427345	Disease@MESH:D011471	1
Gene@81928	Mutation@rs2427345	Disease@MESH:D009369	1
Gene@4855	Mutation@rs3096702	Disease@MESH:D011471	1
Gene@4855	Mutation@rs3096702	Disease@MESH:D009369	1
