Gene@1030	Mutation@rs7114836	Disease@MESH:D011471	0
Gene@1030	Mutation@rs7114836	Disease@MESH:D009369	0
Gene@1030	Mutation@rs7114836	Disease@MESH:D009386	0
Gene@1030	Mutation@rs7114836	Disease@MESH:D058747	0
Gene@1030	Mutation@rs7114836	Disease@MESH:D001943	0
Gene@1030	Mutation@rs7114836	Disease@MESH:D005776	0
Gene@1030	Mutation@rs7114836	Disease@MESH:D030342	0
Gene@1030	Mutation@rs7114836	Disease@MESH:D003920	0
Gene@1030	Mutation@rs7114836	Disease@MESH:D011472	0
Gene@1030	Mutation@rs7114836	Disease@MESH:C537243	0
Gene@1030	Mutation@rs11839053	Disease@MESH:D011471	0
Gene@1030	Mutation@rs11839053	Disease@MESH:D009369	0
Gene@1030	Mutation@rs11839053	Disease@MESH:D009386	0
Gene@1030	Mutation@rs11839053	Disease@MESH:D058747	0
Gene@1030	Mutation@rs11839053	Disease@MESH:D001943	0
Gene@1030	Mutation@rs11839053	Disease@MESH:D005776	0
Gene@1030	Mutation@rs11839053	Disease@MESH:D030342	0
Gene@1030	Mutation@rs11839053	Disease@MESH:D003920	0
Gene@1030	Mutation@rs11839053	Disease@MESH:D011472	0
Gene@1030	Mutation@rs11839053	Disease@MESH:C537243	0
Gene@6928	Mutation@rs2005705	Disease@MESH:D011471	1
Gene@6928	Mutation@rs2005705	Disease@MESH:D009369	1
Gene@6928	Mutation@rs2005705	Disease@MESH:D011472	1
Gene@6928	Mutation@rs2005705	Disease@MESH:C537243	1
