Gene@4194	Mutation@rs8170	Disease@MESH:D001943	0
Gene@4194	Mutation@rs8170	Disease@MESH:D009369	0
Gene@4194	Mutation@rs8170	Disease@MESH:D011471	0
Gene@4194	Mutation@rs8170	Disease@MESH:D009765	0
Gene@4194	Mutation@rs8170	Disease@MESH:D010051	0
Gene@4194	Mutation@rs8170	Disease@MESH:C538336	0
Gene@4194	Mutation@rs8170	Disease@OMIM:617025	0
Gene@4194	Mutation@rs8170	Disease@MESH:D018270	0
Gene@4194	Mutation@rs2284378	Disease@MESH:D001943	0
Gene@4194	Mutation@rs2284378	Disease@MESH:D009369	0
Gene@4194	Mutation@rs2284378	Disease@MESH:D011471	0
Gene@4194	Mutation@rs2284378	Disease@MESH:D009765	0
Gene@4194	Mutation@rs2284378	Disease@MESH:D010051	0
Gene@4194	Mutation@rs2284378	Disease@MESH:C538336	0
Gene@4194	Mutation@rs2284378	Disease@OMIM:617025	0
Gene@4194	Mutation@rs2284378	Disease@MESH:D018270	0
Gene@4194	Mutation@rs10069690	Disease@MESH:D001943	0
Gene@4194	Mutation@rs10069690	Disease@MESH:D009369	0
Gene@4194	Mutation@rs10069690	Disease@MESH:D011471	0
Gene@4194	Mutation@rs10069690	Disease@MESH:D009765	0
Gene@4194	Mutation@rs4245739	Disease@MESH:D001943	1
Gene@4194	Mutation@rs4245739	Disease@MESH:D011471	1
Gene@4194	Mutation@rs4245739	Disease@MESH:D018270	1
Gene@59352	Mutation@rs6678914	Disease@MESH:D001943	1
Gene@59352	Mutation@rs6678914	Disease@MESH:D011471	1
Gene@59352	Mutation@rs6678914	Disease@MESH:D018270	1
Gene@79068	Mutation@rs11075995	Disease@MESH:D001943	1
Gene@79068	Mutation@rs11075995	Disease@MESH:D011471	1
Gene@79068	Mutation@rs11075995	Disease@MESH:D018270	1
Gene@79068	Mutation@rs17817449	Disease@MESH:D001943	1
Gene@79068	Mutation@rs17817449	Disease@MESH:D011471	1
Gene@79068	Mutation@rs17817449	Disease@MESH:D018270	1
Gene@7015	Mutation@rs10069690	Disease@MESH:D001943	1
Gene@7015	Mutation@rs10069690	Disease@MESH:D011471	1
Gene@7015	Mutation@rs10069690	Disease@MESH:D018270	1
Gene@5287	Mutation@rs4245739	Disease@MESH:D001943	1
Gene@5287	Mutation@rs4245739	Disease@MESH:D011471	1
Gene@5287	Mutation@rs4245739	Disease@MESH:D018270	1
Gene@10446	Mutation@rs4245739	Disease@MESH:D001943	1
Gene@10446	Mutation@rs4245739	Disease@MESH:D011471	1
Gene@10446	Mutation@rs4245739	Disease@MESH:D018270	1
Gene@29089	Mutation@rs6678914	Disease@MESH:D001943	1
Gene@29089	Mutation@rs6678914	Disease@MESH:D011471	1
Gene@29089	Mutation@rs6678914	Disease@MESH:D018270	1
Gene@5778	Mutation@rs6678914	Disease@MESH:D001943	1
Gene@5778	Mutation@rs6678914	Disease@MESH:D011471	1
Gene@5778	Mutation@rs6678914	Disease@MESH:D018270	1
