Gene@2752	Mutation@rs11264798	Disease@MESH:D003922	0
Gene@2752	Mutation@rs11264798	Disease@MESH:D007340	0
Gene@2752	Mutation@rs11264798	Disease@MESH:D006111	0
Gene@2752	Mutation@rs11264798	Disease@MESH:D005756	0
Gene@2752	Mutation@rs11264798	Disease@MESH:D013967	0
Gene@2752	Mutation@rs11264798	Disease@MESH:D003920	0
Gene@2752	Mutation@rs11264798	Disease@MESH:D001327	0
Gene@2752	Mutation@rs11264798	Disease@MESH:D010195	0
Gene@2752	Mutation@rs11264798	Disease@MESH:D016393	0
Gene@2752	Mutation@rs11264798	Disease@MESH:D008180	0
Gene@2752	Mutation@rs11264798	Disease@MESH:D007037	0
Gene@2752	Mutation@rs11264798	Disease@MESH:D000740	0
Gene@2752	Mutation@rs11264798	Disease@MESH:D050031	0
Gene@2752	Mutation@rs11264798	Disease@MESH:D009404	0
Gene@2752	Mutation@rs11264798	Disease@MESH:D001172	0
Gene@2752	Mutation@rs11264798	Disease@MESH:D013276	0
Gene@2752	Mutation@rs11264798	Disease@MESH:D010190	0
Gene@2752	Mutation@rs11264798	Disease@MESH:D003424	0
Gene@115352	Mutation@rs7528684	Disease@MESH:D003922	1
Gene@115352	Mutation@rs7528684	Disease@MESH:D003920	1
Gene@246778	Mutation@rs4788084	Disease@MESH:D003922	1
Gene@246778	Mutation@rs4788084	Disease@MESH:D003920	1
Gene@64135	Mutation@rs1990760	Disease@MESH:D003922	1
Gene@64135	Mutation@rs1990760	Disease@MESH:D003920	1
Gene@3559	Mutation@rs12722495	Disease@MESH:D003922	1
Gene@3559	Mutation@rs12722495	Disease@MESH:D003920	1
Gene@60468	Mutation@rs11755527	Disease@MESH:D003922	1
Gene@60468	Mutation@rs11755527	Disease@MESH:D003920	1
Gene@53347	Mutation@rs3788013	Disease@MESH:D003922	1
Gene@53347	Mutation@rs3788013	Disease@MESH:D003920	1
Gene@26191	Mutation@rs2476601	Disease@MESH:D003922	1
Gene@26191	Mutation@rs2476601	Disease@MESH:D003920	1
Gene@1493	Mutation@rs3087243	Disease@MESH:D003922	1
Gene@1493	Mutation@rs3087243	Disease@MESH:D003920	1
Gene@3558	Mutation@rs2069762	Disease@MESH:D003922	1
Gene@3558	Mutation@rs2069762	Disease@MESH:D003920	1
Gene@3558	Mutation@rs4788084	Disease@MESH:D003922	1
Gene@3558	Mutation@rs4788084	Disease@MESH:D003920	1
Gene@3558	Mutation@rs12722495	Disease@MESH:D003922	1
Gene@3558	Mutation@rs12722495	Disease@MESH:D003920	1
Gene@10125	Mutation@rs7171171	Disease@MESH:D003922	1
Gene@10125	Mutation@rs7171171	Disease@MESH:D003920	1
Gene@10019	Mutation@rs3184504	Disease@MESH:D003922	1
Gene@10019	Mutation@rs3184504	Disease@MESH:D003920	1
Gene@28	Mutation@rs657152	Disease@MESH:D003922	1
Gene@28	Mutation@rs657152	Disease@MESH:D003920	1
Gene@5771	Mutation@rs2476601	Disease@MESH:D003922	1
Gene@5771	Mutation@rs2476601	Disease@MESH:D003920	1
