Gene@4790	Mutation@rs763780	Disease@MESH:D010190	0
Gene@4790	Mutation@rs763780	Disease@MESH:D009369	0
Gene@4790	Mutation@rs763780	Disease@MESH:D007938	0
Gene@4790	Mutation@rs763780	Disease@MESH:D064420	0
Gene@4790	Mutation@rs763780	Disease@MESH:D043183	0
Gene@4790	Mutation@rs763780	Disease@MESH:D008175	0
Gene@4790	Mutation@rs763780	Disease@MESH:D009101	0
Gene@4790	Mutation@rs763780	Disease@MESH:D011471	0
Gene@4790	Mutation@rs763780	Disease@MESH:D015179	0
Gene@4790	Mutation@rs763780	Disease@MESH:D001249	0
Gene@4790	Mutation@rs763780	Disease@MESH:D004415	0
Gene@4790	Mutation@rs763780	Disease@MESH:D007249	0
Gene@4790	Mutation@rs763780	Disease@MESH:D003093	0
Gene@4790	Mutation@rs763780	Disease@MESH:D000077192	0
Gene@4790	Mutation@rs763780	Disease@MESH:D011125	0
Gene@4790	Mutation@rs763780	Disease@MESH:C562463	0
Gene@4790	Mutation@rs763780	Disease@MESH:D001943	0
Gene@4790	Mutation@rs763780	Disease@MESH:D029461	0
