Gene@4046	Mutation@rs909116	Disease@MESH:D001943	1
Gene@4046	Mutation@rs909116	Disease@MESH:D009369	1
Gene@4046	Mutation@rs909116	Disease@MESH:D008545	0
Gene@4046	Mutation@rs909116	Disease@MESH:D010190	0
Gene@4046	Mutation@rs909116	Disease@MESH:D005910	0
Gene@4046	Mutation@rs909116	Disease@MESH:D003920	0
Gene@4046	Mutation@rs909116	Disease@MESH:D003324	0
Gene@4046	Mutation@rs909116	Disease@MESH:D002280	0
Gene@4046	Mutation@rs909116	Disease@MESH:D009062	0
Gene@4046	Mutation@rs909116	Disease@MESH:D009101	0
Gene@4046	Mutation@rs909116	Disease@MESH:D053040	0
Gene@4046	Mutation@rs909116	Disease@MESH:D003424	0
Gene@4046	Mutation@rs909116	Disease@MESH:D049932	0
Gene@4046	Mutation@rs909116	Disease@MESH:D050197	0
Gene@4046	Mutation@rs909116	Disease@MESH:D058186	0
Gene@4046	Mutation@rs3757318	Disease@MESH:D001943	0
Gene@4046	Mutation@rs3757318	Disease@MESH:D009369	0
Gene@4046	Mutation@rs3757318	Disease@MESH:D008545	0
Gene@4046	Mutation@rs3757318	Disease@MESH:D010190	0
Gene@4046	Mutation@rs3757318	Disease@MESH:D005910	0
Gene@2263	Mutation@rs2981579	Disease@MESH:D001943	1
Gene@2263	Mutation@rs2981579	Disease@MESH:D009369	1
Gene@27324	Mutation@rs3803662	Disease@MESH:D001943	1
Gene@27324	Mutation@rs3803662	Disease@MESH:D009369	1
Gene@2099	Mutation@rs3757318	Disease@MESH:D001943	1
Gene@2099	Mutation@rs3757318	Disease@MESH:D009369	1
Gene@80129	Mutation@rs3757318	Disease@MESH:D001943	1
Gene@80129	Mutation@rs3757318	Disease@MESH:D009369	1
Gene@1029	Mutation@rs1011970	Disease@MESH:D001943	1
Gene@1029	Mutation@rs1011970	Disease@MESH:D009369	1
Gene@1030	Mutation@rs1011970	Disease@MESH:D001943	1
Gene@1030	Mutation@rs1011970	Disease@MESH:D009369	1
Gene@26579	Mutation@rs614367	Disease@MESH:D001943	1
Gene@26579	Mutation@rs614367	Disease@MESH:D009369	1
Gene@595	Mutation@rs614367	Disease@MESH:D001943	1
Gene@595	Mutation@rs614367	Disease@MESH:D009369	1
Gene@220064	Mutation@rs614367	Disease@MESH:D001943	1
Gene@220064	Mutation@rs614367	Disease@MESH:D009369	1
Gene@9965	Mutation@rs614367	Disease@MESH:D001943	1
Gene@9965	Mutation@rs614367	Disease@MESH:D009369	1
Gene@2249	Mutation@rs614367	Disease@MESH:D001943	1
Gene@2249	Mutation@rs614367	Disease@MESH:D009369	1
Gene@2248	Mutation@rs614367	Disease@MESH:D001943	1
Gene@2248	Mutation@rs614367	Disease@MESH:D009369	1
Gene@22891	Mutation@rs10995190	Disease@MESH:D001943	1
Gene@22891	Mutation@rs10995190	Disease@MESH:D009369	1
Gene@54522	Mutation@rs2380205	Disease@MESH:D001943	1
Gene@54522	Mutation@rs2380205	Disease@MESH:D009369	1
Gene@84893	Mutation@rs2380205	Disease@MESH:D001943	1
Gene@84893	Mutation@rs2380205	Disease@MESH:D009369	1
Gene@57178	Mutation@rs704010	Disease@MESH:D001943	1
Gene@57178	Mutation@rs704010	Disease@MESH:D009369	1
Gene@4214	Mutation@rs889312	Disease@MESH:D001943	1
Gene@4214	Mutation@rs889312	Disease@MESH:D009369	1
Gene@9497	Mutation@rs4973768	Disease@MESH:D001943	1
Gene@9497	Mutation@rs4973768	Disease@MESH:D009369	1
