Gene@51074	Mutation@p.508delF	Disease@MESH:D003550	0
Gene@51074	Mutation@p.508delF	Disease@MESH:D008171	0
Gene@51074	Mutation@p.508delF	Disease@MESH:D029424	0
Gene@51074	Mutation@p.508delF	Disease@MESH:D030342	0
Gene@51074	Mutation@p.508delF	Disease@MESH:D010188	0
Gene@51074	Mutation@p.508delF	Disease@MESH:D010195	0
Gene@51074	Mutation@p.508delF	Disease@MESH:D007249	0
Gene@51074	Mutation@p.508delF	Disease@MESH:D002276	0
Gene@51074	Mutation@p.508delF	Disease@MESH:D004342	0
Gene@51074	Mutation@p.508delF	Disease@MESH:D011014	0
Gene@51074	Mutation@p.508delF	Disease@MESH:D020518	0
Gene@51074	Mutation@p.508delF	Disease@MESH:D012030	0
Gene@51074	Mutation@p.508delF	Disease@MESH:D017093	0
Gene@51074	Mutation@p.508delF	Disease@MESH:D000782	0
Gene@51074	Mutation@p.508delF	Disease@MESH:D009103	0
Gene@51074	Mutation@p.508delF	Disease@MESH:C563515	0
Gene@51074	Mutation@p.508delF	Disease@MESH:D054975	0
Gene@51074	Mutation@p.508delF	Disease@MESH:D063766	0
Gene@51074	Mutation@p.508delF	Disease@MESH:C536041	0
Gene@51074	Mutation@p.508delF	Disease@MESH:C537147	0
Gene@51074	Mutation@rs12793173	Disease@MESH:D003550	1
Gene@26298	Mutation@rs12793173	Disease@MESH:D003550	1
Gene@3122	Mutation@rs9268905	Disease@MESH:D003550	1
Gene@186	Mutation@rs1403543	Disease@MESH:D003550	1
Gene@6547	Mutation@rs12883884	Disease@MESH:D003550	1
Gene@1006	Mutation@rs11645366	Disease@MESH:D003550	1
Gene@57491	Mutation@rs12188164	Disease@MESH:D003550	1
