Gene@4820	Mutation@rs9552911	Disease@MESH:D003924	0
Gene@4820	Mutation@rs9552911	Disease@MESH:D003920	0
Gene@4820	Mutation@rs9552911	Disease@MESH:D004194	0
Gene@4820	Mutation@rs9552911	Disease@MESH:D003324	0
Gene@4820	Mutation@rs9552911	Disease@MESH:D009765	0
Gene@4820	Mutation@rs9552911	Disease@MESH:C537147	0
Gene@4820	Mutation@rs9552911	Disease@MESH:D010195	0
Gene@4820	Mutation@rs9552911	Disease@MESH:D018149	0
Gene@4820	Mutation@rs9552911	Disease@MESH:D006432	0
Gene@4820	Mutation@rs9552911	Disease@MESH:D008133	0
Gene@4820	Mutation@rs9552911	Disease@MESH:D009203	0
Gene@4820	Mutation@rs9552911	Disease@MESH:D006816	0
Gene@4820	Mutation@rs9552911	Disease@MESH:D009202	0
Gene@4820	Mutation@rs9552911	Disease@MESH:D009136	0
Gene@4820	Mutation@rs9552911	Disease@MESH:C535900	0
Gene@4820	Mutation@rs9552911	Disease@MESH:D000544	0
Gene@4820	Mutation@rs9552911	Disease@MESH:D001943	0
Gene@4820	Mutation@rs9552911	Disease@MESH:D009422	0
Gene@4820	Mutation@rs9552911	Disease@MESH:D003141	0
Gene@6445	Mutation@rs9552911	Disease@MESH:D003924	1
Gene@6445	Mutation@rs9552911	Disease@MESH:D003920	1
Gene@10357	Mutation@rs328506	Disease@MESH:D003924	1
Gene@10357	Mutation@rs328506	Disease@MESH:D003920	1
Gene@140690	Mutation@rs328506	Disease@MESH:D003924	1
Gene@140690	Mutation@rs328506	Disease@MESH:D003920	1
Gene@6934	Mutation@rs7903146	Disease@MESH:D003924	1
Gene@6934	Mutation@rs7903146	Disease@MESH:D003920	1
Gene@10644	Mutation@rs1470579	Disease@MESH:D003924	1
Gene@10644	Mutation@rs1470579	Disease@MESH:D003920	1
Gene@26278	Mutation@rs9552911	Disease@MESH:D003924	1
Gene@26278	Mutation@rs9552911	Disease@MESH:D003920	1
Gene@55544	Mutation@rs328506	Disease@MESH:D003924	1
Gene@55544	Mutation@rs328506	Disease@MESH:D003920	1
Gene@5105	Mutation@rs328506	Disease@MESH:D003924	1
Gene@5105	Mutation@rs328506	Disease@MESH:D003920	1
