Gene@2066	Mutation@rs889312	Disease@MESH:D001943	0
Gene@2066	Mutation@rs889312	Disease@MESH:D009369	0
Gene@2066	Mutation@rs889312	Disease@MESH:D004194	0
Gene@2066	Mutation@rs889312	Disease@MESH:D011471	0
Gene@2066	Mutation@rs889312	Disease@MESH:D015179	0
Gene@2066	Mutation@rs13393577	Disease@MESH:D001943	1
Gene@2066	Mutation@rs13393577	Disease@MESH:D009369	0
Gene@2066	Mutation@rs13393577	Disease@MESH:D004194	0
Gene@2066	Mutation@rs13393577	Disease@MESH:D011471	0
Gene@2066	Mutation@rs13393577	Disease@MESH:D015179	0
Gene@2066	Mutation@rs3734802	Disease@MESH:D001943	0
Gene@2066	Mutation@rs3734802	Disease@MESH:D009369	0
Gene@2066	Mutation@rs3734802	Disease@MESH:D004194	0
Gene@2066	Mutation@rs3734802	Disease@MESH:D011471	0
Gene@2066	Mutation@rs3734802	Disease@MESH:D015179	0
Gene@2066	Mutation@rs7716600	Disease@MESH:D001943	0
Gene@2066	Mutation@rs7716600	Disease@MESH:D009369	0
Gene@2066	Mutation@rs7716600	Disease@MESH:D004194	0
Gene@2066	Mutation@rs7716600	Disease@MESH:D011471	0
Gene@2066	Mutation@rs7716600	Disease@MESH:D015179	0
