Gene@1909	Mutation@rs1092913	Disease@MESH:D001943	0
Gene@1909	Mutation@rs1092913	Disease@MESH:D009369	0
Gene@1909	Mutation@rs1092913	Disease@MESH:D018270	0
Gene@1909	Mutation@rs1092913	Disease@MESH:D009362	0
Gene@1909	Mutation@rs1092913	Disease@MESH:D010051	0
Gene@1909	Mutation@rs1092913	Disease@MESH:D010190	0
Gene@1909	Mutation@rs1092913	Disease@MESH:D010195	0
Gene@1909	Mutation@rs1092913	Disease@MESH:D011471	0
Gene@1909	Mutation@rs1092913	Disease@MESH:D001260	0
Gene@1909	Mutation@rs1981867	Disease@MESH:D001943	0
Gene@1909	Mutation@rs1981867	Disease@MESH:D009369	0
Gene@1909	Mutation@rs1981867	Disease@MESH:D018270	0
Gene@1909	Mutation@rs1981867	Disease@MESH:D009362	0
Gene@1909	Mutation@rs1981867	Disease@MESH:D010051	0
Gene@1909	Mutation@rs1981867	Disease@MESH:D010190	0
Gene@1909	Mutation@rs1981867	Disease@MESH:D010195	0
Gene@1909	Mutation@rs1981867	Disease@MESH:D011471	0
Gene@1909	Mutation@rs1981867	Disease@MESH:D001260	0
Gene@1909	Mutation@rs10411161	Disease@MESH:D001943	0
Gene@1909	Mutation@rs10411161	Disease@MESH:D009369	0
Gene@83853	Mutation@rs1092913	Disease@MESH:D001943	1
Gene@84765	Mutation@rs10411161	Disease@MESH:D001943	1
