Gene@2869	Mutation@rs7403531	Disease@MESH:D003924	0
Gene@2869	Mutation@rs7403531	Disease@MESH:D009765	0
Gene@2869	Mutation@rs7403531	Disease@MESH:D003920	0
Gene@2869	Mutation@rs7403531	Disease@MESH:D007625	0
Gene@2869	Mutation@rs7403531	Disease@MESH:D002609	0
Gene@2869	Mutation@rs7403531	Disease@MESH:D004670	0
Gene@2869	Mutation@rs7403531	Disease@MESH:D007249	0
Gene@2869	Mutation@rs7403531	Disease@MESH:D010195	0
Gene@2869	Mutation@rs7403531	Disease@MESH:D003922	0
Gene@2869	Mutation@rs7403531	Disease@MESH:D018149	0
Gene@2869	Mutation@rs7403531	Disease@MESH:D001327	0
Gene@2869	Mutation@rs10886471	Disease@MESH:D003924	1
Gene@2869	Mutation@rs10886471	Disease@MESH:D009765	0
Gene@2869	Mutation@rs10886471	Disease@MESH:D003920	0
Gene@2869	Mutation@rs10886471	Disease@MESH:D007625	0
Gene@2869	Mutation@rs10886471	Disease@MESH:D002609	0
Gene@2869	Mutation@rs10886471	Disease@MESH:D004670	0
Gene@2869	Mutation@rs10886471	Disease@MESH:D007249	0
Gene@10125	Mutation@rs7403531	Disease@MESH:D003924	1
Gene@54901	Mutation@rs7754840	Disease@MESH:D003924	1
Gene@169792	Mutation@rs10814916	Disease@MESH:D003924	1
Gene@92002	Mutation@rs12010175	Disease@MESH:D003924	1
