Gene@92737	Mutation@Rs1861612	Disease@MESH:D003924	1
Gene@92737	Mutation@Rs1861612	Disease@MESH:D003920	1
Gene@92737	Mutation@Rs1861612	Disease@MESH:D007674	0
Gene@92737	Mutation@Rs1861612	Disease@MESH:D044903	0
Gene@92737	Mutation@Rs1861612	Disease@MESH:D007333	0
Gene@92737	Mutation@Rs1861612	Disease@MESH:D005923	0
Gene@92737	Mutation@Rs1861612	Disease@MESH:D006946	0
Gene@92737	Mutation@Rs1861612	Disease@MESH:D005705	0
Gene@92737	Mutation@Rs1861612	Disease@MESH:D001714	0
Gene@92737	Mutation@rs8181588	Disease@MESH:D003924	0
Gene@92737	Mutation@rs8181588	Disease@MESH:D003920	0
Gene@92737	Mutation@rs8181588	Disease@MESH:D007674	0
Gene@92737	Mutation@rs8181588	Disease@MESH:D044903	0
Gene@92737	Mutation@rs8181588	Disease@MESH:D007333	0
Gene@92737	Mutation@rs8181588	Disease@MESH:D005923	0
Gene@92737	Mutation@rs8181588	Disease@MESH:D006946	0
Gene@92737	Mutation@rs8181588	Disease@MESH:D005705	0
Gene@92737	Mutation@rs8181588	Disease@MESH:D001714	0
Gene@92737	Mutation@rs1861612	Disease@MESH:D003924	0
Gene@92737	Mutation@rs1861612	Disease@MESH:D003920	0
Gene@3784	Mutation@rs8181588	Disease@MESH:D003924	1
Gene@3784	Mutation@rs8181588	Disease@MESH:D003920	1
