Gene@387715	Mutation@rs10490924	Disease@MESH:D006009	0
Gene@387715	Mutation@rs10490924	Disease@MESH:D057092	1
Gene@387715	Mutation@rs10490924	Disease@MESH:D001284	0
Gene@387715	Mutation@rs10490924	Disease@MESH:D014786	0
Gene@387715	Mutation@rs10490924	Disease@MESH:D006973	0
Gene@387715	Mutation@rs10490924	Disease@MESH:D009203	0
Gene@387715	Mutation@rs10490924	Disease@MESH:D012559	0
Gene@387715	Mutation@rs10490924	Disease@MESH:D008268	1
Gene@387715	Mutation@rs10490924	Disease@MESH:C537835	0
Gene@387715	Mutation@rs10490924	Disease@MESH:D012163	0
Gene@387715	Mutation@rs10490924	Disease@MESH:D005355	0
Gene@387715	Mutation@rs10490924	Disease@MESH:D000309	0
Gene@387715	Mutation@rs10490924	Disease@MESH:D002318	0
Gene@387715	Mutation@rs10490924	Disease@MESH:D002833	0
Gene@387715	Mutation@rs10490924	Disease@MESH:C000656865	0
Gene@387715	Mutation@rs4755455	Disease@MESH:D006009	0
Gene@387715	Mutation@rs4755455	Disease@MESH:D057092	0
Gene@387715	Mutation@rs4755455	Disease@MESH:D001284	0
Gene@387715	Mutation@rs4755455	Disease@MESH:D014786	0
Gene@5654	Mutation@rs10490924	Disease@MESH:D057092	1
Gene@5654	Mutation@rs10490924	Disease@MESH:D008268	1
Gene@717	Mutation@rs9332739	Disease@MESH:D057092	1
Gene@717	Mutation@rs9332739	Disease@MESH:D008268	1
Gene@3075	Mutation@rs1061170	Disease@MESH:D057092	1
Gene@3075	Mutation@rs1061170	Disease@MESH:D008268	1
Gene@629	Mutation@rs641153	Disease@MESH:D057092	1
Gene@629	Mutation@rs641153	Disease@MESH:D008268	1
Gene@6648	Mutation@rs2842992	Disease@MESH:D057092	1
Gene@6648	Mutation@rs2842992	Disease@MESH:D008268	1
Gene@4155	Mutation@rs1789110	Disease@MESH:D057092	1
Gene@4155	Mutation@rs1789110	Disease@MESH:D008268	1
Gene@3426	Mutation@rs10033900	Disease@MESH:D057092	1
Gene@3426	Mutation@rs10033900	Disease@MESH:D008268	1
Gene@718	Mutation@rs2230199	Disease@MESH:D057092	1
Gene@718	Mutation@rs2230199	Disease@MESH:D008268	1
