Gene@3784	Mutation@rs1370176	Disease@MESH:D003924	0
Gene@3784	Mutation@rs1370176	Disease@MESH:D011236	0
Gene@3784	Mutation@rs1370176	Disease@MESH:D010195	0
Gene@3784	Mutation@rs1370176	Disease@MESH:D003920	0
Gene@3784	Mutation@rs1370176	Disease@MESH:D009765	0
Gene@3784	Mutation@rs1370176	Disease@MESH:D018149	0
Gene@3784	Mutation@rs1370176	Disease@MESH:D001943	0
Gene@3784	Mutation@rs1370176	Disease@MESH:D000309	0
Gene@3784	Mutation@rs1370176	Disease@MESH:D009190	0
Gene@3784	Mutation@rs1370176	Disease@MESH:D001327	0
Gene@3784	Mutation@rs1370176	Disease@MESH:D009369	0
Gene@3784	Mutation@rs1370176	Disease@MESH:D006816	0
Gene@3784	Mutation@rs1370176	Disease@MESH:D008659	0
Gene@3784	Mutation@rs1370176	Disease@MESH:D006946	0
Gene@3784	Mutation@rs1370176	Disease@MESH:C565631	0
Gene@3784	Mutation@rs163182	Disease@MESH:D003924	1
Gene@3784	Mutation@rs163182	Disease@MESH:D011236	1
Gene@3784	Mutation@rs163182	Disease@MESH:D010195	0
Gene@3784	Mutation@rs163182	Disease@MESH:D003920	1
Gene@3784	Mutation@rs163182	Disease@MESH:D009765	0
