Gene@10347	Mutation@rs610932	Disease@MESH:D000544	0
Gene@10347	Mutation@rs610932	Disease@MESH:D003704	0
Gene@10347	Mutation@rs610932	Disease@MESH:D058747	0
Gene@10347	Mutation@rs610932	Disease@MESH:D007249	0
Gene@10347	Mutation@rs610932	Disease@MESH:D019636	0
Gene@10347	Mutation@rs610932	Disease@MESH:D020271	0
Gene@10347	Mutation@rs610932	Disease@MESH:D015211	0
Gene@10347	Mutation@rs670139	Disease@MESH:D000544	0
Gene@10347	Mutation@rs670139	Disease@MESH:D003704	0
Gene@10347	Mutation@rs670139	Disease@MESH:D058747	0
Gene@10347	Mutation@rs670139	Disease@MESH:D007249	0
Gene@10347	Mutation@rs670139	Disease@MESH:D019636	0
Gene@10347	Mutation@rs670139	Disease@MESH:D020271	0
Gene@10347	Mutation@rs670139	Disease@MESH:D015211	0
Gene@10347	Mutation@rs3764650	Disease@MESH:D000544	1
Gene@10347	Mutation@rs3764650	Disease@MESH:D003704	0
Gene@10347	Mutation@rs3764650	Disease@MESH:D058747	0
Gene@10347	Mutation@rs3764650	Disease@MESH:D007249	0
Gene@10347	Mutation@rs3764650	Disease@MESH:D019636	0
Gene@10347	Mutation@rs3764650	Disease@MESH:D020271	0
Gene@64231	Mutation@rs610932	Disease@MESH:D000544	1
Gene@643680	Mutation@rs610932	Disease@MESH:D000544	1
Gene@27403	Mutation@rs3764650	Disease@MESH:D000544	1
