Gene@348	Mutation@rs561655	Disease@MESH:D000544	0
Gene@348	Mutation@rs561655	Disease@MESH:D019636	0
Gene@348	Mutation@rs561655	Disease@MESH:D001259	0
Gene@348	Mutation@rs561655	Disease@MESH:D003643	0
Gene@348	Mutation@rs561655	Disease@MESH:D000309	0
Gene@348	Mutation@rs561655	Disease@MESH:D003704	0
Gene@348	Mutation@rs561655	Disease@MESH:D003924	0
Gene@348	Mutation@rs6701713	Disease@MESH:D000544	0
Gene@348	Mutation@rs6701713	Disease@MESH:D019636	0
Gene@348	Mutation@rs6701713	Disease@MESH:D001259	0
Gene@348	Mutation@rs6701713	Disease@MESH:D003643	0
Gene@348	Mutation@rs6701713	Disease@MESH:D000309	0
Gene@348	Mutation@rs6701713	Disease@MESH:D003704	0
Gene@348	Mutation@rs6701713	Disease@MESH:D003924	0
Gene@348	Mutation@rs11767557	Disease@MESH:D000544	0
Gene@348	Mutation@rs11767557	Disease@MESH:D019636	0
Gene@348	Mutation@rs11767557	Disease@MESH:D001259	0
Gene@348	Mutation@rs11767557	Disease@MESH:D003643	0
Gene@348	Mutation@rs11767557	Disease@MESH:D000309	0
Gene@348	Mutation@rs11767557	Disease@MESH:D003704	0
