Gene@348	Mutation@rs1466662	Disease@MESH:D000544	0
Gene@348	Mutation@rs1466662	Disease@MESH:D003704	0
Gene@348	Mutation@rs1466662	Disease@MESH:D019636	0
Gene@348	Mutation@rs1466662	Disease@MESH:D020521	0
Gene@348	Mutation@rs1466662	Disease@MESH:D001523	0
Gene@348	Mutation@rs1466662	Disease@MESH:D000647	0
Gene@348	Mutation@rs1466662	Disease@MESH:D043183	0
Gene@348	Mutation@rs1466662	Disease@MESH:D009765	0
Gene@348	Mutation@rs1466662	Disease@MESH:D003924	0
Gene@348	Mutation@rs1466662	Disease@MESH:D001284	0
Gene@348	Mutation@rs1466662	Disease@MESH:D012559	0
Gene@348	Mutation@rs1466662	Disease@MESH:D003920	0
Gene@348	Mutation@rs1466662	Disease@MESH:D003072	0
Gene@348	Mutation@rs429358	Disease@MESH:D000544	0
Gene@348	Mutation@rs429358	Disease@MESH:D003704	0
Gene@348	Mutation@rs429358	Disease@MESH:D019636	0
Gene@348	Mutation@rs429358	Disease@MESH:D020521	0
Gene@348	Mutation@rs429358	Disease@MESH:D001523	0
Gene@348	Mutation@rs429358	Disease@MESH:D000647	0
Gene@348	Mutation@rs429358	Disease@MESH:D043183	0
Gene@348	Mutation@rs4420638	Disease@MESH:D000544	1
Gene@54798	Mutation@rs1466662	Disease@MESH:D000544	1
Gene@10452	Mutation@rs4420638	Disease@MESH:D000544	1
Gene@341	Mutation@rs4420638	Disease@MESH:D000544	1
Gene@8739	Mutation@rs17429217	Disease@MESH:D000544	1
Gene@56999	Mutation@rs704454	Disease@MESH:D000544	1
Gene@169522	Mutation@rs2034764	Disease@MESH:D000544	1
