Gene@1499	Mutation@rs12000445	Disease@MESH:D002289	0
Gene@1499	Mutation@rs12000445	Disease@MESH:D009369	0
Gene@1499	Mutation@rs12000445	Disease@MESH:D008175	0
Gene@1499	Mutation@rs12000445	Disease@MESH:D003643	0
Gene@1499	Mutation@rs12000445	Disease@MESH:D002294	0
Gene@1499	Mutation@rs12000445	Disease@MESH:C535460	0
Gene@1499	Mutation@rs12000445	Disease@MESH:D000077192	0
Gene@1499	Mutation@rs12000445	Disease@MESH:D005355	0
Gene@1499	Mutation@rs12000445	Disease@MESH:D015179	0
Gene@1499	Mutation@rs12000445	Disease@MESH:D064420	0
Gene@1499	Mutation@rs12000445	Disease@MESH:D011471	0
Gene@1499	Mutation@rs12000445	Disease@MESH:D001943	0
Gene@1499	Mutation@rs12000445	Disease@MESH:D002277	0
Gene@1499	Mutation@rs12000445	Disease@MESH:D000230	0
Gene@1499	Mutation@rs12000445	Disease@MESH:C563551	0
Gene@1499	Mutation@rs969088	Disease@MESH:D002289	0
Gene@1499	Mutation@rs969088	Disease@MESH:D009369	0
Gene@1499	Mutation@rs969088	Disease@MESH:D008175	0
Gene@1499	Mutation@rs969088	Disease@MESH:D003643	0
Gene@1499	Mutation@rs969088	Disease@MESH:D002294	0
Gene@22938	Mutation@rs3850370	Disease@MESH:D002289	1
Gene@22938	Mutation@rs3850370	Disease@MESH:D009369	1
Gene@22938	Mutation@rs3850370	Disease@MESH:D008175	1
Gene@8846	Mutation@rs3850370	Disease@MESH:D002289	1
Gene@8846	Mutation@rs3850370	Disease@MESH:D009369	1
Gene@8846	Mutation@rs3850370	Disease@MESH:D008175	1
Gene@9369	Mutation@rs3850370	Disease@MESH:D002289	1
Gene@9369	Mutation@rs3850370	Disease@MESH:D009369	1
Gene@9369	Mutation@rs3850370	Disease@MESH:D008175	1
Gene@1080	Mutation@rs41997	Disease@MESH:D002289	1
Gene@1080	Mutation@rs41997	Disease@MESH:D009369	1
Gene@1080	Mutation@rs41997	Disease@MESH:D008175	1
Gene@7982	Mutation@rs41997	Disease@MESH:D002289	1
Gene@7982	Mutation@rs41997	Disease@MESH:D009369	1
Gene@7982	Mutation@rs41997	Disease@MESH:D008175	1
