Gene@348	Mutation@rs753129	Disease@MESH:D000544	0
Gene@348	Mutation@rs753129	Disease@MESH:D011605	0
Gene@348	Mutation@rs753129	Disease@MESH:D003072	0
Gene@348	Mutation@rs753129	Disease@MESH:D019636	0
Gene@348	Mutation@rs753129	Disease@MESH:D003704	0
Gene@348	Mutation@rs753129	Disease@MESH:D058747	0
Gene@348	Mutation@rs753129	Disease@MESH:D001714	0
Gene@348	Mutation@rs753129	Disease@MESH:D012559	0
Gene@348	Mutation@rs753129	Disease@MESH:D001523	0
Gene@348	Mutation@rs753129	Disease@MESH:D030342	0
Gene@348	Mutation@rs753129	Disease@MESH:D006212	0
Gene@348	Mutation@rs753129	Disease@MESH:D003693	0
Gene@348	Mutation@rs753129	Disease@MESH:D012563	0
Gene@348	Mutation@rs753129	Disease@MESH:D019964	0
Gene@348	Mutation@rs753129	Disease@MESH:D000275	0
Gene@348	Mutation@rs753129	Disease@MESH:D001007	0
Gene@348	Mutation@rs753129	Disease@MESH:D015212	0
Gene@348	Mutation@rs753129	Disease@MESH:D001791	0
Gene@348	Mutation@rs753129	Disease@MESH:D010580	0
Gene@348	Mutation@rs753129	Disease@MESH:D008607	0
Gene@56606	Mutation@rs733175	Disease@MESH:D000544	1
Gene@7447	Mutation@rs4038131	Disease@MESH:D000544	1
Gene@274	Mutation@rs10207628	Disease@MESH:D000544	1
