Gene@4137	Mutation@rs9877502	Disease@MESH:D000544	0
Gene@4137	Mutation@rs9877502	Disease@MESH:D003072	0
Gene@4137	Mutation@rs9877502	Disease@MESH:D009410	0
Gene@4137	Mutation@rs9877502	Disease@MESH:D024801	0
Gene@4137	Mutation@rs9877502	Disease@MESH:D013494	0
Gene@4137	Mutation@rs9877502	Disease@MESH:D019636	0
Gene@4137	Mutation@rs9877502	Disease@MESH:D003704	0
Gene@4137	Mutation@rs9877502	Disease@MESH:D000079822	0
Gene@4137	Mutation@rs9877502	Disease@MESH:D003924	0
Gene@4137	Mutation@rs9877502	Disease@MESH:D003920	0
Gene@4137	Mutation@rs9877502	Disease@MESH:D044882	0
Gene@4137	Mutation@rs9877502	Disease@MESH:D009422	0
Gene@4137	Mutation@rs9877502	Disease@MESH:D003643	0
Gene@4137	Mutation@rs9877502	Disease@MESH:D008569	0
Gene@4137	Mutation@rs9877502	Disease@MESH:D001284	0
Gene@4137	Mutation@rs9877502	Disease@MESH:D020258	0
Gene@4137	Mutation@rs9877502	Disease@MESH:D001714	0
Gene@4137	Mutation@rs9877502	Disease@MESH:D015140	0
Gene@4137	Mutation@rs9877502	Disease@MESH:C566298	0
Gene@4137	Mutation@rs514716	Disease@MESH:D000544	0
Gene@647309	Mutation@rs9877502	Disease@MESH:D000544	1
Gene@647309	Mutation@rs9877502	Disease@MESH:C566298	1
Gene@169792	Mutation@rs514716	Disease@MESH:D000544	1
Gene@169792	Mutation@rs514716	Disease@MESH:C566298	1
Gene@348	Mutation@rs769449	Disease@MESH:D000544	1
Gene@348	Mutation@rs769449	Disease@MESH:C566298	1
Gene@100170222	Mutation@rs9877502	Disease@MESH:D000544	1
Gene@100170222	Mutation@rs9877502	Disease@MESH:C566298	1
Gene@257313	Mutation@rs9877502	Disease@MESH:D000544	1
Gene@257313	Mutation@rs9877502	Disease@MESH:C566298	1
Gene@152137	Mutation@rs9877502	Disease@MESH:D000544	1
Gene@152137	Mutation@rs9877502	Disease@MESH:C566298	1
Gene@79865	Mutation@rs6922617	Disease@MESH:D000544	1
Gene@79865	Mutation@rs6922617	Disease@MESH:C566298	1
Gene@10452	Mutation@rs769449	Disease@MESH:D000544	1
Gene@10452	Mutation@rs769449	Disease@MESH:C566298	1
Gene@9436	Mutation@rs6922617	Disease@MESH:D000544	1
Gene@9436	Mutation@rs6922617	Disease@MESH:C566298	1
