Gene@55691	Mutation@rs6882564	Disease@MESH:D001943	0
Gene@55691	Mutation@rs6882564	Disease@MESH:D019966	0
Gene@55691	Mutation@rs6882564	Disease@MESH:D002318	0
Gene@55691	Mutation@rs6882564	Disease@MESH:D009369	0
Gene@55691	Mutation@rs6882564	Disease@MESH:D003920	0
Gene@55691	Mutation@rs6882564	Disease@MESH:D000544	0
Gene@55691	Mutation@rs6882564	Disease@MESH:D001249	0
Gene@55691	Mutation@rs6882564	Disease@MESH:D000071960	0
Gene@55691	Mutation@rs6882564	Disease@MESH:C000656865	0
Gene@55691	Mutation@rs6882564	Disease@MESH:D002277	0
Gene@55691	Mutation@rs6882564	Disease@MESH:D001932	0
Gene@55691	Mutation@rs6882564	Disease@MESH:D017093	0
Gene@55691	Mutation@rs6882564	Disease@MESH:C537366	0
Gene@55691	Mutation@rs6882564	Disease@MESH:D012559	0
Gene@55691	Mutation@rs6882564	Disease@MESH:D000275	0
Gene@55691	Mutation@rs6882564	Disease@MESH:D003324	0
Gene@55691	Mutation@rs6882564	Disease@MESH:D001172	0
Gene@79931	Mutation@rs13116936	Disease@MESH:D001943	1
Gene@79931	Mutation@rs13116936	Disease@MESH:D009369	1
Gene@79931	Mutation@rs13116936	Disease@MESH:D000071960	1
Gene@79931	Mutation@rs13116936	Disease@MESH:D011471	1
Gene@79931	Mutation@rs17435444	Disease@MESH:D001943	1
Gene@79931	Mutation@rs17435444	Disease@MESH:D009369	1
Gene@79931	Mutation@rs17435444	Disease@MESH:D000071960	1
Gene@79931	Mutation@rs17435444	Disease@MESH:D011471	1
