Gene@54901	Mutation@rs1048886	Disease@MESH:D003924	0
Gene@54901	Mutation@rs1048886	Disease@MESH:D003920	0
Gene@54901	Mutation@rs1048886	Disease@MESH:D007674	0
Gene@54901	Mutation@rs1048886	Disease@MESH:D001766	0
Gene@54901	Mutation@rs1048886	Disease@MESH:D003928	0
Gene@54901	Mutation@rs1048886	Disease@MESH:D020521	0
Gene@54901	Mutation@rs1048886	Disease@MESH:D000783	0
Gene@54901	Mutation@rs1048886	Disease@MESH:D006973	0
Gene@54901	Mutation@rs1048886	Disease@MESH:D006331	0
Gene@54901	Mutation@rs1048886	Disease@MESH:D002908	0
Gene@54901	Mutation@rs1048886	Disease@MESH:D006402	0
Gene@54901	Mutation@rs1048886	Disease@MESH:D009765	0
Gene@54901	Mutation@rs1048886	Disease@MESH:D044882	0
Gene@54901	Mutation@rs1048886	Disease@MESH:D009422	0
Gene@54901	Mutation@rs1048886	Disease@MESH:D002318	0
Gene@54901	Mutation@rs1048886	Disease@MESH:D056128	0
Gene@54901	Mutation@rs1048886	Disease@MESH:D005128	0
Gene@54901	Mutation@rs2833610	Disease@MESH:D003924	0
Gene@54901	Mutation@rs9295474	Disease@MESH:D003924	1
Gene@54901	Mutation@rs9295474	Disease@MESH:D003920	1
Gene@3832	Mutation@rs6583826	Disease@MESH:D003924	1
Gene@3832	Mutation@rs6583826	Disease@MESH:D003920	1
Gene@135154	Mutation@rs1048886	Disease@MESH:D003924	1
Gene@135154	Mutation@rs1048886	Disease@MESH:D003920	1
Gene@10363	Mutation@rs7119	Disease@MESH:D003924	1
Gene@10363	Mutation@rs7119	Disease@MESH:D003920	1
Gene@131368	Mutation@rs2063640	Disease@MESH:D003924	1
Gene@131368	Mutation@rs2063640	Disease@MESH:D003920	1
Gene@30811	Mutation@rs2833610	Disease@MESH:D003924	1
Gene@30811	Mutation@rs2833610	Disease@MESH:D003920	1
