Gene@2888	Mutation@rs7903146	Disease@MESH:D003920	0
Gene@2888	Mutation@rs7903146	Disease@MESH:D003924	0
Gene@2888	Mutation@rs7903146	Disease@MESH:D010195	0
Gene@2888	Mutation@rs7903146	Disease@MESH:D009765	0
Gene@2888	Mutation@rs7903146	Disease@MESH:C000656865	0
Gene@2888	Mutation@rs7903146	Disease@MESH:D009203	0
Gene@2888	Mutation@rs7903146	Disease@MESH:D007333	0
Gene@2888	Mutation@rs7903146	Disease@MESH:D044882	0
Gene@2888	Mutation@rs7903146	Disease@MESH:D009422	0
Gene@2888	Mutation@rs7903146	Disease@MESH:D010300	0
Gene@2888	Mutation@rs7903146	Disease@MESH:D009404	0
Gene@2888	Mutation@rs7903146	Disease@MESH:D003324	0
Gene@2888	Mutation@rs7903146	Disease@MESH:D008659	0
Gene@2888	Mutation@rs7903146	Disease@MESH:D005128	0
Gene@2888	Mutation@rs7903146	Disease@MESH:D018149	0
Gene@2888	Mutation@rs7903146	Disease@MESH:D000544	0
Gene@2888	Mutation@rs7178572	Disease@MESH:D003920	0
Gene@2888	Mutation@rs7178572	Disease@MESH:D003924	0
Gene@2888	Mutation@rs3923113	Disease@MESH:D003920	1
Gene@2888	Mutation@rs3923113	Disease@MESH:D003924	1
Gene@6480	Mutation@rs16861329	Disease@MESH:D003920	1
Gene@6480	Mutation@rs16861329	Disease@MESH:D003924	1
Gene@9559	Mutation@rs1802295	Disease@MESH:D003920	1
Gene@9559	Mutation@rs1802295	Disease@MESH:D003924	1
Gene@10363	Mutation@rs7178572	Disease@MESH:D003920	1
Gene@10363	Mutation@rs7178572	Disease@MESH:D003924	1
Gene@10239	Mutation@rs2028299	Disease@MESH:D003920	1
Gene@10239	Mutation@rs2028299	Disease@MESH:D003924	1
Gene@3172	Mutation@rs4812829	Disease@MESH:D003920	1
Gene@3172	Mutation@rs4812829	Disease@MESH:D003924	1
