Gene@57630	Mutation@rs421379	Disease@MESH:D030342	0
Gene@57630	Mutation@rs421379	Disease@MESH:D001943	0
Gene@57630	Mutation@rs421379	Disease@MESH:D009369	0
Gene@57630	Mutation@rs421379	Disease@MESH:D003643	0
Gene@57630	Mutation@rs421379	Disease@MESH:D007938	0
Gene@57630	Mutation@rs421379	Disease@MESH:D001523	0
Gene@57630	Mutation@rs421379	Disease@MESH:D011471	0
Gene@57630	Mutation@rs421379	Disease@MESH:D009361	0
Gene@57630	Mutation@rs421379	Disease@MESH:D009765	0
Gene@57630	Mutation@rs421379	Disease@MESH:D007674	0
Gene@57630	Mutation@rs3884558	Disease@MESH:D030342	0
Gene@57630	Mutation@rs3884558	Disease@MESH:D001943	0
Gene@57630	Mutation@rs3884558	Disease@MESH:D009369	0
Gene@57630	Mutation@rs3884558	Disease@MESH:D003643	0
Gene@57630	Mutation@rs3884558	Disease@MESH:D007938	0
Gene@57630	Mutation@rs3884558	Disease@MESH:D001523	0
Gene@57630	Mutation@rs3884558	Disease@MESH:D011471	0
Gene@57630	Mutation@rs3884558	Disease@MESH:D009361	0
Gene@57630	Mutation@rs3884558	Disease@MESH:D009765	0
Gene@57630	Mutation@rs3884558	Disease@MESH:D007674	0
Gene@57561	Mutation@rs421379	Disease@MESH:D001943	1
Gene@57561	Mutation@rs421379	Disease@MESH:D011471	1
Gene@57561	Mutation@rs421379	Disease@MESH:D007674	1
Gene@5087	Mutation@rs1387389	Disease@MESH:D001943	1
Gene@5087	Mutation@rs1387389	Disease@MESH:D011471	1
Gene@5087	Mutation@rs1387389	Disease@MESH:D007674	1
Gene@6095	Mutation@rs3884558	Disease@MESH:D001943	1
Gene@6095	Mutation@rs3884558	Disease@MESH:D011471	1
Gene@6095	Mutation@rs3884558	Disease@MESH:D007674	1
Gene@9423	Mutation@rs3785982	Disease@MESH:D001943	1
Gene@9423	Mutation@rs3785982	Disease@MESH:D011471	1
Gene@9423	Mutation@rs3785982	Disease@MESH:D007674	1
Gene@148281	Mutation@rs2774307	Disease@MESH:D001943	1
Gene@148281	Mutation@rs2774307	Disease@MESH:D011471	1
Gene@148281	Mutation@rs2774307	Disease@MESH:D007674	1
