Gene@672	Mutation@rs1045485	Disease@MESH:D001943	0
Gene@672	Mutation@rs1045485	Disease@MESH:D009369	0
Gene@672	Mutation@rs1045485	Disease@MESH:D020914	0
Gene@672	Mutation@rs1045485	Disease@MESH:D010051	0
Gene@672	Mutation@rs1045485	Disease@MESH:D011471	0
Gene@672	Mutation@rs1045485	Disease@MESH:D009362	0
Gene@672	Mutation@rs1045485	Disease@MESH:D002278	0
Gene@672	Mutation@rs1045485	Disease@MESH:D044584	0
Gene@672	Mutation@rs1045485	Disease@MESH:D003924	0
Gene@672	Mutation@rs1045485	Disease@MESH:D019337	0
Gene@672	Mutation@rs1045485	Disease@MESH:D015211	0
Gene@672	Mutation@rs1045485	Disease@MESH:D003920	0
Gene@672	Mutation@rs1045485	Disease@MESH:D009765	0
Gene@672	Mutation@rs1045485	Disease@MESH:D001523	0
Gene@672	Mutation@rs1045485	Disease@MESH:D012559	0
Gene@675	Mutation@rs11571833	Disease@MESH:D001943	1
Gene@675	Mutation@rs11571833	Disease@MESH:D009369	1
Gene@11200	Mutation@rs132390	Disease@MESH:D001943	1
Gene@11200	Mutation@rs132390	Disease@MESH:D009369	1
Gene@129080	Mutation@rs132390	Disease@MESH:D001943	1
Gene@129080	Mutation@rs132390	Disease@MESH:D009369	1
Gene@7048	Mutation@rs12493607	Disease@MESH:D001943	1
Gene@7048	Mutation@rs12493607	Disease@MESH:D009369	1
Gene@6934	Mutation@rs7904519	Disease@MESH:D001943	1
Gene@6934	Mutation@rs7904519	Disease@MESH:D009369	1
Gene@54790	Mutation@rs9790517	Disease@MESH:D001943	1
Gene@54790	Mutation@rs9790517	Disease@MESH:D009369	1
Gene@64215	Mutation@rs11814448	Disease@MESH:D001943	1
Gene@64215	Mutation@rs11814448	Disease@MESH:D009369	1
Gene@64215	Mutation@rs7072776	Disease@MESH:D001943	1
Gene@64215	Mutation@rs7072776	Disease@MESH:D009369	1
Gene@4609	Mutation@rs11780156	Disease@MESH:D001943	1
Gene@4609	Mutation@rs11780156	Disease@MESH:D009369	1
Gene@5195	Mutation@rs616488	Disease@MESH:D001943	1
Gene@5195	Mutation@rs616488	Disease@MESH:D009369	1
Gene@284349	Mutation@rs3760982	Disease@MESH:D001943	1
Gene@284349	Mutation@rs3760982	Disease@MESH:D009369	1
Gene@80198	Mutation@rs3903072	Disease@MESH:D001943	1
Gene@80198	Mutation@rs3903072	Disease@MESH:D009369	1
Gene@94234	Mutation@rs11242675	Disease@MESH:D001943	1
Gene@94234	Mutation@rs11242675	Disease@MESH:D009369	1
Gene@7984	Mutation@rs720475	Disease@MESH:D001943	1
Gene@7984	Mutation@rs720475	Disease@MESH:D009369	1
Gene@57591	Mutation@rs6001930	Disease@MESH:D001943	1
Gene@57591	Mutation@rs6001930	Disease@MESH:D009369	1
Gene@79068	Mutation@rs17817449	Disease@MESH:D001943	1
Gene@79068	Mutation@rs17817449	Disease@MESH:D009369	1
Gene@5083	Mutation@rs2236007	Disease@MESH:D001943	1
Gene@5083	Mutation@rs2236007	Disease@MESH:D009369	1
Gene@170463	Mutation@rs4808801	Disease@MESH:D001943	1
Gene@170463	Mutation@rs4808801	Disease@MESH:D009369	1
Gene@59277	Mutation@rs17356907	Disease@MESH:D001943	1
Gene@59277	Mutation@rs17356907	Disease@MESH:D009369	1
Gene@254042	Mutation@rs2016394	Disease@MESH:D001943	1
Gene@254042	Mutation@rs2016394	Disease@MESH:D009369	1
Gene@1745	Mutation@rs2016394	Disease@MESH:D001943	1
Gene@1745	Mutation@rs2016394	Disease@MESH:D009369	1
Gene@1746	Mutation@rs2016394	Disease@MESH:D001943	1
Gene@1746	Mutation@rs2016394	Disease@MESH:D009369	1
Gene@83879	Mutation@rs1550623	Disease@MESH:D001943	1
Gene@83879	Mutation@rs1550623	Disease@MESH:D009369	1
Gene@729582	Mutation@rs16857609	Disease@MESH:D001943	1
Gene@729582	Mutation@rs16857609	Disease@MESH:D009369	1
Gene@3708	Mutation@rs6762644	Disease@MESH:D001943	1
Gene@3708	Mutation@rs6762644	Disease@MESH:D009369	1
Gene@11086	Mutation@rs6828523	Disease@MESH:D001943	1
Gene@11086	Mutation@rs6828523	Disease@MESH:D009369	1
Gene@115827	Mutation@rs10472076	Disease@MESH:D001943	1
Gene@115827	Mutation@rs10472076	Disease@MESH:D009369	1
Gene@5144	Mutation@rs1353747	Disease@MESH:D001943	1
Gene@5144	Mutation@rs1353747	Disease@MESH:D009369	1
Gene@1879	Mutation@rs1432679	Disease@MESH:D001943	1
Gene@1879	Mutation@rs1432679	Disease@MESH:D009369	1
Gene@10048	Mutation@rs204247	Disease@MESH:D001943	1
Gene@10048	Mutation@rs204247	Disease@MESH:D009369	1
Gene@135935	Mutation@rs720475	Disease@MESH:D001943	1
Gene@135935	Mutation@rs720475	Disease@MESH:D009369	1
Gene@3174	Mutation@rs2943559	Disease@MESH:D001943	1
Gene@3174	Mutation@rs2943559	Disease@MESH:D009369	1
Gene@8028	Mutation@rs7072776	Disease@MESH:D001943	1
Gene@8028	Mutation@rs7072776	Disease@MESH:D009369	1
Gene@5017	Mutation@rs3903072	Disease@MESH:D001943	1
Gene@5017	Mutation@rs3903072	Disease@MESH:D009369	1
Gene@254122	Mutation@rs3903072	Disease@MESH:D001943	1
Gene@254122	Mutation@rs3903072	Disease@MESH:D009369	1
Gene@90634	Mutation@rs11571833	Disease@MESH:D001943	1
Gene@90634	Mutation@rs11571833	Disease@MESH:D009369	1
Gene@10443	Mutation@rs11571833	Disease@MESH:D001943	1
Gene@10443	Mutation@rs11571833	Disease@MESH:D009369	1
Gene@89874	Mutation@rs2236007	Disease@MESH:D001943	1
Gene@89874	Mutation@rs2236007	Disease@MESH:D009369	1
Gene@440193	Mutation@rs941764	Disease@MESH:D001943	1
Gene@440193	Mutation@rs941764	Disease@MESH:D009369	1
Gene@124359	Mutation@rs13329835	Disease@MESH:D001943	1
Gene@124359	Mutation@rs13329835	Disease@MESH:D009369	1
Gene@83539	Mutation@rs1436904	Disease@MESH:D001943	1
Gene@83539	Mutation@rs1436904	Disease@MESH:D009369	1
Gene@51477	Mutation@rs4808801	Disease@MESH:D001943	1
Gene@51477	Mutation@rs4808801	Disease@MESH:D009369	1
Gene@8178	Mutation@rs4808801	Disease@MESH:D001943	1
Gene@8178	Mutation@rs4808801	Disease@MESH:D009369	1
Gene@56006	Mutation@rs3760982	Disease@MESH:D001943	1
Gene@56006	Mutation@rs3760982	Disease@MESH:D009369	1
Gene@3783	Mutation@rs3760982	Disease@MESH:D001943	1
Gene@3783	Mutation@rs3760982	Disease@MESH:D009369	1
Gene@284348	Mutation@rs3760982	Disease@MESH:D001943	1
Gene@284348	Mutation@rs3760982	Disease@MESH:D009369	1
Gene@25807	Mutation@rs132390	Disease@MESH:D001943	1
Gene@25807	Mutation@rs132390	Disease@MESH:D009369	1
Gene@2130	Mutation@rs132390	Disease@MESH:D001943	1
Gene@2130	Mutation@rs132390	Disease@MESH:D009369	1
