Gene@8863	Mutation@rs10462020	Disease@MESH:D003920	0
Gene@8863	Mutation@rs10462020	Disease@MESH:D044882	0
Gene@8863	Mutation@rs10462020	Disease@MESH:D018149	0
Gene@8863	Mutation@rs10462020	Disease@MESH:D003924	0
Gene@8863	Mutation@rs10462020	Disease@MESH:D009765	0
Gene@8863	Mutation@rs10462020	Disease@MESH:D008659	0
Gene@8863	Mutation@rs10462020	Disease@MESH:D007333	0
Gene@8863	Mutation@rs10462020	Disease@MESH:D001327	0
Gene@8863	Mutation@rs10462020	Disease@MESH:D021081	0
Gene@8863	Mutation@rs10462020	Disease@MESH:D004408	0
Gene@8863	Mutation@rs10462020	Disease@MESH:D003324	0
Gene@8863	Mutation@rs7903146	Disease@MESH:D003920	0
Gene@8863	Mutation@rs7903146	Disease@MESH:D044882	0
Gene@8863	Mutation@rs7903146	Disease@MESH:D018149	0
Gene@8863	Mutation@rs7903146	Disease@MESH:D003924	0
Gene@8863	Mutation@rs7903146	Disease@MESH:D009765	0
Gene@8863	Mutation@rs7903146	Disease@MESH:D008659	0
Gene@5789	Mutation@rs649891	Disease@MESH:D003920	1
Gene@5789	Mutation@rs649891	Disease@MESH:D003924	1
