Gene@348	Mutation@rs240594	Disease@MESH:D000544	0
Gene@348	Mutation@rs240594	Disease@MESH:D003072	0
Gene@348	Mutation@rs240594	Disease@MESH:D007249	0
Gene@348	Mutation@rs240594	Disease@MESH:D003920	0
Gene@348	Mutation@rs240594	Disease@MESH:D009765	0
Gene@348	Mutation@rs240594	Disease@MESH:D002318	0
Gene@348	Mutation@rs240594	Disease@MESH:D003704	0
Gene@348	Mutation@rs240594	Disease@MESH:D002561	0
Gene@348	Mutation@rs240594	Disease@MESH:D003424	0
Gene@348	Mutation@rs240594	Disease@MESH:D012559	0
Gene@348	Mutation@rs240594	Disease@MESH:D001523	0
Gene@348	Mutation@rs240594	Disease@MESH:D002341	0
Gene@348	Mutation@rs240594	Disease@MESH:D058540	0
Gene@348	Mutation@rs240594	Disease@MESH:D020271	0
Gene@348	Mutation@rs240594	Disease@MESH:D006331	0
Gene@348	Mutation@rs240594	Disease@MESH:D003643	0
Gene@348	Mutation@rs240594	Disease@MESH:D009422	0
Gene@348	Mutation@rs240594	Disease@MESH:D009369	0
Gene@348	Mutation@rs240594	Disease@MESH:D003924	0
Gene@348	Mutation@rs240594	Disease@MESH:D003324	0
