Gene@4008	Mutation@rs478222	Disease@MESH:D003922	0
Gene@4008	Mutation@rs478222	Disease@MESH:D003920	0
Gene@4008	Mutation@rs478222	Disease@MESH:D002318	0
Gene@4008	Mutation@rs478222	Disease@MESH:C537866	0
Gene@4008	Mutation@rs478222	Disease@MESH:D003928	0
Gene@4008	Mutation@rs478222	Disease@MESH:C000656865	0
Gene@4008	Mutation@rs478222	Disease@MESH:D012030	0
Gene@4008	Mutation@rs478222	Disease@MESH:D010195	0
Gene@4008	Mutation@rs478222	Disease@MESH:D006130	0
Gene@4008	Mutation@rs478222	Disease@MESH:D020389	0
Gene@4008	Mutation@rs478222	Disease@MESH:D015212	0
Gene@4008	Mutation@rs478222	Disease@MESH:D008180	0
Gene@4008	Mutation@rs478222	Disease@MESH:D001714	0
Gene@4008	Mutation@rs478222	Disease@MESH:D006973	0
Gene@4008	Mutation@rs478222	Disease@MESH:D003924	0
Gene@4008	Mutation@rs478222	Disease@MESH:D003324	0
Gene@4008	Mutation@rs478222	Disease@MESH:D006432	0
Gene@4008	Mutation@rs478222	Disease@MESH:D007674	0
Gene@4008	Mutation@rs478222	Disease@MESH:D004342	0
Gene@4008	Mutation@rs539514	Disease@MESH:D003922	1
Gene@4008	Mutation@rs539514	Disease@MESH:D003920	1
Gene@22979	Mutation@rs478222	Disease@MESH:D003922	1
Gene@22979	Mutation@rs478222	Disease@MESH:D003920	1
Gene@22979	Mutation@rs478222	Disease@MESH:D003928	1
Gene@391356	Mutation@rs478222	Disease@MESH:D003922	1
Gene@391356	Mutation@rs478222	Disease@MESH:D003920	1
Gene@79172	Mutation@rs478222	Disease@MESH:D003922	1
Gene@79172	Mutation@rs478222	Disease@MESH:D003920	1
Gene@109	Mutation@rs478222	Disease@MESH:D003922	1
Gene@109	Mutation@rs478222	Disease@MESH:D003920	1
Gene@51277	Mutation@rs478222	Disease@MESH:D003922	1
Gene@51277	Mutation@rs478222	Disease@MESH:D003920	1
Gene@5443	Mutation@rs478222	Disease@MESH:D003922	1
Gene@5443	Mutation@rs478222	Disease@MESH:D003920	1
Gene@1788	Mutation@rs478222	Disease@MESH:D003922	1
Gene@1788	Mutation@rs478222	Disease@MESH:D003920	1
Gene@253769	Mutation@rs924043	Disease@MESH:D003922	1
Gene@253769	Mutation@rs924043	Disease@MESH:D003920	1
Gene@387263	Mutation@rs924043	Disease@MESH:D003922	1
Gene@387263	Mutation@rs924043	Disease@MESH:D003920	1
Gene@55274	Mutation@rs924043	Disease@MESH:D003922	1
Gene@55274	Mutation@rs924043	Disease@MESH:D003920	1
Gene@6991	Mutation@rs924043	Disease@MESH:D003922	1
Gene@6991	Mutation@rs924043	Disease@MESH:D003920	1
Gene@80069	Mutation@rs924043	Disease@MESH:D003922	1
Gene@80069	Mutation@rs924043	Disease@MESH:D003920	1
Gene@28514	Mutation@rs924043	Disease@MESH:D003922	1
Gene@28514	Mutation@rs924043	Disease@MESH:D003920	1
Gene@84498	Mutation@rs924043	Disease@MESH:D003922	1
Gene@84498	Mutation@rs924043	Disease@MESH:D003920	1
Gene@5689	Mutation@rs924043	Disease@MESH:D003922	1
Gene@5689	Mutation@rs924043	Disease@MESH:D003920	1
Gene@6908	Mutation@rs924043	Disease@MESH:D003922	1
Gene@6908	Mutation@rs924043	Disease@MESH:D003920	1
Gene@154449	Mutation@rs924043	Disease@MESH:D003922	1
Gene@154449	Mutation@rs924043	Disease@MESH:D003920	1
Gene@4982	Mutation@rs12679857	Disease@MESH:D003922	1
Gene@4982	Mutation@rs12679857	Disease@MESH:D003920	1
Gene@2355	Mutation@rs6547853	Disease@MESH:D003922	1
Gene@2355	Mutation@rs6547853	Disease@MESH:D003920	1
