Gene@284217	Mutation@rs8090011	Disease@MESH:D003924	1
Gene@284217	Mutation@rs8090011	Disease@MESH:D009765	0
Gene@284217	Mutation@rs8090011	Disease@MESH:D003920	1
Gene@284217	Mutation@rs8090011	Disease@MESH:C000656865	0
Gene@284217	Mutation@rs8090011	Disease@MESH:D007340	0
Gene@284217	Mutation@rs8090011	Disease@MESH:D003922	0
Gene@284217	Mutation@rs8090011	Disease@MESH:D050197	0
Gene@284217	Mutation@rs8090011	Disease@MESH:D005862	0
Gene@284217	Mutation@rs8090011	Disease@MESH:C535802	0
Gene@284217	Mutation@rs8090011	Disease@MESH:D011471	0
Gene@284217	Mutation@rs8090011	Disease@MESH:D007674	0
Gene@284217	Mutation@rs8090011	Disease@MESH:D018149	0
Gene@284217	Mutation@rs8090011	Disease@MESH:D009422	0
Gene@284217	Mutation@rs8090011	Disease@MESH:D020820	0
Gene@284217	Mutation@rs8090011	Disease@MESH:D016889	0
Gene@284217	Mutation@rs8090011	Disease@MESH:D000544	0
Gene@284217	Mutation@rs8090011	Disease@MESH:D000860	0
Gene@10363	Mutation@rs7178572	Disease@MESH:D003924	1
Gene@10363	Mutation@rs7178572	Disease@MESH:D003920	1
Gene@6934	Mutation@rs7903146	Disease@MESH:D003924	1
Gene@6934	Mutation@rs7903146	Disease@MESH:D003920	1
Gene@79068	Mutation@rs9939609	Disease@MESH:D003924	1
Gene@79068	Mutation@rs9939609	Disease@MESH:D003920	1
Gene@54901	Mutation@rs7766070	Disease@MESH:D003924	1
Gene@54901	Mutation@rs7766070	Disease@MESH:D003920	1
Gene@3118	Mutation@rs3916765	Disease@MESH:D003924	1
Gene@3118	Mutation@rs3916765	Disease@MESH:D003920	1
Gene@111	Mutation@rs11708067	Disease@MESH:D003924	1
Gene@111	Mutation@rs11708067	Disease@MESH:D003920	1
Gene@3087	Mutation@rs5015480	Disease@MESH:D003924	1
Gene@3087	Mutation@rs5015480	Disease@MESH:D003920	1
