Gene@54901	Mutation@rs7901695	Disease@MESH:D003920	0
Gene@54901	Mutation@rs7901695	Disease@MESH:D010195	0
Gene@54901	Mutation@rs7901695	Disease@MESH:D003924	0
Gene@54901	Mutation@rs7901695	Disease@MESH:D009765	0
Gene@54901	Mutation@rs7901695	Disease@MESH:C535838	0
Gene@54901	Mutation@rs7901695	Disease@MESH:D007340	0
Gene@54901	Mutation@rs7901695	Disease@MESH:D009369	0
Gene@54901	Mutation@rs10946398	Disease@MESH:D003920	1
Gene@54901	Mutation@rs10946398	Disease@MESH:D010195	0
Gene@54901	Mutation@rs10946398	Disease@MESH:D003924	1
Gene@54901	Mutation@rs10946398	Disease@MESH:D009765	0
Gene@54901	Mutation@rs10946398	Disease@MESH:C535838	0
Gene@54901	Mutation@rs10946398	Disease@MESH:D007340	0
Gene@54901	Mutation@rs10946398	Disease@MESH:D009369	0
Gene@54901	Mutation@rs7754840	Disease@MESH:D003920	0
Gene@54901	Mutation@rs7754840	Disease@MESH:D010195	0
Gene@54901	Mutation@rs7754840	Disease@MESH:D003924	0
Gene@54901	Mutation@rs7754840	Disease@MESH:D009765	0
Gene@54901	Mutation@rs7754840	Disease@MESH:C535838	0
Gene@54901	Mutation@rs7754840	Disease@MESH:D007340	0
Gene@10644	Mutation@rs4402960	Disease@MESH:D003920	1
Gene@10644	Mutation@rs4402960	Disease@MESH:D003924	1
Gene@3087	Mutation@rs5015480	Disease@MESH:D003920	1
Gene@3087	Mutation@rs5015480	Disease@MESH:D003924	1
Gene@169026	Mutation@rs13266634	Disease@MESH:D003920	1
Gene@169026	Mutation@rs13266634	Disease@MESH:D003924	1
Gene@5468	Mutation@rs1801282	Disease@MESH:D003920	1
Gene@5468	Mutation@rs1801282	Disease@MESH:D003924	1
Gene@3767	Mutation@rs5215	Disease@MESH:D003920	1
Gene@3767	Mutation@rs5215	Disease@MESH:D003924	1
Gene@6934	Mutation@rs7901695	Disease@MESH:D003920	1
Gene@6934	Mutation@rs7901695	Disease@MESH:D003924	1
Gene@79068	Mutation@Rs8050136	Disease@MESH:D003920	1
Gene@79068	Mutation@Rs8050136	Disease@MESH:D003924	1
Gene@12578	Mutation@rs564398	Disease@MESH:D003920	1
Gene@12578	Mutation@rs564398	Disease@MESH:D003924	1
Gene@12578	Mutation@rs10811661	Disease@MESH:D003920	1
Gene@12578	Mutation@rs10811661	Disease@MESH:D003924	1
Gene@12579	Mutation@rs564398	Disease@MESH:D003920	1
Gene@12579	Mutation@rs564398	Disease@MESH:D003924	1
Gene@12579	Mutation@rs10811661	Disease@MESH:D003920	1
Gene@12579	Mutation@rs10811661	Disease@MESH:D003924	1
