Gene@2068	Mutation@rs9390123	Disease@MESH:D009369	0
Gene@2068	Mutation@rs9390123	Disease@MESH:D008175	0
Gene@2068	Mutation@rs9390123	Disease@MESH:D063646	0
Gene@2068	Mutation@rs9390123	Disease@MESH:D002289	0
Gene@2068	Mutation@rs9390123	Disease@MESH:D012878	0
Gene@2068	Mutation@rs9390123	Disease@MESH:D014983	0
Gene@2068	Mutation@rs9390123	Disease@MESH:D010300	0
Gene@2068	Mutation@rs9390123	Disease@MESH:D000077192	0
Gene@2068	Mutation@rs9390123	Disease@MESH:D002280	0
Gene@2068	Mutation@rs9390123	Disease@MESH:D002294	0
Gene@2068	Mutation@rs9390123	Disease@MESH:D011471	0
Gene@2068	Mutation@rs9390123	Disease@MESH:D006258	0
Gene@2068	Mutation@rs9390123	Disease@MESH:D000236	0
Gene@2068	Mutation@rs9390123	Disease@MESH:D003643	0
Gene@2068	Mutation@rs9390123	Disease@MESH:D009784	0
Gene@2068	Mutation@rs9390123	Disease@MESH:D001943	0
Gene@2068	Mutation@rs9390123	Disease@MESH:D008171	0
Gene@2068	Mutation@rs7443927	Disease@MESH:D009369	0
Gene@2068	Mutation@rs7443927	Disease@MESH:D008175	0
Gene@2068	Mutation@rs13181	Disease@MESH:D008175	1
Gene@2068	Mutation@rs13181	Disease@MESH:D008171	1
Gene@9749	Mutation@rs9390123	Disease@MESH:D008175	1
Gene@9749	Mutation@rs9390123	Disease@MESH:D008171	1
