Gene@54901	Mutation@rs10830962	Disease@MESH:D016640	0
Gene@54901	Mutation@rs10830962	Disease@MESH:D003920	0
Gene@54901	Mutation@rs10830962	Disease@MESH:D003924	0
Gene@54901	Mutation@rs10830962	Disease@MESH:D018149	0
Gene@54901	Mutation@rs10830962	Disease@MESH:D007333	0
Gene@54901	Mutation@rs10830962	Disease@MESH:D010195	0
Gene@54901	Mutation@rs10830962	Disease@MESH:D001724	0
Gene@54901	Mutation@rs10830962	Disease@MESH:D005315	0
Gene@54901	Mutation@rs10830962	Disease@MESH:D009765	0
Gene@54901	Mutation@rs10830962	Disease@MESH:D016393	0
Gene@54901	Mutation@rs10830962	Disease@MESH:D009422	0
Gene@54901	Mutation@rs7754840	Disease@MESH:D016640	1
Gene@54901	Mutation@rs7754840	Disease@MESH:D003920	1
Gene@54901	Mutation@rs7754840	Disease@MESH:D003924	0
Gene@54901	Mutation@rs7754840	Disease@MESH:D018149	0
Gene@54901	Mutation@rs7754840	Disease@MESH:D007333	0
Gene@54901	Mutation@rs7754840	Disease@MESH:D010195	0
Gene@54901	Mutation@rs7754840	Disease@MESH:D001724	0
Gene@54901	Mutation@rs7754840	Disease@MESH:D005315	0
Gene@54901	Mutation@rs7754840	Disease@MESH:D009765	0
Gene@4544	Mutation@rs10830962	Disease@MESH:D016640	1
Gene@4544	Mutation@rs10830962	Disease@MESH:D003920	1
Gene@10644	Mutation@rs1470579	Disease@MESH:D016640	1
Gene@10644	Mutation@rs1470579	Disease@MESH:D003920	1
