Gene@81615	Mutation@rs998451	Disease@MESH:D003924	0
Gene@81615	Mutation@rs998451	Disease@MESH:D003920	0
Gene@81615	Mutation@rs998451	Disease@MESH:D009422	0
Gene@81615	Mutation@rs998451	Disease@MESH:D008659	0
Gene@81615	Mutation@rs998451	Disease@MESH:D007333	0
Gene@81615	Mutation@rs998451	Disease@MESH:D050171	0
Gene@81615	Mutation@rs998451	Disease@MESH:D009421	0
Gene@81615	Mutation@rs998451	Disease@MESH:D009765	0
Gene@81615	Mutation@rs998451	Disease@MESH:C536681	0
Gene@81615	Mutation@rs998451	Disease@MESH:C535838	0
Gene@81615	Mutation@rs998451	Disease@MESH:D010195	0
Gene@81615	Mutation@rs998451	Disease@MESH:D011471	0
Gene@81615	Mutation@rs998451	Disease@MESH:D006946	0
Gene@81615	Mutation@rs998451	Disease@MESH:D018149	0
Gene@81615	Mutation@rs6723108	Disease@MESH:D003924	1
Gene@81615	Mutation@rs6723108	Disease@MESH:D003920	1
Gene@81615	Mutation@rs6723108	Disease@MESH:D009422	0
Gene@81615	Mutation@rs6723108	Disease@MESH:D008659	0
Gene@81615	Mutation@rs6723108	Disease@MESH:D007333	0
Gene@6934	Mutation@rs7903146	Disease@MESH:D003924	1
Gene@6934	Mutation@rs7903146	Disease@MESH:D003920	1
Gene@4214	Mutation@rs10461617	Disease@MESH:D003924	1
Gene@4214	Mutation@rs10461617	Disease@MESH:D003920	1
Gene@7049	Mutation@rs11165354	Disease@MESH:D003924	1
Gene@7049	Mutation@rs11165354	Disease@MESH:D003920	1
