Gene@4094	Mutation@rs7210100	Disease@MESH:D011471	0
Gene@4094	Mutation@rs7210100	Disease@MESH:D009369	0
Gene@4094	Mutation@rs7210100	Disease@MESH:D015179	0
Gene@4094	Mutation@rs7210100	Disease@MESH:C537835	0
Gene@4094	Mutation@rs7210100	Disease@MESH:D003920	0
Gene@4094	Mutation@rs7210100	Disease@MESH:D015470	0
Gene@4094	Mutation@rs7130881	Disease@MESH:D011471	0
Gene@4094	Mutation@rs7130881	Disease@MESH:D009369	0
Gene@4094	Mutation@rs7130881	Disease@MESH:D015179	0
Gene@4094	Mutation@rs7130881	Disease@MESH:C537835	0
Gene@4094	Mutation@rs7130881	Disease@MESH:D003920	0
Gene@4094	Mutation@rs7130881	Disease@MESH:D015470	0
Gene@4094	Mutation@rs10505483	Disease@MESH:D011471	0
Gene@4094	Mutation@rs10505483	Disease@MESH:D009369	0
Gene@4094	Mutation@rs10505483	Disease@MESH:D015179	0
Gene@4094	Mutation@rs10505483	Disease@MESH:C537835	0
Gene@4094	Mutation@rs10505483	Disease@MESH:D003920	0
Gene@4094	Mutation@rs10505483	Disease@MESH:D015470	0
Gene@4094	Mutation@rs7824364	Disease@MESH:D011471	0
Gene@4094	Mutation@rs7824364	Disease@MESH:D009369	0
Gene@22834	Mutation@rs7210100	Disease@MESH:D011471	1
Gene@22834	Mutation@rs7210100	Disease@MESH:C537835	1
