Gene@7015	Mutation@rs7584330	Disease@MESH:D011471	0
Gene@7015	Mutation@rs7584330	Disease@MESH:D009369	0
Gene@7015	Mutation@rs7584330	Disease@MESH:D013736	0
Gene@7015	Mutation@rs7584330	Disease@MESH:D005910	0
Gene@7015	Mutation@rs7584330	Disease@MESH:D002280	0
Gene@7015	Mutation@rs7584330	Disease@MESH:D001749	0
Gene@7015	Mutation@rs7584330	Disease@MESH:D008175	0
Gene@7015	Mutation@rs7584330	Disease@MESH:D001523	0
Gene@7015	Mutation@rs7584330	Disease@MESH:C535314	0
Gene@7015	Mutation@rs7584330	Disease@MESH:D011565	0
Gene@7015	Mutation@rs7584330	Disease@MESH:D001943	0
Gene@7015	Mutation@rs7584330	Disease@MESH:D012878	0
Gene@7015	Mutation@rs7584330	Disease@MESH:D011125	0
Gene@7015	Mutation@rs7584330	Disease@MESH:D009202	0
Gene@7015	Mutation@rs7584330	Disease@MESH:D054549	0
Gene@7015	Mutation@rs7584330	Disease@MESH:D007039	0
Gene@7015	Mutation@rs7584330	Disease@MESH:C537702	0
Gene@7015	Mutation@rs7584330	Disease@MESH:D054067	0
Gene@7015	Mutation@rs2292884	Disease@MESH:D011471	0
Gene@7015	Mutation@rs2242652	Disease@MESH:D011471	1
Gene@7015	Mutation@rs2242652	Disease@MESH:D009369	1
Gene@253461	Mutation@rs6763931	Disease@MESH:D011471	1
Gene@253461	Mutation@rs6763931	Disease@MESH:D009369	1
Gene@2255	Mutation@rs2121875	Disease@MESH:D011471	1
Gene@2255	Mutation@rs2121875	Disease@MESH:D009369	1
Gene@54535	Mutation@rs130067	Disease@MESH:D011471	1
Gene@54535	Mutation@rs130067	Disease@MESH:D009369	1
Gene@2677	Mutation@rs10187424	Disease@MESH:D011471	1
Gene@2677	Mutation@rs10187424	Disease@MESH:D009369	1
Gene@8673	Mutation@rs10187424	Disease@MESH:D011471	1
Gene@8673	Mutation@rs10187424	Disease@MESH:D009369	1
Gene@10791	Mutation@rs10187424	Disease@MESH:D011471	1
Gene@51255	Mutation@rs10187424	Disease@MESH:D011471	1
Gene@51255	Mutation@rs10187424	Disease@MESH:D009369	1
Gene@5010	Mutation@rs10936632	Disease@MESH:D011471	1
Gene@5010	Mutation@rs10936632	Disease@MESH:D009369	1
Gene@6498	Mutation@rs10936632	Disease@MESH:D011471	1
Gene@6498	Mutation@rs10936632	Disease@MESH:D009369	1
Gene@367	Mutation@rs5919432	Disease@MESH:D011471	1
Gene@367	Mutation@rs5919432	Disease@MESH:D009369	1
