Gene@348	Mutation@rs12361953	Disease@MESH:D000544	0
Gene@348	Mutation@rs12361953	Disease@MESH:D019636	0
Gene@348	Mutation@rs12361953	Disease@MESH:D003704	0
Gene@348	Mutation@rs12361953	Disease@MESH:D000275	0
Gene@348	Mutation@rs12361953	Disease@MESH:D065703	0
Gene@348	Mutation@rs12361953	Disease@MESH:D012021	0
Gene@348	Mutation@rs2974151	Disease@MESH:D000544	0
Gene@348	Mutation@rs2974151	Disease@MESH:D019636	0
Gene@348	Mutation@rs2974151	Disease@MESH:D003704	0
Gene@348	Mutation@rs2974151	Disease@MESH:D000275	0
Gene@348	Mutation@rs2974151	Disease@MESH:D065703	0
Gene@348	Mutation@rs2974151	Disease@MESH:D012021	0
Gene@348	Mutation@rs7412	Disease@MESH:D000544	0
Gene@348	Mutation@rs7412	Disease@MESH:D019636	0
Gene@348	Mutation@rs7412	Disease@MESH:D003704	0
Gene@348	Mutation@rs7412	Disease@MESH:D000275	0
Gene@348	Mutation@rs7412	Disease@MESH:D065703	0
Gene@348	Mutation@rs7412	Disease@MESH:D012021	0
Gene@348	Mutation@rs429358	Disease@MESH:D000544	0
Gene@348	Mutation@rs429358	Disease@MESH:D019636	0
Gene@338645	Mutation@rs12361953	Disease@MESH:D000544	1
Gene@9019	Mutation@rs4145462	Disease@MESH:D000544	1
Gene@222255	Mutation@rs11983798	Disease@MESH:D000544	1
