Gene@7015	Mutation@rs10069690	Disease@MESH:D001943	1
Gene@7015	Mutation@rs10069690	Disease@MESH:D009369	0
Gene@7015	Mutation@rs10069690	Disease@MESH:D002277	0
Gene@7015	Mutation@rs10069690	Disease@MESH:D011471	0
Gene@7015	Mutation@rs10069690	Disease@MESH:D008175	0
Gene@7015	Mutation@rs10069690	Disease@MESH:D010051	0
Gene@7015	Mutation@rs10069690	Disease@MESH:D005910	0
Gene@7015	Mutation@rs10069690	Disease@MESH:D015179	0
Gene@7015	Mutation@rs10069690	Disease@MESH:D001749	0
Gene@7015	Mutation@rs10069690	Disease@MESH:C538614	0
Gene@7015	Mutation@rs1006960	Disease@MESH:D001943	0
Gene@7015	Mutation@rs1006960	Disease@MESH:D009369	0
Gene@7015	Mutation@rs1006960	Disease@MESH:D002277	0
Gene@7015	Mutation@rs1006960	Disease@MESH:D011471	0
Gene@7015	Mutation@rs1006960	Disease@MESH:D008175	0
Gene@7015	Mutation@rs1006960	Disease@MESH:D010051	0
Gene@7015	Mutation@rs1006960	Disease@MESH:D005910	0
Gene@7015	Mutation@rs1006960	Disease@MESH:D015179	0
Gene@7015	Mutation@rs1006960	Disease@MESH:D001749	0
Gene@7015	Mutation@rs1006960	Disease@MESH:C538614	0
