Gene@3075	Mutation@rs621313	Disease@MESH:D006009	0
Gene@3075	Mutation@rs621313	Disease@MESH:D006470	0
Gene@3075	Mutation@rs621313	Disease@MESH:D057092	0
Gene@3075	Mutation@rs621313	Disease@MESH:D009410	0
Gene@3075	Mutation@rs621313	Disease@MESH:D001766	0
Gene@3075	Mutation@rs621313	Disease@MESH:D012173	0
Gene@3075	Mutation@rs621313	Disease@MESH:D002318	0
Gene@3075	Mutation@rs621313	Disease@MESH:D006973	0
Gene@3075	Mutation@rs621313	Disease@MESH:D050197	0
Gene@3075	Mutation@rs621313	Disease@MESH:D041441	0
Gene@3075	Mutation@rs621313	Disease@MESH:D002609	0
Gene@3075	Mutation@rs621313	Disease@MESH:D029461	0
Gene@3075	Mutation@rs621313	Disease@MESH:D015878	0
Gene@3075	Mutation@rs621313	Disease@MESH:D008268	0
Gene@3075	Mutation@rs621313	Disease@MESH:D000309	0
Gene@3075	Mutation@rs621313	Disease@MESH:C000656865	0
Gene@3075	Mutation@rs621313	Disease@OMIM:217000	0
Gene@3075	Mutation@rs621313	Disease@MESH:D012497	0
