Gene@6499	Mutation@rs2679798	Disease@MESH:D006009	0
Gene@6499	Mutation@rs2679798	Disease@MESH:D001766	0
Gene@6499	Mutation@rs2679798	Disease@MESH:C536859	0
Gene@6499	Mutation@rs2679798	Disease@MESH:D001284	0
Gene@6499	Mutation@rs2679798	Disease@MESH:D002833	0
Gene@6499	Mutation@rs2679798	Disease@MESH:D008268	0
Gene@6499	Mutation@rs2679798	Disease@OMIM:217000	0
Gene@6499	Mutation@rs2679798	Disease@MESH:D014786	0
Gene@6499	Mutation@rs2679798	Disease@MESH:D012164	0
Gene@6499	Mutation@rs2679798	Disease@MESH:C562875	0
Gene@6499	Mutation@rs2679798	Disease@MESH:D012173	0
Gene@6499	Mutation@rs2679798	Disease@MESH:C566586	0
Gene@6499	Mutation@rs2679798	Disease@MESH:D030342	0
Gene@6499	Mutation@rs2679798	Disease@MESH:C538365	0
Gene@6499	Mutation@rs2679798	Disease@MESH:D012162	0
Gene@6499	Mutation@rs2679798	Disease@MESH:D006331	0
Gene@6499	Mutation@rs2679798	Disease@MESH:D008180	0
Gene@6499	Mutation@rs2679798	Disease@MESH:D001327	0
Gene@6499	Mutation@rs2679798	Disease@MESH:C564992	0
Gene@6499	Mutation@rs2679798	Disease@MESH:D058625	0
Gene@6499	Mutation@rs429608	Disease@MESH:C564992	1
Gene@3075	Mutation@rs1329428	Disease@MESH:C564992	1
Gene@387715	Mutation@rs10490924	Disease@MESH:C564992	1
Gene@5654	Mutation@rs10490924	Disease@MESH:C564992	1
