Gene@348	Mutation@rs3848140	Disease@MESH:D000544	0
Gene@348	Mutation@rs3848140	Disease@MESH:D003704	0
Gene@348	Mutation@rs3848140	Disease@MESH:D019636	0
Gene@348	Mutation@rs3848140	Disease@MESH:D009422	0
Gene@348	Mutation@rs3848140	Disease@MESH:D020521	0
Gene@348	Mutation@rs3848140	Disease@MESH:D001523	0
Gene@348	Mutation@rs3848140	Disease@MESH:D003072	0
Gene@348	Mutation@rs3848140	Disease@MESH:D043183	0
Gene@348	Mutation@rs3848140	Disease@MESH:D003324	0
Gene@348	Mutation@rs3848140	Disease@MESH:D003920	0
Gene@348	Mutation@rs3848140	Disease@MESH:D001168	0
Gene@348	Mutation@rs3848140	Disease@MESH:D012216	0
Gene@348	Mutation@rs3848140	Disease@MESH:C000656865	0
Gene@348	Mutation@rs7412	Disease@MESH:D000544	0
Gene@348	Mutation@rs7412	Disease@MESH:D003704	0
Gene@348	Mutation@rs7412	Disease@MESH:D019636	0
Gene@348	Mutation@rs7412	Disease@MESH:D009422	0
Gene@348	Mutation@rs7412	Disease@MESH:D020521	0
Gene@348	Mutation@rs7412	Disease@MESH:D001523	0
Gene@348	Mutation@rs7412	Disease@MESH:D003072	0
Gene@274	Mutation@rs7561528	Disease@MESH:D000544	1
Gene@8301	Mutation@rs17817600	Disease@MESH:D000544	1
Gene@79660	Mutation@rs3748140	Disease@MESH:D000544	1
Gene@341	Mutation@rs4420638	Disease@MESH:D000544	1
Gene@10452	Mutation@rs4420638	Disease@MESH:D000544	1
Gene@244416	Mutation@rs3748140	Disease@MESH:D000544	1
Gene@11816	Mutation@rs4420638	Disease@MESH:D000544	1
