Gene@10481	Mutation@rs188140481	Disease@MESH:D011471	1
Gene@10481	Mutation@rs188140481	Disease@MESH:D003643	0
Gene@10481	Mutation@rs188140481	Disease@MESH:D009369	1
Gene@10481	Mutation@rs188140481	Disease@MESH:D001749	0
Gene@10481	Mutation@rs188140481	Disease@MESH:D007938	0
Gene@10481	Mutation@rs188140481	Disease@MESH:D004342	0
Gene@10481	Mutation@rs188140481	Disease@MESH:D001523	0
Gene@10481	Mutation@rs188140481	Disease@MESH:D013964	0
Gene@10481	Mutation@rs188140481	Disease@MESH:D003920	0
Gene@10481	Mutation@rs188140481	Disease@MESH:D007945	0
Gene@10481	Mutation@rs188140481	Disease@MESH:D015179	0
Gene@10481	Mutation@rs188140481	Disease@MESH:D001943	0
Gene@10481	Mutation@rs188140481	Disease@MESH:D006073	0
Gene@10481	Mutation@rs188140481	Disease@MESH:D010051	0
Gene@10481	Mutation@rs188140481	Disease@MESH:D014923	0
Gene@10481	Mutation@rs138213197	Disease@MESH:D011471	0
Gene@10481	Mutation@rs138213197	Disease@MESH:D003643	0
Gene@10481	Mutation@rs138213197	Disease@MESH:D009369	0
Gene@10481	Mutation@rs138213197	Disease@MESH:D001749	0
Gene@10481	Mutation@rs138213197	Disease@MESH:D007938	0
