Gene@10381	Mutation@rs1805313	Disease@MESH:D003920	0
Gene@10381	Mutation@rs1805313	Disease@MESH:D003924	0
Gene@10381	Mutation@rs1805313	Disease@MESH:D006943	0
Gene@10381	Mutation@rs1805313	Disease@MESH:D044882	0
Gene@10381	Mutation@rs1805313	Disease@MESH:D010195	0
Gene@10381	Mutation@rs1805313	Disease@MESH:D009765	0
Gene@10381	Mutation@rs1805313	Disease@MESH:D006432	0
Gene@10381	Mutation@rs1805313	Disease@MESH:D007662	0
Gene@10381	Mutation@rs1805313	Disease@MESH:C531844	0
Gene@10381	Mutation@rs10980508	Disease@MESH:D003920	0
Gene@10381	Mutation@rs10980508	Disease@MESH:D003924	0
Gene@10381	Mutation@rs10980508	Disease@MESH:D006943	0
Gene@10381	Mutation@rs10980508	Disease@MESH:D044882	0
Gene@10381	Mutation@rs10980508	Disease@MESH:D010195	0
Gene@10381	Mutation@rs10980508	Disease@MESH:D009765	0
Gene@10381	Mutation@rs10980508	Disease@MESH:D006432	0
Gene@10381	Mutation@rs10980508	Disease@MESH:D007662	0
Gene@10381	Mutation@rs10980508	Disease@MESH:C531844	0
Gene@10381	Mutation@rs1800562	Disease@MESH:D003920	0
Gene@10381	Mutation@rs1800562	Disease@MESH:D003924	0
Gene@4593	Mutation@rs10980508	Disease@MESH:D003920	1
Gene@4593	Mutation@rs10980508	Disease@MESH:D003924	1
Gene@79987	Mutation@rs10980508	Disease@MESH:D003920	1
Gene@79987	Mutation@rs10980508	Disease@MESH:D003924	1
Gene@27327	Mutation@rs17177078	Disease@MESH:D003920	1
Gene@27327	Mutation@rs17177078	Disease@MESH:D003924	1
Gene@155465	Mutation@rs1525739	Disease@MESH:D003920	1
Gene@155465	Mutation@rs1525739	Disease@MESH:D003924	1
Gene@10551	Mutation@rs1525739	Disease@MESH:D003920	1
Gene@10551	Mutation@rs1525739	Disease@MESH:D003924	1
Gene@25830	Mutation@rs470089	Disease@MESH:D003920	1
Gene@25830	Mutation@rs470089	Disease@MESH:D003924	1
