Gene@390	Mutation@rs2722769	Disease@MESH:D003924	0
Gene@390	Mutation@rs2722769	Disease@MESH:D007676	0
Gene@390	Mutation@rs2722769	Disease@MESH:D007674	0
Gene@390	Mutation@rs2722769	Disease@MESH:D003920	0
Gene@390	Mutation@rs2722769	Disease@MESH:D009765	0
Gene@390	Mutation@rs2722769	Disease@OMIM:615522	0
Gene@390	Mutation@rs2722769	Disease@MESH:C000656865	0
Gene@390	Mutation@rs2722769	Disease@MESH:D018149	0
Gene@390	Mutation@rs2722769	Disease@MESH:D011507	0
Gene@390	Mutation@rs2722769	Disease@MESH:D003928	0
Gene@390	Mutation@rs2722769	Disease@MESH:D050197	0
Gene@390	Mutation@rs2722769	Disease@MESH:D006973	0
Gene@390	Mutation@rs2722769	Disease@MESH:D005921	0
Gene@390	Mutation@rs2722769	Disease@MESH:D009422	0
Gene@390	Mutation@rs2722769	Disease@MESH:D006946	0
Gene@390	Mutation@rs2722769	Disease@MESH:D007153	0
Gene@390	Mutation@rs2722769	Disease@MESH:D002318	0
Gene@390	Mutation@rs7560163	Disease@MESH:D003924	1
Gene@390	Mutation@rs7560163	Disease@MESH:D003920	1
Gene@390	Mutation@rs7560163	Disease@MESH:D003928	1
Gene@375287	Mutation@rs7560163	Disease@MESH:D003924	1
Gene@375287	Mutation@rs7560163	Disease@MESH:D003920	1
Gene@375287	Mutation@rs7560163	Disease@MESH:D003928	1
Gene@126969	Mutation@rs7542900	Disease@MESH:D003924	1
Gene@126969	Mutation@rs7542900	Disease@MESH:D003920	1
Gene@126969	Mutation@rs7542900	Disease@MESH:D003928	1
Gene@374378	Mutation@rs2722769	Disease@MESH:D003924	1
Gene@374378	Mutation@rs2722769	Disease@MESH:D003920	1
Gene@374378	Mutation@rs2722769	Disease@MESH:D003928	1
Gene@120224	Mutation@rs7107217	Disease@MESH:D003924	1
Gene@120224	Mutation@rs7107217	Disease@MESH:D003920	1
Gene@120224	Mutation@rs7107217	Disease@MESH:D003928	1
Gene@343472	Mutation@rs7107217	Disease@MESH:D003924	1
Gene@343472	Mutation@rs7107217	Disease@MESH:D003920	1
Gene@343472	Mutation@rs7107217	Disease@MESH:D003928	1
Gene@8538	Mutation@rs7107217	Disease@MESH:D003924	1
Gene@8538	Mutation@rs7107217	Disease@MESH:D003920	1
Gene@8538	Mutation@rs7107217	Disease@MESH:D003928	1
