Gene@2752	Mutation@rs10911021	Disease@MESH:D003924	0
Gene@2752	Mutation@rs10911021	Disease@MESH:C564741	0
Gene@2752	Mutation@rs10911021	Disease@MESH:D003920	0
Gene@2752	Mutation@rs10911021	Disease@MESH:D003324	0
Gene@2752	Mutation@rs10911021	Disease@MESH:C538336	0
Gene@2752	Mutation@rs10911021	Disease@MESH:D009203	0
Gene@2752	Mutation@rs10911021	Disease@MESH:D003251	0
Gene@2752	Mutation@rs10911021	Disease@MESH:D003643	0
Gene@2752	Mutation@rs10911021	Disease@MESH:D002318	0
Gene@2752	Mutation@rs10911021	Disease@MESH:D050197	0
Gene@2752	Mutation@rs10911021	Disease@MESH:D044882	0
Gene@2752	Mutation@rs10911021	Disease@MESH:D007333	0
Gene@2752	Mutation@rs10911021	Disease@MESH:D006943	0
Gene@2752	Mutation@rs10911021	Disease@MESH:D018149	0
Gene@2752	Mutation@rs10911021	Disease@MESH:D009133	0
Gene@2752	Mutation@rs10911021	Disease@MESH:D007676	0
Gene@2752	Mutation@rs10911021	Disease@MESH:D006333	0
Gene@2752	Mutation@rs10911021	Disease@MESH:D009369	0
Gene@127665	Mutation@rs10911021	Disease@MESH:D003920	1
Gene@127665	Mutation@rs10911021	Disease@MESH:D003324	1
Gene@127665	Mutation@rs10911021	Disease@MESH:D002318	1
