Gene@92521	Mutation@p.I250K	Disease@MESH:D000544	0
Gene@92521	Mutation@p.I250K	Disease@MESH:D009410	0
Gene@92521	Mutation@p.I250K	Disease@MESH:D019636	0
Gene@92521	Mutation@p.I250K	Disease@MESH:D005862	0
Gene@92521	Mutation@p.I250K	Disease@MESH:D020521	0
Gene@92521	Mutation@p.I250K	Disease@MESH:D009422	0
Gene@92521	Mutation@p.I250K	Disease@MESH:D003072	0
Gene@92521	Mutation@p.I250K	Disease@MESH:D003704	0
Gene@92521	Mutation@p.I250K	Disease@MESH:D001249	0
Gene@92521	Mutation@p.I250K	Disease@MESH:D004342	0
Gene@92521	Mutation@p.I250K	Disease@MESH:C565935	0
Gene@92521	Mutation@p.I250K	Disease@MESH:C535395	0
Gene@92521	Mutation@p.I250K	Disease@MESH:C564794	0
Gene@92521	Mutation@p.I250K	Disease@MESH:D008881	0
Gene@92521	Mutation@p.I250K	Disease@MESH:D003920	0
Gene@92521	Mutation@p.I250K	Disease@MESH:D001284	0
Gene@1191	Mutation@rs569214	Disease@MESH:D000544	1
Gene@8301	Mutation@rs536841	Disease@MESH:D000544	1
Gene@274	Mutation@rs744373	Disease@MESH:D000544	1
