Gene@675	Mutation@rs9348512	Disease@MESH:D001943	0
Gene@675	Mutation@rs9348512	Disease@MESH:D009369	0
Gene@675	Mutation@rs9348512	Disease@MESH:D010051	0
Gene@675	Mutation@rs9348512	Disease@MESH:D007249	0
Gene@675	Mutation@rs9348512	Disease@MESH:D011471	0
Gene@675	Mutation@rs9348512	Disease@MESH:D001919	0
Gene@675	Mutation@rs9348512	Disease@MESH:D044584	0
Gene@675	Mutation@rs9348512	Disease@MESH:D009362	0
Gene@675	Mutation@rs9348512	Disease@MESH:D000077216	0
Gene@675	Mutation@rs16917302	Disease@MESH:D001943	0
Gene@675	Mutation@rs16917302	Disease@MESH:D009369	0
Gene@675	Mutation@rs16917302	Disease@MESH:D010051	0
Gene@675	Mutation@rs16917302	Disease@MESH:D007249	0
Gene@675	Mutation@rs16917302	Disease@MESH:D011471	0
Gene@675	Mutation@rs16917302	Disease@MESH:D001919	0
Gene@675	Mutation@rs16917302	Disease@MESH:D044584	0
Gene@675	Mutation@rs16917302	Disease@MESH:D009362	0
Gene@675	Mutation@rs16917302	Disease@MESH:D000077216	0
Gene@675	Mutation@rs311499	Disease@MESH:D001943	0
Gene@675	Mutation@rs311499	Disease@MESH:D009369	0
Gene@2263	Mutation@rs2420946	Disease@MESH:D001943	1
Gene@7020	Mutation@rs9348512	Disease@MESH:D001943	1
Gene@27324	Mutation@rs3803662	Disease@MESH:D001943	1
Gene@221718	Mutation@rs9348512	Disease@MESH:D001943	1
Gene@2258	Mutation@rs619373	Disease@MESH:D001943	1
Gene@285154	Mutation@rs184577	Disease@MESH:D001943	1
