Gene@1029;1030	Mutation@rs10229583	Disease@MESH:D003924	0
Gene@1029;1030	Mutation@rs10229583	Disease@MESH:D003920	0
Gene@1029;1030	Mutation@rs10229583	Disease@MESH:D018149	0
Gene@1029;1030	Mutation@rs10229583	Disease@MESH:D007333	0
Gene@1029;1030	Mutation@rs10229583	Disease@MESH:D029461	0
Gene@1029;1030	Mutation@rs10229583	Disease@MESH:D004485	0
Gene@1029;1030	Mutation@rs10229583	Disease@MESH:D006973	0
Gene@1029;1030	Mutation@rs10229583	Disease@MESH:D004827	0
Gene@1029;1030	Mutation@rs10229583	Disease@MESH:D001260	0
Gene@1029;1030	Mutation@rs10229583	Disease@MESH:D004342	0
Gene@1029;1030	Mutation@rs10229583	Disease@MESH:D010195	0
Gene@1029;1030	Mutation@rs10229583	Disease@MESH:D044882	0
Gene@1029;1030	Mutation@rs10229583	Disease@MESH:D009765	0
Gene@1029;1030	Mutation@rs10229583	Disease@MESH:D019337	0
Gene@1029;1030	Mutation@rs10229583	Disease@MESH:D003922	0
Gene@1029;1030	Mutation@rs11065450	Disease@MESH:D003924	0
Gene@1029;1030	Mutation@rs11065450	Disease@MESH:D003920	0
Gene@1029;1030	Mutation@rs11065450	Disease@MESH:D018149	0
Gene@1029;1030	Mutation@rs11065450	Disease@MESH:D007333	0
Gene@5078	Mutation@rs10229583	Disease@MESH:D003924	1
Gene@5078	Mutation@rs10229583	Disease@MESH:D003920	1
Gene@27044	Mutation@rs10229583	Disease@MESH:D003924	1
Gene@27044	Mutation@rs10229583	Disease@MESH:D003920	1
Gene@381	Mutation@rs10229583	Disease@MESH:D003924	1
Gene@381	Mutation@rs10229583	Disease@MESH:D003920	1
