Gene@6934	Mutation@rs7903146	Disease@MESH:D003920	1
Gene@6934	Mutation@rs7903146	Disease@MESH:D003924	1
Gene@6934	Mutation@rs7903146	Disease@MESH:D000309	0
Gene@6934	Mutation@rs7903146	Disease@MESH:D003922	0
Gene@6934	Mutation@rs7903146	Disease@MESH:D010195	0
Gene@6934	Mutation@rs7903146	Disease@MESH:D004342	0
Gene@6934	Mutation@rs7903146	Disease@MESH:D009203	0
Gene@6934	Mutation@rs7903146	Disease@MESH:D006212	0
Gene@6934	Mutation@rs7903146	Disease@MESH:D003428	0
Gene@6934	Mutation@rs7903146	Disease@MESH:D004700	0
Gene@6934	Mutation@rs7903146	Disease@MESH:D006816	0
Gene@6934	Mutation@rs7903146	Disease@MESH:D010661	0
Gene@6934	Mutation@rs7903146	Disease@MESH:D009369	0
Gene@6934	Mutation@rs7903146	Disease@MESH:D050197	0
Gene@6745	Mutation@rs9502570	Disease@MESH:D003920	1
Gene@6745	Mutation@rs9502570	Disease@MESH:D003924	1
Gene@6239	Mutation@rs9502570	Disease@MESH:D003920	1
Gene@6239	Mutation@rs9502570	Disease@MESH:D003924	1
Gene@10198	Mutation@rs1727313	Disease@MESH:D003920	1
Gene@10198	Mutation@rs1727313	Disease@MESH:D003924	1
Gene@54622	Mutation@rs702634	Disease@MESH:D003920	1
Gene@54622	Mutation@rs702634	Disease@MESH:D003924	1
Gene@11124	Mutation@rs17106184	Disease@MESH:D003920	1
Gene@11124	Mutation@rs17106184	Disease@MESH:D003924	1
