Gene@672	Mutation@rs8170	Disease@MESH:D001943	0
Gene@672	Mutation@rs8170	Disease@MESH:D010051	0
Gene@672	Mutation@rs8170	Disease@MESH:D009369	0
Gene@672	Mutation@rs2363956	Disease@MESH:D001943	0
Gene@672	Mutation@rs2363956	Disease@MESH:D010051	0
Gene@672	Mutation@rs2363956	Disease@MESH:D009369	0
Gene@672	Mutation@rs8100241	Disease@MESH:D001943	0
Gene@672	Mutation@rs8100241	Disease@MESH:D010051	0
Gene@672	Mutation@rs8100241	Disease@MESH:D009369	0
Gene@672	Mutation@rs3745185	Disease@MESH:D001943	0
Gene@672	Mutation@rs3745185	Disease@MESH:D010051	0
Gene@672	Mutation@rs3745185	Disease@MESH:D009369	0
Gene@672	Mutation@rs4808611	Disease@MESH:D001943	0
Gene@672	Mutation@rs4808611	Disease@MESH:D010051	0
Gene@672	Mutation@rs4808611	Disease@MESH:D009369	0
Gene@672	Mutation@rs6994019	Disease@MESH:D001943	0
Gene@672	Mutation@rs6994019	Disease@MESH:D010051	0
Gene@672	Mutation@rs6994019	Disease@MESH:D009369	0
Gene@672	Mutation@rs2366956	Disease@MESH:D001943	0
Gene@672	Mutation@rs2366956	Disease@MESH:D010051	0
Gene@79575	Mutation@rs8170	Disease@MESH:D001943	1
Gene@126549	Mutation@rs8170	Disease@MESH:D001943	1
Gene@29086	Mutation@rs8170	Disease@MESH:D001943	1
