Gene@5213	Mutation@rs2229882	Disease@MESH:D001943	0
Gene@5213	Mutation@rs2229882	Disease@MESH:D015179	0
Gene@5213	Mutation@rs2229882	Disease@MESH:D009369	0
Gene@5213	Mutation@rs2229882	Disease@MESH:D044882	0
Gene@5213	Mutation@rs2229882	Disease@MESH:D006402	0
Gene@5213	Mutation@rs2229882	Disease@MESH:D006014	0
Gene@5213	Mutation@rs2229882	Disease@MESH:D010051	0
Gene@5213	Mutation@rs2229882	Disease@MESH:C567067	0
Gene@5213	Mutation@rs2229882	Disease@MESH:D006331	0
Gene@5213	Mutation@rs2229882	Disease@MESH:C566610	0
Gene@5213	Mutation@rs889312	Disease@MESH:D001943	0
Gene@5213	Mutation@rs889312	Disease@MESH:D015179	0
Gene@5213	Mutation@rs889312	Disease@MESH:D009369	0
Gene@5213	Mutation@rs889312	Disease@MESH:D044882	0
Gene@5213	Mutation@rs889312	Disease@MESH:D006402	0
Gene@5213	Mutation@rs889312	Disease@MESH:D006014	0
Gene@5213	Mutation@rs889312	Disease@MESH:D010051	0
Gene@5213	Mutation@rs889312	Disease@MESH:C567067	0
Gene@5213	Mutation@rs889312	Disease@MESH:D006331	0
Gene@5213	Mutation@rs889312	Disease@MESH:C566610	0
Gene@4214	Mutation@rs2229882	Disease@MESH:D001943	1
Gene@4214	Mutation@rs889312	Disease@MESH:D001943	1
Gene@4214	Mutation@rs12655019	Disease@MESH:D001943	1
Gene@4214	Mutation@rs16886448	Disease@MESH:D001943	1
Gene@4214	Mutation@rs16886034	Disease@MESH:D001943	1
Gene@4214	Mutation@rs7726354	Disease@MESH:D001943	1
Gene@4214	Mutation@rs3822625	Disease@MESH:D001943	1
Gene@4214	Mutation@rs16886364	Disease@MESH:D001943	1
Gene@4214	Mutation@rs1017226	Disease@MESH:D001943	1
Gene@4214	Mutation@rs16886181	Disease@MESH:D001943	1
Gene@4214	Mutation@rs16886113	Disease@MESH:D001943	1
Gene@4214	Mutation@rs16886397	Disease@MESH:D001943	1
Gene@2263	Mutation@rs2912774	Disease@MESH:D001943	1
