Gene@27099	Mutation@rs13383928	Disease@MESH:D008175	0
Gene@27099	Mutation@rs13383928	Disease@MESH:D009369	0
Gene@27099	Mutation@rs13383928	Disease@MESH:D005355	0
Gene@27099	Mutation@rs13383928	Disease@MESH:C562839	0
Gene@27099	Mutation@rs13383928	Disease@MESH:D008171	0
Gene@27099	Mutation@rs13383928	Disease@MESH:D063646	0
Gene@27099	Mutation@rs13383928	Disease@MESH:D007249	0
Gene@27099	Mutation@rs13383928	Disease@MESH:D002289	0
Gene@27099	Mutation@rs13383928	Disease@MESH:D000230	0
Gene@27099	Mutation@rs13383928	Disease@MESH:D011471	0
Gene@27099	Mutation@rs13383928	Disease@MESH:D003922	0
Gene@27099	Mutation@rs13383928	Disease@MESH:D003920	0
Gene@27099	Mutation@rs13383928	Disease@MESH:D001172	0
Gene@27099	Mutation@rs13383928	Disease@MESH:D005910	0
Gene@27099	Mutation@rs13383928	Disease@MESH:D003424	0
Gene@27099	Mutation@rs13383928	Disease@MESH:D001327	0
Gene@27099	Mutation@rs13383928	Disease@MESH:D018352	0
Gene@27099	Mutation@rs13383928	Disease@MESH:D003924	0
Gene@27099	Mutation@rs13383928	Disease@MESH:D001943	0
Gene@27099	Mutation@rs13383928	Disease@MESH:D008654	0
Gene@5746	Mutation@rs13383928	Disease@MESH:D008175	1
Gene@5746	Mutation@rs13383928	Disease@MESH:D009369	1
Gene@5746	Mutation@rs13383928	Disease@MESH:D008171	1
