Gene@3630	Mutation@rs9810233	Disease@MESH:D007172	0
Gene@3630	Mutation@rs9810233	Disease@MESH:D003920	0
Gene@3630	Mutation@rs9810233	Disease@MESH:D003922	0
Gene@3630	Mutation@rs9810233	Disease@MESH:D006973	0
Gene@3630	Mutation@rs9810233	Disease@MESH:D003324	0
Gene@3630	Mutation@rs9810233	Disease@MESH:D011471	0
Gene@3630	Mutation@rs9810233	Disease@MESH:D003925	0
Gene@3630	Mutation@rs9810233	Disease@MESH:D012164	0
Gene@3630	Mutation@rs9810233	Disease@MESH:D010523	0
Gene@3630	Mutation@rs9810233	Disease@MESH:D006943	0
Gene@3630	Mutation@rs9810233	Disease@MESH:D017827	0
Gene@3630	Mutation@rs9810233	Disease@MESH:D009369	0
Gene@3630	Mutation@rs9810233	Disease@MESH:D003928	0
Gene@3630	Mutation@rs1920201	Disease@MESH:D007172	0
Gene@3630	Mutation@rs1920201	Disease@MESH:D003920	0
Gene@3630	Mutation@rs1920201	Disease@MESH:D003922	0
Gene@3630	Mutation@rs1920201	Disease@MESH:D006973	0
Gene@3630	Mutation@rs1920201	Disease@MESH:D003324	0
Gene@3630	Mutation@rs1920201	Disease@MESH:D011471	0
Gene@3630	Mutation@rs1920201	Disease@MESH:D003925	0
Gene@214	Mutation@rs9810233	Disease@MESH:D007172	1
Gene@214	Mutation@rs9810233	Disease@MESH:D003920	1
Gene@214	Mutation@rs9810233	Disease@MESH:D003922	1
Gene@214	Mutation@rs9810233	Disease@MESH:D017827	1
Gene@5163	Mutation@rs836589	Disease@MESH:D007172	1
Gene@5163	Mutation@rs836589	Disease@MESH:D003920	1
Gene@5163	Mutation@rs836589	Disease@MESH:D003922	1
Gene@5163	Mutation@rs836589	Disease@MESH:D017827	1
Gene@9749	Mutation@rs6931865	Disease@MESH:D007172	1
Gene@9749	Mutation@rs6931865	Disease@MESH:D003920	1
Gene@9749	Mutation@rs6931865	Disease@MESH:D003922	1
Gene@9749	Mutation@rs6931865	Disease@MESH:D017827	1
