Gene@2263	Mutation@rs10510333	Disease@MESH:D001943	0
Gene@2263	Mutation@rs10510333	Disease@MESH:D011471	0
Gene@2263	Mutation@rs10510333	Disease@MESH:D009369	0
Gene@2263	Mutation@rs4322600	Disease@MESH:D001943	0
Gene@2263	Mutation@rs4322600	Disease@MESH:D011471	0
Gene@2263	Mutation@rs4322600	Disease@MESH:D009369	0
Gene@2263	Mutation@rs2363956	Disease@MESH:D001943	0
Gene@2263	Mutation@rs2363956	Disease@MESH:D011471	0
Gene@2263	Mutation@rs2363956	Disease@MESH:D009369	0
Gene@2263	Mutation@rs704010	Disease@MESH:D001943	0
Gene@2581	Mutation@rs4322600	Disease@MESH:D001943	1
Gene@2581	Mutation@rs4322600	Disease@MESH:D009369	1
