Gene@2444	Mutation@rs2230199	Disease@MESH:D006009	0
Gene@2444	Mutation@rs2230199	Disease@MESH:D014786	0
Gene@2444	Mutation@rs2230199	Disease@MESH:D004194	0
Gene@2444	Mutation@rs2230199	Disease@MESH:D008268	0
Gene@2444	Mutation@rs2230199	Disease@MESH:D057092	0
Gene@2444	Mutation@rs2230199	Disease@MESH:C531604	0
Gene@2444	Mutation@rs2230199	Disease@MESH:D009203	0
Gene@2444	Mutation@rs2230199	Disease@MESH:D012559	0
Gene@2444	Mutation@rs2230199	Disease@MESH:C565169	0
Gene@2444	Mutation@rs2230199	Disease@MESH:D003920	0
Gene@2444	Mutation@rs2230199	Disease@MESH:D051436	0
Gene@2444	Mutation@rs2230199	Disease@MESH:D006984	0
Gene@2444	Mutation@rs2230199	Disease@MESH:D010003	0
Gene@2444	Mutation@rs2230199	Disease@MESH:D043183	0
Gene@2444	Mutation@rs2230199	Disease@MESH:D008180	0
Gene@2444	Mutation@rs2230199	Disease@MESH:D001943	0
Gene@2444	Mutation@rs2230199	Disease@MESH:D011471	0
Gene@2444	Mutation@rs2230199	Disease@MESH:D003424	0
Gene@2444	Mutation@rs2230199	Disease@MESH:D009369	0
