Gene@3784	Mutation@rs5945326	Disease@MESH:D003920	0
Gene@3784	Mutation@rs5945326	Disease@MESH:D003924	0
Gene@3784	Mutation@rs5945326	Disease@MESH:D003922	0
Gene@3784	Mutation@rs5945326	Disease@MESH:D050197	0
Gene@3784	Mutation@rs5945326	Disease@MESH:D009765	0
Gene@3784	Mutation@rs5945326	Disease@MESH:D002280	0
Gene@3784	Mutation@rs5945326	Disease@MESH:D011471	0
Gene@3784	Mutation@rs5945326	Disease@MESH:D003324	0
Gene@3784	Mutation@rs5945326	Disease@MESH:D005870	0
Gene@3784	Mutation@rs5945326	Disease@MESH:D018149	0
Gene@3784	Mutation@rs5945326	Disease@MESH:D010195	0
Gene@3784	Mutation@rs5945326	Disease@MESH:D006946	0
Gene@3784	Mutation@rs5945326	Disease@MESH:D009422	0
Gene@3784	Mutation@rs5945326	Disease@MESH:D006130	0
Gene@3784	Mutation@rs5945326	Disease@MESH:D050171	0
Gene@3784	Mutation@rs5945326	Disease@MESH:D008659	0
Gene@3784	Mutation@rs5945326	Disease@MESH:D002532	0
Gene@3784	Mutation@rs5945326	Disease@MESH:D017544	0
Gene@3784	Mutation@rs5945326	Disease@MESH:D009203	0
Gene@3784	Mutation@rs5945326	Disease@MESH:D003424	0
Gene@3784	Mutation@rs231362	Disease@MESH:D003920	1
Gene@3784	Mutation@rs231362	Disease@MESH:D003924	1
Gene@3784	Mutation@rs231362	Disease@MESH:D003922	1
Gene@1852	Mutation@rs5945326	Disease@MESH:D003920	1
Gene@1852	Mutation@rs5945326	Disease@MESH:D003924	1
Gene@1852	Mutation@rs5945326	Disease@MESH:D003922	1
Gene@6927	Mutation@rs7957197	Disease@MESH:D003920	1
Gene@6927	Mutation@rs7957197	Disease@MESH:D003924	1
Gene@6927	Mutation@rs7957197	Disease@MESH:D003922	1
Gene@4544	Mutation@rs1387153	Disease@MESH:D003920	1
Gene@4544	Mutation@rs1387153	Disease@MESH:D003924	1
Gene@4544	Mutation@rs1387153	Disease@MESH:D003922	1
Gene@3667	Mutation@rs7578326	Disease@MESH:D003920	1
Gene@3667	Mutation@rs7578326	Disease@MESH:D003924	1
Gene@3667	Mutation@rs7578326	Disease@MESH:D003922	1
Gene@53335	Mutation@rs243021	Disease@MESH:D003920	1
Gene@53335	Mutation@rs243021	Disease@MESH:D003924	1
Gene@53335	Mutation@rs243021	Disease@MESH:D003922	1
Gene@5468	Mutation@rs13081389	Disease@MESH:D003920	1
Gene@5468	Mutation@rs13081389	Disease@MESH:D003924	1
Gene@5468	Mutation@rs13081389	Disease@MESH:D003922	1
Gene@8091	Mutation@rs1531343	Disease@MESH:D003920	1
Gene@8091	Mutation@rs1531343	Disease@MESH:D003924	1
Gene@8091	Mutation@rs1531343	Disease@MESH:D003922	1
Gene@116985	Mutation@rs1552224	Disease@MESH:D003920	1
Gene@116985	Mutation@rs1552224	Disease@MESH:D003924	1
Gene@116985	Mutation@rs1552224	Disease@MESH:D003922	1
Gene@136259	Mutation@rs972283	Disease@MESH:D003920	1
Gene@136259	Mutation@rs972283	Disease@MESH:D003924	1
Gene@136259	Mutation@rs972283	Disease@MESH:D003922	1
Gene@9055	Mutation@rs8042680	Disease@MESH:D003920	1
Gene@9055	Mutation@rs8042680	Disease@MESH:D003924	1
Gene@9055	Mutation@rs8042680	Disease@MESH:D003922	1
Gene@94241	Mutation@rs896854	Disease@MESH:D003920	1
Gene@94241	Mutation@rs896854	Disease@MESH:D003924	1
Gene@94241	Mutation@rs896854	Disease@MESH:D003922	1
Gene@84327	Mutation@rs4457053	Disease@MESH:D003920	1
Gene@84327	Mutation@rs4457053	Disease@MESH:D003924	1
Gene@84327	Mutation@rs4457053	Disease@MESH:D003922	1
Gene@54469	Mutation@rs11634397	Disease@MESH:D003920	1
Gene@54469	Mutation@rs11634397	Disease@MESH:D003924	1
Gene@54469	Mutation@rs11634397	Disease@MESH:D003922	1
Gene@645345	Mutation@rs13292136	Disease@MESH:D003920	1
Gene@645345	Mutation@rs13292136	Disease@MESH:D003924	1
Gene@645345	Mutation@rs13292136	Disease@MESH:D003922	1
Gene@3087	Mutation@rs5015480	Disease@MESH:D003920	1
Gene@3087	Mutation@rs5015480	Disease@MESH:D003924	1
Gene@3087	Mutation@rs5015480	Disease@MESH:D003922	1
Gene@3416	Mutation@rs5015480	Disease@MESH:D003920	1
Gene@3416	Mutation@rs5015480	Disease@MESH:D003924	1
Gene@3416	Mutation@rs5015480	Disease@MESH:D003922	1
Gene@221895	Mutation@rs849134	Disease@MESH:D003920	1
Gene@221895	Mutation@rs849134	Disease@MESH:D003924	1
Gene@221895	Mutation@rs849134	Disease@MESH:D003922	1
