Gene@1029	Mutation@rs7801190	Disease@MESH:D003324	0
Gene@1029	Mutation@rs7801190	Disease@MESH:D003924	0
Gene@1029	Mutation@rs7801190	Disease@MESH:D006973	0
Gene@1029	Mutation@rs7801190	Disease@MESH:D003920	0
Gene@1029	Mutation@rs7801190	Disease@MESH:D020914	0
Gene@1029	Mutation@rs7801190	Disease@MESH:D006331	0
Gene@1029	Mutation@rs7801190	Disease@MESH:D009203	0
Gene@1029	Mutation@rs7801190	Disease@MESH:D050197	0
Gene@1029	Mutation@rs7801190	Disease@MESH:D002318	0
Gene@1029	Mutation@rs7801190	Disease@MESH:D001249	0
Gene@1029	Mutation@rs7801190	Disease@MESH:D050171	0
Gene@1029	Mutation@rs937254	Disease@MESH:D003324	0
Gene@1029	Mutation@rs937254	Disease@MESH:D003924	0
Gene@1029	Mutation@rs937254	Disease@MESH:D006973	0
Gene@1029	Mutation@rs937254	Disease@MESH:D003920	0
Gene@1029	Mutation@rs937254	Disease@MESH:D020914	0
Gene@1029	Mutation@rs937254	Disease@MESH:D006331	0
Gene@56996	Mutation@rs7801190	Disease@MESH:D006973	1
