Gene@10418	Mutation@rs11023139	Disease@MESH:D000544	1
Gene@10418	Mutation@rs11023139	Disease@MESH:D003072	1
Gene@10418	Mutation@rs11023139	Disease@MESH:D003704	0
Gene@10418	Mutation@rs11023139	Disease@MESH:D002544	0
Gene@10418	Mutation@rs11023139	Disease@MESH:D003920	0
Gene@10418	Mutation@rs11023139	Disease@MESH:C537032	0
Gene@10418	Mutation@rs11606345	Disease@MESH:D000544	0
Gene@10418	Mutation@rs11606345	Disease@MESH:D003072	0
Gene@10418	Mutation@rs11606345	Disease@MESH:D003704	0
Gene@10418	Mutation@rs11606345	Disease@MESH:D002544	0
Gene@10418	Mutation@rs11606345	Disease@MESH:D003920	0
Gene@10418	Mutation@rs11606345	Disease@MESH:C537032	0
Gene@10418	Mutation@rs440277	Disease@MESH:D000544	0
Gene@10418	Mutation@rs440277	Disease@MESH:D003072	0
Gene@10418	Mutation@rs440277	Disease@MESH:D003704	0
Gene@10418	Mutation@rs440277	Disease@MESH:D002544	0
Gene@10418	Mutation@rs440277	Disease@MESH:D003920	0
Gene@10418	Mutation@rs440277	Disease@MESH:C537032	0
Gene@10418	Mutation@rs1354106	Disease@MESH:D000544	0
Gene@10418	Mutation@rs1354106	Disease@MESH:D003072	0
Gene@60412	Mutation@rs11770757	Disease@MESH:D000544	1
Gene@60412	Mutation@rs11770757	Disease@MESH:D003072	1
Gene@2567	Mutation@rs74006954	Disease@MESH:D000544	1
Gene@2567	Mutation@rs74006954	Disease@MESH:D003072	1
Gene@57687	Mutation@rs9934540	Disease@MESH:D000544	1
Gene@57687	Mutation@rs9934540	Disease@MESH:D003072	1
Gene@23413	Mutation@rs4836694	Disease@MESH:D000544	1
Gene@23413	Mutation@rs4836694	Disease@MESH:D003072	1
Gene@8913	Mutation@rs117964204	Disease@MESH:D000544	1
Gene@8913	Mutation@rs117964204	Disease@MESH:D003072	1
Gene@3990	Mutation@rs17301739	Disease@MESH:D000544	1
Gene@3990	Mutation@rs17301739	Disease@MESH:D003072	1
Gene@114881	Mutation@rs4794202	Disease@MESH:D000544	1
Gene@114881	Mutation@rs4794202	Disease@MESH:D003072	1
Gene@23072	Mutation@rs17172199	Disease@MESH:D000544	1
Gene@23072	Mutation@rs17172199	Disease@MESH:D003072	1
Gene@64478	Mutation@rs73660619	Disease@MESH:D000544	1
Gene@64478	Mutation@rs73660619	Disease@MESH:D003072	1
Gene@196051	Mutation@rs118048115	Disease@MESH:D000544	1
Gene@196051	Mutation@rs118048115	Disease@MESH:D003072	1
Gene@5682	Mutation@rs11023139	Disease@MESH:D000544	1
Gene@5682	Mutation@rs11023139	Disease@MESH:D003072	1
Gene@57569	Mutation@rs326946	Disease@MESH:D000544	1
Gene@57569	Mutation@rs326946	Disease@MESH:D003072	1
Gene@9498	Mutation@rs147845115	Disease@MESH:D000544	1
Gene@9498	Mutation@rs147845115	Disease@MESH:D003072	1
Gene@124995	Mutation@rs4794202	Disease@MESH:D000544	1
Gene@124995	Mutation@rs4794202	Disease@MESH:D003072	1
