Gene@6185	Mutation@rs3213787	Disease@MESH:D005901	0
Gene@6185	Mutation@rs3213787	Disease@MESH:D005902	0
Gene@6185	Mutation@rs3213787	Disease@MESH:C531604	0
Gene@6185	Mutation@rs3213787	Disease@MESH:D006009	0
Gene@6185	Mutation@rs3213787	Disease@MESH:D014786	0
Gene@6185	Mutation@rs3213787	Disease@MESH:D020221	0
Gene@6185	Mutation@rs3213787	Disease@MESH:C565547	0
Gene@6185	Mutation@rs3213787	Disease@MESH:C537005	0
Gene@6185	Mutation@rs3213787	Disease@MESH:D000275	0
Gene@6185	Mutation@rs3213787	Disease@MESH:D009901	0
Gene@6185	Mutation@rs3213787	Disease@MESH:D012163	0
Gene@6185	Mutation@rs3213787	Disease@MESH:D005355	0
Gene@6185	Mutation@rs3213787	Disease@MESH:C536309	0
Gene@6185	Mutation@rs3213787	Disease@MESH:D001284	0
Gene@6185	Mutation@rs3213787	Disease@MESH:D006470	0
Gene@6185	Mutation@rs3213787	Disease@MESH:D002921	0
Gene@6185	Mutation@rs3213787	Disease@OMIM:615458	0
Gene@6185	Mutation@rs3213787	Disease@MESH:D003920	0
Gene@6185	Mutation@rs3213787	Disease@MESH:C000656865	0
Gene@6185	Mutation@rs3213787	Disease@MESH:D009798	0
