Gene@54809	Mutation@rs6859	Disease@MESH:D000544	0
Gene@54809	Mutation@rs6859	Disease@MESH:D003704	0
Gene@54809	Mutation@rs6859	Disease@MESH:D003920	0
Gene@54809	Mutation@rs6859	Disease@MESH:D006973	0
Gene@54809	Mutation@rs6859	Disease@MESH:D006259	0
Gene@54809	Mutation@rs6859	Disease@MESH:D003072	0
Gene@54809	Mutation@rs6859	Disease@MESH:D007806	0
Gene@54809	Mutation@rs6859	Disease@MESH:D016736	0
Gene@54809	Mutation@rs6859	Disease@MESH:D001523	0
Gene@54809	Mutation@rs6859	Disease@MESH:D008569	0
Gene@54809	Mutation@rs6859	Disease@MESH:D003324	0
Gene@54809	Mutation@rs6859	Disease@MESH:D001321	0
Gene@54809	Mutation@rs6859	Disease@MESH:D000067877	0
Gene@54809	Mutation@rs6859	Disease@MESH:D007805	0
Gene@54809	Mutation@rs6859	Disease@OMIM:176500	0
Gene@54809	Mutation@rs6859	Disease@MESH:D001281	0
Gene@54809	Mutation@rs6859	Disease@MESH:C000656865	0
Gene@54809	Mutation@rs157582	Disease@MESH:D000544	0
Gene@54809	Mutation@rs157582	Disease@MESH:D003704	0
Gene@54809	Mutation@rs157582	Disease@MESH:D003920	0
Gene@5819	Mutation@rs6859	Disease@MESH:D000544	1
Gene@22950	Mutation@rs17006206	Disease@MESH:D000544	1
Gene@353497	Mutation@rs1923775	Disease@MESH:D000544	1
