Gene@6653	Mutation@rs3781834	Disease@MESH:D000544	0
Gene@6653	Mutation@rs3781834	Disease@MESH:D019636	0
Gene@6653	Mutation@rs3781834	Disease@MESH:D003072	0
Gene@6653	Mutation@rs3781834	Disease@MESH:D008569	0
Gene@6653	Mutation@rs3781834	Disease@MESH:D003704	0
Gene@6653	Mutation@rs3781834	Disease@MESH:D009422	0
Gene@6653	Mutation@rs3781834	Disease@MESH:D002544	0
Gene@6653	Mutation@rs3781834	Disease@MESH:D001932	0
Gene@6653	Mutation@rs3781834	Disease@MESH:D006480	0
Gene@6653	Mutation@rs3781834	Disease@MESH:D002561	0
Gene@6653	Mutation@rs3781834	Disease@MESH:D000686	0
Gene@6653	Mutation@rs11218343	Disease@MESH:D000544	1
Gene@6653	Mutation@rs11218343	Disease@MESH:D019636	0
Gene@6653	Mutation@rs11218343	Disease@MESH:D003072	0
Gene@6653	Mutation@rs11218343	Disease@MESH:D008569	0
Gene@6653	Mutation@rs11218343	Disease@MESH:D003704	0
Gene@6653	Mutation@rs11218343	Disease@MESH:D009422	0
