Gene@169792	Mutation@rs1884613	Disease@MESH:D003920	0
Gene@169792	Mutation@rs1884613	Disease@MESH:D003924	0
Gene@169792	Mutation@rs1884613	Disease@MESH:D003922	0
Gene@169792	Mutation@rs1884613	Disease@MESH:D010195	0
Gene@169792	Mutation@rs1884613	Disease@MESH:D050171	0
Gene@169792	Mutation@rs1884613	Disease@MESH:D006973	0
Gene@169792	Mutation@rs1884613	Disease@MESH:D009765	0
Gene@169792	Mutation@rs1884613	Disease@MESH:D018149	0
Gene@169792	Mutation@rs1884613	Disease@MESH:D007662	0
Gene@169792	Mutation@rs1884613	Disease@MESH:D008659	0
Gene@169792	Mutation@rs1884613	Disease@MESH:D050197	0
Gene@169792	Mutation@rs1884613	Disease@MESH:D006946	0
Gene@169792	Mutation@rs2144908	Disease@MESH:D003920	0
Gene@169792	Mutation@rs2144908	Disease@MESH:D003924	0
Gene@169792	Mutation@rs2144908	Disease@MESH:D003922	0
Gene@169792	Mutation@rs2144908	Disease@MESH:D010195	0
Gene@169792	Mutation@rs2144908	Disease@MESH:D050171	0
Gene@169792	Mutation@rs2144908	Disease@MESH:D006973	0
Gene@169792	Mutation@rs2144908	Disease@MESH:D009765	0
Gene@169792	Mutation@rs7041847	Disease@MESH:D003920	1
Gene@169792	Mutation@rs7041847	Disease@MESH:D003924	1
Gene@5184	Mutation@rs3786897	Disease@MESH:D003920	1
Gene@5184	Mutation@rs3786897	Disease@MESH:D003924	1
Gene@128486	Mutation@rs6017317	Disease@MESH:D003920	1
Gene@128486	Mutation@rs6017317	Disease@MESH:D003924	1
Gene@83795	Mutation@rs1535500	Disease@MESH:D003920	1
Gene@83795	Mutation@rs1535500	Disease@MESH:D003924	1
Gene@10296	Mutation@rs6815464	Disease@MESH:D003920	1
Gene@10296	Mutation@rs6815464	Disease@MESH:D003924	1
Gene@79571	Mutation@rs6467136	Disease@MESH:D003920	1
Gene@79571	Mutation@rs6467136	Disease@MESH:D003924	1
Gene@9861	Mutation@rs831571	Disease@MESH:D003920	1
Gene@9861	Mutation@rs831571	Disease@MESH:D003924	1
Gene@60685	Mutation@rs9470794	Disease@MESH:D003920	1
Gene@60685	Mutation@rs9470794	Disease@MESH:D003924	1
Gene@3172	Mutation@rs6017317	Disease@MESH:D003920	1
Gene@3172	Mutation@rs6017317	Disease@MESH:D003924	1
Gene@140902	Mutation@rs6017317	Disease@MESH:D003920	1
Gene@140902	Mutation@rs6017317	Disease@MESH:D003924	1
Gene@80790	Mutation@rs16955379	Disease@MESH:D003920	1
Gene@80790	Mutation@rs16955379	Disease@MESH:D003924	1
Gene@51741	Mutation@rs17797882	Disease@MESH:D003920	1
Gene@51741	Mutation@rs17797882	Disease@MESH:D003924	1
