Gene@5890	Mutation@rs1314913	Disease@MESH:D018567	1
Gene@5890	Mutation@rs1314913	Disease@MESH:D001943	1
Gene@5890	Mutation@rs1314913	Disease@MESH:D004342	0
Gene@5890	Mutation@rs1314913	Disease@MESH:C537834	0
Gene@5890	Mutation@rs3803662	Disease@MESH:D018567	0
Gene@5890	Mutation@rs3803662	Disease@MESH:D001943	0
Gene@5890	Mutation@rs3803662	Disease@MESH:D004342	0
Gene@5890	Mutation@rs3803662	Disease@MESH:C537834	0
Gene@5890	Mutation@rs999737	Disease@MESH:D018567	0
Gene@5890	Mutation@rs999737	Disease@MESH:D001943	0
Gene@5890	Mutation@rs999737	Disease@MESH:D004342	0
Gene@5890	Mutation@rs999737	Disease@MESH:C537834	0
Gene@5890	Mutation@rs1316014	Disease@MESH:D018567	0
Gene@5890	Mutation@rs1316014	Disease@MESH:D001943	0
Gene@5890	Mutation@rs1316014	Disease@MESH:D004342	0
Gene@5890	Mutation@rs1316014	Disease@MESH:C537834	0
Gene@5890	Mutation@rs3083662	Disease@MESH:D018567	0
Gene@5890	Mutation@rs3083662	Disease@MESH:D001943	0
Gene@5890	Mutation@rs3083662	Disease@MESH:D004342	0
Gene@5890	Mutation@rs3083662	Disease@MESH:C537834	0
Gene@27324	Mutation@rs3803662	Disease@MESH:D018567	1
Gene@27324	Mutation@rs3803662	Disease@MESH:D001943	1
