Gene@10178	Mutation@rs9934948	Disease@MESH:D001943	0
Gene@10178	Mutation@rs9934948	Disease@MESH:D009369	0
Gene@10178	Mutation@rs9934948	Disease@MESH:D009190	0
Gene@10178	Mutation@rs9934948	Disease@MESH:D003643	0
Gene@10178	Mutation@rs9934948	Disease@MESH:D009362	0
Gene@10178	Mutation@rs9934948	Disease@MESH:D000275	0
Gene@10178	Mutation@rs9934948	Disease@MESH:D030342	0
Gene@10178	Mutation@rs3784099	Disease@MESH:D001943	0
Gene@10178	Mutation@rs3784099	Disease@MESH:D009369	0
Gene@10178	Mutation@rs3784099	Disease@MESH:D009190	0
Gene@10178	Mutation@rs3784099	Disease@MESH:D003643	0
Gene@10178	Mutation@rs3784099	Disease@MESH:D009362	0
Gene@10178	Mutation@rs3784099	Disease@MESH:D000275	0
Gene@10178	Mutation@rs3784099	Disease@MESH:D030342	0
Gene@10178	Mutation@rs4778137	Disease@MESH:D001943	0
Gene@10178	Mutation@rs4778137	Disease@MESH:D009369	0
Gene@10178	Mutation@rs4778137	Disease@MESH:D009190	0
Gene@10178	Mutation@rs4778137	Disease@MESH:D003643	0
Gene@10178	Mutation@rs4778137	Disease@MESH:D009362	0
Gene@10178	Mutation@rs4778137	Disease@MESH:D000275	0
Gene@5890	Mutation@rs3784099	Disease@MESH:D001943	1
