Gene@1387	Mutation@rs1419327205	Disease@MESH:D003920	0
Gene@1387	Mutation@rs1419327205	Disease@MESH:D003924	0
Gene@1387	Mutation@rs1419327205	Disease@MESH:D008659	0
Gene@1387	Mutation@rs1419327205	Disease@MESH:C566800	0
Gene@1387	Mutation@rs1419327205	Disease@MESH:D018149	0
Gene@1387	Mutation@rs1419327205	Disease@MESH:D000740	0
Gene@1387	Mutation@rs1419327205	Disease@MESH:D004194	0
Gene@1387	Mutation@rs1419327205	Disease@MESH:D003922	0
Gene@1387	Mutation@rs1419327205	Disease@MESH:D009765	0
Gene@1387	Mutation@rs1419327205	Disease@MESH:D010195	0
Gene@1387	Mutation@rs1419327205	Disease@MESH:D043183	0
Gene@1387	Mutation@rs1419327205	Disease@MESH:D053307	0
Gene@1387	Mutation@rs1419327205	Disease@MESH:D001172	0
Gene@1387	Mutation@rs1419327205	Disease@MESH:D009203	0
Gene@1387	Mutation@rs1419327205	Disease@MESH:D030342	0
Gene@57178	Mutation@rs12571751	Disease@MESH:D003920	1
Gene@57178	Mutation@rs12571751	Disease@MESH:D003924	1
Gene@286	Mutation@rs516946	Disease@MESH:D003920	1
Gene@286	Mutation@rs516946	Disease@MESH:D003924	1
Gene@57542	Mutation@rs10842994	Disease@MESH:D003920	1
Gene@57542	Mutation@rs10842994	Disease@MESH:D003924	1
Gene@10363	Mutation@rs7177055	Disease@MESH:D003920	1
Gene@10363	Mutation@rs7177055	Disease@MESH:D003924	1
Gene@2888	Mutation@rs13389219	Disease@MESH:D003920	1
Gene@2888	Mutation@rs13389219	Disease@MESH:D003924	1
Gene@2888	Mutation@rs3923113	Disease@MESH:D003920	1
Gene@2888	Mutation@rs3923113	Disease@MESH:D003924	1
Gene@4160	Mutation@rs11873305	Disease@MESH:D003920	1
Gene@4160	Mutation@rs11873305	Disease@MESH:D003924	1
Gene@4160	Mutation@rs12970134	Disease@MESH:D003920	1
Gene@4160	Mutation@rs12970134	Disease@MESH:D003924	1
Gene@148113	Mutation@rs10401969	Disease@MESH:D003920	1
Gene@148113	Mutation@rs10401969	Disease@MESH:D003924	1
Gene@79722	Mutation@rs459193	Disease@MESH:D003920	1
Gene@79722	Mutation@rs459193	Disease@MESH:D003924	1
Gene@3784	Mutation@rs231361	Disease@MESH:D003920	1
Gene@3784	Mutation@rs231361	Disease@MESH:D003924	1
Gene@3784	Mutation@rs163184	Disease@MESH:D003920	1
Gene@3784	Mutation@rs163184	Disease@MESH:D003924	1
Gene@1029;1030	Mutation@rs10811661	Disease@MESH:D003920	1
Gene@1029;1030	Mutation@rs10811661	Disease@MESH:D003924	1
Gene@1607	Mutation@rs17168486	Disease@MESH:D003920	1
Gene@1607	Mutation@rs17168486	Disease@MESH:D003924	1
Gene@1607	Mutation@rs6960043	Disease@MESH:D003920	1
Gene@1607	Mutation@rs6960043	Disease@MESH:D003924	1
Gene@894	Mutation@rs11063069	Disease@MESH:D003920	1
Gene@894	Mutation@rs11063069	Disease@MESH:D003924	1
Gene@2696	Mutation@rs8108269	Disease@MESH:D003920	1
Gene@2696	Mutation@rs8108269	Disease@MESH:D003924	1
Gene@53335	Mutation@rs243088	Disease@MESH:D003920	1
Gene@53335	Mutation@rs243088	Disease@MESH:D003924	1
Gene@9564	Mutation@rs7202877	Disease@MESH:D003920	1
Gene@9564	Mutation@rs7202877	Disease@MESH:D003924	1
