Gene@56911	Mutation@rs9485372	Disease@MESH:D001943	0
Gene@56911	Mutation@rs9485372	Disease@MESH:D009369	0
Gene@56911	Mutation@rs9485372	Disease@MESH:D063646	0
Gene@56911	Mutation@rs9485372	Disease@MESH:D010051	0
Gene@56911	Mutation@rs9485372	Disease@MESH:D016889	0
Gene@56911	Mutation@rs9485372	Disease@MESH:D017093	0
Gene@56911	Mutation@rs9383951	Disease@MESH:D001943	0
Gene@56911	Mutation@rs9383951	Disease@MESH:D009369	0
Gene@56911	Mutation@rs9383951	Disease@MESH:D063646	0
Gene@56911	Mutation@rs9383951	Disease@MESH:D010051	0
Gene@56911	Mutation@rs9383951	Disease@MESH:D016889	0
Gene@56911	Mutation@rs9383951	Disease@MESH:D017093	0
Gene@56911	Mutation@rs7107217	Disease@MESH:D001943	0
Gene@56911	Mutation@rs7107217	Disease@MESH:D009369	0
Gene@56911	Mutation@rs7107217	Disease@MESH:D063646	0
Gene@56911	Mutation@rs7107217	Disease@MESH:D010051	0
Gene@56911	Mutation@rs7107217	Disease@MESH:D016889	0
Gene@56911	Mutation@rs7107217	Disease@MESH:D017093	0
Gene@56911	Mutation@rs2046210	Disease@MESH:D001943	0
Gene@56911	Mutation@rs2046210	Disease@MESH:D009369	0
Gene@2099	Mutation@rs9383951	Disease@MESH:D001943	1
Gene@8538	Mutation@rs7107217	Disease@MESH:D001943	1
Gene@120224	Mutation@rs7107217	Disease@MESH:D001943	1
