Gene@274	Mutation@rs3851179	Disease@MESH:D000544	0
Gene@274	Mutation@rs3851179	Disease@MESH:D003072	0
Gene@274	Mutation@rs3851179	Disease@MESH:D019636	0
Gene@274	Mutation@rs3851179	Disease@MESH:D008569	0
Gene@274	Mutation@rs3851179	Disease@MESH:D000849	0
Gene@274	Mutation@rs3851179	Disease@MESH:D010300	0
Gene@274	Mutation@rs3851179	Disease@MESH:D007249	0
Gene@274	Mutation@rs3851179	Disease@MESH:D009765	0
Gene@274	Mutation@rs3851179	Disease@MESH:D003920	0
Gene@274	Mutation@rs3851179	Disease@MESH:D003704	0
Gene@274	Mutation@rs3851179	Disease@MESH:D009369	0
Gene@274	Mutation@rs3851179	Disease@MESH:C562934	0
Gene@274	Mutation@rs3851179	Disease@MESH:D007951	0
Gene@274	Mutation@rs3851179	Disease@MESH:D017887	0
Gene@274	Mutation@rs3851179	Disease@MESH:D001523	0
Gene@274	Mutation@rs3851179	Disease@MESH:D009190	0
Gene@274	Mutation@rs3851179	Disease@MESH:D016657	0
Gene@274	Mutation@rs3851179	Disease@MESH:D001284	0
Gene@274	Mutation@rs3851179	Disease@MESH:D003643	0
Gene@274	Mutation@rs3851179	Disease@MESH:D009202	0
Gene@274	Mutation@rs12989701	Disease@MESH:D000544	1
Gene@274	Mutation@rs744373	Disease@MESH:D000544	1
