Gene@348	Mutation@rs528823	Disease@MESH:D000544	0
Gene@348	Mutation@rs528823	Disease@MESH:D009422	0
Gene@348	Mutation@rs528823	Disease@MESH:D003072	0
Gene@348	Mutation@rs528823	Disease@MESH:D019636	0
Gene@348	Mutation@rs528823	Disease@MESH:D009410	0
Gene@348	Mutation@rs528823	Disease@MESH:D005199	0
Gene@348	Mutation@rs528823	Disease@MESH:C537089	0
Gene@348	Mutation@rs528823	Disease@MESH:D008569	0
Gene@348	Mutation@rs528823	Disease@MESH:D007029	0
Gene@348	Mutation@rs528823	Disease@MESH:D020258	0
Gene@348	Mutation@rs528823	Disease@MESH:D000275	0
Gene@348	Mutation@rs528823	Disease@MESH:D003704	0
Gene@348	Mutation@rs528823	Disease@MESH:D009103	0
Gene@348	Mutation@rs528823	Disease@MESH:C564884	0
Gene@348	Mutation@rs528823	Disease@MESH:D008175	0
Gene@348	Mutation@rs528823	Disease@MESH:C537866	0
Gene@348	Mutation@rs528823	Disease@MESH:D056784	0
Gene@348	Mutation@rs2075650	Disease@MESH:D000544	1
Gene@10452	Mutation@rs2075650	Disease@MESH:D000544	1
Gene@341	Mutation@rs2075650	Disease@MESH:D000544	1
Gene@5819	Mutation@rs2075650	Disease@MESH:D000544	1
Gene@2177	Mutation@rs1552244	Disease@MESH:D000544	1
Gene@4059	Mutation@rs2075650	Disease@MESH:D000544	1
Gene@90332	Mutation@rs2075650	Disease@MESH:D000544	1
Gene@115795	Mutation@rs1552244	Disease@MESH:D000544	1
