Gene@246213	Mutation@rs12296850	Disease@MESH:D002294	0
Gene@246213	Mutation@rs12296850	Disease@MESH:D000230	0
Gene@246213	Mutation@rs12296850	Disease@MESH:D008175	0
Gene@246213	Mutation@rs12296850	Disease@MESH:D008171	0
Gene@246213	Mutation@rs12296850	Disease@MESH:D063646	0
Gene@246213	Mutation@rs12296850	Disease@MESH:D003643	0
Gene@246213	Mutation@rs12296850	Disease@MESH:D009369	0
Gene@246213	Mutation@rs12296850	Disease@MESH:D007249	0
Gene@246213	Mutation@rs12296850	Disease@MESH:D018288	0
Gene@246213	Mutation@rs12296850	Disease@MESH:D000077192	0
Gene@246213	Mutation@rs12296850	Disease@MESH:C535460	0
Gene@246213	Mutation@rs12296850	Disease@MESH:D009837	0
Gene@246213	Mutation@rs12296850	Disease@MESH:D015179	0
Gene@246213	Mutation@rs12296850	Disease@MESH:D002289	0
Gene@246213	Mutation@rs12296850	Disease@MESH:D003528	0
Gene@246213	Mutation@rs12296850	Disease@MESH:D011471	0
Gene@246213	Mutation@rs12296850	Disease@MESH:D001749	0
Gene@246213	Mutation@rs12296850	Disease@MESH:D010190	0
Gene@246213	Mutation@rs12296850	Disease@MESH:D058729	0
Gene@246213	Mutation@rs12296850	Disease@MESH:D005910	0
