Gene@1295	Mutation@rs1061170	Disease@MESH:D001766	0
Gene@1295	Mutation@rs1061170	Disease@MESH:D006009	0
Gene@1295	Mutation@rs1061170	Disease@MESH:D003643	0
Gene@1295	Mutation@rs1061170	Disease@MESH:D014786	0
Gene@1295	Mutation@rs1061170	Disease@MESH:D019636	0
Gene@1295	Mutation@rs1061170	Disease@MESH:D057092	0
Gene@1295	Mutation@rs1061170	Disease@MESH:D020178	0
Gene@1295	Mutation@rs1061170	Disease@MESH:D050197	0
Gene@1295	Mutation@rs1061170	Disease@MESH:D015861	0
Gene@1295	Mutation@rs1061170	Disease@MESH:D000309	0
Gene@1295	Mutation@rs1061170	Disease@MESH:C538007	0
Gene@1295	Mutation@rs1061170	Disease@MESH:D008268	0
Gene@1295	Mutation@rs1061170	Disease@MESH:D003920	0
Gene@1295	Mutation@rs1061170	Disease@MESH:D016751	0
Gene@1295	Mutation@rs1061170	Disease@MESH:C536108	0
Gene@1295	Mutation@rs1061170	Disease@MESH:C536514	0
Gene@1295	Mutation@rs1061170	Disease@MESH:C000656865	0
Gene@1295	Mutation@rs1061170	Disease@MESH:C538100	0
Gene@1295	Mutation@rs1061170	Disease@MESH:C566367	0
Gene@387715	Mutation@rs10490924	Disease@MESH:D008268	1
Gene@3075	Mutation@rs10737680	Disease@MESH:D008268	1
Gene@717	Mutation@rs429608	Disease@MESH:D008268	1
Gene@1300	Mutation@rs3812111	Disease@MESH:D008268	1
Gene@629	Mutation@rs429608	Disease@MESH:D008268	1
Gene@348	Mutation@rs4420638	Disease@MESH:D008268	1
Gene@5654	Mutation@rs10490924	Disease@MESH:D008268	1
Gene@3426	Mutation@rs4698775	Disease@MESH:D008268	1
