Gene@6101	Mutation@rs9362054	Disease@MESH:D003920	0
Gene@6101	Mutation@rs9362054	Disease@MESH:D050171	0
Gene@6101	Mutation@rs9362054	Disease@MESH:D003922	0
Gene@6101	Mutation@rs9362054	Disease@MESH:D006973	0
Gene@6101	Mutation@rs9362054	Disease@MESH:D006943	0
Gene@6101	Mutation@rs9362054	Disease@MESH:D014786	0
Gene@6101	Mutation@rs9362054	Disease@MESH:D003924	0
Gene@6101	Mutation@rs9362054	Disease@MESH:D011507	0
Gene@6101	Mutation@rs9362054	Disease@MESH:D008269	0
Gene@6101	Mutation@rs9362054	Disease@MESH:D003928	0
Gene@6101	Mutation@rs9362054	Disease@MESH:C563991	0
Gene@6101	Mutation@rs9362054	Disease@MESH:C000656865	0
Gene@6101	Mutation@rs9362054	Disease@MESH:D012164	0
Gene@6101	Mutation@rs9362054	Disease@MESH:D012162	0
Gene@6101	Mutation@rs9362054	Disease@MESH:D002543	0
Gene@6101	Mutation@rs9362054	Disease@MESH:D007674	0
Gene@6101	Mutation@rs9362054	Disease@MESH:D006201	0
Gene@6101	Mutation@rs9362054	Disease@MESH:D055954	0
Gene@6101	Mutation@rs9362054	Disease@OMIM:603933	0
Gene@22832	Mutation@rs9362054	Disease@MESH:D003920	1
Gene@22832	Mutation@rs9362054	Disease@MESH:D003924	1
Gene@9096	Mutation@rs9362054	Disease@MESH:D003920	1
Gene@9096	Mutation@rs9362054	Disease@MESH:D003924	1
