Gene@351	Mutation@rs9877502	Disease@MESH:D000544	0
Gene@351	Mutation@rs9877502	Disease@MESH:D007249	0
Gene@351	Mutation@rs9877502	Disease@MESH:D019636	0
Gene@351	Mutation@rs9877502	Disease@MESH:D001523	0
Gene@351	Mutation@rs9877502	Disease@MESH:D012559	0
Gene@351	Mutation@rs9877502	Disease@MESH:D010300	0
Gene@351	Mutation@rs9877502	Disease@MESH:D003072	0
Gene@351	Mutation@rs9877502	Disease@MESH:D009369	0
Gene@351	Mutation@rs9877502	Disease@MESH:D007674	0
Gene@351	Mutation@rs9877502	Disease@MESH:C565169	0
Gene@351	Mutation@rs9877502	Disease@MESH:D009336	0
Gene@351	Mutation@rs9877502	Disease@MESH:D003324	0
Gene@351	Mutation@rs9877502	Disease@MESH:D001249	0
Gene@351	Mutation@rs9877502	Disease@MESH:D001791	0
Gene@351	Mutation@rs9877502	Disease@MESH:D009447	0
Gene@351	Mutation@rs9877502	Disease@MESH:D064420	0
Gene@351	Mutation@rs9877502	Disease@MESH:D011565	0
Gene@351	Mutation@rs9877502	Disease@MESH:D001172	0
Gene@351	Mutation@rs9877502	Disease@MESH:D050197	0
Gene@1238	Mutation@Rs2228467	Disease@MESH:D000544	1
Gene@9034	Mutation@rs6808835	Disease@MESH:D000544	1
Gene@1234	Mutation@rs6808835	Disease@MESH:D000544	1
Gene@729230	Mutation@rs6808835	Disease@MESH:D000544	1
Gene@126668	Mutation@rs61812598	Disease@MESH:D000544	1
Gene@100288077	Mutation@rs573521	Disease@MESH:D000544	1
Gene@126669	Mutation@rs61812598	Disease@MESH:D000544	1
Gene@1232	Mutation@rs6808835	Disease@MESH:D000544	1
