Gene@10	Mutation@rs7533564	Disease@MESH:D003922	0
Gene@10	Mutation@rs7533564	Disease@MESH:D003920	0
Gene@10	Mutation@rs7533564	Disease@MESH:D003925	0
Gene@10	Mutation@rs7533564	Disease@MESH:D009422	0
Gene@10	Mutation@rs7533564	Disease@MESH:D006943	0
Gene@10	Mutation@rs7533564	Disease@MESH:D012164	0
Gene@10	Mutation@rs7533564	Disease@MESH:D007674	0
Gene@10	Mutation@rs7533564	Disease@MESH:D008133	0
Gene@10	Mutation@rs7533564	Disease@MESH:D018149	0
Gene@10	Mutation@rs7533564	Disease@MESH:D010859	0
Gene@10	Mutation@rs7533564	Disease@MESH:D051436	0
Gene@10	Mutation@rs7533564	Disease@MESH:C567193	0
Gene@10	Mutation@rs7533564	Disease@MESH:D003324	0
Gene@10	Mutation@rs7533564	Disease@MESH:D007003	0
Gene@10	Mutation@rs7533564	Disease@MESH:D007676	0
Gene@10	Mutation@rs7533564	Disease@MESH:D003924	0
Gene@10	Mutation@rs7533564	Disease@MESH:C000656865	0
