Gene@1956	Mutation@rs9387478	Disease@MESH:D008175	0
Gene@1956	Mutation@rs9387478	Disease@MESH:D009369	0
Gene@1956	Mutation@rs9387478	Disease@MESH:D003643	0
Gene@1956	Mutation@rs9387478	Disease@MESH:D000230	0
Gene@1956	Mutation@rs9387478	Disease@MESH:D002294	0
Gene@1956	Mutation@rs9387478	Disease@MESH:D004342	0
Gene@1956	Mutation@rs9387478	Disease@MESH:C536203	0
Gene@1956	Mutation@rs9387478	Disease@MESH:D015179	0
Gene@1956	Mutation@rs9387478	Disease@MESH:D063646	0
Gene@1956	Mutation@rs9387478	Disease@MESH:D000077192	0
Gene@1956	Mutation@rs9387478	Disease@MESH:D002289	0
Gene@1956	Mutation@rs9387478	Disease@MESH:D009362	0
Gene@1956	Mutation@rs9387478	Disease@MESH:D006689	0
Gene@1956	Mutation@rs9387478	Disease@MESH:D003922	0
Gene@1956	Mutation@rs9387478	Disease@MESH:D003093	0
Gene@1956	Mutation@rs9387478	Disease@MESH:D002318	0
Gene@1956	Mutation@rs9387478	Disease@MESH:D010190	0
Gene@1956	Mutation@rs9387478	Disease@MESH:D009422	0
Gene@1956	Mutation@rs9387478	Disease@MESH:D013274	0
Gene@1956	Mutation@rs9387478	Disease@MESH:D003092	0
Gene@8626	Mutation@rs4488809	Disease@MESH:D008175	1
Gene@8626	Mutation@rs4488809	Disease@MESH:D009369	1
Gene@8626	Mutation@rs4488809	Disease@MESH:D063646	1
Gene@8626	Mutation@rs4488809	Disease@MESH:D002289	1
Gene@143187	Mutation@rs7086803	Disease@MESH:D008175	1
Gene@143187	Mutation@rs7086803	Disease@MESH:D009369	1
Gene@143187	Mutation@rs7086803	Disease@MESH:D063646	1
Gene@143187	Mutation@rs7086803	Disease@MESH:D002289	1
