Gene@440926	Mutation@rs1058018	Disease@MESH:D003924	0
Gene@440926	Mutation@rs1058018	Disease@MESH:D006528	0
Gene@440926	Mutation@rs1058018	Disease@MESH:D001749	0
Gene@440926	Mutation@rs1058018	Disease@MESH:D010190	0
Gene@440926	Mutation@rs1058018	Disease@MESH:D003920	0
Gene@440926	Mutation@rs1058018	Disease@MESH:D005776	0
Gene@440926	Mutation@rs1058018	Disease@MESH:D043183	0
Gene@440926	Mutation@rs1058018	Disease@MESH:D009369	0
Gene@440926	Mutation@rs1058018	Disease@MESH:D018198	0
Gene@440926	Mutation@rs1058018	Disease@MESH:D008223	0
Gene@440926	Mutation@rs1058018	Disease@MESH:D012509	0
Gene@440926	Mutation@rs1058018	Disease@MESH:D002609	0
Gene@440926	Mutation@rs1058018	Disease@MESH:D015470	0
Gene@440926	Mutation@rs1058018	Disease@MESH:C567355	0
Gene@440926	Mutation@rs1058018	Disease@MESH:D001943	0
Gene@440926	Mutation@rs1058018	Disease@MESH:D000077274	0
Gene@440926	Mutation@rs1058018	Disease@MESH:D015179	0
Gene@4094	Mutation@rs1058018	Disease@MESH:D003924	0
Gene@4094	Mutation@rs1058018	Disease@MESH:D006528	0
