Gene@2099	Mutation@rs148760487	Disease@MESH:D001943	0
Gene@2099	Mutation@rs148760487	Disease@MESH:D009369	0
Gene@2099	Mutation@rs148760487	Disease@MESH:D003643	0
Gene@2099	Mutation@rs148760487	Disease@MESH:C567782	0
Gene@2099	Mutation@rs148760487	Disease@MESH:D012175	0
Gene@2099	Mutation@rs148760487	Disease@MESH:D020241	0
Gene@2099	Mutation@rs148760487	Disease@MESH:C538336	0
Gene@2099	Mutation@rs148760487	Disease@MESH:D014842	0
Gene@2099	Mutation@rs148760487	Disease@MESH:D000699	0
Gene@2099	Mutation@rs2059614	Disease@MESH:D001943	0
Gene@2099	Mutation@rs2059614	Disease@MESH:D009369	0
Gene@2099	Mutation@rs2059614	Disease@MESH:D003643	0
Gene@2099	Mutation@rs2059614	Disease@MESH:C567782	0
Gene@2099	Mutation@rs2059614	Disease@MESH:D012175	0
Gene@2099	Mutation@rs2059614	Disease@MESH:D020241	0
Gene@2099	Mutation@rs2059614	Disease@MESH:C538336	0
Gene@2099	Mutation@rs2059614	Disease@MESH:D014842	0
Gene@2099	Mutation@rs2059614	Disease@MESH:D000699	0
Gene@1111	Mutation@rs2059614	Disease@MESH:D001943	1
Gene@90134	Mutation@rs148760487	Disease@MESH:D001943	1
