Gene@1956	Mutation@rs2495239	Disease@MESH:D000077192	0
Gene@1956	Mutation@rs2495239	Disease@MESH:D009369	0
Gene@1956	Mutation@rs2495239	Disease@MESH:D008175	0
Gene@1956	Mutation@rs2495239	Disease@MESH:D003643	0
Gene@1956	Mutation@rs2495239	Disease@MESH:D012509	0
Gene@1956	Mutation@rs2495239	Disease@MESH:D002289	0
Gene@1956	Mutation@rs2495239	Disease@MESH:D009759	0
Gene@1956	Mutation@rs2495239	Disease@MESH:D005901	0
Gene@1956	Mutation@rs2495239	Disease@MESH:D002532	0
Gene@1956	Mutation@rs2495239	Disease@MESH:D029424	0
Gene@1956	Mutation@rs2495239	Disease@MESH:D004827	0
Gene@1956	Mutation@rs2495239	Disease@MESH:D014545	0
Gene@1956	Mutation@rs2495239	Disease@MESH:D009401	0
Gene@1956	Mutation@rs2495239	Disease@MESH:D006111	0
Gene@1956	Mutation@rs2495239	Disease@MESH:D003876	0
Gene@1956	Mutation@rs2495239	Disease@MESH:D002609	0
Gene@1956	Mutation@rs2495239	Disease@MESH:D000230	0
Gene@1956	Mutation@rs2495239	Disease@MESH:D002294	0
Gene@1956	Mutation@rs2179920	Disease@MESH:D000077192	0
Gene@7015	Mutation@rs2736100	Disease@MESH:D000077192	1
Gene@7015	Mutation@rs2736100	Disease@MESH:D009369	1
Gene@7015	Mutation@rs2736100	Disease@MESH:D008175	1
Gene@7015	Mutation@rs2736100	Disease@MESH:D000230	1
Gene@56244	Mutation@rs3817963	Disease@MESH:D000077192	1
Gene@56244	Mutation@rs3817963	Disease@MESH:D009369	1
Gene@56244	Mutation@rs3817963	Disease@MESH:D008175	1
Gene@56244	Mutation@rs3817963	Disease@MESH:D000230	1
Gene@116113	Mutation@rs2495239	Disease@MESH:D000077192	1
Gene@116113	Mutation@rs2495239	Disease@MESH:D009369	1
Gene@116113	Mutation@rs2495239	Disease@MESH:D008175	1
Gene@116113	Mutation@rs2495239	Disease@MESH:D000230	1
