Gene@1080	Mutation@p.508delF	Disease@MESH:D003550	0
Gene@1080	Mutation@p.508delF	Disease@MESH:D008171	0
Gene@1080	Mutation@p.508delF	Disease@MESH:D010188	0
Gene@1080	Mutation@p.508delF	Disease@MESH:D030342	0
Gene@1080	Mutation@p.508delF	Disease@MESH:D001229	0
Gene@1080	Mutation@p.508delF	Disease@MESH:D001249	0
Gene@1080	Mutation@p.508delF	Disease@MESH:D011552	0
Gene@1080	Mutation@p.508delF	Disease@MESH:D007415	0
Gene@1080	Mutation@p.508delF	Disease@MESH:D011014	0
Gene@1080	Mutation@p.508delF	Disease@MESH:D005355	0
Gene@1080	Mutation@p.508delF	Disease@MESH:D012497	0
Gene@1080	Mutation@p.508delF	Disease@MESH:D012559	0
Gene@1080	Mutation@p.508delF	Disease@MESH:D007239	0
Gene@1080	Mutation@p.508delF	Disease@MESH:D018496	0
Gene@1080	Mutation@p.508delF	Disease@MESH:D006335	0
Gene@1080	Mutation@p.508delF	Disease@MESH:D017086	0
Gene@1080	Mutation@p.508delF	Disease@MESH:D010146	0
Gene@1080	Mutation@rs57221529	Disease@MESH:D003550	0
Gene@1080	Mutation@rs57221529	Disease@MESH:D008171	0
Gene@4585	Mutation@rs3103933	Disease@MESH:D003550	1
Gene@4585	Mutation@rs3103933	Disease@MESH:D008171	1
Gene@200958	Mutation@rs3103933	Disease@MESH:D003550	1
Gene@200958	Mutation@rs3103933	Disease@MESH:D008171	1
Gene@6550	Mutation@rs57221529	Disease@MESH:D003550	1
Gene@6550	Mutation@rs57221529	Disease@MESH:D008171	1
Gene@186	Mutation@rs5952223	Disease@MESH:D003550	1
Gene@186	Mutation@rs5952223	Disease@MESH:D008171	1
Gene@11254	Mutation@rs5952223	Disease@MESH:D003550	1
Gene@11254	Mutation@rs5952223	Disease@MESH:D008171	1
Gene@55722	Mutation@rs57221529	Disease@MESH:D003550	1
Gene@55722	Mutation@rs57221529	Disease@MESH:D008171	1
