Gene@8029	Mutation@rs649529	Disease@MESH:D000419	0
Gene@8029	Mutation@rs649529	Disease@MESH:D003928	0
Gene@8029	Mutation@rs649529	Disease@MESH:D003920	0
Gene@8029	Mutation@rs649529	Disease@MESH:D007676	0
Gene@8029	Mutation@rs649529	Disease@MESH:D051436	0
Gene@8029	Mutation@rs649529	Disease@MESH:D003924	0
Gene@8029	Mutation@rs649529	Disease@MESH:D003925	0
Gene@8029	Mutation@rs649529	Disease@MESH:D006973	0
Gene@8029	Mutation@rs649529	Disease@MESH:C537145	0
Gene@8029	Mutation@rs649529	Disease@MESH:D009759	0
Gene@8029	Mutation@rs649529	Disease@MESH:D002609	0
Gene@8029	Mutation@rs649529	Disease@MESH:D050197	0
Gene@8029	Mutation@rs649529	Disease@MESH:D009369	0
Gene@8029	Mutation@rs649529	Disease@MESH:D009223	0
Gene@8029	Mutation@rs649529	Disease@MESH:D007674	0
Gene@8029	Mutation@rs649529	Disease@MESH:D044882	0
Gene@8029	Mutation@rs649529	Disease@MESH:D003922	0
Gene@8029	Mutation@rs649529	Disease@MESH:D006943	0
Gene@8029	Mutation@rs10795433	Disease@MESH:D000419	1
Gene@8029	Mutation@rs10795433	Disease@MESH:D003928	1
Gene@8029	Mutation@rs10795433	Disease@MESH:D003920	1
Gene@9394	Mutation@rs13427836	Disease@MESH:D000419	1
Gene@9394	Mutation@rs13427836	Disease@MESH:D003928	1
Gene@9394	Mutation@rs13427836	Disease@MESH:D003920	1
Gene@23682	Mutation@rs649529	Disease@MESH:D000419	1
Gene@23682	Mutation@rs649529	Disease@MESH:D003928	1
Gene@23682	Mutation@rs649529	Disease@MESH:D003920	1
