Gene@5445	Mutation@rs7627128	Disease@MESH:D002318	0
Gene@5445	Mutation@rs7627128	Disease@MESH:D003920	0
Gene@5445	Mutation@rs7627128	Disease@MESH:D006943	0
Gene@5445	Mutation@rs7627128	Disease@MESH:D050197	0
Gene@5445	Mutation@rs7627128	Disease@MESH:D007153	0
Gene@5445	Mutation@rs7627128	Disease@MESH:D016711	0
Gene@5445	Mutation@rs7627128	Disease@MESH:D016710	0
Gene@5445	Mutation@rs7627128	Disease@MESH:D014647	0
Gene@5445	Mutation@rs7627128	Disease@MESH:D009369	0
Gene@5445	Mutation@rs7627128	Disease@MESH:D009223	0
Gene@5445	Mutation@rs7627128	Disease@MESH:D050171	0
Gene@5445	Mutation@rs7627128	Disease@MESH:D007249	0
Gene@5445	Mutation@rs7627128	Disease@MESH:D010146	0
Gene@5445	Mutation@rs7627128	Disease@MESH:D020521	0
Gene@5445	Mutation@rs7627128	Disease@MESH:D003324	0
Gene@5445	Mutation@rs7627128	Disease@MESH:D015431	0
Gene@5445	Mutation@rs7627128	Disease@MESH:D006987	0
Gene@5445	Mutation@rs7627128	Disease@MESH:D005171	0
Gene@5445	Mutation@rs7627128	Disease@MESH:D016640	0
Gene@5445	Mutation@rs7493	Disease@MESH:D003920	1
Gene@5445	Mutation@rs7493	Disease@MESH:D003924	1
Gene@57575	Mutation@rs7694118	Disease@MESH:D003920	1
Gene@57575	Mutation@rs7694118	Disease@MESH:D003924	1
Gene@341640	Mutation@rs4526895	Disease@MESH:D003920	1
Gene@341640	Mutation@rs4526895	Disease@MESH:D003924	1
Gene@63895	Mutation@rs8093481	Disease@MESH:D003920	1
Gene@63895	Mutation@rs8093481	Disease@MESH:D003924	1
Gene@79788	Mutation@rs1133146	Disease@MESH:D003920	1
Gene@79788	Mutation@rs1133146	Disease@MESH:D003924	1
