Gene@84109	Mutation@rs4589926	Disease@MESH:D003920	0
Gene@84109	Mutation@rs4589926	Disease@MESH:D058606	0
Gene@84109	Mutation@rs4589926	Disease@MESH:D016884	0
Gene@84109	Mutation@rs4589926	Disease@MESH:D003922	0
Gene@84109	Mutation@rs4589926	Disease@MESH:D006331	0
Gene@84109	Mutation@rs4589926	Disease@MESH:D010195	0
Gene@84109	Mutation@rs4589926	Disease@MESH:D001327	0
Gene@84109	Mutation@rs4589926	Disease@MESH:D013967	0
Gene@84109	Mutation@rs4589926	Disease@MESH:D050031	0
Gene@84109	Mutation@rs4589926	Disease@MESH:D012769	0
Gene@84109	Mutation@rs4589926	Disease@MESH:D001172	0
Gene@84109	Mutation@rs4589926	Disease@MESH:D003093	0
Gene@84109	Mutation@rs4589926	Disease@MESH:D002446	0
Gene@84109	Mutation@rs4589926	Disease@MESH:D003643	0
Gene@84109	Mutation@rs4589926	Disease@MESH:D013959	0
Gene@84109	Mutation@rs4589926	Disease@MESH:D004700	0
Gene@84109	Mutation@rs4589926	Disease@MESH:C538275	0
Gene@84109	Mutation@rs4589926	Disease@MESH:D005910	0
Gene@84109	Mutation@rs4589926	Disease@MESH:D008105	0
Gene@84109	Mutation@rs4589926	Disease@MESH:D017093	0
Gene@84109	Mutation@rs7679475	Disease@MESH:D003920	1
Gene@84109	Mutation@rs7679475	Disease@MESH:D013967	1
Gene@84109	Mutation@rs7679475	Disease@MESH:D013959	1
Gene@84109	Mutation@rs7679475	Disease@MESH:D004700	1
Gene@260425	Mutation@rs2153977	Disease@MESH:D003920	1
Gene@260425	Mutation@rs2153977	Disease@MESH:D013967	1
Gene@260425	Mutation@rs2153977	Disease@MESH:D013959	1
Gene@260425	Mutation@rs2153977	Disease@MESH:D004700	1
Gene@440603	Mutation@rs2358994	Disease@MESH:D003920	1
Gene@440603	Mutation@rs2358994	Disease@MESH:D013967	1
Gene@440603	Mutation@rs2358994	Disease@MESH:D013959	1
Gene@440603	Mutation@rs2358994	Disease@MESH:D004700	1
Gene@56244	Mutation@rs1980493	Disease@MESH:D003920	1
Gene@56244	Mutation@rs1980493	Disease@MESH:D013967	1
Gene@56244	Mutation@rs1980493	Disease@MESH:D013959	1
Gene@56244	Mutation@rs1980493	Disease@MESH:D004700	1
