Gene@672	Mutation@rs11075884	Disease@MESH:D001943	0
Gene@672	Mutation@rs11075884	Disease@MESH:D044584	0
Gene@672	Mutation@rs11075884	Disease@MESH:D003643	0
Gene@672	Mutation@rs11075884	Disease@MESH:D009369	0
Gene@672	Mutation@rs11075884	Disease@MESH:D003424	0
Gene@672	Mutation@rs11075884	Disease@MESH:D008569	0
Gene@672	Mutation@rs11075884	Disease@MESH:D010300	0
Gene@672	Mutation@rs11075884	Disease@MESH:D012559	0
Gene@672	Mutation@rs11075884	Disease@MESH:D001714	0
Gene@672	Mutation@rs11075884	Disease@MESH:D002813	0
Gene@672	Mutation@rs11075884	Disease@MESH:D001749	0
Gene@672	Mutation@rs11075884	Disease@MESH:D008175	0
Gene@672	Mutation@rs11075884	Disease@MESH:D015179	0
Gene@672	Mutation@rs11075884	Disease@MESH:D010051	0
Gene@672	Mutation@rs11075884	Disease@MESH:C537243	0
Gene@672	Mutation@rs11075884	Disease@MESH:D009362	0
Gene@672	Mutation@rs2046210	Disease@MESH:D001943	0
Gene@672	Mutation@rs2046210	Disease@MESH:D044584	0
Gene@672	Mutation@rs2046210	Disease@MESH:D003643	0
Gene@672	Mutation@rs2046210	Disease@MESH:D009369	0
Gene@2263	Mutation@rs1078806	Disease@MESH:D001943	1
