Gene@79571	Mutation@rs6978712	Disease@MESH:D002908	1
Gene@79571	Mutation@rs6978712	Disease@MESH:D003920	0
Gene@79571	Mutation@rs6978712	Disease@MESH:D006973	0
Gene@79571	Mutation@rs6978712	Disease@MESH:D005597	0
Gene@79571	Mutation@rs6978712	Disease@MESH:D003643	0
Gene@79571	Mutation@rs6978712	Disease@MESH:D006968	0
Gene@79571	Mutation@rs6978712	Disease@MESH:D011618	0
Gene@79571	Mutation@rs6978712	Disease@MESH:D003072	0
Gene@79571	Mutation@rs6978712	Disease@MESH:D003704	0
Gene@79571	Mutation@rs6978712	Disease@MESH:D002561	0
Gene@79571	Mutation@rs6978712	Disease@MESH:D003324	0
Gene@79571	Mutation@rs6978712	Disease@MESH:D009223	0
Gene@79571	Mutation@rs6978712	Disease@MESH:D029461	0
Gene@79571	Mutation@rs6978712	Disease@MESH:D020521	0
Gene@79571	Mutation@rs10487488	Disease@MESH:D002908	0
Gene@79571	Mutation@rs10487488	Disease@MESH:D003920	0
Gene@79571	Mutation@rs10487488	Disease@MESH:D006973	0
Gene@79571	Mutation@rs10487488	Disease@MESH:D005597	0
