Gene@6580	Mutation@rs4646284	Disease@MESH:D011471	0
Gene@6580	Mutation@rs4646284	Disease@MESH:D004342	0
Gene@6580	Mutation@rs4646284	Disease@MESH:D009369	0
Gene@6580	Mutation@rs4646284	Disease@MESH:D001523	0
Gene@6580	Mutation@rs4646284	Disease@MESH:D004670	0
Gene@6580	Mutation@rs4646284	Disease@MESH:C537952	0
Gene@6580	Mutation@rs4646284	Disease@MESH:D015179	0
Gene@6580	Mutation@rs4646284	Disease@MESH:D004200	0
Gene@6580	Mutation@rs4646284	Disease@MESH:D001281	0
Gene@6580	Mutation@rs2659124	Disease@MESH:D011471	0
Gene@6580	Mutation@rs2659124	Disease@MESH:D004342	0
Gene@6580	Mutation@rs2659124	Disease@MESH:D009369	0
Gene@6580	Mutation@rs2659124	Disease@MESH:D001523	0
Gene@6580	Mutation@rs2659124	Disease@MESH:D004670	0
Gene@6580	Mutation@rs2659124	Disease@MESH:C537952	0
Gene@6580	Mutation@rs2659124	Disease@MESH:D015179	0
Gene@6580	Mutation@rs2659124	Disease@MESH:D004200	0
Gene@6580	Mutation@rs2659124	Disease@MESH:D001281	0
Gene@6581	Mutation@rs9364554	Disease@MESH:D011471	1
Gene@6581	Mutation@rs9364554	Disease@MESH:D009369	1
