Gene@672	Mutation@rs4980383	Disease@MESH:D001943	0
Gene@672	Mutation@rs4980383	Disease@MESH:D009369	0
Gene@672	Mutation@rs4980383	Disease@MESH:D010051	0
Gene@672	Mutation@rs4980383	Disease@MESH:D004342	0
Gene@672	Mutation@rs4980383	Disease@MESH:D010190	0
Gene@672	Mutation@rs4980383	Disease@MESH:C535673	0
Gene@672	Mutation@rs4980383	Disease@MESH:D043183	0
Gene@672	Mutation@rs4980383	Disease@MESH:D015275	0
Gene@672	Mutation@rs4980383	Disease@MESH:D003324	0
Gene@672	Mutation@rs4980383	Disease@MESH:C536767	0
Gene@672	Mutation@rs4980383	Disease@MESH:C000656865	0
Gene@672	Mutation@rs4980383	Disease@MESH:D001919	0
Gene@672	Mutation@rs11075995	Disease@MESH:D001943	0
Gene@672	Mutation@rs11075995	Disease@MESH:D009369	0
Gene@672	Mutation@rs11075995	Disease@MESH:D010051	0
Gene@672	Mutation@rs11075995	Disease@MESH:D004342	0
Gene@672	Mutation@rs11075995	Disease@MESH:D010190	0
Gene@672	Mutation@rs11075995	Disease@MESH:C535673	0
Gene@672	Mutation@rs11075995	Disease@MESH:D043183	0
Gene@672	Mutation@rs11075995	Disease@MESH:D015275	0
Gene@23160	Mutation@rs67073037	Disease@MESH:D001943	1
Gene@23160	Mutation@rs67073037	Disease@MESH:D010051	1
Gene@5195	Mutation@rs10864459	Disease@MESH:D001943	1
Gene@5195	Mutation@rs10864459	Disease@MESH:D010051	1
Gene@4046	Mutation@rs4980383	Disease@MESH:D001943	1
Gene@4046	Mutation@rs4980383	Disease@MESH:D010051	1
Gene@6934	Mutation@rs6585202	Disease@MESH:D001943	1
Gene@6934	Mutation@rs6585202	Disease@MESH:D010051	1
Gene@7015	Mutation@rs2242652	Disease@MESH:D001943	1
Gene@7015	Mutation@rs2242652	Disease@MESH:D010051	1
Gene@7015	Mutation@rs7726159	Disease@MESH:D001943	1
Gene@7015	Mutation@rs7726159	Disease@MESH:D010051	1
Gene@7015	Mutation@rs2736108	Disease@MESH:D001943	1
Gene@7015	Mutation@rs2736108	Disease@MESH:D010051	1
Gene@5744	Mutation@rs7297051	Disease@MESH:D001943	1
Gene@5744	Mutation@rs7297051	Disease@MESH:D010051	1
Gene@5744	Mutation@rs10771399	Disease@MESH:D001943	1
Gene@5744	Mutation@rs10771399	Disease@MESH:D010051	1
Gene@2099	Mutation@rs12662670	Disease@MESH:D001943	1
Gene@2099	Mutation@rs12662670	Disease@MESH:D010051	1
Gene@2099	Mutation@rs11155804	Disease@MESH:D001943	1
Gene@2099	Mutation@rs11155804	Disease@MESH:D010051	1
Gene@79068	Mutation@rs11075995	Disease@MESH:D001943	1
Gene@79068	Mutation@rs11075995	Disease@MESH:D010051	1
Gene@79068	Mutation@rs17817449	Disease@MESH:D001943	1
Gene@79068	Mutation@rs17817449	Disease@MESH:D010051	1
Gene@3625	Mutation@rs11903787	Disease@MESH:D001943	1
Gene@3625	Mutation@rs11903787	Disease@MESH:D010051	1
Gene@59352	Mutation@rs17489300	Disease@MESH:D001943	1
Gene@59352	Mutation@rs17489300	Disease@MESH:D010051	1
Gene@22891	Mutation@rs10995190	Disease@MESH:D001943	1
Gene@22891	Mutation@rs10995190	Disease@MESH:D010051	1
Gene@4194	Mutation@rs4245739	Disease@MESH:D001943	1
Gene@4194	Mutation@rs4245739	Disease@MESH:D010051	1
Gene@29086	Mutation@rs8170	Disease@MESH:D001943	1
Gene@29086	Mutation@rs8170	Disease@MESH:D010051	1
