Gene@6934	Mutation@rs2244020	Disease@MESH:D003924	0
Gene@6934	Mutation@rs2244020	Disease@MESH:D003920	0
Gene@6934	Mutation@rs2244020	Disease@MESH:D018149	0
Gene@6934	Mutation@rs2244020	Disease@MESH:C000656865	0
Gene@6934	Mutation@rs2244020	Disease@MESH:D007340	0
Gene@6934	Mutation@rs2244020	Disease@MESH:D006965	0
Gene@6934	Mutation@rs2244020	Disease@MESH:D006946	0
Gene@6934	Mutation@rs2244020	Disease@MESH:D009765	0
Gene@6934	Mutation@rs2244020	Disease@MESH:D007333	0
Gene@6934	Mutation@rs2244020	Disease@MESH:D001327	0
Gene@6934	Mutation@rs2244020	Disease@MESH:D002609	0
Gene@6934	Mutation@rs2244020	Disease@MESH:C567520	0
Gene@6934	Mutation@rs2244020	Disease@MESH:D002318	0
Gene@6934	Mutation@rs2244020	Disease@MESH:C535838	0
Gene@6934	Mutation@rs2244020	Disease@MESH:D000014	0
Gene@6934	Mutation@rs2244020	Disease@MESH:D010190	0
Gene@6934	Mutation@rs2244020	Disease@MESH:D015430	0
Gene@6934	Mutation@rs231356	Disease@MESH:D003924	0
Gene@6934	Mutation@rs231356	Disease@MESH:D003920	0
Gene@6934	Mutation@rs7903146	Disease@MESH:D003924	1
Gene@6934	Mutation@rs7903146	Disease@MESH:D003920	1
Gene@8091	Mutation@rs343092	Disease@MESH:D003924	1
Gene@8091	Mutation@rs343092	Disease@MESH:D003920	1
Gene@3784	Mutation@rs231356	Disease@MESH:D003924	1
Gene@3784	Mutation@rs231356	Disease@MESH:D003920	1
Gene@3784	Mutation@rs2283228	Disease@MESH:D003924	1
Gene@3784	Mutation@rs2283228	Disease@MESH:D003920	1
Gene@3106	Mutation@rs2244020	Disease@MESH:D003924	1
Gene@3106	Mutation@rs2244020	Disease@MESH:D003920	1
Gene@723961;3481	Mutation@rs3842770	Disease@MESH:D003924	1
Gene@723961;3481	Mutation@rs3842770	Disease@MESH:D003920	1
Gene@55656	Mutation@rs17359493	Disease@MESH:D003924	1
Gene@55656	Mutation@rs17359493	Disease@MESH:D003920	1
