Gene@1471	Mutation@rs6795744	Disease@MESH:D003920	0
Gene@1471	Mutation@rs6795744	Disease@MESH:D007674	0
Gene@1471	Mutation@rs6795744	Disease@MESH:D004342	0
Gene@1471	Mutation@rs6795744	Disease@MESH:D051436	0
Gene@1471	Mutation@rs6795744	Disease@MESH:D007676	0
Gene@1471	Mutation@rs6795744	Disease@MESH:D002318	0
Gene@1471	Mutation@rs6795744	Disease@MESH:D006973	0
Gene@1471	Mutation@rs6795744	Disease@MESH:D006333	0
Gene@1471	Mutation@rs6795744	Disease@MESH:D009203	0
Gene@1471	Mutation@rs6795744	Disease@MESH:D058186	0
Gene@1471	Mutation@rs6795744	Disease@MESH:D064420	0
Gene@1471	Mutation@rs6795744	Disease@MESH:D044882	0
Gene@1471	Mutation@rs6795744	Disease@MESH:D009223	0
Gene@1471	Mutation@rs6795744	Disease@MESH:D006528	0
Gene@1471	Mutation@rs6795744	Disease@MESH:D012010	0
Gene@1471	Mutation@rs6795744	Disease@MESH:D003928	0
Gene@1471	Mutation@rs6795744	Disease@MESH:D003324	0
Gene@1471	Mutation@rs6795744	Disease@MESH:D018149	0
Gene@1471	Mutation@rs6795744	Disease@MESH:C538052	0
Gene@7476	Mutation@rs6795744	Disease@MESH:D003920	1
Gene@7476	Mutation@rs6795744	Disease@MESH:D007674	1
Gene@7369	Mutation@rs12917707	Disease@MESH:D003920	1
Gene@7369	Mutation@rs12917707	Disease@MESH:D007674	1
Gene@4790	Mutation@rs228611	Disease@MESH:D003920	1
Gene@4790	Mutation@rs228611	Disease@MESH:D007674	1
Gene@340260	Mutation@rs10277115	Disease@MESH:D003920	1
Gene@340260	Mutation@rs10277115	Disease@MESH:D007674	1
Gene@10867	Mutation@rs10491967	Disease@MESH:D003920	1
Gene@10867	Mutation@rs10491967	Disease@MESH:D007674	1
Gene@91056	Mutation@rs4014195	Disease@MESH:D003920	1
Gene@91056	Mutation@rs4014195	Disease@MESH:D007674	1
Gene@23094	Mutation@rs11666497	Disease@MESH:D003920	1
Gene@23094	Mutation@rs11666497	Disease@MESH:D007674	1
Gene@5800	Mutation@rs7956634	Disease@MESH:D003920	1
Gene@5800	Mutation@rs7956634	Disease@MESH:D007674	1
Gene@2119	Mutation@rs10513801	Disease@MESH:D003920	1
Gene@2119	Mutation@rs10513801	Disease@MESH:D007674	1
Gene@3626	Mutation@rs1106766	Disease@MESH:D003920	1
Gene@3626	Mutation@rs1106766	Disease@MESH:D007674	1
Gene@29974	Mutation@rs10994860	Disease@MESH:D003920	1
Gene@29974	Mutation@rs10994860	Disease@MESH:D007674	1
Gene@10806	Mutation@rs2802729	Disease@MESH:D003920	1
Gene@10806	Mutation@rs2802729	Disease@MESH:D007674	1
Gene@4036	Mutation@rs4667594	Disease@MESH:D003920	1
Gene@4036	Mutation@rs4667594	Disease@MESH:D007674	1
Gene@3488	Mutation@rs2712184	Disease@MESH:D003920	1
Gene@3488	Mutation@rs2712184	Disease@MESH:D007674	1
Gene@6498	Mutation@rs9682041	Disease@MESH:D003920	1
Gene@6498	Mutation@rs9682041	Disease@MESH:D007674	1
Gene@25948	Mutation@rs3750082	Disease@MESH:D003920	1
Gene@25948	Mutation@rs3750082	Disease@MESH:D007674	1
Gene@3784	Mutation@rs163160	Disease@MESH:D003920	1
Gene@3784	Mutation@rs163160	Disease@MESH:D007674	1
Gene@58476	Mutation@rs6088580	Disease@MESH:D003920	1
Gene@58476	Mutation@rs6088580	Disease@MESH:D007674	1
Gene@8537	Mutation@rs17216707	Disease@MESH:D003920	1
Gene@8537	Mutation@rs17216707	Disease@MESH:D007674	1
Gene@284612	Mutation@rs12136063	Disease@MESH:D003920	1
Gene@284612	Mutation@rs12136063	Disease@MESH:D007674	1
Gene@1800	Mutation@rs164748	Disease@MESH:D003920	1
Gene@1800	Mutation@rs164748	Disease@MESH:D007674	1
Gene@4772	Mutation@rs8091180	Disease@MESH:D003920	1
Gene@4772	Mutation@rs8091180	Disease@MESH:D007674	1
Gene@779	Mutation@rs3850625	Disease@MESH:D003920	1
Gene@779	Mutation@rs3850625	Disease@MESH:D007674	1
Gene@140545	Mutation@rs6459680	Disease@MESH:D003920	1
Gene@140545	Mutation@rs6459680	Disease@MESH:D007674	1
