Gene@1071	Mutation@rs2303790	Disease@MESH:D001766	0
Gene@1071	Mutation@rs2303790	Disease@MESH:D006009	0
Gene@1071	Mutation@rs2303790	Disease@MESH:D003324	0
Gene@1071	Mutation@rs2303790	Disease@MESH:D002833	0
Gene@1071	Mutation@rs2303790	Disease@OMIM:217000	0
Gene@1071	Mutation@rs2303790	Disease@MESH:D009081	0
Gene@1071	Mutation@rs2303790	Disease@MESH:D005124	0
Gene@1071	Mutation@rs2303790	Disease@MESH:D005128	0
Gene@1071	Mutation@rs2303790	Disease@MESH:D004342	0
Gene@1071	Mutation@rs2303790	Disease@MESH:D000309	0
Gene@1071	Mutation@rs2303790	Disease@MESH:D001284	0
Gene@1071	Mutation@rs2303790	Disease@MESH:D008268	1
Gene@1071	Mutation@rs2303790	Disease@MESH:D009216	0
Gene@1071	Mutation@rs2303790	Disease@MESH:D056833	0
Gene@1071	Mutation@rs2303790	Disease@MESH:C564591	0
Gene@1071	Mutation@rs2303790	Disease@MESH:D050197	0
Gene@1071	Mutation@rs2303790	Disease@MESH:D006973	0
Gene@1071	Mutation@rs3764261	Disease@MESH:D008268	1
Gene@221416	Mutation@rs2295334	Disease@MESH:D008268	1
Gene@3075	Mutation@rs10737680	Disease@MESH:D008268	1
