Gene@672	Mutation@rs345299	Disease@MESH:D001943	0
Gene@672	Mutation@rs345299	Disease@MESH:D009369	0
Gene@672	Mutation@rs345299	Disease@MESH:D030342	0
Gene@672	Mutation@rs345299	Disease@MESH:D013789	0
Gene@672	Mutation@rs345299	Disease@MESH:D010051	0
Gene@672	Mutation@rs345299	Disease@MESH:C562757	0
Gene@672	Mutation@rs345299	Disease@MESH:D063646	0
Gene@672	Mutation@rs345299	Disease@MESH:C564794	0
Gene@672	Mutation@rs345299	Disease@MESH:C537366	0
Gene@672	Mutation@rs345299	Disease@MESH:D001327	0
Gene@672	Mutation@rs345299	Disease@MESH:D004715	0
Gene@672	Mutation@rs345299	Disease@MESH:D003324	0
Gene@672	Mutation@rs345299	Disease@MESH:D009103	0
Gene@672	Mutation@rs345299	Disease@MESH:D011471	0
Gene@672	Mutation@rs8045513	Disease@MESH:D001943	0
Gene@672	Mutation@rs8045513	Disease@MESH:D009369	0
Gene@672	Mutation@rs8045513	Disease@MESH:D030342	0
Gene@672	Mutation@rs8045513	Disease@MESH:D013789	0
Gene@27324	Mutation@rs2193094	Disease@MESH:D001943	1
Gene@27324	Mutation@rs2193094	Disease@MESH:D009369	1
Gene@27324	Mutation@rs2193094	Disease@MESH:D010051	1
