Gene@177	Mutation@rs17054480	Disease@MESH:C566369	0
Gene@177	Mutation@rs17054480	Disease@MESH:D003925	0
Gene@177	Mutation@rs17054480	Disease@MESH:D006943	0
Gene@177	Mutation@rs17054480	Disease@MESH:D003920	0
Gene@177	Mutation@rs17054480	Disease@MESH:D012164	0
Gene@177	Mutation@rs17054480	Disease@MESH:D003928	0
Gene@177	Mutation@rs17054480	Disease@MESH:D009422	0
Gene@177	Mutation@rs17054480	Disease@MESH:D003924	0
Gene@177	Mutation@rs17054480	Disease@MESH:D002318	0
Gene@177	Mutation@rs17054480	Disease@MESH:D007662	0
Gene@177	Mutation@rs17054480	Disease@MESH:D051437	0
Gene@177	Mutation@rs17054480	Disease@MESH:D000783	0
Gene@177	Mutation@rs17054480	Disease@MESH:D009765	0
Gene@177	Mutation@rs17054480	Disease@MESH:D015464	0
Gene@177	Mutation@rs17054480	Disease@MESH:D059345	0
Gene@177	Mutation@rs17054480	Disease@MESH:D003922	0
Gene@177	Mutation@rs17054480	Disease@MESH:D051436	0
Gene@177	Mutation@rs17054480	Disease@MESH:D010190	0
Gene@177	Mutation@rs17054480	Disease@MESH:D002544	0
Gene@177	Mutation@rs17054480	Disease@MESH:D009369	0
Gene@254170	Mutation@rs4454866	Disease@MESH:D003925	1
Gene@254170	Mutation@rs4454866	Disease@MESH:D003920	1
Gene@140733	Mutation@rs716316	Disease@MESH:D003925	1
Gene@140733	Mutation@rs716316	Disease@MESH:D003920	1
Gene@253461	Mutation@rs6795197	Disease@MESH:D003925	1
Gene@253461	Mutation@rs6795197	Disease@MESH:D003920	1
Gene@23022	Mutation@rs17054480	Disease@MESH:D003925	1
Gene@23022	Mutation@rs17054480	Disease@MESH:D003920	1
