Gene@947	Mutation@rs1052553	Disease@MESH:D003920	0
Gene@947	Mutation@rs1052553	Disease@MESH:D008223	0
Gene@947	Mutation@rs1052553	Disease@MESH:D001327	0
Gene@947	Mutation@rs1052553	Disease@MESH:D003922	0
Gene@947	Mutation@rs1052553	Disease@MESH:D003093	0
Gene@947	Mutation@rs1052553	Disease@MESH:D001171	0
Gene@947	Mutation@rs1052553	Disease@MESH:D010195	0
Gene@947	Mutation@rs1052553	Disease@MESH:D008105	0
Gene@947	Mutation@rs1052553	Disease@MESH:D009103	0
Gene@947	Mutation@rs1052553	Disease@MESH:D003424	0
Gene@947	Mutation@rs1052553	Disease@MESH:D001172	0
Gene@947	Mutation@rs1052553	Disease@MESH:D018358	0
Gene@947	Mutation@rs1052553	Disease@MESH:D010300	0
Gene@947	Mutation@rs1052553	Disease@MESH:D019636	0
Gene@947	Mutation@rs1052553	Disease@MESH:C535838	0
Gene@947	Mutation@rs1052553	Disease@MESH:D011565	0
Gene@947	Mutation@rs1052553	Disease@MESH:D017098	0
Gene@947	Mutation@rs1052553	Disease@MESH:D013167	0
Gene@947	Mutation@rs1052553	Disease@MESH:D013967	0
Gene@3575	Mutation@rs11954020	Disease@MESH:D003920	1
Gene@3575	Mutation@rs11954020	Disease@MESH:D003922	1
Gene@723961	Mutation@rs689	Disease@MESH:D003920	1
Gene@723961	Mutation@rs689	Disease@MESH:D003922	1
Gene@723961	Mutation@rs72853903	Disease@MESH:D003920	1
Gene@723961	Mutation@rs72853903	Disease@MESH:D003922	1
Gene@26191	Mutation@rs2476601	Disease@MESH:D003920	1
Gene@26191	Mutation@rs2476601	Disease@MESH:D003922	1
Gene@10019	Mutation@rs653178	Disease@MESH:D003920	1
Gene@10019	Mutation@rs653178	Disease@MESH:D003922	1
Gene@3559	Mutation@rs61839660	Disease@MESH:D003920	1
Gene@3559	Mutation@rs61839660	Disease@MESH:D003922	1
Gene@3559	Mutation@rs10795791	Disease@MESH:D003920	1
Gene@3559	Mutation@rs10795791	Disease@MESH:D003922	1
Gene@3559	Mutation@rs41295121	Disease@MESH:D003920	1
Gene@3559	Mutation@rs41295121	Disease@MESH:D003922	1
Gene@64135	Mutation@rs35667974	Disease@MESH:D003920	1
Gene@64135	Mutation@rs35667974	Disease@MESH:D003922	1
Gene@64135	Mutation@rs72871627	Disease@MESH:D003920	1
Gene@64135	Mutation@rs72871627	Disease@MESH:D003922	1
Gene@64135	Mutation@rs2111485	Disease@MESH:D003920	1
Gene@64135	Mutation@rs2111485	Disease@MESH:D003922	1
Gene@1512	Mutation@rs34593439	Disease@MESH:D003920	1
Gene@1512	Mutation@rs34593439	Disease@MESH:D003922	1
Gene@7297	Mutation@rs34536443	Disease@MESH:D003920	1
Gene@7297	Mutation@rs34536443	Disease@MESH:D003922	1
Gene@7297	Mutation@rs12720356	Disease@MESH:D003920	1
Gene@7297	Mutation@rs12720356	Disease@MESH:D003922	1
Gene@2524	Mutation@rs516246	Disease@MESH:D003920	1
Gene@2524	Mutation@rs516246	Disease@MESH:D003922	1
Gene@53347	Mutation@rs11203202	Disease@MESH:D003920	1
Gene@53347	Mutation@rs11203202	Disease@MESH:D003922	1
Gene@3586	Mutation@rs6691977	Disease@MESH:D003920	1
Gene@3586	Mutation@rs6691977	Disease@MESH:D003922	1
Gene@3899	Mutation@rs13415583	Disease@MESH:D003920	1
Gene@3899	Mutation@rs13415583	Disease@MESH:D003922	1
Gene@9564	Mutation@rs8056814	Disease@MESH:D003920	1
Gene@9564	Mutation@rs8056814	Disease@MESH:D003922	1
Gene@28955	Mutation@rs12927355	Disease@MESH:D003920	1
Gene@28955	Mutation@rs12927355	Disease@MESH:D003922	1
Gene@28955	Mutation@rs193778	Disease@MESH:D003920	1
Gene@28955	Mutation@rs193778	Disease@MESH:D003922	1
Gene@1493	Mutation@rs3087243	Disease@MESH:D003920	1
Gene@1493	Mutation@rs3087243	Disease@MESH:D003922	1
Gene@10320	Mutation@rs62447205	Disease@MESH:D003920	1
Gene@10320	Mutation@rs62447205	Disease@MESH:D003922	1
Gene@64375	Mutation@rs705705	Disease@MESH:D003920	1
Gene@64375	Mutation@rs705705	Disease@MESH:D003922	1
Gene@10125	Mutation@rs72727394	Disease@MESH:D003920	1
Gene@10125	Mutation@rs72727394	Disease@MESH:D003922	1
Gene@5771	Mutation@rs1893217	Disease@MESH:D003920	1
Gene@5771	Mutation@rs1893217	Disease@MESH:D003922	1
Gene@5771	Mutation@rs12971201	Disease@MESH:D003920	1
Gene@5771	Mutation@rs12971201	Disease@MESH:D003922	1
Gene@23308	Mutation@rs6518350	Disease@MESH:D003920	1
Gene@23308	Mutation@rs6518350	Disease@MESH:D003922	1
Gene@246778	Mutation@rs151234	Disease@MESH:D003920	1
Gene@246778	Mutation@rs151234	Disease@MESH:D003922	1
Gene@969	Mutation@rs917911	Disease@MESH:D003920	1
Gene@969	Mutation@rs917911	Disease@MESH:D003922	1
