Gene@26040	Mutation@rs2380205	Disease@MESH:D001943	0
Gene@26040	Mutation@rs2380205	Disease@MESH:D009369	0
Gene@26040	Mutation@rs2380205	Disease@MESH:D010051	0
Gene@26040	Mutation@rs2380205	Disease@MESH:D000077216	0
Gene@26040	Mutation@rs1045485	Disease@MESH:D001943	0
Gene@26040	Mutation@rs1045485	Disease@MESH:D009369	0
Gene@26040	Mutation@rs1045485	Disease@MESH:D010051	0
Gene@26040	Mutation@rs1045485	Disease@MESH:D000077216	0
Gene@26040	Mutation@rs1830298	Disease@MESH:D001943	0
Gene@26040	Mutation@rs1830298	Disease@MESH:D009369	0
Gene@26040	Mutation@rs1830298	Disease@MESH:D010051	0
Gene@26040	Mutation@rs1830298	Disease@MESH:D000077216	0
Gene@26040	Mutation@rs1550623	Disease@MESH:D001943	0
Gene@26040	Mutation@rs1550623	Disease@MESH:D009369	0
Gene@26040	Mutation@rs1550623	Disease@MESH:D010051	0
Gene@26040	Mutation@rs1550623	Disease@MESH:D000077216	0
Gene@26040	Mutation@rs7726159	Disease@MESH:D001943	0
Gene@26040	Mutation@rs7726159	Disease@MESH:D009369	0
Gene@26040	Mutation@rs7726159	Disease@MESH:D010051	0
Gene@26040	Mutation@rs7726159	Disease@MESH:D000077216	0
Gene@26040	Mutation@rs6507583	Disease@MESH:D001943	1
Gene@26040	Mutation@rs6507583	Disease@MESH:D009369	1
Gene@26040	Mutation@rs6507583	Disease@MESH:D010051	1
Gene@9156	Mutation@rs72755295	Disease@MESH:D001943	1
Gene@9156	Mutation@rs72755295	Disease@MESH:D009369	1
Gene@9156	Mutation@rs72755295	Disease@MESH:D010051	1
Gene@83734	Mutation@rs7707921	Disease@MESH:D001943	1
Gene@83734	Mutation@rs7707921	Disease@MESH:D009369	1
Gene@83734	Mutation@rs7707921	Disease@MESH:D010051	1
Gene@79890	Mutation@rs11627032	Disease@MESH:D001943	1
Gene@79890	Mutation@rs11627032	Disease@MESH:D009369	1
Gene@79890	Mutation@rs11627032	Disease@MESH:D010051	1
Gene@100859921	Mutation@rs13267382	Disease@MESH:D001943	1
Gene@100859921	Mutation@rs13267382	Disease@MESH:D009369	1
Gene@100859921	Mutation@rs13267382	Disease@MESH:D010051	1
