Gene@354	Mutation@rs17694493	Disease@MESH:D011471	0
Gene@354	Mutation@rs17694493	Disease@MESH:D009369	0
Gene@354	Mutation@rs17694493	Disease@MESH:D011125	0
Gene@354	Mutation@rs17694493	Disease@MESH:D003643	0
Gene@354	Mutation@rs17694493	Disease@MESH:D001523	0
Gene@354	Mutation@rs17694493	Disease@MESH:D005910	0
Gene@354	Mutation@rs17694493	Disease@MESH:D002280	0
Gene@354	Mutation@rs17694493	Disease@OMIM:155600	0
Gene@354	Mutation@rs17694493	Disease@MESH:D001943	0
Gene@354	Mutation@rs17694493	Disease@MESH:D008545	0
Gene@354	Mutation@rs17694493	Disease@MESH:D008175	0
Gene@354	Mutation@rs17694493	Disease@MESH:C000656865	0
Gene@354	Mutation@rs4844289	Disease@MESH:D011471	0
Gene@354	Mutation@rs4844289	Disease@MESH:D009369	0
Gene@354	Mutation@rs4844289	Disease@MESH:D011125	0
Gene@354	Mutation@rs4844289	Disease@MESH:D003643	0
Gene@354	Mutation@rs4844289	Disease@MESH:D001523	0
Gene@354	Mutation@rs4844289	Disease@MESH:D005910	0
Gene@354	Mutation@rs4844289	Disease@MESH:D002280	0
Gene@7113	Mutation@rs1041449	Disease@MESH:D011471	1
Gene@7113	Mutation@rs1041449	Disease@MESH:D009369	1
Gene@100048912	Mutation@rs17694493	Disease@MESH:D011471	1
Gene@100048912	Mutation@rs17694493	Disease@MESH:D009369	1
Gene@4739	Mutation@rs4713266	Disease@MESH:D011471	1
Gene@4739	Mutation@rs4713266	Disease@MESH:D009369	1
Gene@4646	Mutation@rs9443189	Disease@MESH:D011471	1
Gene@4646	Mutation@rs9443189	Disease@MESH:D009369	1
Gene@5195	Mutation@rs636291	Disease@MESH:D011471	1
Gene@5195	Mutation@rs636291	Disease@MESH:D009369	1
Gene@55204	Mutation@rs17599629	Disease@MESH:D011471	1
Gene@55204	Mutation@rs17599629	Disease@MESH:D009369	1
Gene@79954	Mutation@rs9287719	Disease@MESH:D011471	1
Gene@79954	Mutation@rs9287719	Disease@MESH:D009369	1
Gene@285521	Mutation@rs10009409	Disease@MESH:D011471	1
Gene@285521	Mutation@rs10009409	Disease@MESH:D009369	1
Gene@11074	Mutation@rs115457135	Disease@MESH:D011471	1
Gene@11074	Mutation@rs115457135	Disease@MESH:D009369	1
Gene@64759	Mutation@rs56232506	Disease@MESH:D011471	1
Gene@64759	Mutation@rs56232506	Disease@MESH:D009369	1
Gene@220972	Mutation@rs76934034	Disease@MESH:D011471	1
Gene@220972	Mutation@rs76934034	Disease@MESH:D009369	1
Gene@9177	Mutation@rs11214775	Disease@MESH:D011471	1
Gene@9177	Mutation@rs11214775	Disease@MESH:D009369	1
Gene@23508	Mutation@rs8014671	Disease@MESH:D011471	1
Gene@23508	Mutation@rs8014671	Disease@MESH:D009369	1
Gene@170626	Mutation@rs2807031	Disease@MESH:D011471	1
Gene@170626	Mutation@rs2807031	Disease@MESH:D009369	1
Gene@254428	Mutation@rs1775148	Disease@MESH:D011471	1
Gene@254428	Mutation@rs1775148	Disease@MESH:D009369	1
Gene@6495	Mutation@rs7153648	Disease@MESH:D011471	1
Gene@6495	Mutation@rs7153648	Disease@MESH:D009369	1
Gene@23035	Mutation@rs12051443	Disease@MESH:D011471	1
Gene@23035	Mutation@rs12051443	Disease@MESH:D009369	1
Gene@6899	Mutation@rs2238776	Disease@MESH:D011471	1
Gene@6899	Mutation@rs2238776	Disease@MESH:D009369	1
