Gene@3559	Mutation@rs2476601	Disease@MESH:D001327	0
Gene@3559	Mutation@rs2476601	Disease@MESH:D004342	0
Gene@3559	Mutation@rs2476601	Disease@MESH:D003424	0
Gene@3559	Mutation@rs2476601	Disease@MESH:D011565	0
Gene@3559	Mutation@rs2476601	Disease@MESH:D009103	0
Gene@3559	Mutation@rs2476601	Disease@MESH:D003093	0
Gene@3559	Mutation@rs2476601	Disease@MESH:D001172	0
Gene@3559	Mutation@rs2476601	Disease@MESH:D001171	0
Gene@3559	Mutation@rs2476601	Disease@MESH:D013967	0
Gene@3559	Mutation@rs2476601	Disease@MESH:D008180	0
Gene@3559	Mutation@rs2476601	Disease@MESH:D008105	0
Gene@3559	Mutation@rs2476601	Disease@MESH:D015212	0
Gene@3559	Mutation@rs2476601	Disease@MESH:D002761	0
Gene@3559	Mutation@rs2476601	Disease@MESH:D002446	0
Gene@3559	Mutation@rs2476601	Disease@MESH:D017074	0
Gene@3559	Mutation@rs2476601	Disease@MESH:D013167	0
Gene@3559	Mutation@rs2476601	Disease@MESH:D007153	0
Gene@3559	Mutation@rs2476601	Disease@MESH:D012559	0
Gene@3559	Mutation@rs2476601	Disease@MESH:D012859	0
Gene@3559	Mutation@rs2476601	Disease@MESH:D012598	0
Gene@3559	Mutation@rs706778	Disease@MESH:D001327	1
Gene@91074	Mutation@rs7100025	Disease@MESH:D001327	1
Gene@113	Mutation@rs77150043	Disease@MESH:D001327	1
Gene@959	Mutation@rs2807264	Disease@MESH:D001327	1
Gene@26191	Mutation@rs6679677	Disease@MESH:D001327	1
Gene@59067	Mutation@rs62324212	Disease@MESH:D001327	1
Gene@3593	Mutation@rs755374	Disease@MESH:D001327	1
Gene@149233	Mutation@rs11580078	Disease@MESH:D001327	1
Gene@64127	Mutation@rs117372389	Disease@MESH:D001327	1
Gene@1605	Mutation@rs4625	Disease@MESH:D001327	1
Gene@4088	Mutation@rs72743477	Disease@MESH:D001327	1
Gene@55054	Mutation@rs36001488	Disease@MESH:D001327	1
Gene@22891	Mutation@rs10822050	Disease@MESH:D001327	1
Gene@5734	Mutation@rs7725052	Disease@MESH:D001327	1
Gene@159296;4824	Mutation@rs1332099	Disease@MESH:D001327	1
Gene@79722	Mutation@rs7731626	Disease@MESH:D001327	1
Gene@9966	Mutation@rs4246905	Disease@MESH:D001327	1
Gene@120892	Mutation@rs17466626	Disease@MESH:D001327	1
