Gene@378805	Mutation@rs1561927	Disease@MESH:D010190	0
Gene@378805	Mutation@rs1561927	Disease@MESH:D009369	0
Gene@378805	Mutation@rs1561927	Disease@MESH:D001749	0
Gene@378805	Mutation@rs1561927	Disease@MESH:D003920	0
Gene@378805	Mutation@rs1561927	Disease@MESH:C537262	0
Gene@378805	Mutation@rs1561927	Disease@MESH:D010195	0
Gene@378805	Mutation@rs1561927	Disease@MESH:D003922	0
Gene@378805	Mutation@rs1561927	Disease@MESH:D008175	0
Gene@378805	Mutation@rs1561927	Disease@MESH:D015470	0
Gene@378805	Mutation@rs1561927	Disease@MESH:D011658	0
Gene@378805	Mutation@rs1561927	Disease@MESH:D000741	0
Gene@378805	Mutation@rs1561927	Disease@MESH:D015451	0
Gene@378805	Mutation@rs1561927	Disease@MESH:D001943	0
Gene@378805	Mutation@rs1561927	Disease@OMIM:155600	0
Gene@378805	Mutation@rs1561927	Disease@MESH:D000782	0
Gene@378805	Mutation@rs1561927	Disease@MESH:D002971	0
Gene@378805	Mutation@rs1561927	Disease@MESH:D019871	0
Gene@378805	Mutation@rs1561927	Disease@MESH:D010051	0
Gene@378805	Mutation@rs1561927	Disease@MESH:D055577	0
Gene@378805	Mutation@rs1561927	Disease@MESH:D015179	0
Gene@2494	Mutation@rs10919791	Disease@MESH:D010190	1
Gene@2494	Mutation@rs10919791	Disease@MESH:D009369	1
Gene@81037	Mutation@rs31490	Disease@MESH:D010190	1
Gene@81037	Mutation@rs31490	Disease@MESH:D009369	1
