Gene@9877	Mutation@rs4951011	Disease@MESH:D001943	1
Gene@9877	Mutation@rs4951011	Disease@MESH:D009369	0
Gene@9877	Mutation@rs4951011	Disease@MESH:D004342	0
Gene@9877	Mutation@rs4951011	Disease@MESH:D016889	0
Gene@9877	Mutation@rs4951011	Disease@MESH:D013274	0
Gene@9877	Mutation@rs4951011	Disease@MESH:D015179	0
Gene@9877	Mutation@rs10474352	Disease@MESH:D001943	0
Gene@9877	Mutation@rs10474352	Disease@MESH:D009369	0
Gene@9877	Mutation@rs10474352	Disease@MESH:D004342	0
Gene@9877	Mutation@rs10474352	Disease@MESH:D016889	0
Gene@9877	Mutation@rs10474352	Disease@MESH:D013274	0
Gene@9877	Mutation@rs10474352	Disease@MESH:D015179	0
Gene@9877	Mutation@rs2290203	Disease@MESH:D001943	0
Gene@9877	Mutation@rs2290203	Disease@MESH:D009369	0
Gene@9877	Mutation@rs2290203	Disease@MESH:D004342	0
Gene@57561	Mutation@rs10474352	Disease@MESH:D001943	1
Gene@9055	Mutation@rs2290203	Disease@MESH:D001943	1
