Gene@22987	Mutation@rs6453204	Disease@MESH:D006973	1
Gene@22987	Mutation@rs6453204	Disease@MESH:D009369	0
Gene@22987	Mutation@rs6453204	Disease@MESH:D001943	1
Gene@22987	Mutation@rs6453204	Disease@MESH:D064420	0
Gene@22987	Mutation@rs6453204	Disease@MESH:D002583	0
Gene@22987	Mutation@rs6453204	Disease@MESH:D015179	0
Gene@22987	Mutation@rs6453204	Disease@MESH:D008175	0
Gene@22987	Mutation@rs6453204	Disease@MESH:C538614	0
Gene@22987	Mutation@rs6453204	Disease@MESH:D005909	0
Gene@22987	Mutation@rs6453204	Disease@MESH:D009765	0
Gene@22987	Mutation@rs6453204	Disease@MESH:D054556	0
Gene@22987	Mutation@rs6453204	Disease@MESH:D018268	0
Gene@22987	Mutation@rs6453204	Disease@MESH:D010300	0
Gene@22987	Mutation@rs6453204	Disease@MESH:D000075222	0
Gene@22987	Mutation@rs6453204	Disease@MESH:C537466	0
Gene@22987	Mutation@rs6453204	Disease@MESH:D000699	0
Gene@22987	Mutation@rs6453204	Disease@MESH:C538445	0
Gene@22987	Mutation@rs6453204	Disease@MESH:D007680	0
Gene@22987	Mutation@rs1570360	Disease@MESH:D006973	0
Gene@22987	Mutation@rs1570360	Disease@MESH:D009369	0
