Gene@79068	Mutation@rs1421085	Disease@MESH:D003924	0
Gene@79068	Mutation@rs1421085	Disease@MESH:D009765	1
Gene@79068	Mutation@rs1421085	Disease@MESH:D003920	0
Gene@79068	Mutation@rs1421085	Disease@MESH:D003922	0
Gene@79068	Mutation@rs1421085	Disease@MESH:D011085	0
Gene@79068	Mutation@rs1421085	Disease@MESH:D001327	0
Gene@79068	Mutation@rs57292959	Disease@MESH:D003924	0
Gene@79068	Mutation@rs57292959	Disease@MESH:D009765	1
Gene@79068	Mutation@rs57292959	Disease@MESH:D003920	0
Gene@79068	Mutation@rs57292959	Disease@MESH:D003922	0
Gene@79068	Mutation@rs57292959	Disease@MESH:D011085	0
Gene@79068	Mutation@rs57292959	Disease@MESH:D001327	0
Gene@79068	Mutation@rs1558902	Disease@MESH:D003924	0
Gene@79068	Mutation@rs1558902	Disease@MESH:D009765	0
Gene@79068	Mutation@rs1558902	Disease@MESH:D003920	0
Gene@79068	Mutation@rs1558902	Disease@MESH:D003922	0
Gene@79068	Mutation@rs1558902	Disease@MESH:D011085	0
Gene@79068	Mutation@rs1558902	Disease@MESH:D001327	0
Gene@79068	Mutation@rs7756992	Disease@MESH:D003924	0
Gene@79068	Mutation@rs7756992	Disease@MESH:D009765	0
Gene@54901	Mutation@rs7756992	Disease@MESH:D009765	1
