Gene@4915	Mutation@rs11140653	Disease@MESH:D003924	0
Gene@4915	Mutation@rs11140653	Disease@MESH:D010195	0
Gene@4915	Mutation@rs11140653	Disease@MESH:D006212	0
Gene@4915	Mutation@rs11140653	Disease@MESH:D007674	0
Gene@4915	Mutation@rs11140653	Disease@MESH:D031368	0
Gene@4915	Mutation@rs11140653	Disease@MESH:D009765	0
Gene@4915	Mutation@rs11140653	Disease@MESH:D003920	0
Gene@4915	Mutation@rs11140653	Disease@MESH:D000309	0
Gene@4915	Mutation@rs11140653	Disease@MESH:D008659	0
Gene@4915	Mutation@rs11140653	Disease@MESH:D001259	0
Gene@4915	Mutation@rs11140653	Disease@MESH:D004827	0
Gene@4915	Mutation@rs11140653	Disease@MESH:D002386	0
Gene@4915	Mutation@rs11140653	Disease@MESH:D009203	0
Gene@4915	Mutation@rs11140653	Disease@MESH:D006963	0
Gene@4915	Mutation@rs11140653	Disease@MESH:D007153	0
Gene@4915	Mutation@rs11140653	Disease@MESH:D018149	0
Gene@4915	Mutation@rs11140653	Disease@MESH:D009223	0
Gene@4915	Mutation@rs11140653	Disease@MESH:C580065	0
Gene@4915	Mutation@rs11140653	Disease@MESH:D012640	0
