Gene@10060	Mutation@rs1990622	Disease@MESH:D004828	0
Gene@10060	Mutation@rs1990622	Disease@MESH:D003920	0
Gene@10060	Mutation@rs1990622	Disease@MESH:D000544	0
Gene@10060	Mutation@rs1990622	Disease@MESH:D012598	0
Gene@10060	Mutation@rs1990622	Disease@MESH:D001927	0
Gene@10060	Mutation@rs1990622	Disease@MESH:D003704	0
Gene@10060	Mutation@rs1990622	Disease@MESH:D001284	0
Gene@10060	Mutation@rs1990622	Disease@MESH:D003072	0
Gene@10060	Mutation@rs1990622	Disease@MESH:D005911	0
Gene@10060	Mutation@rs1990622	Disease@MESH:D057174	0
Gene@10060	Mutation@rs1990622	Disease@MESH:D001281	0
Gene@10060	Mutation@rs1990622	Disease@MESH:C563003	0
Gene@10060	Mutation@rs1990622	Disease@MESH:D003924	0
Gene@10060	Mutation@rs1990622	Disease@MESH:C536275	0
Gene@10060	Mutation@rs1990622	Disease@MESH:D000783	0
Gene@10060	Mutation@rs1990622	Disease@MESH:C535572	0
Gene@10060	Mutation@rs1990622	Disease@MESH:D019636	0
Gene@10060	Mutation@rs1990622	Disease@MESH:D050379	0
Gene@10060	Mutation@rs1990622	Disease@MESH:D013580	0
Gene@10060	Mutation@rs704178	Disease@MESH:D004828	1
Gene@10060	Mutation@rs704178	Disease@MESH:C567159	1
