Gene@11026	Mutation@rs817826	Disease@MESH:D011471	0
Gene@11026	Mutation@rs817826	Disease@MESH:D009369	0
Gene@11026	Mutation@rs817826	Disease@MESH:D003643	0
Gene@11026	Mutation@rs817826	Disease@MESH:D001523	0
Gene@11026	Mutation@rs817826	Disease@MESH:D011470	0
Gene@11026	Mutation@rs817826	Disease@MESH:D007249	0
Gene@11026	Mutation@rs817826	Disease@MESH:D003920	0
Gene@11026	Mutation@rs817826	Disease@MESH:D001943	0
Gene@11026	Mutation@rs817826	Disease@MESH:D011565	0
Gene@11026	Mutation@rs817826	Disease@MESH:D063646	0
Gene@11026	Mutation@rs103294	Disease@MESH:D011471	1
Gene@11026	Mutation@rs103294	Disease@MESH:D009369	1
Gene@11026	Mutation@rs103294	Disease@MESH:D003643	0
Gene@11026	Mutation@rs103294	Disease@MESH:D001523	0
Gene@11026	Mutation@rs103294	Disease@MESH:D011470	0
Gene@11026	Mutation@rs103294	Disease@MESH:D007249	0
Gene@11026	Mutation@rs103294	Disease@MESH:D003920	0
Gene@11026	Mutation@rs103294	Disease@MESH:D001943	0
Gene@11026	Mutation@rs103294	Disease@MESH:D063646	1
Gene@5887	Mutation@rs817826	Disease@MESH:D011471	1
Gene@5887	Mutation@rs817826	Disease@MESH:D009369	1
Gene@5887	Mutation@rs817826	Disease@MESH:D063646	1
Gene@9314	Mutation@rs817826	Disease@MESH:D011471	1
Gene@9314	Mutation@rs817826	Disease@MESH:D009369	1
Gene@9314	Mutation@rs817826	Disease@MESH:D063646	1
