Gene@10476	Mutation@rs11870474	Disease@MESH:D002544	0
Gene@10476	Mutation@rs11870474	Disease@MESH:D000544	0
Gene@10476	Mutation@rs11870474	Disease@MESH:D020521	0
Gene@10476	Mutation@rs11870474	Disease@MESH:D003704	0
Gene@10476	Mutation@rs11870474	Disease@MESH:D003072	0
Gene@10476	Mutation@rs11870474	Disease@MESH:D007238	0
Gene@10476	Mutation@rs11870474	Disease@MESH:C536677	0
Gene@10476	Mutation@rs11870474	Disease@MESH:D002561	0
Gene@10476	Mutation@rs11870474	Disease@MESH:D001161	0
Gene@10476	Mutation@rs11870474	Disease@MESH:D016657	0
Gene@10476	Mutation@rs11870474	Disease@MESH:D000783	0
Gene@10476	Mutation@rs11870474	Disease@MESH:D050197	0
Gene@10476	Mutation@rs11870474	Disease@MESH:D059345	0
Gene@10476	Mutation@rs11870474	Disease@MESH:D009410	0
Gene@10476	Mutation@rs11870474	Disease@MESH:D002543	0
Gene@10476	Mutation@rs11870474	Disease@MESH:D019636	0
Gene@10476	Mutation@rs11870474	Disease@MESH:D059409	0
Gene@10476	Mutation@rs11870474	Disease@MESH:D020520	0
Gene@10476	Mutation@rs11870474	Disease@MESH:D058225	0
Gene@10476	Mutation@rs9899728	Disease@MESH:D000544	1
Gene@10476	Mutation@rs9899728	Disease@MESH:D020521	1
Gene@23510	Mutation@rs9899728	Disease@MESH:D000544	1
Gene@23510	Mutation@rs9899728	Disease@MESH:D020521	1
Gene@3396	Mutation@rs9899728	Disease@MESH:D000544	1
Gene@3396	Mutation@rs9899728	Disease@MESH:D020521	1
