Gene@2099	Mutation@rs8113308	Disease@MESH:D001943	0
Gene@2099	Mutation@rs8113308	Disease@MESH:D009369	0
Gene@2099	Mutation@rs8113308	Disease@MESH:D003643	0
Gene@2099	Mutation@rs8113308	Disease@MESH:D008659	0
Gene@2099	Mutation@rs8113308	Disease@MESH:D007674	0
Gene@2099	Mutation@rs8113308	Disease@MESH:D006323	0
Gene@2099	Mutation@rs8113308	Disease@MESH:D002277	0
Gene@2099	Mutation@rs8113308	Disease@MESH:C000656865	0
Gene@2099	Mutation@rs8113308	Disease@MESH:D001919	0
Gene@2099	Mutation@rs11085098	Disease@MESH:D001943	0
Gene@2099	Mutation@rs11085098	Disease@MESH:D009369	0
Gene@2099	Mutation@rs11085098	Disease@MESH:D003643	0
Gene@2099	Mutation@rs11085098	Disease@MESH:D008659	0
Gene@2099	Mutation@rs11085098	Disease@MESH:D007674	0
Gene@2099	Mutation@rs11085098	Disease@MESH:D006323	0
Gene@2099	Mutation@rs11085098	Disease@MESH:D002277	0
Gene@2099	Mutation@rs11085098	Disease@MESH:C000656865	0
Gene@2099	Mutation@rs11085098	Disease@MESH:D001919	0
Gene@2099	Mutation@rs4767413	Disease@MESH:D001943	0
Gene@2099	Mutation@rs4767413	Disease@MESH:D009369	0
Gene@79898	Mutation@rs8113308	Disease@MESH:D001943	1
Gene@79898	Mutation@rs8113308	Disease@MESH:D009369	1
