Gene@114800	Mutation@rs67839313	Disease@MESH:D003920	0
Gene@114800	Mutation@rs67839313	Disease@MESH:D003924	0
Gene@114800	Mutation@rs67839313	Disease@MESH:D009765	0
Gene@114800	Mutation@rs67839313	Disease@MESH:D010190	0
Gene@114800	Mutation@rs67839313	Disease@MESH:D005317	0
Gene@114800	Mutation@rs67839313	Disease@MESH:D007333	0
Gene@114800	Mutation@rs67839313	Disease@MESH:D018149	0
Gene@114800	Mutation@rs67839313	Disease@MESH:D044882	0
Gene@114800	Mutation@rs67839313	Disease@MESH:D010195	0
Gene@114800	Mutation@rs67839313	Disease@MESH:D009422	0
Gene@114800	Mutation@rs67839313	Disease@MESH:D006130	0
Gene@114800	Mutation@rs67839313	Disease@MESH:D003922	0
Gene@114800	Mutation@rs67839313	Disease@MESH:D009369	0
Gene@114800	Mutation@rs67839313	Disease@MESH:D001172	0
Gene@114800	Mutation@rs67839313	Disease@MESH:D002532	0
Gene@114800	Mutation@rs67839313	Disease@MESH:D009759	0
Gene@114800	Mutation@rs67839313	Disease@MESH:D011656	0
Gene@114800	Mutation@rs67839313	Disease@MESH:D005901	0
Gene@114800	Mutation@rs67839313	Disease@MESH:D016889	0
Gene@114800	Mutation@rs1116357	Disease@MESH:D003920	1
Gene@114800	Mutation@rs1116357	Disease@MESH:D003924	1
Gene@58516	Mutation@rs147538848	Disease@MESH:D003920	1
Gene@58516	Mutation@rs147538848	Disease@MESH:D003924	1
Gene@63951	Mutation@rs1575972	Disease@MESH:D003920	1
Gene@63951	Mutation@rs1575972	Disease@MESH:D003924	1
Gene@51130	Mutation@rs9309245	Disease@MESH:D003920	1
Gene@51130	Mutation@rs9309245	Disease@MESH:D003924	1
Gene@57198	Mutation@rs67156297	Disease@MESH:D003920	1
Gene@57198	Mutation@rs67156297	Disease@MESH:D003924	1
Gene@100505573	Mutation@rs67839313	Disease@MESH:D003920	1
Gene@100505573	Mutation@rs67839313	Disease@MESH:D003924	1
Gene@100616126	Mutation@rs7107784	Disease@MESH:D003920	1
Gene@100616126	Mutation@rs7107784	Disease@MESH:D003924	1
Gene@3784	Mutation@rs2237896	Disease@MESH:D003920	1
Gene@3784	Mutation@rs2237896	Disease@MESH:D003924	1
Gene@111	Mutation@rs79223353	Disease@MESH:D003920	1
Gene@111	Mutation@rs79223353	Disease@MESH:D003924	1
Gene@6927	Mutation@rs55783344	Disease@MESH:D003920	1
Gene@6927	Mutation@rs55783344	Disease@MESH:D003924	1
Gene@9055	Mutation@rs79548680	Disease@MESH:D003920	1
Gene@9055	Mutation@rs79548680	Disease@MESH:D003924	1
