Gene@162515	Mutation@rs2237897	Disease@MESH:D003920	0
Gene@162515	Mutation@rs2237897	Disease@MESH:D003924	0
Gene@162515	Mutation@rs2237897	Disease@MESH:D005862	0
Gene@162515	Mutation@rs2237897	Disease@MESH:D002318	0
Gene@162515	Mutation@rs2237897	Disease@MESH:D009369	0
Gene@162515	Mutation@rs2237897	Disease@MESH:C538336	0
Gene@162515	Mutation@rs2237897	Disease@MESH:D056486	0
Gene@162515	Mutation@rs2237897	Disease@MESH:C536767	0
Gene@162515	Mutation@rs2237897	Disease@MESH:C537009	0
Gene@162515	Mutation@rs2237897	Disease@MESH:D010190	0
Gene@162515	Mutation@rs2237897	Disease@MESH:C536778	0
Gene@162515	Mutation@rs75493593	Disease@MESH:D003920	1
Gene@162515	Mutation@rs75493593	Disease@MESH:D003924	1
Gene@201232	Mutation@rs75493593	Disease@MESH:D003920	1
Gene@201232	Mutation@rs75493593	Disease@MESH:D003924	1
Gene@6934	Mutation@rs7903146	Disease@MESH:D003920	1
Gene@6934	Mutation@rs7903146	Disease@MESH:D003924	1
Gene@3784	Mutation@rs2237897	Disease@MESH:D003920	1
Gene@3784	Mutation@rs2237897	Disease@MESH:D003924	1
