Gene@2099	Mutation@rs140068132	Disease@MESH:D001943	0
Gene@2099	Mutation@rs140068132	Disease@MESH:D003920	0
Gene@2099	Mutation@rs140068132	Disease@MESH:D013285	0
Gene@2099	Mutation@rs140068132	Disease@MESH:D013590	0
Gene@2099	Mutation@rs140068132	Disease@MESH:D010051	0
Gene@2099	Mutation@rs140068132	Disease@MESH:D001249	0
Gene@2099	Mutation@rs140068132	Disease@MESH:D009369	0
Gene@2099	Mutation@rs140068132	Disease@MESH:D006331	0
Gene@2099	Mutation@rs140068132	Disease@MESH:D050723	0
Gene@2099	Mutation@rs140068132	Disease@MESH:D011471	0
Gene@2099	Mutation@rs147157845	Disease@MESH:D001943	0
Gene@2099	Mutation@rs147157845	Disease@MESH:D003920	0
Gene@2099	Mutation@rs147157845	Disease@MESH:D013285	0
Gene@2099	Mutation@rs147157845	Disease@MESH:D013590	0
Gene@2099	Mutation@rs147157845	Disease@MESH:D010051	0
Gene@2099	Mutation@rs147157845	Disease@MESH:D001249	0
Gene@2099	Mutation@rs147157845	Disease@MESH:D009369	0
Gene@2099	Mutation@rs147157845	Disease@MESH:D006331	0
Gene@2099	Mutation@rs147157845	Disease@MESH:D050723	0
Gene@2099	Mutation@rs147157845	Disease@MESH:D011471	0
Gene@27324	Mutation@rs4784227	Disease@MESH:D001943	1
Gene@27324	Mutation@rs4784227	Disease@MESH:D009369	1
