Gene@1138	Mutation@rs2853677	Disease@MESH:D008175	0
Gene@1138	Mutation@rs2853677	Disease@MESH:D009369	0
Gene@1138	Mutation@rs2853677	Disease@MESH:D063646	0
Gene@1138	Mutation@rs2853677	Disease@MESH:D002294	0
Gene@1138	Mutation@rs2853677	Disease@MESH:D000230	0
Gene@1138	Mutation@rs2853677	Disease@MESH:D015179	0
Gene@1138	Mutation@rs2853677	Disease@MESH:D007680	0
Gene@1138	Mutation@rs2853677	Disease@MESH:C565865	0
Gene@1138	Mutation@rs2853677	Disease@MESH:D054331	0
Gene@1138	Mutation@rs2853677	Disease@MESH:D002289	0
Gene@1138	Mutation@rs2853677	Disease@MESH:D010190	0
Gene@1138	Mutation@rs2853677	Disease@MESH:D005910	0
Gene@1138	Mutation@rs2853677	Disease@MESH:D002283	0
Gene@1138	Mutation@rs2853677	Disease@MESH:D000077192	0
Gene@1138	Mutation@rs2853677	Disease@MESH:D058729	0
Gene@1138	Mutation@rs2853677	Disease@MESH:C538614	0
Gene@1138	Mutation@rs2853677	Disease@MESH:D029424	0
Gene@1138	Mutation@rs2036527	Disease@MESH:D008175	0
Gene@1138	Mutation@rs2036527	Disease@MESH:D009369	0
Gene@1138	Mutation@rs2036527	Disease@MESH:D063646	0
Gene@7015	Mutation@rs2853677	Disease@MESH:D008175	1
Gene@7015	Mutation@rs2853677	Disease@MESH:D009369	1
Gene@7015	Mutation@rs2853677	Disease@MESH:D002289	1
Gene@2099	Mutation@rs1293936	Disease@MESH:D008175	1
Gene@2099	Mutation@rs1293936	Disease@MESH:D009369	1
Gene@2099	Mutation@rs1293936	Disease@MESH:D002289	1
