Gene@10452	Mutation@g.114754071T>C	Disease@MESH:D003920	0
Gene@10452	Mutation@g.114754071T>C	Disease@MESH:D003924	0
Gene@10452	Mutation@g.114754071T>C	Disease@MESH:D000544	0
Gene@10452	Mutation@g.114754071T>C	Disease@MESH:D005776	0
Gene@10452	Mutation@g.114754071T>C	Disease@MESH:D011471	0
Gene@10452	Mutation@rs11927381	Disease@MESH:D003920	0
Gene@10452	Mutation@rs11927381	Disease@MESH:D003924	0
Gene@10452	Mutation@rs11927381	Disease@MESH:D000544	0
Gene@10452	Mutation@rs11927381	Disease@MESH:D005776	0
Gene@10452	Mutation@rs11927381	Disease@MESH:D011471	0
Gene@10452	Mutation@rs34872471	Disease@MESH:D003920	0
Gene@10452	Mutation@rs34872471	Disease@MESH:D003924	0
Gene@6934	Mutation@rs34872471	Disease@MESH:D003920	1
Gene@6934	Mutation@rs34872471	Disease@MESH:D003924	1
Gene@10644	Mutation@rs11927381	Disease@MESH:D003920	1
Gene@10644	Mutation@rs11927381	Disease@MESH:D003924	1
Gene@54901	Mutation@rs7766070	Disease@MESH:D003920	1
Gene@54901	Mutation@rs7766070	Disease@MESH:D003924	1
Gene@23499	Mutation@rs3768321	Disease@MESH:D003920	1
Gene@23499	Mutation@rs3768321	Disease@MESH:D003924	1
Gene@79722	Mutation@rs9687833	Disease@MESH:D003920	1
Gene@79722	Mutation@rs9687833	Disease@MESH:D003924	1
Gene@169026	Mutation@rs13266634	Disease@MESH:D003920	1
Gene@169026	Mutation@rs13266634	Disease@MESH:D003924	1
