Gene@8495	Mutation@rs58262369	Disease@MESH:D011471	0
Gene@8495	Mutation@rs58262369	Disease@MESH:D009369	0
Gene@8495	Mutation@rs58262369	Disease@MESH:D001523	0
Gene@8495	Mutation@rs58262369	Disease@MESH:D011470	0
Gene@8495	Mutation@rs58262369	Disease@MESH:D016889	0
Gene@8495	Mutation@rs58262369	Disease@MESH:D009759	0
Gene@8495	Mutation@rs58262369	Disease@MESH:D010051	0
Gene@8495	Mutation@rs58262369	Disease@MESH:D004342	0
Gene@8495	Mutation@rs58262369	Disease@MESH:D063646	0
Gene@8495	Mutation@rs58262369	Disease@MESH:D020295	0
Gene@8495	Mutation@rs12791447	Disease@MESH:D011471	1
Gene@8495	Mutation@rs12791447	Disease@MESH:D009369	1
Gene@8495	Mutation@rs12791447	Disease@MESH:D001523	0
Gene@8495	Mutation@rs12791447	Disease@MESH:D011470	0
Gene@8495	Mutation@rs12791447	Disease@MESH:D016889	0
Gene@8495	Mutation@rs12791447	Disease@MESH:D009759	0
Gene@8495	Mutation@rs12791447	Disease@MESH:D010051	0
Gene@8495	Mutation@rs12791447	Disease@MESH:D004342	0
Gene@8495	Mutation@rs12791447	Disease@MESH:D063646	1
Gene@2100	Mutation@rs58262369	Disease@MESH:D011471	1
Gene@2100	Mutation@rs58262369	Disease@MESH:D009369	1
Gene@2100	Mutation@rs58262369	Disease@MESH:D063646	1
