Gene@2675	Mutation@rs17428041	Disease@MESH:D003929	1
Gene@2675	Mutation@rs17428041	Disease@MESH:D010146	1
Gene@2675	Mutation@rs17428041	Disease@MESH:D003920	1
Gene@2675	Mutation@rs17428041	Disease@MESH:D009437	1
Gene@2675	Mutation@rs17428041	Disease@MESH:D051437	0
Gene@2675	Mutation@rs17428041	Disease@MESH:D000699	0
Gene@2675	Mutation@rs17428041	Disease@MESH:D006973	0
Gene@2675	Mutation@rs17428041	Disease@MESH:D009765	0
Gene@2675	Mutation@rs17428041	Disease@MESH:D010523	0
Gene@2675	Mutation@rs17428041	Disease@MESH:D000275	0
Gene@2675	Mutation@rs17428041	Disease@MESH:D009422	0
Gene@2675	Mutation@rs17428041	Disease@MESH:D012678	0
Gene@2675	Mutation@rs17428041	Disease@MESH:D004408	0
Gene@2675	Mutation@rs17428041	Disease@MESH:D010190	0
Gene@2675	Mutation@rs17428041	Disease@MESH:D009369	0
Gene@2675	Mutation@rs17428041	Disease@MESH:D008881	0
Gene@2675	Mutation@rs17428041	Disease@MESH:D017719	0
Gene@2675	Mutation@rs17428041	Disease@MESH:D009463	0
Gene@2675	Mutation@rs17428041	Disease@MESH:D015430	0
Gene@9046	Mutation@rs17428041	Disease@MESH:D003929	1
Gene@9046	Mutation@rs17428041	Disease@MESH:D010146	1
Gene@9046	Mutation@rs17428041	Disease@MESH:D003920	1
Gene@9046	Mutation@rs17428041	Disease@MESH:D009437	1
