Gene@5921	Mutation@rs35148638	Disease@MESH:D011471	0
Gene@5921	Mutation@rs35148638	Disease@MESH:D000783	0
Gene@5921	Mutation@rs35148638	Disease@MESH:D001523	0
Gene@5921	Mutation@rs35148638	Disease@MESH:D003643	0
Gene@5921	Mutation@rs35148638	Disease@MESH:D009369	0
Gene@5921	Mutation@rs35148638	Disease@MESH:D015179	0
Gene@5921	Mutation@rs35148638	Disease@MESH:D009765	0
Gene@5921	Mutation@rs35148638	Disease@MESH:D011125	0
Gene@5921	Mutation@rs35148638	Disease@MESH:D044148	0
Gene@5921	Mutation@rs35148638	Disease@MESH:D013341	0
Gene@5921	Mutation@rs35148638	Disease@MESH:D001327	0
Gene@5921	Mutation@rs35148638	Disease@MESH:D009080	0
Gene@5921	Mutation@rs35148638	Disease@MESH:D003920	0
Gene@5921	Mutation@rs35148638	Disease@MESH:D003924	0
Gene@5921	Mutation@rs35148638	Disease@MESH:D001943	0
Gene@5921	Mutation@rs35148638	Disease@MESH:D013590	0
Gene@5921	Mutation@rs35148638	Disease@MESH:D057772	0
Gene@5921	Mutation@rs35148638	Disease@MESH:D065703	0
Gene@5921	Mutation@rs35148638	Disease@MESH:D030342	0
Gene@5921	Mutation@rs35148638	Disease@MESH:C538115	0
Gene@254827	Mutation@rs78943174	Disease@MESH:D011471	1
Gene@254827	Mutation@rs78943174	Disease@MESH:D009369	1
Gene@254827	Mutation@rs78943174	Disease@MESH:D011472	1
Gene@342372	Mutation@rs12597458	Disease@MESH:D011471	1
Gene@342372	Mutation@rs12597458	Disease@MESH:D009369	1
Gene@342372	Mutation@rs12597458	Disease@MESH:D011472	1
Gene@54901	Mutation@rs12198220	Disease@MESH:D011471	1
Gene@54901	Mutation@rs12198220	Disease@MESH:D009369	1
Gene@54901	Mutation@rs12198220	Disease@MESH:D011472	1
Gene@354	Mutation@rs62113212	Disease@MESH:D011471	1
Gene@354	Mutation@rs62113212	Disease@MESH:D009369	1
Gene@354	Mutation@rs62113212	Disease@MESH:D011472	1
