Gene@3164	Mutation@rs166870	Disease@MESH:D001943	0
Gene@3164	Mutation@rs166870	Disease@MESH:D009369	0
Gene@3164	Mutation@rs166870	Disease@MESH:D009362	0
Gene@3164	Mutation@rs166870	Disease@MESH:D020919	0
Gene@3164	Mutation@rs166870	Disease@MESH:D001941	0
Gene@3164	Mutation@rs166870	Disease@MESH:C000656865	0
Gene@3164	Mutation@rs166870	Disease@MESH:D008175	0
Gene@3164	Mutation@rs166870	Disease@MESH:C562935	0
Gene@3164	Mutation@rs166870	Disease@MESH:D005910	0
Gene@3164	Mutation@rs166870	Disease@MESH:D002277	0
Gene@3164	Mutation@rs166870	Disease@MESH:D000505	0
Gene@3164	Mutation@rs166870	Disease@MESH:D006949	0
Gene@3164	Mutation@rs10825036	Disease@MESH:D001943	0
Gene@3164	Mutation@rs10825036	Disease@MESH:D009369	0
Gene@3164	Mutation@rs10825036	Disease@MESH:D009362	0
Gene@3164	Mutation@rs10825036	Disease@MESH:D020919	0
Gene@3164	Mutation@rs10825036	Disease@MESH:D001941	0
Gene@3164	Mutation@rs10825036	Disease@MESH:C000656865	0
Gene@3164	Mutation@rs10825036	Disease@MESH:D008175	0
Gene@3164	Mutation@rs10825036	Disease@MESH:C562935	0
Gene@10588	Mutation@rs166870	Disease@MESH:D001943	1
Gene@10588	Mutation@rs166870	Disease@MESH:D001941	1
Gene@65217	Mutation@rs10825036	Disease@MESH:D001943	1
Gene@65217	Mutation@rs10825036	Disease@MESH:D001941	1
