Gene@7579	Mutation@rs71647933	Disease@MESH:D003929	0
Gene@7579	Mutation@rs71647933	Disease@MESH:D009437	0
Gene@7579	Mutation@rs71647933	Disease@MESH:D003920	0
Gene@7579	Mutation@rs71647933	Disease@MESH:D010146	0
Gene@7579	Mutation@rs71647933	Disease@MESH:D051437	0
Gene@7579	Mutation@rs71647933	Disease@MESH:D006937	0
Gene@7579	Mutation@rs71647933	Disease@MESH:D009765	0
Gene@7579	Mutation@rs71647933	Disease@MESH:D006973	0
Gene@7579	Mutation@rs71647933	Disease@MESH:D004827	0
Gene@7579	Mutation@rs71647933	Disease@MESH:D000275	0
Gene@7579	Mutation@rs71647933	Disease@MESH:D012678	0
Gene@7579	Mutation@rs71647933	Disease@MESH:D000309	0
Gene@7579	Mutation@rs71647933	Disease@MESH:D000080902	0
Gene@7579	Mutation@rs71647933	Disease@MESH:D006930	0
Gene@7579	Mutation@rs71647933	Disease@MESH:D004342	0
Gene@7579	Mutation@rs71647933	Disease@MESH:D000699	0
Gene@7579	Mutation@rs71647933	Disease@MESH:D009422	0
Gene@7579	Mutation@rs71647933	Disease@MESH:D005356	0
Gene@7579	Mutation@rs71647933	Disease@MESH:D010149	0
Gene@100419978	Mutation@rs6986153	Disease@MESH:D003929	1
Gene@100419978	Mutation@rs6986153	Disease@MESH:D009437	1
Gene@100419978	Mutation@rs6986153	Disease@MESH:D003920	1
Gene@100419978	Mutation@rs6986153	Disease@MESH:D010146	1
Gene@100419978	Mutation@rs6986153	Disease@MESH:C564945	1
