Gene@57630	Mutation@rs1728400	Disease@MESH:D001943	0
Gene@57630	Mutation@rs1728400	Disease@MESH:D009369	0
Gene@57630	Mutation@rs1728400	Disease@MESH:D003643	0
Gene@57630	Mutation@rs1728400	Disease@MESH:D043183	0
Gene@57630	Mutation@rs1728400	Disease@MESH:D009190	0
Gene@57630	Mutation@rs1728400	Disease@MESH:D003324	0
Gene@57630	Mutation@rs1728400	Disease@MESH:D005764	0
Gene@57630	Mutation@rs1728400	Disease@MESH:D007246	0
Gene@57630	Mutation@rs1728400	Disease@MESH:C566367	0
Gene@57630	Mutation@rs1728400	Disease@MESH:D011125	0
Gene@57630	Mutation@rs1728400	Disease@MESH:D054058	0
Gene@57630	Mutation@rs1728400	Disease@MESH:D004938	0
Gene@57630	Mutation@rs12358475	Disease@MESH:D001943	0
Gene@57630	Mutation@rs12358475	Disease@MESH:D009369	0
Gene@57630	Mutation@rs12358475	Disease@MESH:D003643	0
Gene@57630	Mutation@rs12358475	Disease@MESH:D043183	0
Gene@57630	Mutation@rs12358475	Disease@MESH:D009190	0
Gene@57630	Mutation@rs12358475	Disease@MESH:D003324	0
Gene@57630	Mutation@rs12358475	Disease@MESH:D005764	0
Gene@57630	Mutation@rs12358475	Disease@MESH:D007246	0
Gene@57561	Mutation@rs421379	Disease@MESH:D001943	1
