Gene@348	Mutation@rs76854344	Disease@MESH:D001284	0
Gene@348	Mutation@rs76854344	Disease@MESH:D000544	0
Gene@348	Mutation@rs76854344	Disease@MESH:D019636	0
Gene@348	Mutation@rs76854344	Disease@MESH:D003704	0
Gene@348	Mutation@rs76854344	Disease@MESH:D012162	0
Gene@348	Mutation@rs76854344	Disease@MESH:D054220	0
Gene@348	Mutation@rs76854344	Disease@MESH:D000377	0
Gene@348	Mutation@rs76854344	Disease@MESH:D001259	0
Gene@348	Mutation@rs76854344	Disease@MESH:D004410	0
Gene@348	Mutation@rs76854344	Disease@MESH:D060705	0
Gene@348	Mutation@rs76854344	Disease@MESH:D000381	0
Gene@348	Mutation@rs76854344	Disease@MESH:D004828	0
Gene@348	Mutation@rs76854344	Disease@MESH:D030342	0
Gene@348	Mutation@rs76854344	Disease@MESH:D003072	0
Gene@348	Mutation@rs76854344	Disease@MESH:D003643	0
Gene@348	Mutation@rs76854344	Disease@MESH:D015212	0
Gene@348	Mutation@rs76854344	Disease@MESH:D043183	0
Gene@348	Mutation@rs76854344	Disease@MESH:D000079225	0
Gene@129684	Mutation@rs76854344	Disease@MESH:D001284	1
Gene@129684	Mutation@rs76854344	Disease@MESH:D000544	1
Gene@129684	Mutation@rs76854344	Disease@MESH:D019636	1
Gene@55603	Mutation@rs72907046	Disease@MESH:D001284	1
Gene@55603	Mutation@rs72907046	Disease@MESH:D000544	1
Gene@55603	Mutation@rs72907046	Disease@MESH:D019636	1
Gene@10512	Mutation@rs2525776	Disease@MESH:D001284	1
Gene@10512	Mutation@rs2525776	Disease@MESH:D000544	1
Gene@10512	Mutation@rs2525776	Disease@MESH:D019636	1
