Gene@4318	Mutation@rs148553336	Disease@MESH:D006009	0
Gene@4318	Mutation@rs148553336	Disease@MESH:D001766	0
Gene@4318	Mutation@rs148553336	Disease@MESH:C536309	0
Gene@4318	Mutation@rs148553336	Disease@MESH:D001284	0
Gene@4318	Mutation@rs148553336	Disease@MESH:D019636	0
Gene@4318	Mutation@rs148553336	Disease@MESH:D014786	0
Gene@4318	Mutation@rs148553336	Disease@MESH:D058499	0
Gene@4318	Mutation@rs148553336	Disease@MESH:C564992	0
Gene@4318	Mutation@rs148553336	Disease@MESH:D009765	0
Gene@4318	Mutation@rs148553336	Disease@MESH:D000080362	0
Gene@4318	Mutation@rs148553336	Disease@MESH:D002658	0
Gene@4318	Mutation@rs148553336	Disease@MESH:D015861	0
Gene@4318	Mutation@rs148553336	Disease@MESH:D012021	0
Gene@4318	Mutation@rs148553336	Disease@OMIM:217000	0
Gene@4318	Mutation@rs148553336	Disease@MESH:D008268	0
Gene@4318	Mutation@rs148553336	Disease@MESH:D009369	0
Gene@4318	Mutation@rs148553336	Disease@MESH:D010003	0
Gene@4318	Mutation@rs148553336	Disease@MESH:D015212	0
Gene@4318	Mutation@rs148553336	Disease@MESH:D003920	0
Gene@4318	Mutation@rs142450006	Disease@MESH:D006009	1
Gene@4318	Mutation@rs142450006	Disease@MESH:D008268	1
Gene@3075	Mutation@rs148553336	Disease@MESH:D006009	1
Gene@3075	Mutation@rs148553336	Disease@MESH:D008268	1
Gene@3075	Mutation@rs35292876	Disease@MESH:D006009	1
Gene@3075	Mutation@rs35292876	Disease@MESH:D008268	1
Gene@3075	Mutation@rs191281603	Disease@MESH:D006009	1
Gene@3075	Mutation@rs191281603	Disease@MESH:D008268	1
Gene@3075	Mutation@rs10922109	Disease@MESH:D006009	1
Gene@3075	Mutation@rs10922109	Disease@MESH:D008268	1
Gene@3426	Mutation@rs10033900	Disease@MESH:D006009	1
Gene@3426	Mutation@rs10033900	Disease@MESH:D008268	1
Gene@23539	Mutation@rs8135665	Disease@MESH:D006009	1
Gene@23539	Mutation@rs8135665	Disease@MESH:D008268	1
Gene@1285	Mutation@rs11884770	Disease@MESH:D006009	1
Gene@1285	Mutation@rs11884770	Disease@MESH:D008268	1
Gene@19	Mutation@rs2740488	Disease@MESH:D006009	1
Gene@19	Mutation@rs2740488	Disease@MESH:D008268	1
Gene@348	Mutation@rs429358	Disease@MESH:D006009	1
Gene@348	Mutation@rs429358	Disease@MESH:D008268	1
Gene@1071	Mutation@rs5817082	Disease@MESH:D006009	1
Gene@1071	Mutation@rs5817082	Disease@MESH:D008268	1
