Gene@354	Mutation@rs11199874	Disease@MESH:D011471	0
Gene@354	Mutation@rs11199874	Disease@MESH:D009369	0
Gene@354	Mutation@rs11199874	Disease@MESH:D009362	0
Gene@354	Mutation@rs11199874	Disease@MESH:D003920	0
Gene@354	Mutation@rs9311171	Disease@MESH:D011471	0
Gene@354	Mutation@rs9311171	Disease@MESH:D009369	0
Gene@354	Mutation@rs9311171	Disease@MESH:D009362	0
Gene@354	Mutation@rs9311171	Disease@MESH:D003920	0
Gene@354	Mutation@rs445114	Disease@MESH:D011471	0
Gene@354	Mutation@rs445114	Disease@MESH:D009369	0
Gene@354	Mutation@rs445114	Disease@MESH:D009362	0
Gene@354	Mutation@rs445114	Disease@MESH:D003920	0
Gene@354	Mutation@rs2735839	Disease@MESH:D011471	0
Gene@354	Mutation@rs2735839	Disease@MESH:D009369	0
Gene@4477	Mutation@rs10993994	Disease@MESH:D011471	1
Gene@4477	Mutation@rs10993994	Disease@MESH:D009369	1
Gene@100128390	Mutation@rs4793529	Disease@MESH:D011471	1
Gene@100128390	Mutation@rs4793529	Disease@MESH:D009369	1
Gene@6662	Mutation@rs4793529	Disease@MESH:D011471	1
Gene@6662	Mutation@rs4793529	Disease@MESH:D009369	1
Gene@401475	Mutation@rs6983267	Disease@MESH:D011471	1
Gene@401475	Mutation@rs6983267	Disease@MESH:D009369	1
Gene@401475	Mutation@rs12682344	Disease@MESH:D011471	1
Gene@401475	Mutation@rs12682344	Disease@MESH:D009369	1
Gene@5462	Mutation@rs6983267	Disease@MESH:D011471	1
Gene@5462	Mutation@rs6983267	Disease@MESH:D009369	1
Gene@5462	Mutation@rs12682344	Disease@MESH:D011471	1
Gene@5462	Mutation@rs12682344	Disease@MESH:D009369	1
