Gene@675	Mutation@rs9854771	Disease@MESH:D010190	0
Gene@675	Mutation@rs9854771	Disease@MESH:D003643	0
Gene@675	Mutation@rs9854771	Disease@MESH:D003920	0
Gene@675	Mutation@rs9854771	Disease@MESH:D009369	0
Gene@675	Mutation@rs9854771	Disease@MESH:D003924	0
Gene@675	Mutation@rs9854771	Disease@MESH:D004342	0
Gene@675	Mutation@rs9854771	Disease@MESH:D008175	0
Gene@675	Mutation@rs9854771	Disease@MESH:D006323	0
Gene@675	Mutation@rs9854771	Disease@MESH:D001749	0
Gene@675	Mutation@rs9854771	Disease@MESH:C563168	0
Gene@675	Mutation@rs9854771	Disease@MESH:D010195	0
Gene@675	Mutation@rs9854771	Disease@MESH:D021441	0
Gene@675	Mutation@rs9854771	Disease@MESH:C535460	0
Gene@675	Mutation@rs9854771	Disease@MESH:D002869	0
Gene@675	Mutation@rs9854771	Disease@MESH:D012030	0
Gene@675	Mutation@rs9854771	Disease@MESH:D010182	0
Gene@675	Mutation@rs9854771	Disease@MESH:C562463	0
Gene@675	Mutation@rs9854771	Disease@MESH:D010580	0
Gene@79783	Mutation@rs17688601	Disease@MESH:D010190	1
Gene@79783	Mutation@rs17688601	Disease@MESH:D009369	1
Gene@79783	Mutation@rs17688601	Disease@MESH:D010182	1
Gene@79783	Mutation@rs17688601	Disease@MESH:C562463	1
Gene@8626	Mutation@rs9854771	Disease@MESH:D010190	1
Gene@8626	Mutation@rs9854771	Disease@MESH:D009369	1
Gene@8626	Mutation@rs9854771	Disease@MESH:D010182	1
Gene@8626	Mutation@rs9854771	Disease@MESH:C562463	1
Gene@54465	Mutation@rs1486134	Disease@MESH:D010190	1
Gene@54465	Mutation@rs1486134	Disease@MESH:D009369	1
Gene@54465	Mutation@rs1486134	Disease@MESH:D010182	1
Gene@54465	Mutation@rs1486134	Disease@MESH:C562463	1
Gene@3651	Mutation@rs9581943	Disease@MESH:D010190	1
Gene@3651	Mutation@rs9581943	Disease@MESH:D009369	1
Gene@3651	Mutation@rs9581943	Disease@MESH:D010182	1
Gene@3651	Mutation@rs9581943	Disease@MESH:C562463	1
Gene@2494	Mutation@rs3790844	Disease@MESH:D010190	1
Gene@2494	Mutation@rs3790844	Disease@MESH:D009369	1
Gene@2494	Mutation@rs3790844	Disease@MESH:D010182	1
Gene@2494	Mutation@rs3790844	Disease@MESH:C562463	1
Gene@378805	Mutation@rs6971499	Disease@MESH:D010190	1
Gene@378805	Mutation@rs6971499	Disease@MESH:D009369	1
Gene@378805	Mutation@rs6971499	Disease@MESH:D010182	1
Gene@378805	Mutation@rs6971499	Disease@MESH:C562463	1
Gene@28	Mutation@rs505922	Disease@MESH:D010190	1
Gene@28	Mutation@rs505922	Disease@MESH:D009369	1
Gene@28	Mutation@rs505922	Disease@MESH:D010182	1
Gene@28	Mutation@rs505922	Disease@MESH:C562463	1
Gene@100499467	Mutation@rs11655237	Disease@MESH:D010190	1
Gene@100499467	Mutation@rs11655237	Disease@MESH:D009369	1
Gene@100499467	Mutation@rs11655237	Disease@MESH:D010182	1
Gene@100499467	Mutation@rs11655237	Disease@MESH:C562463	1
Gene@2922	Mutation@rs1517037	Disease@MESH:D010190	1
Gene@2922	Mutation@rs1517037	Disease@MESH:D009369	1
Gene@2922	Mutation@rs1517037	Disease@MESH:D010182	1
Gene@2922	Mutation@rs1517037	Disease@MESH:C562463	1
Gene@6927	Mutation@rs7310409	Disease@MESH:D010190	1
Gene@6927	Mutation@rs7310409	Disease@MESH:D009369	1
Gene@6927	Mutation@rs7310409	Disease@MESH:D010182	1
Gene@6927	Mutation@rs7310409	Disease@MESH:C562463	1
Gene@7482	Mutation@rs351365	Disease@MESH:D010190	1
Gene@7482	Mutation@rs351365	Disease@MESH:D009369	1
Gene@7482	Mutation@rs351365	Disease@MESH:D010182	1
Gene@7482	Mutation@rs351365	Disease@MESH:C562463	1
