Gene@317762	Mutation@rs429358	Disease@MESH:D000544	0
Gene@317762	Mutation@rs429358	Disease@MESH:D019636	0
Gene@317762	Mutation@rs429358	Disease@MESH:D003704	0
Gene@317762	Mutation@rs429358	Disease@MESH:D001523	0
Gene@317762	Mutation@rs429358	Disease@MESH:D003643	0
Gene@317762	Mutation@rs429358	Disease@MESH:D011605	0
Gene@317762	Mutation@rs429358	Disease@MESH:D003920	0
Gene@317762	Mutation@rs429358	Disease@MESH:D006331	0
Gene@317762	Mutation@rs429358	Disease@MESH:D000275	0
Gene@317762	Mutation@rs429358	Disease@MESH:D015140	0
Gene@317762	Mutation@rs429358	Disease@MESH:D006849	0
Gene@317762	Mutation@rs429358	Disease@MESH:D006973	0
Gene@317762	Mutation@rs429358	Disease@MESH:D015211	0
Gene@317762	Mutation@rs429358	Disease@MESH:C000656865	0
Gene@317762	Mutation@rs7412	Disease@MESH:D000544	0
Gene@317762	Mutation@rs7412	Disease@MESH:D019636	0
Gene@317762	Mutation@rs7412	Disease@MESH:D003704	0
Gene@317762	Mutation@rs7412	Disease@MESH:D001523	0
Gene@317762	Mutation@rs7412	Disease@MESH:D003643	0
Gene@317762	Mutation@rs7412	Disease@MESH:D011605	0
Gene@317762	Mutation@rs2400749	Disease@MESH:D000544	1
Gene@29949	Mutation@rs2243170	Disease@MESH:D000544	1
Gene@344148	Mutation@rs7588354	Disease@MESH:D000544	1
Gene@63876	Mutation@rs11601321	Disease@MESH:D000544	1
Gene@121214	Mutation@rs840163	Disease@MESH:D000544	1
Gene@8659	Mutation@rs6695033	Disease@MESH:D000544	1
