Gene@675	Mutation@rs17879961	Disease@MESH:D008175	0
Gene@675	Mutation@rs17879961	Disease@MESH:D000077192	0
Gene@675	Mutation@rs17879961	Disease@MESH:D009369	0
Gene@675	Mutation@rs17879961	Disease@MESH:D063646	0
Gene@675	Mutation@rs17879961	Disease@MESH:D002289	0
Gene@675	Mutation@rs17879961	Disease@MESH:D000544	0
Gene@675	Mutation@rs17879961	Disease@MESH:D000230	0
Gene@675	Mutation@rs17879961	Disease@MESH:D002294	0
Gene@675	Mutation@rs17879961	Disease@MESH:C535460	0
Gene@675	Mutation@rs17879961	Disease@MESH:D010190	0
Gene@675	Mutation@rs17879961	Disease@MESH:D010051	0
Gene@675	Mutation@rs17879961	Disease@MESH:D001943	0
Gene@675	Mutation@rs17879961	Disease@MESH:D004941	0
Gene@675	Mutation@rs17879961	Disease@MESH:D006323	0
Gene@675	Mutation@rs17879961	Disease@MESH:D018287	0
Gene@675	Mutation@rs17879961	Disease@MESH:D018196	0
Gene@675	Mutation@rs17879961	Disease@MESH:D020165	0
Gene@675	Mutation@rs17879961	Disease@OMIM:176500	0
Gene@11200	Mutation@rs17879961	Disease@MESH:D008175	1
Gene@11200	Mutation@rs17879961	Disease@MESH:D000077192	1
Gene@11200	Mutation@rs17879961	Disease@MESH:D009369	1
Gene@11200	Mutation@rs17879961	Disease@MESH:D030342	1
Gene@11200	Mutation@rs17879961	Disease@MESH:D055752	1
Gene@8626	Mutation@rs13314271	Disease@MESH:D008175	1
Gene@8626	Mutation@rs13314271	Disease@MESH:D000077192	1
Gene@8626	Mutation@rs13314271	Disease@MESH:D009369	1
Gene@8626	Mutation@rs13314271	Disease@MESH:D030342	1
Gene@8626	Mutation@rs13314271	Disease@MESH:D055752	1
