Gene@1401	Mutation@rs6745983	Disease@MESH:D030342	0
Gene@1401	Mutation@rs6745983	Disease@MESH:D002609	0
Gene@1401	Mutation@rs6745983	Disease@MESH:D050197	0
Gene@1401	Mutation@rs6745983	Disease@MESH:D020191	0
Gene@1401	Mutation@rs6745983	Disease@MESH:D029461	0
Gene@1401	Mutation@rs6745983	Disease@MESH:D003643	0
Gene@1401	Mutation@rs6745983	Disease@MESH:D001281	0
Gene@1401	Mutation@rs6745983	Disease@MESH:D020521	0
Gene@1401	Mutation@rs6745983	Disease@MESH:D006333	0
Gene@1401	Mutation@rs6745983	Disease@MESH:D000544	0
Gene@1401	Mutation@rs6745983	Disease@MESH:D009369	0
Gene@1401	Mutation@rs6745983	Disease@MESH:D003704	0
Gene@1401	Mutation@rs6745983	Disease@MESH:D003324	0
Gene@1401	Mutation@rs6745983	Disease@MESH:D003920	0
Gene@1401	Mutation@rs6745983	Disease@MESH:D009223	0
Gene@1401	Mutation@rs6745983	Disease@MESH:D006402	0
Gene@1401	Mutation@rs6745983	Disease@MESH:D002318	0
Gene@1401	Mutation@rs6745983	Disease@MESH:D001321	0
Gene@6934	Mutation@rs10885409	Disease@MESH:D006402	1
Gene@2646	Mutation@rs780094	Disease@MESH:D006402	1
