Gene@3630	Mutation@rs9260151	Disease@MESH:D003920	0
Gene@3630	Mutation@rs9260151	Disease@MESH:D003922	0
Gene@3630	Mutation@rs9260151	Disease@MESH:D010195	0
Gene@3630	Mutation@rs9260151	Disease@MESH:D007333	0
Gene@3630	Mutation@rs9260151	Disease@MESH:D020518	0
Gene@3630	Mutation@rs9260151	Disease@MESH:D007674	0
Gene@3630	Mutation@rs9260151	Disease@MESH:D003925	0
Gene@3630	Mutation@rs9260151	Disease@MESH:D000309	0
Gene@3630	Mutation@rs9260151	Disease@MESH:D001327	0
Gene@3630	Mutation@rs9260151	Disease@MESH:D000419	0
Gene@3630	Mutation@rs9260151	Disease@MESH:D012164	0
Gene@3630	Mutation@rs9260151	Disease@MESH:D010190	0
Gene@3630	Mutation@rs9260151	Disease@MESH:D009422	0
Gene@3630	Mutation@rs9260151	Disease@MESH:D020521	0
Gene@3630	Mutation@rs9260151	Disease@MESH:D007003	0
Gene@3630	Mutation@rs9260151	Disease@MESH:D008223	0
Gene@3630	Mutation@rs9260151	Disease@MESH:D003424	0
Gene@3630	Mutation@rs9260151	Disease@MESH:D003924	0
Gene@3107	Mutation@rs9260151	Disease@MESH:D003920	1
Gene@3107	Mutation@rs9260151	Disease@MESH:D003922	1
Gene@3107	Mutation@rs3135002	Disease@MESH:D003920	1
Gene@3107	Mutation@rs3135002	Disease@MESH:D003922	1
Gene@3107	Mutation@rs61211515	Disease@MESH:D003920	1
Gene@3107	Mutation@rs61211515	Disease@MESH:D003922	1
Gene@3105	Mutation@rs9260151	Disease@MESH:D003920	1
Gene@3105	Mutation@rs9260151	Disease@MESH:D003922	1
Gene@57829	Mutation@rs559047	Disease@MESH:D003920	1
Gene@57829	Mutation@rs559047	Disease@MESH:D003922	1
