Gene@2263	Mutation@rs3135718	Disease@MESH:D001943	1
Gene@2263	Mutation@rs3135718	Disease@MESH:D009369	0
Gene@2263	Mutation@rs3135718	Disease@MESH:D043183	0
Gene@2263	Mutation@rs3135718	Disease@MESH:D017034	0
Gene@2263	Mutation@rs3135724	Disease@MESH:D001943	1
Gene@2263	Mutation@rs3135724	Disease@MESH:D009369	0
Gene@2263	Mutation@rs3135724	Disease@MESH:D043183	0
Gene@2263	Mutation@rs3135724	Disease@MESH:D017034	0
Gene@2263	Mutation@rs2981582	Disease@MESH:D001943	0
Gene@2263	Mutation@rs2981582	Disease@MESH:D009369	0
Gene@2263	Mutation@rs2981582	Disease@MESH:D043183	0
Gene@2263	Mutation@rs2981582	Disease@MESH:D017034	0
Gene@2263	Mutation@rs2981578	Disease@MESH:D001943	0
Gene@2263	Mutation@rs2981578	Disease@MESH:D009369	0
Gene@2263	Mutation@rs2981578	Disease@MESH:D043183	0
Gene@2263	Mutation@rs2981578	Disease@MESH:D017034	0
Gene@2263	Mutation@rs2981579	Disease@MESH:D001943	0
Gene@2263	Mutation@rs2981579	Disease@MESH:D009369	0
Gene@2263	Mutation@rs2981579	Disease@MESH:D043183	0
Gene@2263	Mutation@rs2981579	Disease@MESH:D017034	0
