Gene@127018	Mutation@rs146662075	Disease@MESH:D003920	0
Gene@127018	Mutation@rs146662075	Disease@MESH:D003924	0
Gene@127018	Mutation@rs146662075	Disease@MESH:D030342	0
Gene@127018	Mutation@rs146662075	Disease@MESH:D010195	0
Gene@127018	Mutation@rs146662075	Disease@MESH:D065626	0
Gene@127018	Mutation@rs146662075	Disease@MESH:D009765	0
Gene@127018	Mutation@rs146662075	Disease@MESH:C563425	0
Gene@127018	Mutation@rs146662075	Disease@MESH:D018149	0
Gene@127018	Mutation@rs146662075	Disease@MESH:D007333	0
Gene@127018	Mutation@rs146662075	Disease@MESH:C535838	0
Gene@127018	Mutation@rs146662075	Disease@MESH:D005909	0
Gene@127018	Mutation@rs146662075	Disease@MESH:D011236	0
Gene@127018	Mutation@rs146662075	Disease@MESH:C537005	0
Gene@127018	Mutation@rs146662075	Disease@MESH:D003922	0
Gene@127018	Mutation@rs146662075	Disease@MESH:D004342	0
Gene@127018	Mutation@rs146662075	Disease@MESH:D005198	0
Gene@50674	Mutation@rs2642587	Disease@MESH:D003920	1
Gene@50674	Mutation@rs2642587	Disease@MESH:D003924	1
Gene@10645	Mutation@rs3794205	Disease@MESH:D003920	1
Gene@10645	Mutation@rs3794205	Disease@MESH:D003924	1
Gene@28	Mutation@rs505922	Disease@MESH:D003920	1
Gene@28	Mutation@rs505922	Disease@MESH:D003924	1
Gene@10919	Mutation@rs115884658	Disease@MESH:D003920	1
Gene@10919	Mutation@rs115884658	Disease@MESH:D003924	1
Gene@643136	Mutation@rs2820443	Disease@MESH:D003920	1
Gene@643136	Mutation@rs2820443	Disease@MESH:D003924	1
Gene@10241	Mutation@rs12453394	Disease@MESH:D003920	1
Gene@10241	Mutation@rs12453394	Disease@MESH:D003924	1
Gene@894	Mutation@rs76895963	Disease@MESH:D003920	1
Gene@894	Mutation@rs76895963	Disease@MESH:D003924	1
