Gene@5629	Mutation@rs340841	Disease@MESH:D003924	1
Gene@5629	Mutation@rs340841	Disease@MESH:D003925	1
Gene@5629	Mutation@rs340841	Disease@MESH:D003928	1
Gene@5629	Mutation@rs340841	Disease@MESH:D003920	1
Gene@5629	Mutation@rs340841	Disease@MESH:D000419	0
Gene@5629	Mutation@rs340841	Disease@MESH:D006973	0
Gene@5629	Mutation@rs340841	Disease@MESH:D051436	0
Gene@5629	Mutation@rs340841	Disease@MESH:D050171	0
Gene@5629	Mutation@rs340841	Disease@MESH:D017566	0
Gene@5629	Mutation@rs340841	Disease@MESH:D000783	0
Gene@5629	Mutation@rs340841	Disease@MESH:D044882	0
Gene@5629	Mutation@rs340841	Disease@MESH:D030342	0
Gene@5629	Mutation@rs340841	Disease@MESH:D007674	0
Gene@5629	Mutation@rs340841	Disease@MESH:D003324	0
Gene@5629	Mutation@rs340841	Disease@MESH:D002318	0
Gene@5629	Mutation@rs340841	Disease@MESH:D009765	0
Gene@5629	Mutation@rs340841	Disease@MESH:D020521	0
Gene@5629	Mutation@rs340841	Disease@MESH:D050723	0
Gene@5629	Mutation@rs340841	Disease@MESH:D018149	0
Gene@5629	Mutation@rs340841	Disease@MESH:D003922	1
Gene@161198	Mutation@rs35372009	Disease@MESH:D003924	1
Gene@161198	Mutation@rs35372009	Disease@MESH:D003925	1
Gene@161198	Mutation@rs35372009	Disease@MESH:D003928	1
Gene@161198	Mutation@rs35372009	Disease@MESH:D003920	1
Gene@161198	Mutation@rs35372009	Disease@MESH:D003922	1
Gene@161198	Mutation@rs1754680	Disease@MESH:D003924	1
Gene@161198	Mutation@rs1754680	Disease@MESH:D003925	1
Gene@161198	Mutation@rs1754680	Disease@MESH:D003928	1
Gene@161198	Mutation@rs1754680	Disease@MESH:D003920	1
Gene@161198	Mutation@rs1754680	Disease@MESH:D003922	1
Gene@283547	Mutation@rs35372009	Disease@MESH:D003924	1
Gene@283547	Mutation@rs35372009	Disease@MESH:D003925	1
Gene@283547	Mutation@rs35372009	Disease@MESH:D003928	1
Gene@283547	Mutation@rs35372009	Disease@MESH:D003920	1
Gene@283547	Mutation@rs35372009	Disease@MESH:D003922	1
Gene@283547	Mutation@rs1754680	Disease@MESH:D003924	1
Gene@283547	Mutation@rs1754680	Disease@MESH:D003925	1
Gene@283547	Mutation@rs1754680	Disease@MESH:D003928	1
Gene@283547	Mutation@rs1754680	Disease@MESH:D003920	1
Gene@283547	Mutation@rs1754680	Disease@MESH:D003922	1
Gene@100861504	Mutation@rs340841	Disease@MESH:D003924	1
Gene@100861504	Mutation@rs340841	Disease@MESH:D003925	1
Gene@100861504	Mutation@rs340841	Disease@MESH:D003928	1
Gene@100861504	Mutation@rs340841	Disease@MESH:D003920	1
Gene@100861504	Mutation@rs340841	Disease@MESH:D003922	1
Gene@23040	Mutation@rs12714314	Disease@MESH:D003924	1
Gene@23040	Mutation@rs12714314	Disease@MESH:D003925	1
Gene@23040	Mutation@rs12714314	Disease@MESH:D003928	1
Gene@23040	Mutation@rs12714314	Disease@MESH:D003920	1
Gene@23040	Mutation@rs12714314	Disease@MESH:D003922	1
Gene@7837	Mutation@rs12714314	Disease@MESH:D003924	1
Gene@7837	Mutation@rs12714314	Disease@MESH:D003925	1
Gene@7837	Mutation@rs12714314	Disease@MESH:D003928	1
Gene@7837	Mutation@rs12714314	Disease@MESH:D003920	1
Gene@7837	Mutation@rs12714314	Disease@MESH:D003922	1
Gene@730811	Mutation@rs12714314	Disease@MESH:D003924	1
Gene@730811	Mutation@rs12714314	Disease@MESH:D003925	1
Gene@730811	Mutation@rs12714314	Disease@MESH:D003928	1
Gene@730811	Mutation@rs12714314	Disease@MESH:D003920	1
Gene@730811	Mutation@rs12714314	Disease@MESH:D003922	1
Gene@645206	Mutation@rs58383906	Disease@MESH:D003924	1
Gene@645206	Mutation@rs58383906	Disease@MESH:D003925	1
Gene@645206	Mutation@rs58383906	Disease@MESH:D003928	1
Gene@645206	Mutation@rs58383906	Disease@MESH:D003920	1
Gene@645206	Mutation@rs58383906	Disease@MESH:D003922	1
Gene@27303	Mutation@rs58383906	Disease@MESH:D003924	1
Gene@27303	Mutation@rs58383906	Disease@MESH:D003925	1
Gene@27303	Mutation@rs58383906	Disease@MESH:D003928	1
Gene@27303	Mutation@rs58383906	Disease@MESH:D003920	1
Gene@27303	Mutation@rs58383906	Disease@MESH:D003922	1
Gene@10769	Mutation@rs13166103	Disease@MESH:D003924	1
Gene@10769	Mutation@rs13166103	Disease@MESH:D003925	1
Gene@10769	Mutation@rs13166103	Disease@MESH:D003928	1
Gene@10769	Mutation@rs13166103	Disease@MESH:D003920	1
Gene@10769	Mutation@rs13166103	Disease@MESH:D003922	1
Gene@4988	Mutation@rs9384193	Disease@MESH:D003924	1
Gene@4988	Mutation@rs9384193	Disease@MESH:D003925	1
Gene@4988	Mutation@rs9384193	Disease@MESH:D003928	1
Gene@4988	Mutation@rs9384193	Disease@MESH:D003920	1
Gene@4988	Mutation@rs9384193	Disease@MESH:D003922	1
Gene@154043	Mutation@rs9384193	Disease@MESH:D003924	1
Gene@154043	Mutation@rs9384193	Disease@MESH:D003925	1
Gene@154043	Mutation@rs9384193	Disease@MESH:D003928	1
Gene@154043	Mutation@rs9384193	Disease@MESH:D003920	1
Gene@154043	Mutation@rs9384193	Disease@MESH:D003922	1
Gene@121256	Mutation@rs11060464	Disease@MESH:D003924	1
Gene@121256	Mutation@rs11060464	Disease@MESH:D003925	1
Gene@121256	Mutation@rs11060464	Disease@MESH:D003928	1
Gene@121256	Mutation@rs11060464	Disease@MESH:D003920	1
Gene@121256	Mutation@rs11060464	Disease@MESH:D003922	1
Gene@128553	Mutation@rs13043901	Disease@MESH:D003924	1
Gene@128553	Mutation@rs13043901	Disease@MESH:D003925	1
Gene@128553	Mutation@rs13043901	Disease@MESH:D003928	1
Gene@128553	Mutation@rs13043901	Disease@MESH:D003920	1
Gene@128553	Mutation@rs13043901	Disease@MESH:D003922	1
Gene@7764	Mutation@rs13043901	Disease@MESH:D003924	1
Gene@7764	Mutation@rs13043901	Disease@MESH:D003925	1
Gene@7764	Mutation@rs13043901	Disease@MESH:D003928	1
Gene@7764	Mutation@rs13043901	Disease@MESH:D003920	1
Gene@7764	Mutation@rs13043901	Disease@MESH:D003922	1
