Gene@2263	Mutation@rs2912759	Disease@MESH:D015470	1
Gene@2263	Mutation@rs2912759	Disease@MESH:D009369	0
Gene@2263	Mutation@rs2912759	Disease@MESH:D007951	1
Gene@2263	Mutation@rs2912759	Disease@MESH:D001855	0
Gene@2263	Mutation@rs2912759	Disease@MESH:D007938	1
Gene@2263	Mutation@rs2912759	Disease@MESH:D003643	0
Gene@2263	Mutation@rs2912759	Disease@MESH:D054198	1
Gene@2263	Mutation@rs2912759	Disease@MESH:D019337	0
Gene@2263	Mutation@rs2912759	Disease@MESH:D017681	0
Gene@2263	Mutation@rs2912759	Disease@MESH:D046152	0
Gene@2263	Mutation@rs2912759	Disease@MESH:D001932	0
Gene@2263	Mutation@rs2912759	Disease@MESH:D004802	0
Gene@2263	Mutation@rs2912759	Disease@MESH:D002294	0
Gene@2263	Mutation@rs2912759	Disease@MESH:D001943	0
Gene@2263	Mutation@rs2912759	Disease@MESH:D016889	0
Gene@2263	Mutation@rs2912759	Disease@MESH:D009101	0
Gene@2263	Mutation@rs2912759	Disease@MESH:D013274	0
Gene@861	Mutation@rs762247	Disease@MESH:D015470	1
Gene@861	Mutation@rs762247	Disease@MESH:D007951	1
Gene@861	Mutation@rs762247	Disease@MESH:D007938	1
Gene@861	Mutation@rs762247	Disease@MESH:D054198	1
Gene@861	Mutation@rs8133478	Disease@MESH:D015470	1
Gene@861	Mutation@rs8133478	Disease@MESH:D007951	1
Gene@861	Mutation@rs8133478	Disease@MESH:D007938	1
Gene@861	Mutation@rs8133478	Disease@MESH:D054198	1
Gene@3716	Mutation@rs11208534	Disease@MESH:D015470	1
Gene@3716	Mutation@rs11208534	Disease@MESH:D007951	1
Gene@3716	Mutation@rs11208534	Disease@MESH:D007938	1
Gene@3716	Mutation@rs11208534	Disease@MESH:D054198	1
