Gene@354	Mutation@rs723557	Disease@MESH:D011471	0
Gene@354	Mutation@rs723557	Disease@MESH:D003643	0
Gene@354	Mutation@rs723557	Disease@MESH:D009369	0
Gene@354	Mutation@rs723557	Disease@MESH:D001523	0
Gene@354	Mutation@rs723557	Disease@MESH:D010051	0
Gene@354	Mutation@rs723557	Disease@MESH:C535338	0
Gene@354	Mutation@rs114997855	Disease@MESH:D011471	0
Gene@354	Mutation@rs114997855	Disease@MESH:D003643	0
Gene@354	Mutation@rs114997855	Disease@MESH:D009369	0
Gene@354	Mutation@rs114997855	Disease@MESH:D001523	0
Gene@354	Mutation@rs114997855	Disease@MESH:D010051	0
Gene@354	Mutation@rs114997855	Disease@MESH:C535338	0
Gene@354	Mutation@rs140659849	Disease@MESH:D011471	0
Gene@354	Mutation@rs140659849	Disease@MESH:D003643	0
Gene@354	Mutation@rs140659849	Disease@MESH:D009369	0
Gene@354	Mutation@rs140659849	Disease@MESH:D001523	0
Gene@354	Mutation@rs140659849	Disease@MESH:D010051	0
Gene@354	Mutation@rs140659849	Disease@MESH:C535338	0
Gene@354	Mutation@rs76010824	Disease@MESH:D011471	0
Gene@354	Mutation@rs76010824	Disease@MESH:D003643	0
