Gene@1432	Mutation@rs80028505	Disease@MESH:D017719	0
Gene@1432	Mutation@rs80028505	Disease@MESH:D003925	0
Gene@1432	Mutation@rs80028505	Disease@MESH:D003920	1
Gene@1432	Mutation@rs80028505	Disease@MESH:D010523	0
Gene@1432	Mutation@rs80028505	Disease@MESH:D016523	0
Gene@1432	Mutation@rs80028505	Disease@MESH:D014456	0
Gene@1432	Mutation@rs80028505	Disease@MESH:D000699	0
Gene@1432	Mutation@rs80028505	Disease@MESH:D009422	0
Gene@1432	Mutation@rs80028505	Disease@MESH:D016491	0
Gene@1432	Mutation@rs80028505	Disease@MESH:D007674	0
Gene@1432	Mutation@rs80028505	Disease@MESH:D012164	0
Gene@1432	Mutation@rs80028505	Disease@MESH:D003929	1
Gene@1432	Mutation@rs80028505	Disease@MESH:C537708	0
Gene@1432	Mutation@rs80028505	Disease@MESH:D003924	0
Gene@1432	Mutation@rs80028505	Disease@MESH:D009190	0
Gene@1432	Mutation@rs80028505	Disease@MESH:D005530	0
Gene@1432	Mutation@rs80028505	Disease@MESH:D010146	0
Gene@1432	Mutation@rs80028505	Disease@MESH:D014647	0
Gene@1432	Mutation@rs80028505	Disease@MESH:D003320	0
Gene@1432	Mutation@rs80028505	Disease@MESH:D013276	0
Gene@1432	Mutation@rs80028505	Disease@MESH:D003928	1
Gene@1432	Mutation@rs3761980	Disease@MESH:D017719	1
Gene@1432	Mutation@rs3761980	Disease@MESH:D003920	1
Gene@1432	Mutation@rs3761980	Disease@MESH:D003929	1
Gene@1432	Mutation@rs3761980	Disease@MESH:D003928	1
Gene@26416	Mutation@rs80028505	Disease@MESH:D017719	1
Gene@26416	Mutation@rs80028505	Disease@MESH:D003920	1
Gene@26416	Mutation@rs80028505	Disease@MESH:D003929	1
Gene@26416	Mutation@rs80028505	Disease@MESH:D003928	1
Gene@26416	Mutation@rs3761980	Disease@MESH:D017719	1
Gene@26416	Mutation@rs3761980	Disease@MESH:D003920	1
Gene@26416	Mutation@rs3761980	Disease@MESH:D003929	1
Gene@26416	Mutation@rs3761980	Disease@MESH:D003928	1
