Gene@622	Mutation@rs2484	Disease@MESH:D003072	0
Gene@622	Mutation@rs2484	Disease@MESH:D000544	0
Gene@622	Mutation@rs2484	Disease@MESH:D019636	0
Gene@622	Mutation@rs2484	Disease@MESH:D009461	0
Gene@622	Mutation@rs2484	Disease@MESH:D008569	0
Gene@622	Mutation@rs2484	Disease@MESH:D001284	0
Gene@622	Mutation@rs2484	Disease@MESH:D006973	0
Gene@622	Mutation@rs2484	Disease@MESH:D020521	0
Gene@622	Mutation@rs2484	Disease@MESH:D003920	0
Gene@622	Mutation@rs2484	Disease@MESH:D001929	0
Gene@622	Mutation@rs2484	Disease@MESH:D007249	0
Gene@622	Mutation@rs2484	Disease@MESH:D001249	0
Gene@622	Mutation@rs2484	Disease@MESH:D002544	0
Gene@622	Mutation@rs2484	Disease@MESH:D001168	0
Gene@622	Mutation@rs2484	Disease@MESH:D064420	0
Gene@622	Mutation@rs2484	Disease@MESH:D003704	0
Gene@622	Mutation@rs2484	Disease@MESH:D015212	0
Gene@622	Mutation@rs2484	Disease@MESH:D009369	0
Gene@622	Mutation@rs2484	Disease@MESH:D020078	0
Gene@6480	Mutation@rs3936289	Disease@MESH:D000544	1
Gene@55647	Mutation@rs56378310	Disease@MESH:D000544	1
Gene@23047	Mutation@rs192470679	Disease@MESH:D000544	1
Gene@105	Mutation@rs10903488	Disease@MESH:D000544	1
Gene@80176	Mutation@rs11121365	Disease@MESH:D000544	1
