Gene@4308	Mutation@g.16069C>T	Disease@MESH:D006009	0
Gene@4308	Mutation@g.16069C>T	Disease@MESH:D012164	0
Gene@4308	Mutation@g.16069C>T	Disease@MESH:D001766	0
Gene@4308	Mutation@g.16069C>T	Disease@MESH:D001284	0
Gene@4308	Mutation@g.16069C>T	Disease@MESH:C566369	0
Gene@4308	Mutation@g.16069C>T	Disease@MESH:D004342	0
Gene@4308	Mutation@g.16069C>T	Disease@MESH:D009136	0
Gene@4308	Mutation@g.16069C>T	Disease@MESH:C562733	0
Gene@4308	Mutation@g.16069C>T	Disease@MESH:D015354	0
Gene@4308	Mutation@g.16069C>T	Disease@MESH:C536122	0
Gene@4308	Mutation@g.16069C>T	Disease@MESH:D014786	0
Gene@4308	Mutation@g.16069C>T	Disease@MESH:D050197	0
Gene@4308	Mutation@g.16069C>T	Disease@MESH:D004194	0
Gene@4308	Mutation@g.16069C>T	Disease@MESH:D028361	0
Gene@4308	Mutation@g.16069C>T	Disease@MESH:D058499	0
Gene@4308	Mutation@g.16069C>T	Disease@MESH:D001714	0
Gene@4308	Mutation@g.16069C>T	Disease@MESH:D008545	0
Gene@4308	Mutation@g.16069C>T	Disease@MESH:D016751	0
Gene@4308	Mutation@rs6493454	Disease@MESH:D028361	1
Gene@11057	Mutation@rs4932480	Disease@MESH:D028361	1
Gene@4536	Mutation@rs6493454	Disease@MESH:D028361	1
Gene@6017	Mutation@rs4932480	Disease@MESH:D028361	1
Gene@4540	Mutation@rs4932480	Disease@MESH:D028361	1
