Gene@54901	Mutation@rs10761745	Disease@MESH:D003920	0
Gene@54901	Mutation@rs10761745	Disease@MESH:D000740	0
Gene@54901	Mutation@rs10761745	Disease@MESH:D003924	0
Gene@54901	Mutation@rs10761745	Disease@MESH:D007249	0
Gene@54901	Mutation@rs10761745	Disease@MESH:D010195	0
Gene@54901	Mutation@rs10761745	Disease@MESH:D007239	0
Gene@54901	Mutation@rs10761745	Disease@MESH:D006432	0
Gene@54901	Mutation@rs10761745	Disease@MESH:D020521	0
Gene@54901	Mutation@rs10761745	Disease@MESH:D009369	0
Gene@54901	Mutation@rs10761745	Disease@MESH:D003324	0
Gene@54901	Mutation@rs10761745	Disease@MESH:C000656865	0
Gene@54901	Mutation@rs10761745	Disease@MESH:D007333	0
Gene@54901	Mutation@rs10761745	Disease@MESH:D018149	0
Gene@54901	Mutation@rs10761745	Disease@MESH:D001991	0
Gene@54901	Mutation@rs10761745	Disease@MESH:D019189	0
Gene@54901	Mutation@rs10761745	Disease@MESH:D005058	0
Gene@54901	Mutation@rs10761745	Disease@MESH:D011086	0
Gene@54901	Mutation@rs10761745	Disease@MESH:D044882	0
Gene@54901	Mutation@rs9465871	Disease@MESH:D003920	1
Gene@54901	Mutation@rs9465871	Disease@MESH:D000740	0
Gene@54901	Mutation@rs9465871	Disease@MESH:D003924	1
Gene@221037	Mutation@rs10761745	Disease@MESH:D003920	1
Gene@221037	Mutation@rs10761745	Disease@MESH:D003924	1
Gene@3784	Mutation@rs163177	Disease@MESH:D003920	1
Gene@3784	Mutation@rs163177	Disease@MESH:D003924	1
