Gene@2064	Mutation@rs68130068	Disease@MESH:D001943	0
Gene@2064	Mutation@rs68130068	Disease@MESH:D009369	0
Gene@2064	Mutation@rs68130068	Disease@MESH:D066126	0
Gene@672;675	Mutation@rs68130068	Disease@MESH:D001943	0
Gene@672;675	Mutation@rs68130068	Disease@MESH:D009369	0
Gene@672;675	Mutation@rs68130068	Disease@MESH:D066126	0
Gene@1956	Mutation@rs68130068	Disease@MESH:D001943	0
Gene@1956	Mutation@rs68130068	Disease@MESH:D009369	0
Gene@1956	Mutation@rs68130068	Disease@MESH:D066126	0
Gene@672	Mutation@rs68130068	Disease@MESH:D001943	0
Gene@672	Mutation@rs68130068	Disease@MESH:D009369	0
Gene@672	Mutation@rs68130068	Disease@MESH:D066126	0
Gene@675	Mutation@rs68130068	Disease@MESH:D001943	0
Gene@675	Mutation@rs68130068	Disease@MESH:D009369	0
Gene@675	Mutation@rs68130068	Disease@MESH:D066126	0
Gene@80169	Mutation@rs68130068	Disease@MESH:D001943	0
Gene@80169	Mutation@rs68130068	Disease@MESH:D009369	0
Gene@80169	Mutation@rs68130068	Disease@MESH:D066126	0
Gene@163223	Mutation@rs68130068	Disease@MESH:D001943	0
Gene@163223	Mutation@rs68130068	Disease@MESH:D009369	0
