Gene@1401	Mutation@rs17123757	Disease@MESH:D002318	0
Gene@1401	Mutation@rs17123757	Disease@MESH:D012598	0
Gene@1401	Mutation@rs17123757	Disease@MESH:D009103	0
Gene@1401	Mutation@rs17123757	Disease@MESH:D003920	0
Gene@1401	Mutation@rs17123757	Disease@MESH:D001327	0
Gene@1401	Mutation@rs17123757	Disease@MESH:D003711	0
Gene@1401	Mutation@rs17123757	Disease@MESH:D002761	0
Gene@1401	Mutation@rs17123757	Disease@MESH:D011471	0
Gene@1401	Mutation@rs17123757	Disease@MESH:D012559	0
Gene@1401	Mutation@rs17123757	Disease@MESH:D000544	0
Gene@1401	Mutation@rs17123757	Disease@MESH:D003924	0
Gene@1401	Mutation@rs17123757	Disease@MESH:D030342	0
Gene@1401	Mutation@rs17123757	Disease@MESH:D006973	0
Gene@1401	Mutation@rs17123757	Disease@MESH:D001714	0
Gene@1401	Mutation@rs17123757	Disease@MESH:D000015	0
Gene@1401	Mutation@rs17123757	Disease@MESH:D006009	0
Gene@1401	Mutation@rs17123757	Disease@MESH:D029461	0
Gene@1401	Mutation@rs17123757	Disease@MESH:D012019	0
Gene@1401	Mutation@rs17123757	Disease@MESH:D008659	0
Gene@1401	Mutation@rs17123757	Disease@MESH:D010300	0
Gene@1901	Mutation@rs17123757	Disease@MESH:D002318	1
Gene@1901	Mutation@rs17123757	Disease@MESH:D012598	1
Gene@1901	Mutation@rs17123757	Disease@MESH:D009103	1
Gene@1901	Mutation@rs12756986	Disease@MESH:D002318	1
Gene@1901	Mutation@rs12756986	Disease@MESH:D012598	1
Gene@1901	Mutation@rs12756986	Disease@MESH:D009103	1
Gene@50650	Mutation@rs1500710	Disease@MESH:D002318	1
Gene@50650	Mutation@rs1500710	Disease@MESH:D012598	1
Gene@50650	Mutation@rs1500710	Disease@MESH:D009103	1
Gene@9657	Mutation@rs1920296	Disease@MESH:D002318	1
Gene@9657	Mutation@rs1920296	Disease@MESH:D012598	1
Gene@9657	Mutation@rs1920296	Disease@MESH:D009103	1
Gene@449520	Mutation@rs394199	Disease@MESH:D002318	1
Gene@449520	Mutation@rs394199	Disease@MESH:D012598	1
Gene@449520	Mutation@rs394199	Disease@MESH:D009103	1
Gene@117283	Mutation@rs471942	Disease@MESH:D002318	1
Gene@117283	Mutation@rs471942	Disease@MESH:D012598	1
Gene@117283	Mutation@rs471942	Disease@MESH:D009103	1
Gene@84959	Mutation@rs7941030	Disease@MESH:D002318	1
Gene@84959	Mutation@rs7941030	Disease@MESH:D012598	1
Gene@84959	Mutation@rs7941030	Disease@MESH:D009103	1
Gene@9020	Mutation@rs4792814	Disease@MESH:D002318	1
Gene@9020	Mutation@rs4792814	Disease@MESH:D012598	1
Gene@9020	Mutation@rs4792814	Disease@MESH:D009103	1
Gene@115701	Mutation@rs12456021	Disease@MESH:D002318	1
Gene@115701	Mutation@rs12456021	Disease@MESH:D012598	1
Gene@115701	Mutation@rs12456021	Disease@MESH:D009103	1
Gene@10055	Mutation@rs307896	Disease@MESH:D002318	1
Gene@10055	Mutation@rs307896	Disease@MESH:D012598	1
Gene@10055	Mutation@rs307896	Disease@MESH:D009103	1
Gene@6565	Mutation@rs4285028	Disease@MESH:D002318	1
Gene@6565	Mutation@rs4285028	Disease@MESH:D012598	1
Gene@6565	Mutation@rs4285028	Disease@MESH:D009103	1
Gene@1439	Mutation@rs2413436	Disease@MESH:D002318	1
Gene@1439	Mutation@rs2413436	Disease@MESH:D012598	1
Gene@1439	Mutation@rs2413436	Disease@MESH:D009103	1
