Gene@130271	Mutation@rs11124945	Disease@MESH:D003920	1
Gene@130271	Mutation@rs11124945	Disease@MESH:D006973	0
Gene@130271	Mutation@rs11124945	Disease@MESH:D009223	0
Gene@130271	Mutation@rs11124945	Disease@MESH:D050171	0
Gene@130271	Mutation@rs11124945	Disease@MESH:D003324	0
Gene@130271	Mutation@rs11124945	Disease@MESH:D013964	0
Gene@130271	Mutation@rs11124945	Disease@MESH:D003928	1
Gene@130271	Mutation@rs11124945	Disease@MESH:D011471	0
Gene@130271	Mutation@rs11124945	Disease@MESH:D011085	0
Gene@130271	Mutation@rs11124945	Disease@MESH:D003643	0
Gene@130271	Mutation@rs11124945	Disease@MESH:D007333	0
Gene@130271	Mutation@rs11124945	Disease@MESH:C535838	0
Gene@130271	Mutation@rs11124945	Disease@MESH:D018149	0
Gene@130271	Mutation@rs11124945	Disease@MESH:D010195	0
Gene@130271	Mutation@rs11124945	Disease@MESH:D060825	0
Gene@130271	Mutation@rs11124945	Disease@MESH:D002318	0
Gene@130271	Mutation@rs11124945	Disease@MESH:D020521	0
Gene@130271	Mutation@rs11124945	Disease@MESH:D006331	0
Gene@130271	Mutation@rs11124945	Disease@MESH:D005921	0
Gene@63892	Mutation@rs11124945	Disease@MESH:D003920	1
Gene@63892	Mutation@rs11124945	Disease@MESH:D003928	1
Gene@7096	Mutation@rs4833103	Disease@MESH:D003920	1
Gene@7096	Mutation@rs4833103	Disease@MESH:D003928	1
Gene@10333	Mutation@rs4833103	Disease@MESH:D003920	1
Gene@10333	Mutation@rs4833103	Disease@MESH:D003928	1
Gene@81793	Mutation@rs4833103	Disease@MESH:D003920	1
Gene@81793	Mutation@rs4833103	Disease@MESH:D003928	1
