Gene@6091	Mutation@rs7429100	Disease@MESH:D015179	0
Gene@6091	Mutation@rs7429100	Disease@MESH:D001943	0
Gene@6091	Mutation@rs7429100	Disease@MESH:D009369	0
Gene@6091	Mutation@rs7429100	Disease@MESH:D010580	0
Gene@6091	Mutation@rs7429100	Disease@MESH:D003123	0
Gene@6091	Mutation@rs7429100	Disease@MESH:D009378	0
Gene@6091	Mutation@rs7429100	Disease@MESH:D053842	0
Gene@6091	Mutation@rs7429100	Disease@MESH:D011125	0
Gene@6091	Mutation@rs7429100	Disease@MESH:D029461	0
Gene@6091	Mutation@rs7429100	Disease@MESH:D004342	0
Gene@6091	Mutation@rs7429100	Disease@MESH:D015211	0
Gene@6091	Mutation@rs7429100	Disease@MESH:D030342	0
Gene@6091	Mutation@rs7429100	Disease@MESH:D013577	0
Gene@6091	Mutation@rs7429100	Disease@MESH:D063646	0
Gene@6091	Mutation@rs7429100	Disease@MESH:D016889	0
Gene@6091	Mutation@rs7429100	Disease@MESH:D008545	0
Gene@6091	Mutation@rs7429100	Disease@MESH:D010051	0
Gene@6091	Mutation@rs7429100	Disease@MESH:D009362	0
Gene@6091	Mutation@rs7429100	Disease@MESH:C537866	0
Gene@6091	Mutation@rs7430339	Disease@MESH:D015179	0
Gene@79870	Mutation@rs12548629	Disease@MESH:D015179	1
Gene@79870	Mutation@rs12548629	Disease@MESH:D001943	1
Gene@344752	Mutation@rs9834244	Disease@MESH:D015179	1
Gene@344752	Mutation@rs9834244	Disease@MESH:D001943	1
Gene@27072	Mutation@rs1468348	Disease@MESH:D015179	1
Gene@27072	Mutation@rs1468348	Disease@MESH:D001943	1
Gene@27072	Mutation@rs7794030	Disease@MESH:D015179	1
Gene@27072	Mutation@rs7794030	Disease@MESH:D001943	1
Gene@143425	Mutation@rs1023996	Disease@MESH:D015179	1
Gene@143425	Mutation@rs1023996	Disease@MESH:D001943	1
Gene@23504	Mutation@rs7975553	Disease@MESH:D015179	1
Gene@23504	Mutation@rs7975553	Disease@MESH:D001943	1
Gene@60625	Mutation@rs6071641	Disease@MESH:D015179	1
Gene@60625	Mutation@rs6071641	Disease@MESH:D001943	1
Gene@60625	Mutation@rs742276	Disease@MESH:D015179	1
Gene@60625	Mutation@rs742276	Disease@MESH:D001943	1
Gene@57419	Mutation@rs113118767	Disease@MESH:D015179	1
Gene@57419	Mutation@rs113118767	Disease@MESH:D001943	1
