Gene@100422915	Mutation@rs7502931	Disease@MESH:D001943	0
Gene@100422915	Mutation@rs7502931	Disease@MESH:D009369	0
Gene@100422915	Mutation@rs7502931	Disease@MESH:D010195	0
Gene@100422915	Mutation@rs7502931	Disease@MESH:D018270	0
Gene@100422915	Mutation@rs7502931	Disease@MESH:D002285	0
Gene@100422915	Mutation@rs7502931	Disease@MESH:D012030	0
Gene@100422915	Mutation@rs7502931	Disease@MESH:D029461	0
Gene@100422915	Mutation@rs7502931	Disease@MESH:D028921	0
Gene@100422915	Mutation@rs7502931	Disease@MESH:D044584	0
Gene@100422915	Mutation@rs7502931	Disease@MESH:C564794	0
Gene@100422915	Mutation@rs7502931	Disease@MESH:C564683	0
Gene@100422915	Mutation@rs7502931	Disease@MESH:D013341	0
Gene@100422915	Mutation@rs7502931	Disease@MESH:D002609	0
Gene@100422915	Mutation@rs7502931	Disease@MESH:D015179	0
Gene@100422915	Mutation@rs7502931	Disease@MESH:D010051	0
Gene@100422915	Mutation@rs7502931	Disease@MESH:D006528	0
Gene@100422915	Mutation@rs7502931	Disease@MESH:D001749	0
Gene@100422915	Mutation@rs7502931	Disease@MESH:D013274	0
Gene@100422915	Mutation@rs1428882938	Disease@MESH:D001943	0
Gene@10458	Mutation@rs9913477	Disease@MESH:D001943	1
