Gene@101867536	Mutation@rs138042437	Disease@MESH:C537243	0
Gene@101867536	Mutation@rs138042437	Disease@MESH:D011471	0
Gene@101867536	Mutation@rs138042437	Disease@MESH:D001523	0
Gene@101867536	Mutation@rs138042437	Disease@MESH:D009369	0
Gene@101867536	Mutation@rs138042437	Disease@MESH:D013590	0
Gene@101867536	Mutation@rs138042437	Disease@MESH:D012030	0
Gene@101867536	Mutation@rs138042437	Disease@MESH:D013226	0
Gene@101867536	Mutation@rs138042437	Disease@MESH:D015179	0
Gene@101867536	Mutation@rs138042437	Disease@MESH:D003920	0
Gene@101867536	Mutation@rs188140481	Disease@MESH:C537243	0
Gene@101867536	Mutation@rs188140481	Disease@MESH:D011471	0
Gene@101867536	Mutation@rs188140481	Disease@MESH:D001523	0
Gene@101867536	Mutation@rs188140481	Disease@MESH:D009369	0
Gene@101867536	Mutation@rs188140481	Disease@MESH:D013590	0
Gene@101867536	Mutation@rs188140481	Disease@MESH:D012030	0
Gene@101867536	Mutation@rs188140481	Disease@MESH:D013226	0
Gene@101867536	Mutation@rs188140481	Disease@MESH:D015179	0
Gene@101867536	Mutation@rs188140481	Disease@MESH:D003920	0
Gene@101867536	Mutation@rs183373024	Disease@MESH:C537243	0
Gene@101867536	Mutation@rs183373024	Disease@MESH:D011471	0
Gene@101867536	Mutation@rs56005245	Disease@MESH:C537243	1
Gene@101867536	Mutation@rs56005245	Disease@MESH:D011471	1
Gene@101867536	Mutation@rs56005245	Disease@MESH:D009369	1
Gene@103021165	Mutation@rs138042437	Disease@MESH:C537243	1
Gene@103021165	Mutation@rs138042437	Disease@MESH:D011471	1
Gene@103021165	Mutation@rs138042437	Disease@MESH:D009369	1
Gene@6581	Mutation@rs3123636	Disease@MESH:C537243	1
Gene@6581	Mutation@rs3123636	Disease@MESH:D011471	1
Gene@6581	Mutation@rs3123636	Disease@MESH:D009369	1
Gene@26579	Mutation@rs12270641	Disease@MESH:C537243	1
Gene@26579	Mutation@rs12270641	Disease@MESH:D011471	1
Gene@26579	Mutation@rs12270641	Disease@MESH:D009369	1
Gene@100287932	Mutation@rs10763567	Disease@MESH:C537243	1
Gene@100287932	Mutation@rs10763567	Disease@MESH:D011471	1
Gene@100287932	Mutation@rs10763567	Disease@MESH:D009369	1
