Gene@2792	Mutation@rs1858826	Disease@MESH:D010523	1
Gene@2792	Mutation@rs1858826	Disease@MESH:D001943	1
Gene@2792	Mutation@rs1858826	Disease@MESH:D020258	0
Gene@2792	Mutation@rs1858826	Disease@MESH:D009422	0
Gene@2792	Mutation@rs1858826	Disease@MESH:D003929	0
Gene@2792	Mutation@rs1858826	Disease@MESH:D003920	0
Gene@2792	Mutation@rs1858826	Disease@MESH:D064420	0
Gene@2792	Mutation@rs1858826	Disease@MESH:D000699	0
Gene@2792	Mutation@rs1858826	Disease@MESH:D009369	0
Gene@2792	Mutation@rs1858826	Disease@MESH:D013341	0
Gene@2792	Mutation@rs1858826	Disease@MESH:D015417	0
Gene@2792	Mutation@rs1858826	Disease@MESH:D007938	0
Gene@2792	Mutation@rs1858826	Disease@MESH:D030342	0
Gene@2792	Mutation@rs1858826	Disease@MESH:C537984	0
Gene@2792	Mutation@rs1858826	Disease@MESH:D003922	0
Gene@2792	Mutation@rs1858826	Disease@MESH:D009410	0
Gene@2792	Mutation@rs1858826	Disease@MESH:D003711	0
Gene@2792	Mutation@rs1858826	Disease@MESH:D003924	0
Gene@2792	Mutation@rs1858826	Disease@MESH:D002318	0
