Gene@340895	Mutation@rs1990145	Disease@MESH:D008269	0
Gene@340895	Mutation@rs1990145	Disease@MESH:D003920	0
Gene@340895	Mutation@rs1990145	Disease@MESH:D001766	0
Gene@340895	Mutation@rs1990145	Disease@MESH:D000073296	0
Gene@340895	Mutation@rs1990145	Disease@MESH:C535673	0
Gene@340895	Mutation@rs1990145	Disease@MESH:D003924	0
Gene@340895	Mutation@rs1990145	Disease@MESH:D012164	0
Gene@340895	Mutation@rs1990145	Disease@MESH:D000071071	0
Gene@340895	Mutation@rs1990145	Disease@MESH:D006973	0
Gene@340895	Mutation@rs1990145	Disease@MESH:D003925	0
Gene@340895	Mutation@rs1990145	Disease@MESH:D009765	0
Gene@340895	Mutation@rs1990145	Disease@MESH:D050171	0
Gene@340895	Mutation@rs1990145	Disease@MESH:D007674	0
Gene@340895	Mutation@rs1990145	Disease@MESH:C538365	0
Gene@340895	Mutation@rs1990145	Disease@MESH:D028361	0
Gene@340895	Mutation@rs1990145	Disease@MESH:D056128	0
Gene@340895	Mutation@rs1990145	Disease@MESH:D003922	0
Gene@340895	Mutation@rs1990145	Disease@MESH:D001327	0
Gene@340895	Mutation@rs1990145	Disease@MESH:D015535	0
Gene@9801	Mutation@rs1990145	Disease@MESH:D008269	1
Gene@9801	Mutation@rs1990145	Disease@MESH:D003924	1
Gene@9369	Mutation@rs1158314	Disease@MESH:D003920	1
Gene@9369	Mutation@rs1158314	Disease@MESH:D003924	1
Gene@144920	Mutation@rs4771506	Disease@MESH:D008269	1
Gene@144920	Mutation@rs4771506	Disease@MESH:D003924	1
