Gene@6514	Mutation@rs8192675	Disease@MESH:D009765	0
Gene@6514	Mutation@rs8192675	Disease@MESH:D007333	0
Gene@6514	Mutation@rs8192675	Disease@MESH:D003920	0
Gene@6514	Mutation@rs8192675	Disease@MESH:D003924	0
Gene@6514	Mutation@rs8192675	Disease@MESH:D030342	0
Gene@6514	Mutation@rs8192675	Disease@MESH:D018149	0
Gene@6514	Mutation@rs8192675	Disease@MESH:D005198	0
Gene@6514	Mutation@rs8192675	Disease@MESH:C537354	0
Gene@6514	Mutation@rs8192675	Disease@MESH:D015431	0
Gene@6514	Mutation@rs8192675	Disease@MESH:D003554	0
Gene@6514	Mutation@rs8192675	Disease@MESH:D009404	0
Gene@6514	Mutation@rs8192675	Disease@MESH:D000608	0
Gene@6514	Mutation@rs8192675	Disease@MESH:D011085	0
Gene@6514	Mutation@rs8192675	Disease@MESH:D004067	0
Gene@6514	Mutation@rs8192675	Disease@MESH:D004194	0
Gene@6514	Mutation@rs8192675	Disease@MESH:D020820	0
