Gene@23242	Mutation@rs112404845	Disease@MESH:D000544	0
Gene@23242	Mutation@rs112404845	Disease@MESH:D003920	0
Gene@23242	Mutation@rs112404845	Disease@MESH:D020521	0
Gene@23242	Mutation@rs112404845	Disease@MESH:D003924	0
Gene@23242	Mutation@rs112404845	Disease@MESH:D011471	0
Gene@23242	Mutation@rs112404845	Disease@MESH:D008175	0
Gene@23242	Mutation@rs112404845	Disease@MESH:D001943	0
Gene@23242	Mutation@rs112404845	Disease@MESH:D001168	0
Gene@23242	Mutation@rs112404845	Disease@MESH:D007676	0
Gene@23242	Mutation@rs112404845	Disease@MESH:C565718	0
Gene@23242	Mutation@rs112404845	Disease@MESH:D003643	0
Gene@23242	Mutation@rs112404845	Disease@MESH:D007635	0
Gene@23242	Mutation@rs112404845	Disease@MESH:D013313	0
Gene@23242	Mutation@rs112404845	Disease@MESH:D006938	0
Gene@23242	Mutation@rs112404845	Disease@MESH:D003704	0
Gene@23242	Mutation@rs112404845	Disease@MESH:D003072	0
Gene@23242	Mutation@rs112404845	Disease@MESH:D050197	0
Gene@23242	Mutation@rs112404845	Disease@MESH:D006953	0
Gene@23242	Mutation@rs16961023	Disease@MESH:D000544	0
Gene@6555	Mutation@rs16961023	Disease@MESH:D000544	1
Gene@6555	Mutation@Rs16961023	Disease@MESH:D000544	1
