Gene@672	Mutation@rs12628403	Disease@MESH:D001943	0
Gene@672	Mutation@rs12628403	Disease@MESH:D004342	0
Gene@672	Mutation@rs12628403	Disease@MESH:D009369	0
Gene@672	Mutation@rs12628403	Disease@MESH:D009208	0
Gene@672	Mutation@rs12628403	Disease@MESH:D001523	0
Gene@672	Mutation@rs12628403	Disease@MESH:D001327	0
Gene@672	Mutation@rs12628403	Disease@MESH:D000860	0
Gene@672	Mutation@rs12628403	Disease@MESH:D002285	0
Gene@672	Mutation@rs12628403	Disease@MESH:D012804	0
Gene@672	Mutation@rs12628403	Disease@MESH:D009175	0
Gene@672	Mutation@rs12628403	Disease@MESH:D020526	0
Gene@672	Mutation@rs12628403	Disease@MESH:D013274	0
Gene@672	Mutation@rs373038216	Disease@MESH:D001943	0
Gene@672	Mutation@rs373038216	Disease@MESH:D004342	0
Gene@672	Mutation@rs373038216	Disease@MESH:D009369	0
Gene@672	Mutation@rs373038216	Disease@MESH:D009208	0
Gene@672	Mutation@rs373038216	Disease@MESH:D001523	0
Gene@127707	Mutation@rs2992756	Disease@MESH:D001943	1
Gene@1523	Mutation@rs71559437	Disease@MESH:D001943	1
