Gene@1012	Mutation@rs115829748	Disease@MESH:D003920	0
Gene@1012	Mutation@rs115829748	Disease@MESH:D003324	0
Gene@1012	Mutation@rs115829748	Disease@MESH:D003922	0
Gene@1012	Mutation@rs115829748	Disease@MESH:D006402	0
Gene@1012	Mutation@rs115829748	Disease@MESH:D003643	0
Gene@1012	Mutation@rs115829748	Disease@MESH:D002908	0
Gene@1012	Mutation@rs115829748	Disease@MESH:D002318	0
Gene@1012	Mutation@rs115829748	Disease@MESH:D009203	0
Gene@1012	Mutation@rs115829748	Disease@MESH:D015499	0
Gene@1012	Mutation@rs115829748	Disease@MESH:D007690	0
Gene@1012	Mutation@rs115829748	Disease@MESH:D007674	0
Gene@1012	Mutation@rs115829748	Disease@MESH:D050197	0
Gene@1012	Mutation@rs115829748	Disease@MESH:D003928	0
Gene@1012	Mutation@rs115829748	Disease@MESH:D011507	0
Gene@1012	Mutation@rs115829748	Disease@MESH:D003924	0
Gene@1012	Mutation@rs115829748	Disease@MESH:D007676	0
Gene@1012	Mutation@rs115829748	Disease@MESH:D000419	0
Gene@1012	Mutation@rs138760780	Disease@MESH:D003920	0
Gene@1012	Mutation@rs138760780	Disease@MESH:D003324	0
Gene@1012	Mutation@rs138760780	Disease@MESH:D003922	0
Gene@4131	Mutation@rs115829748	Disease@MESH:D003920	1
Gene@4131	Mutation@rs115829748	Disease@MESH:D003922	1
Gene@5129	Mutation@rs138760780	Disease@MESH:D003920	1
Gene@5129	Mutation@rs138760780	Disease@MESH:D003922	1
Gene@9413	Mutation@rs12344245	Disease@MESH:D003920	1
Gene@9413	Mutation@rs12344245	Disease@MESH:D003922	1
Gene@152789	Mutation@rs78031527	Disease@MESH:D003920	1
Gene@152789	Mutation@rs78031527	Disease@MESH:D003922	1
Gene@83853	Mutation@rs143537377	Disease@MESH:D003920	1
Gene@83853	Mutation@rs143537377	Disease@MESH:D003922	1
Gene@101927288	Mutation@rs9354144	Disease@MESH:D003920	1
Gene@101927288	Mutation@rs9354144	Disease@MESH:D003922	1
Gene@9312	Mutation@rs571622299	Disease@MESH:D003920	1
Gene@9312	Mutation@rs571622299	Disease@MESH:D003922	1
Gene@221079	Mutation@rs117826205	Disease@MESH:D003920	1
Gene@221079	Mutation@rs117826205	Disease@MESH:D003922	1
Gene@4087	Mutation@rs113114656	Disease@MESH:D003920	1
Gene@4087	Mutation@rs113114656	Disease@MESH:D003922	1
