Gene@55697	Mutation@rs875858	Disease@MESH:D009422	0
Gene@55697	Mutation@rs875858	Disease@MESH:D056486	0
Gene@55697	Mutation@rs875858	Disease@MESH:D064420	0
Gene@55697	Mutation@rs875858	Disease@MESH:D011471	1
Gene@55697	Mutation@rs875858	Disease@MESH:D000699	0
Gene@55697	Mutation@rs875858	Disease@MESH:D003027	0
Gene@55697	Mutation@rs875858	Disease@MESH:D009437	0
Gene@55697	Mutation@rs875858	Disease@MESH:D010523	1
Gene@55697	Mutation@rs875858	Disease@MESH:D009369	0
Gene@55697	Mutation@rs875858	Disease@MESH:D003643	0
Gene@55697	Mutation@rs875858	Disease@MESH:D003389	0
Gene@55697	Mutation@rs875858	Disease@MESH:D009503	0
Gene@55697	Mutation@rs875858	Disease@MESH:D020258	0
Gene@55697	Mutation@rs875858	Disease@MESH:D008107	0
Gene@55697	Mutation@rs875858	Disease@MESH:D005767	0
Gene@55697	Mutation@rs875858	Disease@MESH:D014842	0
Gene@55697	Mutation@rs875858	Disease@MESH:D013547	0
Gene@55697	Mutation@rs875858	Disease@MESH:D003920	0
Gene@51761	Mutation@rs1326116	Disease@MESH:D011471	1
Gene@51761	Mutation@rs1326116	Disease@MESH:D010523	1
