Gene@3630	Mutation@rs7492028	Disease@MESH:D003920	0
Gene@3630	Mutation@rs7492028	Disease@MESH:D003324	0
Gene@3630	Mutation@rs7492028	Disease@MESH:D003924	0
Gene@3630	Mutation@rs7492028	Disease@MESH:D002318	0
Gene@3630	Mutation@rs7492028	Disease@MESH:D003643	0
Gene@3630	Mutation@rs7492028	Disease@MESH:D050197	0
Gene@3630	Mutation@rs7492028	Disease@MESH:D000419	0
Gene@3630	Mutation@rs7492028	Disease@MESH:D006973	0
Gene@3630	Mutation@rs7492028	Disease@MESH:D020521	0
Gene@3630	Mutation@rs7492028	Disease@MESH:D009203	0
Gene@3630	Mutation@rs7492028	Disease@MESH:D016883	0
Gene@3630	Mutation@rs7492028	Disease@MESH:D009765	0
Gene@3630	Mutation@rs7492028	Disease@MESH:D051436	0
Gene@3630	Mutation@rs7492028	Disease@MESH:D002114	0
Gene@3630	Mutation@rs7492028	Disease@MESH:D006333	0
Gene@3630	Mutation@rs7492028	Disease@MESH:D007333	0
Gene@3630	Mutation@rs7492028	Disease@MESH:D061205	0
Gene@3630	Mutation@rs7492028	Disease@MESH:D006943	0
Gene@3630	Mutation@rs7492028	Disease@MESH:D020754	0
Gene@53353	Mutation@rs113533135	Disease@MESH:D003920	1
Gene@53353	Mutation@rs113533135	Disease@MESH:D003324	1
Gene@53353	Mutation@rs113533135	Disease@MESH:D003924	1
Gene@53353	Mutation@rs113533135	Disease@MESH:D050197	1
Gene@53353	Mutation@rs113533135	Disease@MESH:D003925	1
Gene@501	Mutation@rs6898559	Disease@MESH:D003920	1
Gene@501	Mutation@rs6898559	Disease@MESH:D003324	1
Gene@501	Mutation@rs6898559	Disease@MESH:D003924	1
Gene@501	Mutation@rs6898559	Disease@MESH:D050197	1
Gene@501	Mutation@rs6898559	Disease@MESH:D003925	1
Gene@6310	Mutation@rs16879003	Disease@MESH:D003920	1
Gene@6310	Mutation@rs16879003	Disease@MESH:D003324	1
Gene@6310	Mutation@rs16879003	Disease@MESH:D003924	1
Gene@6310	Mutation@rs16879003	Disease@MESH:D050197	1
Gene@6310	Mutation@rs16879003	Disease@MESH:D003925	1
Gene@9863	Mutation@rs113805659	Disease@MESH:D003920	1
Gene@9863	Mutation@rs113805659	Disease@MESH:D003324	1
Gene@9863	Mutation@rs113805659	Disease@MESH:D003924	1
Gene@9863	Mutation@rs113805659	Disease@MESH:D050197	1
Gene@9863	Mutation@rs113805659	Disease@MESH:D003925	1
Gene@57519	Mutation@rs77757620	Disease@MESH:D003920	1
Gene@57519	Mutation@rs77757620	Disease@MESH:D003324	1
Gene@57519	Mutation@rs77757620	Disease@MESH:D003924	1
Gene@57519	Mutation@rs77757620	Disease@MESH:D050197	1
Gene@57519	Mutation@rs77757620	Disease@MESH:D003925	1
