Gene@3481	Mutation@rs149483638	Disease@MESH:D003924	0
Gene@3481	Mutation@rs149483638	Disease@MESH:D001766	0
Gene@3481	Mutation@rs149483638	Disease@MESH:D007676	0
Gene@3481	Mutation@rs149483638	Disease@MESH:D003643	0
Gene@3481	Mutation@rs149483638	Disease@MESH:D020521	0
Gene@3481	Mutation@rs149483638	Disease@MESH:D003920	0
Gene@3481	Mutation@rs149483638	Disease@MESH:D029461	0
Gene@3481	Mutation@rs149483638	Disease@MESH:D005862	0
Gene@3481	Mutation@rs149483638	Disease@MESH:D009369	0
Gene@3481	Mutation@rs149483638	Disease@MESH:C537352	0
Gene@3481	Mutation@rs149483638	Disease@MESH:D007674	0
Gene@3481	Mutation@rs149483638	Disease@MESH:D009765	0
Gene@3481	Mutation@rs149483638	Disease@MESH:D011236	0
Gene@3481	Mutation@rs149483638	Disease@MESH:D001523	0
Gene@3481	Mutation@rs149483638	Disease@MESH:D004194	0
Gene@3481	Mutation@rs149483638	Disease@MESH:D043183	0
Gene@3481	Mutation@rs149483638	Disease@MESH:D016491	0
Gene@3481	Mutation@rs149483638	Disease@MESH:D006130	0
Gene@3481	Mutation@rs149483638	Disease@MESH:D006943	0
Gene@3481	Mutation@rs149483638	Disease@MESH:D006030	0
Gene@723961;3481	Mutation@rs149483638	Disease@MESH:D003924	1
Gene@723961;3481	Mutation@rs149483638	Disease@MESH:D003920	1
