Gene@5201	Mutation@rs429358	Disease@MESH:D000544	0
Gene@5201	Mutation@rs429358	Disease@MESH:D003704	0
Gene@5201	Mutation@rs429358	Disease@MESH:D019636	0
Gene@5201	Mutation@rs429358	Disease@MESH:D003643	0
Gene@5201	Mutation@rs429358	Disease@MESH:D006332	0
Gene@5201	Mutation@rs429358	Disease@MESH:D003072	0
Gene@5201	Mutation@rs429358	Disease@MESH:D001523	0
Gene@5201	Mutation@rs429358	Disease@MESH:D009203	0
Gene@5201	Mutation@rs429358	Disease@MESH:D001008	0
Gene@5201	Mutation@rs429358	Disease@MESH:D015179	0
Gene@5201	Mutation@rs429358	Disease@MESH:D018908	0
Gene@5201	Mutation@rs429358	Disease@MESH:D011596	0
Gene@5201	Mutation@rs429358	Disease@MESH:D004828	0
Gene@5201	Mutation@rs429358	Disease@MESH:D009369	0
Gene@5201	Mutation@rs429358	Disease@MESH:D019965	0
Gene@5201	Mutation@rs429358	Disease@MESH:C566236	0
Gene@5201	Mutation@rs7412	Disease@MESH:D000544	0
Gene@5201	Mutation@rs7412	Disease@MESH:D003704	0
Gene@5201	Mutation@rs7412	Disease@MESH:D019636	0
Gene@5201	Mutation@rs7412	Disease@MESH:D003643	0
Gene@5201	Mutation@rs11168036	Disease@MESH:D000544	1
Gene@1839	Mutation@rs11168036	Disease@MESH:D000544	1
Gene@9712	Mutation@rs7920721	Disease@MESH:D000544	1
Gene@79746	Mutation@rs7920721	Disease@MESH:D000544	1
Gene@9256	Mutation@rs2632516	Disease@MESH:D000544	1
Gene@4782	Mutation@rs9749589	Disease@MESH:D000544	1
Gene@100506779;9256;5729	Mutation@rs2632516	Disease@MESH:D000544	1
