Gene@4137	Mutation@rs10775009	Disease@MESH:D000544	0
Gene@4137	Mutation@rs10775009	Disease@MESH:D003072	0
Gene@4137	Mutation@rs10775009	Disease@MESH:D003704	0
Gene@4137	Mutation@rs10775009	Disease@MESH:D008569	0
Gene@4137	Mutation@rs10775009	Disease@MESH:D013341	0
Gene@4137	Mutation@rs10775009	Disease@MESH:D001523	0
Gene@4137	Mutation@rs10775009	Disease@MESH:D010300	0
Gene@4137	Mutation@rs10775009	Disease@MESH:D012559	0
Gene@4137	Mutation@rs10775009	Disease@MESH:D001321	0
Gene@4137	Mutation@rs10775009	Disease@MESH:D009410	0
Gene@4137	Mutation@rs10775009	Disease@MESH:D001284	0
Gene@4137	Mutation@rs10775009	Disease@MESH:D002386	0
Gene@4137	Mutation@rs10775009	Disease@MESH:C000656865	0
Gene@4137	Mutation@rs10775009	Disease@MESH:D001172	0
Gene@4137	Mutation@rs2819438	Disease@MESH:D000544	0
Gene@4137	Mutation@rs2819438	Disease@MESH:D003072	0
Gene@4137	Mutation@rs2819438	Disease@MESH:D003704	0
Gene@4137	Mutation@rs2819438	Disease@MESH:D008569	0
Gene@4137	Mutation@rs2819438	Disease@MESH:D013341	0
Gene@100131814	Mutation@rs79846291	Disease@MESH:D000544	1
Gene@27115	Mutation@rs79846291	Disease@MESH:D000544	1
Gene@10142	Mutation@rs149454736	Disease@MESH:D000544	1
Gene@10142	Mutation@Rs149454736	Disease@MESH:D000544	1
