Gene@9340	Mutation@rs188827514	Disease@MESH:D003920	0
Gene@9340	Mutation@rs188827514	Disease@MESH:D010195	0
Gene@9340	Mutation@rs188827514	Disease@MESH:D003924	0
Gene@9340	Mutation@rs188827514	Disease@MESH:D003922	0
Gene@9340	Mutation@rs188827514	Disease@MESH:D009369	0
Gene@9340	Mutation@rs188827514	Disease@MESH:C536714	0
Gene@9340	Mutation@rs188827514	Disease@MESH:C535838	0
Gene@9340	Mutation@rs188827514	Disease@MESH:D018149	0
Gene@9340	Mutation@rs188827514	Disease@MESH:D009765	0
Gene@9340	Mutation@rs188827514	Disease@MESH:C536514	0
Gene@9340	Mutation@rs188827514	Disease@MESH:C566367	0
Gene@9340	Mutation@rs188827514	Disease@MESH:C536530	0
Gene@9340	Mutation@rs188827514	Disease@MESH:C564038	0
Gene@2695	Mutation@rs79349575	Disease@MESH:D003920	1
Gene@2695	Mutation@rs79349575	Disease@MESH:D003924	1
Gene@3117	Mutation@rs9271774	Disease@MESH:D003920	1
Gene@3117	Mutation@rs9271774	Disease@MESH:D003924	1
Gene@9369	Mutation@rs10146997	Disease@MESH:D003920	1
Gene@9369	Mutation@rs10146997	Disease@MESH:D003924	1
Gene@28	Mutation@rs635634	Disease@MESH:D003920	1
Gene@28	Mutation@rs635634	Disease@MESH:D003924	1
Gene@80790	Mutation@rs2925979	Disease@MESH:D003920	1
Gene@80790	Mutation@rs2925979	Disease@MESH:D003924	1
Gene@3110	Mutation@rs1182436	Disease@MESH:D003920	1
Gene@3110	Mutation@rs1182436	Disease@MESH:D003924	1
Gene@59338	Mutation@rs2292626	Disease@MESH:D003920	1
Gene@59338	Mutation@rs2292626	Disease@MESH:D003924	1
Gene@51144	Mutation@rs1061810	Disease@MESH:D003920	1
Gene@51144	Mutation@rs1061810	Disease@MESH:D003924	1
Gene@2180	Mutation@rs60780116	Disease@MESH:D003920	1
Gene@2180	Mutation@rs60780116	Disease@MESH:D003924	1
Gene@4296	Mutation@rs111669836	Disease@MESH:D003920	1
Gene@4296	Mutation@rs111669836	Disease@MESH:D003924	1
Gene@23140	Mutation@rs7224685	Disease@MESH:D003920	1
Gene@23140	Mutation@rs7224685	Disease@MESH:D003924	1
