Gene@5336	Mutation@rs72824905	Disease@MESH:D000544	0
Gene@5336	Mutation@rs72824905	Disease@MESH:D007153	0
Gene@5336	Mutation@rs72824905	Disease@MESH:D056784	0
Gene@5336	Mutation@rs72824905	Disease@MESH:D009461	0
Gene@5336	Mutation@rs72824905	Disease@MESH:D006973	0
Gene@5336	Mutation@rs72824905	Disease@MESH:D019636	0
Gene@5336	Mutation@rs72824905	Disease@MESH:D058747	0
Gene@5336	Mutation@rs72824905	Disease@MESH:D015212	0
Gene@5336	Mutation@rs72824905	Disease@MESH:D003643	0
Gene@5336	Mutation@rs72824905	Disease@MESH:D035583	0
Gene@5336	Mutation@rs72824905	Disease@MESH:D010283	0
Gene@5336	Mutation@rs72824905	Disease@MESH:D018980	0
Gene@5336	Mutation@rs72824905	Disease@MESH:D005645	0
Gene@5336	Mutation@rs72824905	Disease@MESH:C536514	0
Gene@5336	Mutation@rs72824905	Disease@MESH:C536751	0
Gene@51225	Mutation@rs616338	Disease@MESH:D000544	1
Gene@54209	Mutation@rs143332484	Disease@MESH:D000544	1
