Gene@3115	Mutation@rs428595	Disease@MESH:D003922	0
Gene@3115	Mutation@rs428595	Disease@MESH:D003920	0
Gene@3115	Mutation@rs428595	Disease@MESH:D001327	0
Gene@3115	Mutation@rs428595	Disease@MESH:D012141	0
Gene@3115	Mutation@rs428595	Disease@MESH:D008180	0
Gene@3115	Mutation@rs428595	Disease@MESH:D001172	0
Gene@3115	Mutation@rs428595	Disease@MESH:D002446	0
Gene@3115	Mutation@rs428595	Disease@MESH:D015658	0
Gene@3115	Mutation@rs428595	Disease@MESH:D009765	0
Gene@3115	Mutation@rs428595	Disease@MESH:D006111	0
Gene@3115	Mutation@rs428595	Disease@MESH:D003424	0
Gene@3115	Mutation@rs428595	Disease@MESH:D015212	0
Gene@3115	Mutation@rs428595	Disease@MESH:D009369	0
Gene@3115	Mutation@rs428595	Disease@MESH:D002658	0
Gene@3115	Mutation@rs428595	Disease@MESH:D009103	0
Gene@3115	Mutation@rs428595	Disease@MESH:D010195	0
Gene@3115	Mutation@rs428595	Disease@MESH:D000015	0
Gene@3115	Mutation@rs428595	Disease@MESH:D012595	0
Gene@3115	Mutation@rs428595	Disease@MESH:D001171	0
Gene@10019	Mutation@rs3184504	Disease@MESH:D003922	1
Gene@10019	Mutation@rs3184504	Disease@MESH:D003920	1
Gene@26191	Mutation@rs6679677	Disease@MESH:D003922	1
Gene@26191	Mutation@rs6679677	Disease@MESH:D003920	1
Gene@23759	Mutation@rs428595	Disease@MESH:D003922	1
Gene@23759	Mutation@rs428595	Disease@MESH:D003920	1
Gene@54899	Mutation@rs11705721	Disease@MESH:D003922	1
Gene@54899	Mutation@rs11705721	Disease@MESH:D003920	1
Gene@5162	Mutation@rs11705721	Disease@MESH:D003922	1
Gene@5162	Mutation@rs11705721	Disease@MESH:D003920	1
Gene@100287898	Mutation@rs28600853	Disease@MESH:D003922	1
Gene@100287898	Mutation@rs28600853	Disease@MESH:D003920	1
Gene@63976	Mutation@rs28600853	Disease@MESH:D003922	1
Gene@63976	Mutation@rs28600853	Disease@MESH:D003920	1
Gene@54715	Mutation@rs9934817	Disease@MESH:D003922	1
Gene@54715	Mutation@rs9934817	Disease@MESH:D003920	1
Gene@8635	Mutation@rs73043122	Disease@MESH:D003922	1
Gene@8635	Mutation@rs73043122	Disease@MESH:D003920	1
Gene@59338	Mutation@rs113306148	Disease@MESH:D003922	1
Gene@59338	Mutation@rs113306148	Disease@MESH:D003920	1
Gene@100500857	Mutation@rs73043122	Disease@MESH:D003922	1
Gene@100500857	Mutation@rs73043122	Disease@MESH:D003920	1
Gene@100500866	Mutation@rs113306148	Disease@MESH:D003922	1
Gene@100500866	Mutation@rs113306148	Disease@MESH:D003920	1
