Gene@22877	Mutation@rs6134031	Disease@MESH:D003924	0
Gene@22877	Mutation@rs6134031	Disease@MESH:D009765	0
Gene@22877	Mutation@rs6134031	Disease@MESH:D003920	0
Gene@22877	Mutation@rs6134031	Disease@MESH:C562760	0
Gene@22877	Mutation@rs6134031	Disease@MESH:D003643	0
Gene@22877	Mutation@rs6134031	Disease@MESH:D009422	0
Gene@22877	Mutation@rs6134031	Disease@MESH:D044882	0
Gene@22877	Mutation@rs6134031	Disease@MESH:D010195	0
Gene@22877	Mutation@rs6134031	Disease@MESH:D010190	0
Gene@22877	Mutation@rs6134031	Disease@MESH:D005207	0
Gene@22877	Mutation@rs6134031	Disease@MESH:D005234	0
Gene@22877	Mutation@rs6134031	Disease@MESH:D009369	0
Gene@22877	Mutation@rs6134031	Disease@MESH:D006943	0
Gene@22877	Mutation@rs6134031	Disease@MESH:D007333	0
Gene@22877	Mutation@rs6134031	Disease@MESH:D000309	0
Gene@22877	Mutation@rs6134031	Disease@MESH:D007153	0
Gene@22877	Mutation@rs6134031	Disease@MESH:D005776	0
Gene@22877	Mutation@rs6134031	Disease@MESH:D050197	0
Gene@22877	Mutation@rs6134031	Disease@MESH:C535838	0
Gene@182	Mutation@rs6134031	Disease@MESH:D003924	1
Gene@182	Mutation@rs6134031	Disease@MESH:D003920	1
