Gene@2099	Mutation@rs66823261	Disease@MESH:D001943	0
Gene@2099	Mutation@rs66823261	Disease@MESH:D009369	0
Gene@2099	Mutation@rs66823261	Disease@MESH:D002100	0
Gene@2099	Mutation@rs66823261	Disease@MESH:D011471	0
Gene@2099	Mutation@rs66823261	Disease@MESH:D010051	0
Gene@2099	Mutation@rs66823261	Disease@MESH:C566369	0
Gene@2099	Mutation@rs66823261	Disease@MESH:D004342	0
Gene@2099	Mutation@rs66823261	Disease@MESH:C000656865	0
Gene@2099	Mutation@rs11374964	Disease@MESH:D001943	0
Gene@2099	Mutation@rs11374964	Disease@MESH:D009369	0
Gene@2099	Mutation@rs11374964	Disease@MESH:D002100	0
Gene@2099	Mutation@rs11374964	Disease@MESH:D011471	0
Gene@2099	Mutation@rs11374964	Disease@MESH:D010051	0
Gene@8648	Mutation@rs200648189	Disease@MESH:D001943	1
Gene@8648	Mutation@rs200648189	Disease@MESH:D009369	1
Gene@8648	Mutation@rs200648189	Disease@MESH:D011471	1
Gene@84456	Mutation@rs6569648	Disease@MESH:D001943	1
Gene@84456	Mutation@rs6569648	Disease@MESH:D009369	1
Gene@84456	Mutation@rs6569648	Disease@MESH:D011471	1
Gene@143888	Mutation@rs11374964	Disease@MESH:D001943	1
Gene@143888	Mutation@rs11374964	Disease@MESH:D009369	1
Gene@143888	Mutation@rs11374964	Disease@MESH:D011471	1
Gene@143888	Mutation@rs74911261	Disease@MESH:D001943	1
Gene@143888	Mutation@rs74911261	Disease@MESH:D009369	1
Gene@143888	Mutation@rs74911261	Disease@MESH:D011471	1
Gene@115	Mutation@rs11076805	Disease@MESH:D001943	1
Gene@115	Mutation@rs11076805	Disease@MESH:D009369	1
Gene@115	Mutation@rs11076805	Disease@MESH:D011471	1
Gene@898	Mutation@rs113701136	Disease@MESH:D001943	1
Gene@898	Mutation@rs113701136	Disease@MESH:D009369	1
Gene@898	Mutation@rs113701136	Disease@MESH:D011471	1
Gene@1000	Mutation@rs36194942	Disease@MESH:D001943	1
Gene@1000	Mutation@rs36194942	Disease@MESH:D009369	1
Gene@1000	Mutation@rs36194942	Disease@MESH:D011471	1
Gene@7015	Mutation@rs10069690	Disease@MESH:D001943	1
Gene@7015	Mutation@rs10069690	Disease@MESH:D009369	1
Gene@7015	Mutation@rs10069690	Disease@MESH:D011471	1
Gene@644128	Mutation@rs66823261	Disease@MESH:D001943	1
Gene@644128	Mutation@rs66823261	Disease@MESH:D009369	1
Gene@644128	Mutation@rs66823261	Disease@MESH:D011471	1
Gene@312	Mutation@rs17350191	Disease@MESH:D001943	1
Gene@312	Mutation@rs17350191	Disease@MESH:D009369	1
Gene@312	Mutation@rs17350191	Disease@MESH:D011471	1
Gene@26526	Mutation@rs322144	Disease@MESH:D001943	1
Gene@26526	Mutation@rs322144	Disease@MESH:D009369	1
Gene@26526	Mutation@rs322144	Disease@MESH:D011471	1
Gene@59352	Mutation@rs6678914	Disease@MESH:D001943	1
Gene@59352	Mutation@rs6678914	Disease@MESH:D009369	1
Gene@59352	Mutation@rs6678914	Disease@MESH:D011471	1
Gene@688	Mutation@rs6562760	Disease@MESH:D001943	1
Gene@688	Mutation@rs6562760	Disease@MESH:D009369	1
Gene@688	Mutation@rs6562760	Disease@MESH:D011471	1
Gene@126549	Mutation@rs67397200	Disease@MESH:D001943	1
Gene@126549	Mutation@rs67397200	Disease@MESH:D009369	1
Gene@126549	Mutation@rs67397200	Disease@MESH:D011471	1
Gene@23160	Mutation@rs4577244	Disease@MESH:D001943	1
Gene@23160	Mutation@rs4577244	Disease@MESH:D009369	1
Gene@23160	Mutation@rs4577244	Disease@MESH:D011471	1
