Gene@10580	Mutation@rs1326934	Disease@MESH:D003928	1
Gene@10580	Mutation@rs1326934	Disease@MESH:D003920	1
Gene@10580	Mutation@rs1326934	Disease@MESH:D051437	0
Gene@10580	Mutation@rs1326934	Disease@MESH:D011507	0
Gene@10580	Mutation@rs1326934	Disease@MESH:D007674	0
Gene@10580	Mutation@rs1326934	Disease@MESH:D007676	0
Gene@10580	Mutation@rs1326934	Disease@MESH:D000419	0
Gene@10580	Mutation@rs1326934	Disease@MESH:D009404	0
Gene@10580	Mutation@rs1326934	Disease@MESH:C565524	0
Gene@10580	Mutation@rs1326934	Disease@MESH:C537366	0
Gene@10580	Mutation@rs1326934	Disease@MESH:D002318	0
Gene@10580	Mutation@rs11188343	Disease@MESH:D003928	0
Gene@10580	Mutation@rs11188343	Disease@MESH:D003920	0
Gene@10580	Mutation@rs11188343	Disease@MESH:D051437	0
Gene@10580	Mutation@rs11188343	Disease@MESH:D011507	0
Gene@10580	Mutation@rs11188343	Disease@MESH:D007674	0
Gene@10580	Mutation@rs11188343	Disease@MESH:D007676	0
Gene@10580	Mutation@rs11188343	Disease@MESH:D000419	0
Gene@10580	Mutation@rs11188343	Disease@MESH:D009404	0
Gene@10580	Mutation@rs11188343	Disease@MESH:C565524	0
