Gene@400961	Mutation@rs1139988120	Disease@MESH:D010190	0
Gene@400961	Mutation@rs1139988120	Disease@MESH:D009369	0
Gene@400961	Mutation@rs1139988120	Disease@MESH:C535460	0
Gene@400961	Mutation@rs1139988120	Disease@MESH:D003643	0
Gene@400961	Mutation@rs1139988120	Disease@MESH:D021441	0
Gene@400961	Mutation@rs1139988120	Disease@MESH:D004670	0
Gene@400961	Mutation@rs1139988120	Disease@MESH:D004342	0
Gene@400961	Mutation@rs1139988120	Disease@MESH:D004067	0
Gene@400961	Mutation@rs1139988120	Disease@MESH:D063646	0
Gene@400961	Mutation@rs1139988120	Disease@MESH:C537358	0
Gene@400961	Mutation@rs1139988120	Disease@MESH:C565386	0
Gene@400961	Mutation@rs1139988120	Disease@MESH:D009135	0
Gene@400961	Mutation@rs1139988120	Disease@MESH:D064420	0
Gene@400961	Mutation@rs1139988120	Disease@MESH:D044882	0
Gene@400961	Mutation@rs1139988120	Disease@MESH:D009136	0
Gene@400961	Mutation@rs1139988120	Disease@MESH:D000782	0
Gene@400961	Mutation@rs1139988120	Disease@MESH:D012208	0
Gene@400961	Mutation@rs1139988120	Disease@MESH:D002277	0
Gene@400961	Mutation@rs1139988120	Disease@MESH:D018281	0
Gene@400961	Mutation@rs1139988120	Disease@MESH:D015179	0
Gene@400961	Mutation@rs113988120	Disease@MESH:D010190	1
Gene@8702	Mutation@rs4568126	Disease@MESH:D010190	1
