Gene@23221	Mutation@rs7701292	Disease@MESH:D001943	0
Gene@23221	Mutation@rs7701292	Disease@MESH:D009369	0
Gene@23221	Mutation@rs7701292	Disease@MESH:D003643	0
Gene@23221	Mutation@rs7701292	Disease@MESH:D001919	0
Gene@23221	Mutation@rs7701292	Disease@MESH:D009362	0
Gene@23221	Mutation@rs7701292	Disease@MESH:D000860	0
Gene@23221	Mutation@rs7701292	Disease@MESH:D009422	0
Gene@23221	Mutation@rs7701292	Disease@MESH:D009396	0
Gene@23221	Mutation@rs7701292	Disease@MESH:D011008	0
Gene@23221	Mutation@rs992531	Disease@MESH:D001943	1
Gene@23221	Mutation@rs992531	Disease@MESH:D009369	0
Gene@23221	Mutation@rs992531	Disease@MESH:D003643	0
Gene@23221	Mutation@rs992531	Disease@MESH:D001919	0
Gene@23221	Mutation@rs992531	Disease@MESH:D009362	0
Gene@23221	Mutation@rs992531	Disease@MESH:D000860	0
Gene@23221	Mutation@rs992531	Disease@MESH:D009422	0
Gene@23221	Mutation@rs992531	Disease@MESH:D009396	0
Gene@23221	Mutation@rs992531	Disease@MESH:D011008	0
Gene@23221	Mutation@rs2314686	Disease@MESH:D001943	1
Gene@23221	Mutation@rs2314686	Disease@MESH:D009369	0
Gene@23221	Mutation@Rs992531	Disease@MESH:D001943	1
Gene@9366	Mutation@rs7701292	Disease@MESH:D001943	1
Gene@9366	Mutation@Rs7701292	Disease@MESH:D001943	1
Gene@64236	Mutation@rs992531	Disease@MESH:D001943	1
Gene@64236	Mutation@rs2314686	Disease@MESH:D001943	1
Gene@64236	Mutation@Rs992531	Disease@MESH:D001943	1
