Gene@10599	Mutation@rs4149056	Disease@MESH:D001943	0
Gene@10599	Mutation@rs4149056	Disease@MESH:D009369	0
Gene@10599	Mutation@rs4149056	Disease@MESH:D009135	0
Gene@10599	Mutation@rs4149056	Disease@MESH:D011471	0
Gene@10599	Mutation@rs4149056	Disease@MESH:C535460	0
Gene@10599	Mutation@rs4149056	Disease@MESH:D008569	0
Gene@10599	Mutation@rs4149056	Disease@MESH:C000656865	0
Gene@10599	Mutation@rs10841753	Disease@MESH:D001943	1
Gene@10599	Mutation@rs10841753	Disease@MESH:D009369	0
Gene@10599	Mutation@rs10841753	Disease@MESH:D009135	0
Gene@10599	Mutation@rs10841753	Disease@MESH:D011471	1
Gene@10599	Mutation@rs10841753	Disease@MESH:C535460	0
Gene@10599	Mutation@rs10841753	Disease@MESH:D008569	0
Gene@10599	Mutation@rs10841753	Disease@MESH:C000656865	0
Gene@10599	Mutation@rs11045819	Disease@MESH:D001943	0
Gene@10599	Mutation@rs11045819	Disease@MESH:D009369	0
Gene@10599	Mutation@rs11045819	Disease@MESH:D009135	0
Gene@10599	Mutation@rs11045819	Disease@MESH:D011471	0
Gene@10599	Mutation@rs11045819	Disease@MESH:C535460	0
Gene@10599	Mutation@rs11045819	Disease@MESH:D008569	0
Gene@1588	Mutation@rs17601876	Disease@MESH:D001943	1
Gene@1588	Mutation@rs17601876	Disease@MESH:D011471	1
Gene@8747	Mutation@rs12586722	Disease@MESH:D001943	1
Gene@8747	Mutation@rs12586722	Disease@MESH:D011471	1
Gene@5218	Mutation@rs10953024	Disease@MESH:D001943	1
Gene@5218	Mutation@rs10953024	Disease@MESH:D011471	1
Gene@401036	Mutation@rs1453308	Disease@MESH:D001943	1
Gene@401036	Mutation@rs1453308	Disease@MESH:D011471	1
Gene@5797	Mutation@rs16952550	Disease@MESH:D001943	1
Gene@5797	Mutation@rs16952550	Disease@MESH:D011471	1
Gene@30817	Mutation@rs57712673	Disease@MESH:D001943	1
Gene@30817	Mutation@rs57712673	Disease@MESH:D011471	1
Gene@1585	Mutation@rs6988985	Disease@MESH:D001943	1
Gene@1585	Mutation@rs6988985	Disease@MESH:D011471	1
Gene@9844	Mutation@rs59964204	Disease@MESH:D001943	1
Gene@9844	Mutation@rs59964204	Disease@MESH:D011471	1
