Gene@1191	Mutation@rs11136000	Disease@MESH:D000544	0
Gene@1191	Mutation@rs11136000	Disease@MESH:D019636	0
Gene@1191	Mutation@rs11136000	Disease@MESH:D001284	0
Gene@1191	Mutation@rs11136000	Disease@MESH:D003072	0
Gene@1191	Mutation@rs11136000	Disease@MESH:D003704	0
Gene@1191	Mutation@rs11136000	Disease@MESH:D002545	0
Gene@1191	Mutation@rs11136000	Disease@MESH:D007511	0
Gene@1191	Mutation@rs11136000	Disease@MESH:D015140	0
Gene@1191	Mutation@rs11136000	Disease@MESH:D001172	0
Gene@1191	Mutation@rs11136000	Disease@MESH:D007246	0
Gene@1191	Mutation@rs11136000	Disease@MESH:D001714	0
Gene@1191	Mutation@rs11136000	Disease@MESH:D007249	0
Gene@1191	Mutation@rs11136000	Disease@MESH:D015179	0
Gene@1191	Mutation@rs11136000	Disease@MESH:D002294	0
Gene@1191	Mutation@rs11136000	Disease@MESH:D064420	0
Gene@1191	Mutation@rs11136000	Disease@MESH:D001778	0
Gene@1191	Mutation@rs11136000	Disease@MESH:C562832	0
Gene@1191	Mutation@rs7982	Disease@MESH:D000544	0
Gene@1191	Mutation@rs7982	Disease@MESH:D019636	0
