Gene@64759	Mutation@rs78417682	Disease@MESH:D010190	0
Gene@64759	Mutation@rs78417682	Disease@MESH:D010182	0
Gene@64759	Mutation@rs78417682	Disease@MESH:D009369	0
Gene@64759	Mutation@rs78417682	Disease@MESH:C537262	0
Gene@64759	Mutation@rs78417682	Disease@MESH:D021441	0
Gene@64759	Mutation@rs78417682	Disease@MESH:D007333	0
Gene@64759	Mutation@rs78417682	Disease@MESH:D001943	0
Gene@64759	Mutation@rs78417682	Disease@MESH:D009765	0
Gene@64759	Mutation@rs78417682	Disease@MESH:D011471	0
Gene@64759	Mutation@rs78417682	Disease@MESH:D013736	0
Gene@64759	Mutation@rs78417682	Disease@MESH:D003920	0
Gene@64759	Mutation@rs78417682	Disease@MESH:D003924	0
Gene@64759	Mutation@rs78417682	Disease@MESH:D010195	0
Gene@64759	Mutation@rs78417682	Disease@MESH:D015212	0
Gene@64759	Mutation@rs78417682	Disease@MESH:D004342	0
Gene@64759	Mutation@rs78417682	Disease@MESH:D004194	0
Gene@64759	Mutation@rs78417682	Disease@MESH:D008569	0
Gene@64759	Mutation@rs78417682	Disease@MESH:C566369	0
Gene@64759	Mutation@rs78417682	Disease@MESH:C536494	0
Gene@64759	Mutation@rs78417682	Disease@MESH:C536149	0
Gene@64759	Mutation@rs73328514	Disease@MESH:D010190	1
Gene@64759	Mutation@rs73328514	Disease@MESH:D009369	1
Gene@26155	Mutation@rs13303010	Disease@MESH:D010190	1
Gene@26155	Mutation@rs13303010	Disease@MESH:D009369	1
Gene@3174	Mutation@rs2941471	Disease@MESH:D010190	1
Gene@3174	Mutation@rs2941471	Disease@MESH:D009369	1
Gene@6928	Mutation@rs4795218	Disease@MESH:D010190	1
Gene@6928	Mutation@rs4795218	Disease@MESH:D009369	1
Gene@10592	Mutation@rs2417487	Disease@MESH:D010190	1
Gene@10592	Mutation@rs2417487	Disease@MESH:D009369	1
Gene@101154687	Mutation@rs7200646	Disease@MESH:D010190	1
Gene@101154687	Mutation@rs7200646	Disease@MESH:D009369	1
Gene@732275	Mutation@rs7200646	Disease@MESH:D010190	1
Gene@732275	Mutation@rs7200646	Disease@MESH:D009369	1
