Gene@6934	Mutation@rs1049549	Disease@MESH:D003924	0
Gene@6934	Mutation@rs1049549	Disease@MESH:D003920	0
Gene@6934	Mutation@rs1049549	Disease@MESH:D009765	0
Gene@6934	Mutation@rs1049549	Disease@MESH:D004342	0
Gene@6934	Mutation@rs1049549	Disease@MESH:D002318	0
Gene@6934	Mutation@rs2283228	Disease@MESH:D003924	0
Gene@6934	Mutation@rs2283228	Disease@MESH:D003920	0
Gene@6934	Mutation@rs2283228	Disease@MESH:D009765	0
Gene@6934	Mutation@rs2283228	Disease@MESH:D004342	0
Gene@6934	Mutation@rs2283228	Disease@MESH:D002318	0
Gene@6934	Mutation@rs7903146	Disease@MESH:D003924	1
Gene@6934	Mutation@rs7903146	Disease@MESH:D003920	1
Gene@6934	Mutation@rs7903146	Disease@MESH:D009765	0
Gene@6934	Mutation@rs7903146	Disease@MESH:D004342	0
Gene@6934	Mutation@rs7903146	Disease@MESH:D002318	0
Gene@6934	Mutation@rs3888647	Disease@MESH:D003924	0
Gene@3784	Mutation@rs1049549	Disease@MESH:D003924	1
Gene@3784	Mutation@rs1049549	Disease@MESH:D003920	1
Gene@3784	Mutation@rs2283228	Disease@MESH:D003924	1
Gene@3784	Mutation@rs2283228	Disease@MESH:D003920	1
Gene@3784	Mutation@rs3888647	Disease@MESH:D003924	1
Gene@3784	Mutation@rs3888647	Disease@MESH:D003920	1
Gene@3784	Mutation@rs163184	Disease@MESH:D003924	1
Gene@3784	Mutation@rs163184	Disease@MESH:D003920	1
Gene@3784	Mutation@rs2237896	Disease@MESH:D003924	1
Gene@3784	Mutation@rs2237896	Disease@MESH:D003920	1
