Gene@3127	Mutation@rs4523957	Disease@MESH:D003324	0
Gene@3127	Mutation@rs4523957	Disease@MESH:D003924	0
Gene@3127	Mutation@rs4523957	Disease@MESH:D003643	0
Gene@3127	Mutation@rs4523957	Disease@MESH:D009765	0
Gene@3127	Mutation@rs4523957	Disease@MESH:D015861	0
Gene@3127	Mutation@rs4523957	Disease@MESH:D006943	0
Gene@3127	Mutation@rs4523957	Disease@MESH:D009369	0
Gene@3127	Mutation@rs4523957	Disease@MESH:D007333	0
Gene@3127	Mutation@rs4523957	Disease@MESH:D018149	0
Gene@3127	Mutation@rs4523957	Disease@MESH:D009203	0
Gene@3127	Mutation@rs4523957	Disease@MESH:D046110	0
Gene@3127	Mutation@rs4523957	Disease@MESH:D002318	0
Gene@3127	Mutation@rs4523957	Disease@MESH:D001161	0
Gene@3127	Mutation@rs4523957	Disease@MESH:D005234	0
Gene@3127	Mutation@rs4523957	Disease@MESH:D003920	0
Gene@3127	Mutation@rs4523957	Disease@MESH:D011225	0
Gene@3127	Mutation@rs4523957	Disease@MESH:D007154	0
Gene@3127	Mutation@rs4523957	Disease@MESH:D003922	0
Gene@3127	Mutation@rs4523957	Disease@MESH:D050197	0
Gene@3127	Mutation@rs2050188	Disease@MESH:D003924	1
Gene@3127	Mutation@rs2050188	Disease@MESH:D003920	1
Gene@348	Mutation@rs4420638	Disease@MESH:D003924	1
Gene@348	Mutation@rs4420638	Disease@MESH:D003920	1
Gene@83986	Mutation@rs9940149	Disease@MESH:D003924	1
Gene@83986	Mutation@rs9940149	Disease@MESH:D003920	1
Gene@59338	Mutation@rs2421016	Disease@MESH:D003924	1
Gene@59338	Mutation@rs2421016	Disease@MESH:D003920	1
Gene@6934	Mutation@rs7903146	Disease@MESH:D003924	1
Gene@6934	Mutation@rs7903146	Disease@MESH:D003920	1
Gene@407975	Mutation@rs7985179	Disease@MESH:D003924	1
Gene@407975	Mutation@rs7985179	Disease@MESH:D003920	1
Gene@10018	Mutation@rs11123406	Disease@MESH:D003924	1
Gene@10018	Mutation@rs11123406	Disease@MESH:D003920	1
Gene@157855	Mutation@rs12681990	Disease@MESH:D003924	1
Gene@157855	Mutation@rs12681990	Disease@MESH:D003920	1
Gene@6581	Mutation@rs622217	Disease@MESH:D003924	1
Gene@6581	Mutation@rs622217	Disease@MESH:D003920	1
