Gene@102	Mutation@rs679515	Disease@MESH:D000544	0
Gene@102	Mutation@rs679515	Disease@MESH:D019636	0
Gene@102	Mutation@rs679515	Disease@MESH:D003704	0
Gene@102	Mutation@rs679515	Disease@MESH:D003643	0
Gene@102	Mutation@rs679515	Disease@MESH:D009190	0
Gene@102	Mutation@rs679515	Disease@MESH:D001284	0
Gene@102	Mutation@rs679515	Disease@MESH:D029424	0
Gene@102	Mutation@rs679515	Disease@MESH:D012559	0
Gene@102	Mutation@rs679515	Disease@MESH:D007249	0
Gene@102	Mutation@rs679515	Disease@MESH:D010300	0
Gene@102	Mutation@rs679515	Disease@MESH:D015140	0
Gene@102	Mutation@rs6733839	Disease@MESH:D000544	0
Gene@102	Mutation@rs6733839	Disease@MESH:D019636	0
Gene@102	Mutation@rs6733839	Disease@MESH:D003704	0
Gene@102	Mutation@rs6733839	Disease@MESH:D003643	0
Gene@102	Mutation@rs6733839	Disease@MESH:D009190	0
Gene@102	Mutation@rs6733839	Disease@MESH:D001284	0
Gene@102	Mutation@rs6733839	Disease@MESH:D029424	0
Gene@102	Mutation@rs6733839	Disease@MESH:D012559	0
Gene@102	Mutation@rs6733839	Disease@MESH:D007249	0
