Gene@57818	Mutation@rs34177044	Disease@MESH:D007003	1
Gene@57818	Mutation@rs34177044	Disease@MESH:D003924	0
Gene@57818	Mutation@rs34177044	Disease@MESH:D010195	0
Gene@57818	Mutation@rs34177044	Disease@MESH:D003920	0
Gene@57818	Mutation@rs34177044	Disease@MESH:D002908	0
Gene@57818	Mutation@rs34177044	Disease@MESH:C536108	0
Gene@57818	Mutation@rs34177044	Disease@MESH:C000656865	0
Gene@57818	Mutation@rs34177044	Disease@MESH:C535838	0
Gene@57818	Mutation@rs34177044	Disease@MESH:D007340	0
Gene@57818	Mutation@rs34177044	Disease@MESH:D016534	0
Gene@57818	Mutation@rs34177044	Disease@MESH:D007333	1
Gene@57818	Mutation@rs34177044	Disease@MESH:D003324	0
Gene@57818	Mutation@rs34177044	Disease@MESH:D005198	0
Gene@57818	Mutation@rs34177044	Disease@MESH:D018149	1
Gene@57818	Mutation@rs2232326	Disease@MESH:D007003	1
Gene@57818	Mutation@rs2232326	Disease@MESH:D007333	1
Gene@57818	Mutation@rs2232326	Disease@MESH:D018149	1
Gene@6496	Mutation@rs895636	Disease@MESH:D007003	1
Gene@10736	Mutation@rs895636	Disease@MESH:D007003	1
Gene@27255	Mutation@rs13078376	Disease@MESH:D007340	1
Gene@27255	Mutation@rs13078376	Disease@MESH:D016534	1
Gene@27255	Mutation@rs13078376	Disease@MESH:D007333	1
Gene@146760	Mutation@rs62069176	Disease@MESH:D003924	1
Gene@146760	Mutation@rs62069176	Disease@MESH:D003920	1
Gene@9306	Mutation@rs2581685	Disease@MESH:D003924	1
Gene@9306	Mutation@rs2581685	Disease@MESH:D003920	1
Gene@57492	Mutation@rs6557473	Disease@MESH:D003924	1
Gene@57492	Mutation@rs6557473	Disease@MESH:D003920	1
