Gene@23036	Mutation@rs1925690	Disease@MESH:D001284	0
Gene@23036	Mutation@rs1925690	Disease@MESH:D000544	1
Gene@23036	Mutation@rs1925690	Disease@MESH:D019636	0
Gene@23036	Mutation@rs1925690	Disease@MESH:D007319	0
Gene@23036	Mutation@rs1925690	Disease@MESH:D003072	0
Gene@23036	Mutation@rs1925690	Disease@MESH:C537062	0
Gene@23036	Mutation@rs1925690	Disease@MESH:D001523	0
Gene@23036	Mutation@rs1925690	Disease@MESH:D002908	0
Gene@23036	Mutation@rs1925690	Disease@MESH:D020271	0
Gene@23036	Mutation@rs1925690	Disease@MESH:D020521	0
Gene@23036	Mutation@rs1925690	Disease@MESH:D000647	0
Gene@23036	Mutation@rs1925690	Disease@MESH:D006212	0
Gene@23036	Mutation@rs1925690	Disease@MESH:C566985	0
Gene@23036	Mutation@rs1925690	Disease@MESH:D003704	0
Gene@23036	Mutation@rs1925690	Disease@MESH:D003643	0
Gene@23036	Mutation@rs1925690	Disease@MESH:D004833	0
Gene@23036	Mutation@rs11129640	Disease@MESH:D001284	0
Gene@23036	Mutation@rs11129640	Disease@MESH:D000544	0
Gene@23036	Mutation@rs11129640	Disease@MESH:D019636	0
