Gene@152330	Mutation@rs4751240	Disease@MESH:D029424	0
Gene@152330	Mutation@rs4751240	Disease@MESH:D004067	0
Gene@152330	Mutation@rs4751240	Disease@MESH:D009369	0
Gene@152330	Mutation@rs4751240	Disease@MESH:D002100	0
Gene@152330	Mutation@rs4751240	Disease@MESH:D008175	0
Gene@152330	Mutation@rs4751240	Disease@MESH:D006333	0
Gene@152330	Mutation@rs4751240	Disease@MESH:D009765	0
Gene@152330	Mutation@rs4751240	Disease@MESH:D003550	0
Gene@152330	Mutation@rs4751240	Disease@MESH:D000163	0
Gene@152330	Mutation@rs4751240	Disease@MESH:D008173	0
Gene@152330	Mutation@rs4751240	Disease@MESH:D014717	0
Gene@152330	Mutation@rs4751240	Disease@MESH:D012878	0
Gene@152330	Mutation@rs4751240	Disease@MESH:D005767	0
Gene@152330	Mutation@rs4751240	Disease@MESH:D001523	0
Gene@152330	Mutation@rs4751240	Disease@MESH:D007153	0
Gene@152330	Mutation@rs4751240	Disease@OMIM:146850	0
Gene@152330	Mutation@rs4751240	Disease@MESH:D009223	0
Gene@152330	Mutation@rs4751240	Disease@MESH:D002386	0
Gene@152330	Mutation@rs4751240	Disease@MESH:D009135	0
Gene@152330	Mutation@rs4751240	Disease@MESH:D000067877	0
Gene@152330	Mutation@rs41526344	Disease@MESH:D029424	1
Gene@152330	Mutation@rs41526344	Disease@MESH:D004067	1
Gene@152330	Mutation@rs41526344	Disease@MESH:D009369	1
Gene@152330	Mutation@rs41526344	Disease@MESH:D008173	1
Gene@1793	Mutation@rs4751240	Disease@MESH:D029424	1
Gene@1793	Mutation@rs4751240	Disease@MESH:D004067	1
Gene@1793	Mutation@rs4751240	Disease@MESH:D009369	1
Gene@1793	Mutation@rs4751240	Disease@MESH:D008173	1
Gene@84895	Mutation@rs7042889	Disease@MESH:D029424	1
Gene@84895	Mutation@rs7042889	Disease@MESH:D004067	1
Gene@84895	Mutation@rs7042889	Disease@MESH:D009369	1
Gene@84895	Mutation@rs7042889	Disease@MESH:D008173	1
