Gene@54437	Mutation@rs460976	Disease@MESH:D020521	0
Gene@54437	Mutation@rs460976	Disease@MESH:D003920	0
Gene@54437	Mutation@rs460976	Disease@MESH:D019636	0
Gene@54437	Mutation@rs460976	Disease@MESH:D002318	0
Gene@54437	Mutation@rs460976	Disease@MESH:D003324	0
Gene@54437	Mutation@rs460976	Disease@MESH:D009223	0
Gene@54437	Mutation@rs460976	Disease@MESH:D006333	0
Gene@54437	Mutation@rs460976	Disease@MESH:D007239	0
Gene@54437	Mutation@rs460976	Disease@MESH:C536227	0
Gene@54437	Mutation@rs460976	Disease@MESH:D007249	0
Gene@54437	Mutation@rs460976	Disease@MESH:D009369	0
Gene@54437	Mutation@rs460976	Disease@MESH:D012640	0
Gene@54437	Mutation@rs460976	Disease@MESH:D000544	0
Gene@54437	Mutation@rs460976	Disease@MESH:D003704	0
Gene@54437	Mutation@rs460976	Disease@MESH:D006527	0
Gene@54437	Mutation@rs460976	Disease@MESH:D001172	0
Gene@54437	Mutation@rs460976	Disease@MESH:D003424	0
Gene@54437	Mutation@rs460976	Disease@MESH:D009203	0
Gene@54437	Mutation@rs460976	Disease@MESH:C536528	0
Gene@54437	Mutation@rs460976	Disease@MESH:D020191	0
