Gene@8660;442338	Mutation@rs78554043	Disease@MESH:D011471	0
Gene@8660;442338	Mutation@rs78554043	Disease@MESH:D011125	0
Gene@8660;442338	Mutation@rs78554043	Disease@MESH:D011472	0
Gene@8660;442338	Mutation@rs78554043	Disease@MESH:C000656865	0
Gene@8660;442338	Mutation@rs78554043	Disease@MESH:D017034	0
Gene@8660;442338	Mutation@rs78554043	Disease@MESH:D001523	0
Gene@8660;442338	Mutation@rs78554043	Disease@MESH:D009369	0
Gene@8660;442338	Mutation@rs78554043	Disease@MESH:D001943	0
Gene@8660;442338	Mutation@rs78554043	Disease@MESH:D013590	0
Gene@8660;442338	Mutation@rs78554043	Disease@MESH:D013341	0
Gene@8660;442338	Mutation@rs78554043	Disease@MESH:C537849	0
Gene@8660;442338	Mutation@rs78554043	Disease@MESH:C535460	0
Gene@8660;442338	Mutation@rs75823044	Disease@MESH:D011471	1
Gene@8660;442338	Mutation@rs75823044	Disease@MESH:D011125	0
Gene@8660;442338	Mutation@rs75823044	Disease@MESH:D011472	0
Gene@8660;442338	Mutation@rs75823044	Disease@MESH:C000656865	0
Gene@8660;442338	Mutation@rs75823044	Disease@MESH:D009369	1
Gene@11200	Mutation@rs78554043	Disease@MESH:D011471	1
Gene@11200	Mutation@rs78554043	Disease@MESH:D009369	1
