Gene@100302260	Mutation@rs4476990	Disease@MESH:D001943	0
Gene@100302260	Mutation@rs4476990	Disease@MESH:D009369	0
Gene@100302260	Mutation@rs4476990	Disease@MESH:D003643	0
Gene@100302260	Mutation@rs4476990	Disease@MESH:D050723	0
Gene@100302260	Mutation@rs4476990	Disease@MESH:D007674	0
Gene@100302260	Mutation@rs4476990	Disease@MESH:D009362	0
Gene@100302260	Mutation@rs4476990	Disease@MESH:D064420	0
Gene@100302260	Mutation@rs13260300	Disease@MESH:D001943	0
Gene@100302260	Mutation@rs13260300	Disease@MESH:D009369	0
Gene@100302260	Mutation@rs13260300	Disease@MESH:D003643	0
Gene@100302260	Mutation@rs13260300	Disease@MESH:D050723	0
Gene@100302260	Mutation@rs13260300	Disease@MESH:D007674	0
Gene@100302260	Mutation@rs13260300	Disease@MESH:D009362	0
Gene@100302260	Mutation@rs13260300	Disease@MESH:D064420	0
Gene@100302260	Mutation@rs3802201	Disease@MESH:D001943	0
Gene@100302260	Mutation@rs3802201	Disease@MESH:D009369	0
Gene@100302260	Mutation@rs3802201	Disease@MESH:D003643	0
Gene@100302260	Mutation@rs3802201	Disease@MESH:D050723	0
Gene@441355	Mutation@rs13260300	Disease@MESH:D001943	1
Gene@441355	Mutation@rs13260300	Disease@MESH:D009369	1
Gene@441355	Mutation@rs13260300	Disease@MESH:D003643	1
Gene@441355	Mutation@rs13260300	Disease@MESH:D009362	1
