Gene@8635	Mutation@rs71658797	Disease@MESH:D008175	0
Gene@8635	Mutation@rs71658797	Disease@MESH:D000077192	0
Gene@8635	Mutation@rs71658797	Disease@MESH:D018288	0
Gene@8635	Mutation@rs71658797	Disease@MESH:D002294	0
Gene@8635	Mutation@rs71658797	Disease@MESH:D009369	0
Gene@8635	Mutation@rs71658797	Disease@MESH:D000230	0
Gene@8635	Mutation@rs71658797	Disease@MESH:D007249	0
Gene@8635	Mutation@rs71658797	Disease@MESH:D029424	0
Gene@8635	Mutation@rs71658797	Disease@MESH:D015212	0
Gene@8635	Mutation@rs71658797	Disease@MESH:D003424	0
Gene@8635	Mutation@rs71658797	Disease@MESH:D008659	0
Gene@8635	Mutation@rs71658797	Disease@MESH:D011014	0
Gene@8635	Mutation@rs71658797	Disease@MESH:D005910	0
Gene@8635	Mutation@rs71658797	Disease@OMIM:176500	0
Gene@8635	Mutation@rs71658797	Disease@MESH:C537366	0
Gene@8635	Mutation@rs71658797	Disease@MESH:D000544	0
Gene@8635	Mutation@rs71658797	Disease@MESH:C537849	0
Gene@8635	Mutation@rs71658797	Disease@MESH:D018455	0
Gene@8635	Mutation@rs6920364	Disease@MESH:D008175	1
Gene@8635	Mutation@rs6920364	Disease@MESH:D000077192	1
Gene@8635	Mutation@rs6920364	Disease@MESH:D011014	1
Gene@8635	Mutation@rs6920364	Disease@MESH:D005910	1
Gene@8635	Mutation@rs6920364	Disease@MESH:D002289	1
Gene@9728	Mutation@rs77468143	Disease@MESH:D008175	1
Gene@9728	Mutation@rs77468143	Disease@MESH:D000077192	1
Gene@9728	Mutation@rs77468143	Disease@MESH:D011014	1
Gene@9728	Mutation@rs77468143	Disease@MESH:D005910	1
Gene@9728	Mutation@rs77468143	Disease@MESH:D002289	1
Gene@9728	Mutation@rs7902587	Disease@MESH:D008175	1
Gene@9728	Mutation@rs7902587	Disease@MESH:D000077192	1
Gene@9728	Mutation@rs7902587	Disease@MESH:D011014	1
Gene@9728	Mutation@rs7902587	Disease@MESH:D005910	1
Gene@9728	Mutation@rs7902587	Disease@MESH:D002289	1
Gene@1135	Mutation@rs11780471	Disease@MESH:D008175	1
Gene@1135	Mutation@rs11780471	Disease@MESH:D000077192	1
Gene@1135	Mutation@rs11780471	Disease@MESH:D011014	1
Gene@1135	Mutation@rs11780471	Disease@MESH:D005910	1
Gene@1135	Mutation@rs11780471	Disease@MESH:D002289	1
Gene@7015	Mutation@rs7705526	Disease@MESH:D008175	1
Gene@7015	Mutation@rs7705526	Disease@MESH:D000077192	1
Gene@7015	Mutation@rs7705526	Disease@MESH:D011014	1
Gene@7015	Mutation@rs7705526	Disease@MESH:D005910	1
Gene@7015	Mutation@rs7705526	Disease@MESH:D002289	1
Gene@675	Mutation@rs11571833	Disease@MESH:D008175	1
Gene@675	Mutation@rs11571833	Disease@MESH:D000077192	1
Gene@675	Mutation@rs11571833	Disease@MESH:D011014	1
Gene@675	Mutation@rs11571833	Disease@MESH:D005910	1
Gene@675	Mutation@rs11571833	Disease@MESH:D002289	1
Gene@1138	Mutation@rs55781567	Disease@MESH:D008175	1
Gene@1138	Mutation@rs55781567	Disease@MESH:D000077192	1
Gene@1138	Mutation@rs55781567	Disease@MESH:D011014	1
Gene@1138	Mutation@rs55781567	Disease@MESH:D005910	1
Gene@1138	Mutation@rs55781567	Disease@MESH:D002289	1
Gene@2053	Mutation@rs11780471	Disease@MESH:D008175	1
Gene@2053	Mutation@rs11780471	Disease@MESH:D000077192	1
Gene@2053	Mutation@rs11780471	Disease@MESH:D011014	1
Gene@2053	Mutation@rs11780471	Disease@MESH:D005910	1
Gene@2053	Mutation@rs11780471	Disease@MESH:D002289	1
Gene@80031	Mutation@rs66759488	Disease@MESH:D008175	1
Gene@80031	Mutation@rs66759488	Disease@MESH:D000077192	1
Gene@80031	Mutation@rs66759488	Disease@MESH:D011014	1
Gene@80031	Mutation@rs66759488	Disease@MESH:D005910	1
Gene@80031	Mutation@rs66759488	Disease@MESH:D002289	1
Gene@6098	Mutation@rs9387479	Disease@MESH:D008175	1
Gene@6098	Mutation@rs9387479	Disease@MESH:D000077192	1
Gene@6098	Mutation@rs9387479	Disease@MESH:D011014	1
Gene@6098	Mutation@rs9387479	Disease@MESH:D005910	1
Gene@6098	Mutation@rs9387479	Disease@MESH:D002289	1
Gene@79991	Mutation@rs7902587	Disease@MESH:D008175	1
Gene@79991	Mutation@rs7902587	Disease@MESH:D000077192	1
Gene@79991	Mutation@rs7902587	Disease@MESH:D011014	1
Gene@79991	Mutation@rs7902587	Disease@MESH:D005910	1
Gene@79991	Mutation@rs7902587	Disease@MESH:D002289	1
Gene@79991	Mutation@rs11591710	Disease@MESH:D008175	1
Gene@79991	Mutation@rs11591710	Disease@MESH:D000077192	1
Gene@79991	Mutation@rs11591710	Disease@MESH:D011014	1
Gene@79991	Mutation@rs11591710	Disease@MESH:D005910	1
Gene@79991	Mutation@rs11591710	Disease@MESH:D002289	1
Gene@1548	Mutation@rs56113850	Disease@MESH:D008175	1
Gene@1548	Mutation@rs56113850	Disease@MESH:D000077192	1
Gene@1548	Mutation@rs56113850	Disease@MESH:D011014	1
Gene@1548	Mutation@rs56113850	Disease@MESH:D005910	1
Gene@1548	Mutation@rs56113850	Disease@MESH:D002289	1
Gene@8626	Mutation@rs13080835	Disease@MESH:D008175	1
Gene@8626	Mutation@rs13080835	Disease@MESH:D000077192	1
Gene@8626	Mutation@rs13080835	Disease@MESH:D011014	1
Gene@8626	Mutation@rs13080835	Disease@MESH:D005910	1
Gene@8626	Mutation@rs13080835	Disease@MESH:D002289	1
