Gene@286749;11037;11036	Mutation@rs2284665	Disease@MESH:D006009	0
Gene@286749;11037;11036	Mutation@rs2284665	Disease@MESH:D009422	0
Gene@286749;11037;11036	Mutation@rs2284665	Disease@MESH:D014786	0
Gene@286749;11037;11036	Mutation@rs2284665	Disease@MESH:C531604	0
Gene@286749;11037;11036	Mutation@rs2284665	Disease@MESH:D057092	0
Gene@286749;11037;11036	Mutation@rs2284665	Disease@MESH:D001281	0
Gene@286749;11037;11036	Mutation@rs2284665	Disease@MESH:D050197	0
Gene@286749;11037;11036	Mutation@rs2284665	Disease@MESH:D006331	0
Gene@286749;11037;11036	Mutation@rs2284665	Disease@MESH:D018316	0
Gene@286749;11037;11036	Mutation@rs2284665	Disease@MESH:D000544	0
Gene@286749;11037;11036	Mutation@rs2284665	Disease@MESH:C535700	0
Gene@286749;11037;11036	Mutation@rs2284665	Disease@MESH:D008067	0
Gene@286749;11037;11036	Mutation@rs2284665	Disease@MESH:D002833	0
Gene@286749;11037;11036	Mutation@rs2284665	Disease@MESH:D051437	0
Gene@286749;11037;11036	Mutation@rs2284665	Disease@MESH:D008268	0
Gene@286749;11037;11036	Mutation@rs2284665	Disease@MESH:C535968	0
Gene@286749;11037;11036	Mutation@rs2284665	Disease@MESH:D003324	0
Gene@286749;11037;11036	Mutation@rs2284665	Disease@MESH:D000080363	0
Gene@286749;11037;11036	Mutation@rs2284665	Disease@MESH:D004828	0
Gene@286749;11037;11036	Mutation@rs2284665	Disease@MESH:D023521	0
Gene@286749;11037;11036	Mutation@rs4482537	Disease@MESH:D008268	1
Gene@286749;11037;11036	Mutation@rs4482537	Disease@MESH:C535968	1
Gene@3973	Mutation@rs4482537	Disease@MESH:D008268	1
Gene@3973	Mutation@rs4482537	Disease@MESH:C535968	1
Gene@2492	Mutation@rs4482537	Disease@MESH:D008268	1
Gene@2492	Mutation@rs4482537	Disease@MESH:C535968	1
Gene@11037	Mutation@rs4482537	Disease@MESH:D008268	1
Gene@11037	Mutation@rs4482537	Disease@MESH:C535968	1
Gene@11036	Mutation@rs4482537	Disease@MESH:D008268	1
Gene@11036	Mutation@rs4482537	Disease@MESH:C535968	1
Gene@387715	Mutation@rs2284665	Disease@MESH:D008268	1
Gene@387715	Mutation@rs2284665	Disease@MESH:C535968	1
Gene@5654	Mutation@rs2284665	Disease@MESH:D008268	1
Gene@5654	Mutation@rs2284665	Disease@MESH:C535968	1
Gene@10186	Mutation@rs8002574	Disease@MESH:D008268	1
Gene@10186	Mutation@rs8002574	Disease@MESH:C535968	1
