Gene@6934	Mutation@rs7766070	Disease@MESH:D003924	0
Gene@6934	Mutation@rs7766070	Disease@MESH:D003920	0
Gene@6934	Mutation@rs7766070	Disease@MESH:D018149	0
Gene@6934	Mutation@rs7766070	Disease@MESH:D008659	0
Gene@6934	Mutation@rs7766070	Disease@MESH:D030342	0
Gene@6934	Mutation@rs7766070	Disease@MESH:D006973	0
Gene@6934	Mutation@rs7766070	Disease@MESH:C535838	0
Gene@6934	Mutation@rs7766070	Disease@MESH:D006402	0
Gene@6934	Mutation@rs7766070	Disease@MESH:D010195	0
Gene@6934	Mutation@rs7766070	Disease@MESH:D003324	0
Gene@6934	Mutation@rs7766070	Disease@MESH:D005198	0
Gene@6934	Mutation@rs7766070	Disease@MESH:D009765	0
Gene@6934	Mutation@rs7766070	Disease@MESH:D009422	0
Gene@6934	Mutation@rs7766070	Disease@MESH:D029461	0
Gene@6934	Mutation@rs34872471	Disease@MESH:D003924	1
Gene@6934	Mutation@rs34872471	Disease@MESH:D003920	1
Gene@6934	Mutation@rs34872471	Disease@MESH:D018149	0
Gene@6934	Mutation@rs34872471	Disease@MESH:D008659	0
Gene@6934	Mutation@rs34872471	Disease@MESH:D030342	0
Gene@6934	Mutation@rs34872471	Disease@MESH:D006973	0
Gene@54901	Mutation@rs7766070	Disease@MESH:D003924	1
Gene@54901	Mutation@rs7766070	Disease@MESH:D003920	1
