Gene@2494	Mutation@rs10094872	Disease@MESH:D010190	0
Gene@2494	Mutation@rs10094872	Disease@MESH:D009369	0
Gene@2494	Mutation@rs10094872	Disease@MESH:D010182	0
Gene@2494	Mutation@rs10094872	Disease@MESH:D010195	0
Gene@2494	Mutation@rs10094872	Disease@MESH:D003643	0
Gene@2494	Mutation@rs10094872	Disease@MESH:D003920	0
Gene@2494	Mutation@rs10094872	Disease@MESH:D009765	0
Gene@2494	Mutation@rs10094872	Disease@MESH:D001749	0
Gene@2494	Mutation@rs10094872	Disease@MESH:D021441	0
Gene@2494	Mutation@rs10094872	Disease@MESH:D007249	0
Gene@2494	Mutation@rs10094872	Disease@MESH:D005910	0
Gene@2494	Mutation@rs10094872	Disease@MESH:D015451	0
Gene@2494	Mutation@rs10094872	Disease@MESH:D000077192	0
Gene@2494	Mutation@rs10094872	Disease@MESH:D008545	0
Gene@2494	Mutation@rs10094872	Disease@MESH:D011471	0
Gene@2494	Mutation@rs10094872	Disease@MESH:D001943	0
Gene@2494	Mutation@rs10094872	Disease@MESH:D012878	0
Gene@2494	Mutation@rs10094872	Disease@MESH:D008175	0
Gene@2494	Mutation@rs10094872	Disease@MESH:D010051	0
Gene@2494	Mutation@rs10094872	Disease@MESH:D009373	0
Gene@2494	Mutation@rs2816938	Disease@MESH:D010190	1
Gene@81037	Mutation@rs35226131	Disease@MESH:D010190	1
Gene@4609	Mutation@rs10094872	Disease@MESH:D010190	1
