Gene@6927	Mutation@rs781831	Disease@MESH:D003920	0
Gene@6927	Mutation@rs781831	Disease@MESH:D003924	0
Gene@6927	Mutation@rs781831	Disease@MESH:D009765	0
Gene@6927	Mutation@rs781831	Disease@MESH:D004342	0
Gene@6927	Mutation@rs781831	Disease@MESH:D065626	0
Gene@6927	Mutation@rs781831	Disease@MESH:D008060	0
Gene@6927	Mutation@rs781831	Disease@MESH:D050171	0
Gene@6927	Mutation@rs781831	Disease@MESH:D012559	0
Gene@6927	Mutation@rs781831	Disease@MESH:D005234	0
Gene@6927	Mutation@rs781831	Disease@MESH:D010195	0
Gene@6927	Mutation@rs781831	Disease@MESH:C562709	0
Gene@6927	Mutation@rs781831	Disease@MESH:D015419	0
Gene@6927	Mutation@rs2307111	Disease@MESH:D003920	0
Gene@6927	Mutation@rs2307111	Disease@MESH:D003924	0
Gene@6927	Mutation@rs2307111	Disease@MESH:D009765	0
Gene@6927	Mutation@rs2307111	Disease@MESH:D004342	0
Gene@6927	Mutation@rs2307111	Disease@MESH:D065626	0
Gene@6239	Mutation@rs9379084	Disease@MESH:D003920	1
Gene@6239	Mutation@rs9379084	Disease@MESH:D003924	1
Gene@6239	Mutation@rs35742417	Disease@MESH:D003920	1
Gene@6239	Mutation@rs35742417	Disease@MESH:D003924	1
Gene@284018	Mutation@rs9891146	Disease@MESH:D003920	1
Gene@284018	Mutation@rs9891146	Disease@MESH:D003924	1
Gene@23051	Mutation@rs17265513	Disease@MESH:D003920	1
Gene@23051	Mutation@rs17265513	Disease@MESH:D003924	1
Gene@5078	Mutation@rs2233580	Disease@MESH:D003920	1
Gene@5078	Mutation@rs2233580	Disease@MESH:D003924	1
Gene@23140	Mutation@rs781831	Disease@MESH:D003920	1
Gene@23140	Mutation@rs781831	Disease@MESH:D003924	1
Gene@56172	Mutation@rs146886108	Disease@MESH:D003920	1
Gene@56172	Mutation@rs146886108	Disease@MESH:D003924	1
Gene@9671	Mutation@rs3764002	Disease@MESH:D003920	1
Gene@9671	Mutation@rs3764002	Disease@MESH:D003924	1
Gene@53345	Mutation@rs58542926	Disease@MESH:D003920	1
Gene@53345	Mutation@rs58542926	Disease@MESH:D003924	1
Gene@2696	Mutation@rs1800437	Disease@MESH:D003920	1
Gene@2696	Mutation@rs1800437	Disease@MESH:D003924	1
Gene@219931	Mutation@rs72928978	Disease@MESH:D003920	1
Gene@219931	Mutation@rs72928978	Disease@MESH:D003924	1
Gene@116985	Mutation@rs56200889	Disease@MESH:D003920	1
Gene@116985	Mutation@rs56200889	Disease@MESH:D003924	1
Gene@5468	Mutation@rs1801282	Disease@MESH:D003920	1
Gene@5468	Mutation@rs1801282	Disease@MESH:D003924	1
Gene@415116	Mutation@rs4077129	Disease@MESH:D003920	1
Gene@415116	Mutation@rs4077129	Disease@MESH:D003924	1
Gene@23499	Mutation@rs16826069	Disease@MESH:D003920	1
Gene@23499	Mutation@rs16826069	Disease@MESH:D003924	1
Gene@2888	Mutation@rs7607980	Disease@MESH:D003920	1
Gene@2888	Mutation@rs7607980	Disease@MESH:D003924	1
Gene@10644	Mutation@rs6762208	Disease@MESH:D003920	1
Gene@10644	Mutation@rs6762208	Disease@MESH:D003924	1
Gene@26086	Mutation@rs60980157	Disease@MESH:D003920	1
Gene@26086	Mutation@rs60980157	Disease@MESH:D003924	1
Gene@57542	Mutation@rs1127787	Disease@MESH:D003920	1
Gene@57542	Mutation@rs1127787	Disease@MESH:D003924	1
Gene@10198	Mutation@rs1060105	Disease@MESH:D003920	1
Gene@10198	Mutation@rs1060105	Disease@MESH:D003924	1
