Gene@57379	Mutation@rs7720298	Disease@MESH:D011471	0
Gene@57379	Mutation@rs7720298	Disease@MESH:D064420	0
Gene@57379	Mutation@rs7720298	Disease@MESH:D009369	0
Gene@57379	Mutation@rs7720298	Disease@MESH:D001745	0
Gene@57379	Mutation@rs7720298	Disease@MESH:D001260	0
Gene@57379	Mutation@rs7720298	Disease@MESH:D053158	0
Gene@57379	Mutation@rs7720298	Disease@MESH:D006470	0
Gene@57379	Mutation@rs7720298	Disease@MESH:D003920	0
Gene@57379	Mutation@rs7720298	Disease@MESH:D012141	0
Gene@57379	Mutation@rs7720298	Disease@MESH:D004409	0
Gene@57379	Mutation@rs7720298	Disease@MESH:D004342	0
Gene@57379	Mutation@rs7720298	Disease@MESH:C536287	0
Gene@57379	Mutation@rs7720298	Disease@MESH:D007172	0
Gene@57379	Mutation@rs7720298	Disease@MESH:D006009	0
Gene@57379	Mutation@rs7720298	Disease@MESH:D008556	0
Gene@57379	Mutation@rs7720298	Disease@MESH:D004194	0
Gene@57379	Mutation@rs7720298	Disease@MESH:D005355	0
Gene@57379	Mutation@rs7720298	Disease@MESH:D002925	0
Gene@57379	Mutation@rs7720298	Disease@MESH:D008175	0
Gene@57379	Mutation@rs7720298	Disease@MESH:D005767	0
Gene@1767	Mutation@rs7720298	Disease@MESH:D011471	1
Gene@1767	Mutation@rs7720298	Disease@MESH:D009369	1
