Gene@2004	Mutation@rs10827565	Disease@MESH:D018358	0
Gene@2004	Mutation@rs10827565	Disease@MESH:D010195	0
Gene@2004	Mutation@rs10827565	Disease@MESH:D030342	0
Gene@2004	Mutation@rs10827565	Disease@MESH:C535838	0
Gene@2004	Mutation@rs10827565	Disease@MESH:D006349	0
Gene@2004	Mutation@rs10827565	Disease@MESH:D002276	0
Gene@2004	Mutation@rs10827565	Disease@MESH:D003967	0
Gene@2004	Mutation@rs10827565	Disease@MESH:D004067	0
Gene@2004	Mutation@rs10827565	Disease@MESH:D005483	0
Gene@2004	Mutation@rs10827565	Disease@MESH:D006938	0
Gene@2004	Mutation@rs10827565	Disease@MESH:D013964	0
Gene@2004	Mutation@rs10827565	Disease@MESH:D009369	0
Gene@2004	Mutation@rs10827565	Disease@MESH:D010673	0
Gene@2004	Mutation@rs10827565	Disease@MESH:D018813	0
Gene@2004	Mutation@rs10827565	Disease@MESH:D010282	0
Gene@2004	Mutation@rs10827565	Disease@MESH:D018761	0
Gene@2004	Mutation@rs10827565	Disease@MESH:D055752	0
Gene@2004	Mutation@rs10827565	Disease@MESH:C536013	0
Gene@2004	Mutation@rs10827565	Disease@MESH:D008175	0
Gene@2004	Mutation@rs10827565	Disease@MESH:D012030	0
Gene@2004	Mutation@rs2540513	Disease@MESH:D018358	1
Gene@2004	Mutation@rs2540513	Disease@MESH:C562842	1
