Gene@7015	Mutation@rs31490	Disease@MESH:D008175	0
Gene@7015	Mutation@rs31490	Disease@MESH:D009369	0
Gene@7015	Mutation@rs31490	Disease@MESH:D003643	0
Gene@7015	Mutation@rs31490	Disease@MESH:D000230	0
Gene@7015	Mutation@rs31490	Disease@MESH:D002294	0
Gene@7015	Mutation@rs31490	Disease@MESH:D001943	0
Gene@7015	Mutation@rs31490	Disease@MESH:D005910	0
Gene@7015	Mutation@rs31490	Disease@MESH:D011471	0
Gene@7015	Mutation@rs31490	Disease@MESH:D010190	0
Gene@7015	Mutation@rs31490	Disease@MESH:D029424	0
Gene@7015	Mutation@rs31490	Disease@MESH:D000077192	0
Gene@7015	Mutation@rs31490	Disease@MESH:D054198	0
Gene@7015	Mutation@rs31490	Disease@MESH:D001749	0
Gene@7015	Mutation@rs31490	Disease@MESH:D015179	0
Gene@7015	Mutation@rs31490	Disease@MESH:D001195	0
Gene@7015	Mutation@rs31490	Disease@MESH:D007249	0
Gene@7015	Mutation@rs31490	Disease@MESH:C562839	0
Gene@7015	Mutation@rs31490	Disease@MESH:D012140	0
Gene@7015	Mutation@rs31490	Disease@MESH:D000782	0
Gene@81037	Mutation@rs380286	Disease@MESH:D008175	1
Gene@81037	Mutation@rs380286	Disease@MESH:D009369	1
Gene@81037	Mutation@rs380286	Disease@MESH:D000230	1
Gene@81037	Mutation@rs380286	Disease@MESH:D000077192	1
Gene@8626	Mutation@rs4488809	Disease@MESH:D008175	1
Gene@8626	Mutation@rs4488809	Disease@MESH:D009369	1
Gene@8626	Mutation@rs4488809	Disease@MESH:D000230	1
Gene@8626	Mutation@rs4488809	Disease@MESH:D000077192	1
