Gene@6326	Mutation@rs13417783	Disease@MESH:D010523	0
Gene@6326	Mutation@rs13417783	Disease@MESH:D003924	0
Gene@6326	Mutation@rs13417783	Disease@MESH:D003920	0
Gene@6326	Mutation@rs13417783	Disease@MESH:D009422	0
Gene@6326	Mutation@rs13417783	Disease@MESH:D003643	0
Gene@6326	Mutation@rs13417783	Disease@MESH:D011115	0
Gene@6326	Mutation@rs13417783	Disease@MESH:D010146	0
Gene@6326	Mutation@rs13417783	Disease@MESH:D006987	0
Gene@6326	Mutation@rs13417783	Disease@MESH:D006943	0
Gene@6326	Mutation@rs13417783	Disease@MESH:D050171	0
Gene@6326	Mutation@rs13417783	Disease@MESH:D006973	0
Gene@6326	Mutation@rs13417783	Disease@MESH:D009765	0
Gene@6326	Mutation@rs13417783	Disease@MESH:D048909	0
Gene@6326	Mutation@rs13417783	Disease@MESH:D002318	0
Gene@6326	Mutation@rs13417783	Disease@MESH:D003324	0
Gene@6326	Mutation@rs13417783	Disease@MESH:D007333	0
Gene@6326	Mutation@rs13417783	Disease@MESH:C566527	0
Gene@6326	Mutation@rs13417783	Disease@MESH:D006949	0
Gene@6326	Mutation@rs13417783	Disease@MESH:D012164	0
Gene@6326	Mutation@rs13417783	Disease@MESH:D009203	0
Gene@129446	Mutation@rs13417783	Disease@MESH:D010523	1
Gene@129446	Mutation@rs13417783	Disease@MESH:D009422	1
Gene@129446	Mutation@rs13417783	Disease@MESH:D048909	1
Gene@129446	Mutation@rs13417783	Disease@MESH:D003929	1
Gene@4916	Mutation@rs11073752	Disease@MESH:D010523	1
Gene@4916	Mutation@rs11073752	Disease@MESH:D009422	1
Gene@4916	Mutation@rs11073752	Disease@MESH:D048909	1
Gene@4916	Mutation@rs11073752	Disease@MESH:D003929	1
