Gene@122042	Mutation@rs2085277	Disease@MESH:D003920	0
Gene@122042	Mutation@rs2085277	Disease@MESH:D048909	0
Gene@122042	Mutation@rs2085277	Disease@MESH:D007022	0
Gene@122042	Mutation@rs2085277	Disease@MESH:D044882	0
Gene@122042	Mutation@rs2085277	Disease@MESH:D006432	0
Gene@122042	Mutation@rs2085277	Disease@MESH:D006453	0
Gene@122042	Mutation@rs2085277	Disease@MESH:D003928	0
Gene@122042	Mutation@rs2085277	Disease@MESH:D007676	0
Gene@122042	Mutation@rs2085277	Disease@MESH:D003922	0
Gene@122042	Mutation@rs2085277	Disease@MESH:D012010	0
Gene@122042	Mutation@rs2085277	Disease@MESH:D012164	0
Gene@122042	Mutation@rs2085277	Disease@MESH:D009203	0
Gene@122042	Mutation@rs2085277	Disease@MESH:D020521	0
Gene@122042	Mutation@rs2085277	Disease@MESH:D016491	0
Gene@122042	Mutation@rs2085277	Disease@MESH:D010003	0
Gene@122042	Mutation@rs2085277	Disease@MESH:D004402	0
