Gene@675;672	Mutation@rs766173	Disease@MESH:D001943	0
Gene@675;672	Mutation@rs766173	Disease@MESH:D009369	0
Gene@675;672	Mutation@rs766173	Disease@MESH:D010051	0
Gene@675;672	Mutation@rs766173	Disease@MESH:D015179	0
Gene@675;672	Mutation@rs2126042	Disease@MESH:D001943	0
Gene@675;672	Mutation@rs2126042	Disease@MESH:D009369	0
Gene@675;672	Mutation@rs2126042	Disease@MESH:D010051	0
Gene@675;672	Mutation@rs2126042	Disease@MESH:D015179	0
Gene@675;672	Mutation@rs1011970	Disease@MESH:D001943	0
Gene@675;672	Mutation@rs1011970	Disease@MESH:D009369	0
Gene@675;672	Mutation@rs1011970	Disease@MESH:D010051	0
Gene@675;672	Mutation@rs1011970	Disease@MESH:D015179	0
Gene@675;672	Mutation@rs4784227	Disease@MESH:D001943	0
Gene@675;672	Mutation@rs4784227	Disease@MESH:D009369	0
Gene@675;672	Mutation@rs4784227	Disease@MESH:D010051	0
Gene@675;672	Mutation@rs4784227	Disease@MESH:D015179	0
Gene@675;672	Mutation@rs78545330	Disease@MESH:D001943	0
Gene@675;672	Mutation@rs78545330	Disease@MESH:D009369	0
Gene@675;672	Mutation@rs78545330	Disease@MESH:D010051	0
Gene@675;672	Mutation@rs78545330	Disease@MESH:D015179	0
Gene@27115	Mutation@rs11154838	Disease@MESH:D001943	1
Gene@27115	Mutation@rs11154838	Disease@MESH:D009369	1
Gene@100048912	Mutation@rs78545330	Disease@MESH:D001943	1
Gene@100048912	Mutation@rs78545330	Disease@MESH:D009369	1
Gene@80129	Mutation@rs9383936	Disease@MESH:D001943	1
Gene@80129	Mutation@rs9383936	Disease@MESH:D009369	1
Gene@2099	Mutation@rs9383936	Disease@MESH:D001943	1
Gene@2099	Mutation@rs9383936	Disease@MESH:D009369	1
Gene@27324	Mutation@rs4784227	Disease@MESH:D001943	1
Gene@27324	Mutation@rs4784227	Disease@MESH:D009369	1
Gene@6478	Mutation@rs60538652	Disease@MESH:D001943	1
Gene@6478	Mutation@rs60538652	Disease@MESH:D009369	1
Gene@2263	Mutation@rs2912774	Disease@MESH:D001943	1
Gene@2263	Mutation@rs2912774	Disease@MESH:D009369	1
Gene@100132594	Mutation@rs67129489	Disease@MESH:D001943	1
Gene@100132594	Mutation@rs67129489	Disease@MESH:D009369	1
Gene@59277	Mutation@rs67129489	Disease@MESH:D001943	1
Gene@59277	Mutation@rs67129489	Disease@MESH:D009369	1
Gene@10282	Mutation@rs10953105	Disease@MESH:D001943	1
Gene@10282	Mutation@rs10953105	Disease@MESH:D009369	1
Gene@10282	Mutation@rs2350923	Disease@MESH:D001943	1
Gene@10282	Mutation@rs2350923	Disease@MESH:D009369	1
Gene@25853	Mutation@rs10814070	Disease@MESH:D001943	1
Gene@25853	Mutation@rs10814070	Disease@MESH:D009369	1
Gene@1793	Mutation@rs9418690	Disease@MESH:D001943	1
Gene@1793	Mutation@rs9418690	Disease@MESH:D009369	1
Gene@3709	Mutation@rs4964006	Disease@MESH:D001943	1
Gene@3709	Mutation@rs4964006	Disease@MESH:D009369	1
Gene@201266	Mutation@rs4969001	Disease@MESH:D001943	1
Gene@201266	Mutation@rs4969001	Disease@MESH:D009369	1
