Gene@4790	Mutation@rs7903146	Disease@MESH:D003920	0
Gene@4790	Mutation@rs7903146	Disease@MESH:D003924	0
Gene@4790	Mutation@rs7903146	Disease@MESH:D007333	0
Gene@4790	Mutation@rs7903146	Disease@MESH:D005767	0
Gene@4790	Mutation@rs7903146	Disease@MESH:C563673	0
Gene@4790	Mutation@rs7903146	Disease@MESH:D010195	0
Gene@4790	Mutation@rs7903146	Disease@MESH:D044903	0
Gene@4790	Mutation@rs7903146	Disease@MESH:D006946	0
Gene@4790	Mutation@rs7903146	Disease@MESH:D052456	0
Gene@4790	Mutation@rs7903146	Disease@MESH:D007008	0
Gene@4790	Mutation@rs7903146	Disease@MESH:D004701	0
Gene@4790	Mutation@rs7903146	Disease@MESH:D006943	0
Gene@4790	Mutation@rs7903146	Disease@MESH:D006949	0
Gene@4790	Mutation@rs7903146	Disease@MESH:D009765	0
Gene@4790	Mutation@rs7903146	Disease@MESH:D015354	0
Gene@4790	Mutation@rs7903146	Disease@MESH:D015228	0
Gene@4790	Mutation@rs7903146	Disease@MESH:D003324	0
Gene@4790	Mutation@rs62107261	Disease@MESH:D003920	1
Gene@4790	Mutation@rs62107261	Disease@MESH:D003924	1
Gene@6934	Mutation@rs7903146	Disease@MESH:D003920	1
Gene@6934	Mutation@rs7903146	Disease@MESH:D003924	1
Gene@129787	Mutation@rs62107261	Disease@MESH:D003920	1
Gene@129787	Mutation@rs62107261	Disease@MESH:D003924	1
Gene@80790	Mutation@rs2925979	Disease@MESH:D003920	1
Gene@80790	Mutation@rs2925979	Disease@MESH:D003924	1
Gene@136259	Mutation@rs1562396	Disease@MESH:D003920	1
Gene@136259	Mutation@rs1562396	Disease@MESH:D003924	1
Gene@4296	Mutation@rs1783541	Disease@MESH:D003920	1
Gene@4296	Mutation@rs1783541	Disease@MESH:D003924	1
Gene@286	Mutation@rs4736819	Disease@MESH:D003920	1
Gene@286	Mutation@rs4736819	Disease@MESH:D003924	1
Gene@286	Mutation@rs13262861	Disease@MESH:D003920	1
Gene@286	Mutation@rs13262861	Disease@MESH:D003924	1
Gene@50674	Mutation@rs549498088	Disease@MESH:D003920	1
Gene@50674	Mutation@rs549498088	Disease@MESH:D003924	1
Gene@50674	Mutation@rs41277236	Disease@MESH:D003920	1
Gene@50674	Mutation@rs41277236	Disease@MESH:D003924	1
Gene@3767	Mutation@rs67254669	Disease@MESH:D003920	1
Gene@3767	Mutation@rs67254669	Disease@MESH:D003924	1
Gene@3767	Mutation@rs5213	Disease@MESH:D003920	1
Gene@3767	Mutation@rs5213	Disease@MESH:D003924	1
Gene@163259	Mutation@rs184660829	Disease@MESH:D003920	1
Gene@163259	Mutation@rs184660829	Disease@MESH:D003924	1
Gene@84643	Mutation@rs569511541	Disease@MESH:D003920	1
Gene@84643	Mutation@rs569511541	Disease@MESH:D003924	1
Gene@8872	Mutation@rs11257655	Disease@MESH:D003920	1
Gene@8872	Mutation@rs11257655	Disease@MESH:D003924	1
Gene@2786	Mutation@rs291367	Disease@MESH:D003920	1
Gene@2786	Mutation@rs291367	Disease@MESH:D003924	1
Gene@6480	Mutation@rs3887925	Disease@MESH:D003920	1
Gene@6480	Mutation@rs3887925	Disease@MESH:D003924	1
