Gene@3854	Mutation@rs182996728	Disease@MESH:D012030	0
Gene@3854	Mutation@rs182996728	Disease@MESH:D000740	0
Gene@3854	Mutation@rs182996728	Disease@MESH:D003920	0
Gene@3854	Mutation@rs182996728	Disease@MESH:D009369	0
Gene@3854	Mutation@rs182996728	Disease@MESH:D006973	0
Gene@3854	Mutation@rs182996728	Disease@MESH:D051436	0
Gene@3854	Mutation@rs182996728	Disease@MESH:D007676	0
Gene@3854	Mutation@rs182996728	Disease@MESH:D007022	0
Gene@3854	Mutation@rs182996728	Disease@MESH:D011471	0
Gene@3854	Mutation@rs182996728	Disease@MESH:D063806	0
Gene@3854	Mutation@rs182996728	Disease@MESH:D009765	0
Gene@3854	Mutation@rs182996728	Disease@MESH:D003141	0
Gene@3854	Mutation@rs11880992	Disease@MESH:D012030	0
Gene@3854	Mutation@rs11880992	Disease@MESH:D000740	0
Gene@3854	Mutation@rs11880992	Disease@MESH:D003920	0
Gene@3854	Mutation@rs11880992	Disease@MESH:D009369	0
Gene@3854	Mutation@rs11880992	Disease@MESH:D006973	0
Gene@3854	Mutation@rs11880992	Disease@MESH:D051436	0
Gene@3854	Mutation@rs11880992	Disease@MESH:D007676	0
Gene@3854	Mutation@rs11880992	Disease@MESH:D007022	0
