Gene@239436	Mutation@rs145181683	Disease@MESH:D003924	0
Gene@239436	Mutation@rs145181683	Disease@MESH:D003920	0
Gene@239436	Mutation@rs145181683	Disease@MESH:C564120	0
Gene@239436	Mutation@rs145181683	Disease@MESH:D009765	0
Gene@239436	Mutation@rs145181683	Disease@MESH:D058495	0
Gene@239436	Mutation@rs145181683	Disease@MESH:D015430	0
Gene@239436	Mutation@rs145181683	Disease@MESH:D007333	0
Gene@239436	Mutation@rs145181683	Disease@MESH:D018149	0
Gene@239436	Mutation@rs145181683	Disease@MESH:C537440	0
Gene@239436	Mutation@rs145181683	Disease@MESH:D002318	0
Gene@239436	Mutation@rs145181683	Disease@MESH:D054975	0
Gene@239436	Mutation@rs145181683	Disease@MESH:C000656865	0
Gene@239436	Mutation@rs145181683	Disease@MESH:D044903	0
Gene@239436	Mutation@rs145181683	Disease@MESH:D003928	0
Gene@239436	Mutation@rs145181683	Disease@MESH:D009203	0
Gene@239436	Mutation@rs145181683	Disease@MESH:D012559	0
Gene@239436	Mutation@rs145181683	Disease@MESH:D006973	0
Gene@239436	Mutation@rs145181683	Disease@MESH:D009369	0
Gene@239436	Mutation@rs145181683	Disease@MESH:D020326	0
