Gene@2752	Mutation@rs10811652	Disease@MESH:D003920	0
Gene@2752	Mutation@rs10811652	Disease@MESH:D003324	0
Gene@2752	Mutation@rs10811652	Disease@MESH:D003924	0
Gene@2752	Mutation@rs10811652	Disease@MESH:D003643	0
Gene@2752	Mutation@rs10811652	Disease@MESH:D000787	0
Gene@2752	Mutation@rs10811652	Disease@MESH:D009203	0
Gene@2752	Mutation@rs10811652	Disease@MESH:D002318	0
Gene@2752	Mutation@rs10811652	Disease@MESH:D050197	0
Gene@2752	Mutation@rs10811652	Disease@MESH:D000783	0
Gene@2752	Mutation@rs74617384	Disease@MESH:D003920	0
Gene@2752	Mutation@rs74617384	Disease@MESH:D003324	0
Gene@2752	Mutation@rs74617384	Disease@MESH:D003924	0
Gene@2752	Mutation@rs74617384	Disease@MESH:D003643	0
Gene@2752	Mutation@rs74617384	Disease@MESH:D000787	0
Gene@2752	Mutation@rs74617384	Disease@MESH:D009203	0
Gene@2752	Mutation@rs74617384	Disease@MESH:D002318	0
Gene@2752	Mutation@rs74617384	Disease@MESH:D050197	0
Gene@2752	Mutation@rs74617384	Disease@MESH:D000783	0
Gene@2752	Mutation@rs1801282	Disease@MESH:D003920	0
Gene@2752	Mutation@rs1801282	Disease@MESH:D003324	0
Gene@51198	Mutation@rs10811652	Disease@MESH:D003920	1
Gene@51198	Mutation@rs10811652	Disease@MESH:D003324	1
