Gene@55238	Mutation@rs28845026	Disease@MESH:D001943	0
Gene@55238	Mutation@rs28845026	Disease@MESH:D004941	0
Gene@55238	Mutation@rs28845026	Disease@MESH:D010051	0
Gene@55238	Mutation@rs28845026	Disease@MESH:D009369	0
Gene@55238	Mutation@rs28845026	Disease@MESH:D005184	0
Gene@55238	Mutation@rs28845026	Disease@MESH:C535460	0
Gene@55238	Mutation@rs28845026	Disease@MESH:D008569	0
Gene@55238	Mutation@rs28845026	Disease@MESH:D004194	0
Gene@55238	Mutation@rs28845026	Disease@MESH:D009765	0
Gene@55238	Mutation@rs28845026	Disease@MESH:D002318	0
Gene@55238	Mutation@rs11648166	Disease@MESH:D001943	1
Gene@55238	Mutation@rs11648166	Disease@MESH:D004941	0
Gene@55238	Mutation@rs11648166	Disease@MESH:D010051	0
Gene@55238	Mutation@rs11648166	Disease@MESH:D009369	1
Gene@55238	Mutation@rs11648166	Disease@MESH:D005184	0
Gene@55238	Mutation@rs11648166	Disease@MESH:C535460	0
Gene@55238	Mutation@rs11648166	Disease@MESH:D008569	0
Gene@55238	Mutation@rs11648166	Disease@MESH:D004194	0
Gene@55238	Mutation@rs16960359	Disease@MESH:D001943	1
Gene@55238	Mutation@rs16960359	Disease@MESH:D009369	1
Gene@55238	Mutation@rs12149056	Disease@MESH:D001943	1
Gene@55238	Mutation@rs12149056	Disease@MESH:D009369	1
Gene@55238	Mutation@rs3784911	Disease@MESH:D001943	1
Gene@55238	Mutation@rs3784911	Disease@MESH:D009369	1
Gene@55238	Mutation@rs60979655	Disease@MESH:D001943	1
Gene@55238	Mutation@rs60979655	Disease@MESH:D009369	1
Gene@55238	Mutation@rs76733922	Disease@MESH:D001943	1
Gene@55238	Mutation@rs76733922	Disease@MESH:D009369	1
