Gene@84083	Mutation@rs35198068	Disease@MESH:D003920	0
Gene@84083	Mutation@rs35198068	Disease@MESH:D010195	0
Gene@84083	Mutation@rs35198068	Disease@MESH:D009422	0
Gene@84083	Mutation@rs35198068	Disease@MESH:D003924	0
Gene@84083	Mutation@rs35198068	Disease@MESH:D012497	0
Gene@84083	Mutation@rs35198068	Disease@MESH:D030321	0
Gene@84083	Mutation@rs35198068	Disease@MESH:D016640	0
Gene@84083	Mutation@rs35198068	Disease@MESH:D050197	0
Gene@84083	Mutation@rs35198068	Disease@MESH:D020936	0
Gene@84083	Mutation@rs35198068	Disease@MESH:D004827	0
Gene@84083	Mutation@rs35198068	Disease@MESH:D064420	0
Gene@84083	Mutation@rs35198068	Disease@MESH:D007333	0
Gene@84083	Mutation@rs35198068	Disease@MESH:D008659	0
Gene@84083	Mutation@rs35198068	Disease@MESH:D044882	0
Gene@84083	Mutation@rs35198068	Disease@MESH:D018149	0
Gene@84083	Mutation@rs35198068	Disease@MESH:D010190	0
Gene@84083	Mutation@rs35198068	Disease@MESH:D011141	0
Gene@84083	Mutation@rs35198068	Disease@MESH:D015431	0
Gene@84083	Mutation@rs1465146591	Disease@MESH:D003920	1
Gene@84083	Mutation@rs1465146591	Disease@MESH:D003924	1
Gene@6934	Mutation@rs386418874	Disease@MESH:D003920	1
Gene@6934	Mutation@rs386418874	Disease@MESH:D003924	1
Gene@3786	Mutation@rs111248619	Disease@MESH:D003920	1
Gene@3786	Mutation@rs111248619	Disease@MESH:D003924	1
