Gene@1635	Mutation@rs2072671	Disease@MESH:D010190	0
Gene@1635	Mutation@rs2072671	Disease@MESH:D009503	0
Gene@1635	Mutation@rs2072671	Disease@MESH:D064420	0
Gene@1635	Mutation@rs2072671	Disease@MESH:D003643	0
Gene@1635	Mutation@rs2072671	Disease@MESH:D009369	0
Gene@1635	Mutation@rs2072671	Disease@MESH:D001855	0
Gene@1635	Mutation@rs2072671	Disease@MESH:D006973	0
Gene@1635	Mutation@rs2072671	Disease@MESH:D011507	0
Gene@1635	Mutation@rs2072671	Disease@MESH:D013927	0
Gene@1635	Mutation@rs2072671	Disease@MESH:D007938	0
Gene@1635	Mutation@rs2072671	Disease@MESH:D006402	0
Gene@1635	Mutation@rs2072671	Disease@MESH:D008175	0
Gene@1635	Mutation@rs2072671	Disease@MESH:C536227	0
Gene@1635	Mutation@rs2072671	Disease@MESH:C000656865	0
Gene@1635	Mutation@rs3825876	Disease@MESH:D010190	0
Gene@1635	Mutation@rs3825876	Disease@MESH:D009503	0
Gene@1635	Mutation@rs3825876	Disease@MESH:D064420	0
Gene@1635	Mutation@rs3825876	Disease@MESH:D003643	0
Gene@1635	Mutation@rs3825876	Disease@MESH:D009369	0
Gene@1635	Mutation@rs3825876	Disease@MESH:D001855	0
Gene@7042	Mutation@rs2799083	Disease@MESH:D010190	1
