Gene@4782	Mutation@rs2254613	Disease@MESH:D003920	0
Gene@4782	Mutation@rs2254613	Disease@MESH:D006973	0
Gene@4782	Mutation@rs2254613	Disease@MESH:D009765	0
Gene@4782	Mutation@rs2254613	Disease@MESH:D003924	0
Gene@4782	Mutation@rs2254613	Disease@MESH:D007249	0
Gene@4782	Mutation@rs2254613	Disease@MESH:D050197	0
Gene@4782	Mutation@rs2254613	Disease@MESH:D001321	0
Gene@4782	Mutation@rs2254613	Disease@MESH:D019966	0
Gene@4782	Mutation@rs2254613	Disease@MESH:D001249	0
Gene@4782	Mutation@rs2254613	Disease@MESH:D008659	0
Gene@4782	Mutation@rs2254613	Disease@MESH:D006327	0
Gene@4782	Mutation@rs2254613	Disease@MESH:D003643	0
Gene@4782	Mutation@rs2254613	Disease@MESH:D002318	0
Gene@4782	Mutation@rs16951883	Disease@MESH:D003920	0
Gene@4782	Mutation@rs16951883	Disease@MESH:D006973	0
Gene@4782	Mutation@rs16951883	Disease@MESH:D009765	0
Gene@4782	Mutation@rs16951883	Disease@MESH:D003924	0
Gene@4782	Mutation@rs16951883	Disease@MESH:D007249	0
Gene@4782	Mutation@rs16951883	Disease@MESH:D050197	0
Gene@4782	Mutation@rs16951883	Disease@MESH:D001321	0
Gene@79068	Mutation@rs7193144	Disease@MESH:D003920	1
Gene@79068	Mutation@rs7193144	Disease@MESH:D003924	1
Gene@79068	Mutation@rs8050136	Disease@MESH:D003920	1
Gene@79068	Mutation@rs8050136	Disease@MESH:D003924	1
Gene@490	Mutation@rs7136259	Disease@MESH:D006973	1
Gene@490	Mutation@rs17249754	Disease@MESH:D006973	1
Gene@89866	Mutation@rs527248	Disease@MESH:D003920	1
Gene@89866	Mutation@rs527248	Disease@MESH:D003924	1
Gene@54541	Mutation@rs11000212	Disease@MESH:D003920	1
Gene@54541	Mutation@rs11000212	Disease@MESH:D003924	1
