Gene@4544	Mutation@rs10830963	Disease@MESH:D003920	1
Gene@4544	Mutation@rs10830963	Disease@MESH:D007333	0
Gene@4544	Mutation@rs10830963	Disease@MESH:D003924	1
Gene@4544	Mutation@rs10830963	Disease@MESH:D007340	0
Gene@4544	Mutation@rs10830963	Disease@MESH:D050197	0
Gene@4544	Mutation@rs10830963	Disease@MESH:D009765	0
Gene@4544	Mutation@rs10830963	Disease@MESH:C567520	0
Gene@4544	Mutation@rs10830963	Disease@MESH:D007676	0
Gene@4544	Mutation@rs10830963	Disease@MESH:D003324	0
Gene@4544	Mutation@rs10830963	Disease@MESH:D008577	0
Gene@4544	Mutation@rs10830963	Disease@MESH:D007003	0
Gene@4544	Mutation@rs10830963	Disease@MESH:D003928	0
Gene@4544	Mutation@rs17197883	Disease@MESH:D003920	1
Gene@4544	Mutation@rs17197883	Disease@MESH:D007333	0
Gene@4544	Mutation@rs17197883	Disease@MESH:D003924	1
Gene@4544	Mutation@rs17197883	Disease@MESH:D007340	0
Gene@4544	Mutation@rs17197883	Disease@MESH:D050197	0
Gene@4544	Mutation@rs17197883	Disease@MESH:D009765	0
Gene@4544	Mutation@rs17197883	Disease@MESH:C567520	0
Gene@4544	Mutation@rs7903146	Disease@MESH:D003920	1
Gene@4544	Mutation@rs7903146	Disease@MESH:D003924	1
Gene@4544	Mutation@rs10412272	Disease@MESH:D003920	1
Gene@4544	Mutation@rs10412272	Disease@MESH:D003924	1
Gene@4544	Mutation@rs1807685	Disease@MESH:D003920	1
Gene@4544	Mutation@rs1807685	Disease@MESH:D003924	1
Gene@4544	Mutation@rs115597883	Disease@MESH:D003920	1
Gene@4544	Mutation@rs115597883	Disease@MESH:D003924	1
Gene@4544	Mutation@rs4739079	Disease@MESH:D003920	1
Gene@4544	Mutation@rs4739079	Disease@MESH:D003924	1
Gene@4544	Mutation@rs16870669	Disease@MESH:D003920	1
Gene@4544	Mutation@rs16870669	Disease@MESH:D003924	1
Gene@4544	Mutation@rs4818032	Disease@MESH:D003920	1
Gene@4544	Mutation@rs4818032	Disease@MESH:D003924	1
Gene@4544	Mutation@rs16846841	Disease@MESH:D003920	1
Gene@4544	Mutation@rs16846841	Disease@MESH:D003924	1
Gene@4544	Mutation@rs6043626	Disease@MESH:D003920	1
Gene@4544	Mutation@rs6043626	Disease@MESH:D003924	1
Gene@4544	Mutation@rs1369455	Disease@MESH:D003920	1
Gene@4544	Mutation@rs1369455	Disease@MESH:D003924	1
Gene@4544	Mutation@rs2836995	Disease@MESH:D003920	1
Gene@4544	Mutation@rs2836995	Disease@MESH:D003924	1
Gene@4544	Mutation@rs2291268	Disease@MESH:D003920	1
Gene@4544	Mutation@rs2291268	Disease@MESH:D003924	1
Gene@4544	Mutation@rs7228666	Disease@MESH:D003920	1
Gene@4544	Mutation@rs7228666	Disease@MESH:D003924	1
Gene@4544	Mutation@rs58538128	Disease@MESH:D003920	1
Gene@4544	Mutation@rs58538128	Disease@MESH:D003924	1
Gene@4544	Mutation@rs9842579	Disease@MESH:D003920	1
Gene@4544	Mutation@rs9842579	Disease@MESH:D003924	1
Gene@4544	Mutation@rs2924879	Disease@MESH:D003920	1
Gene@4544	Mutation@rs2924879	Disease@MESH:D003924	1
Gene@4544	Mutation@rs116472028	Disease@MESH:D003920	1
Gene@4544	Mutation@rs116472028	Disease@MESH:D003924	1
Gene@80790	Mutation@rs10830963	Disease@MESH:D003920	1
Gene@80790	Mutation@rs10830963	Disease@MESH:D003924	1
Gene@80790	Mutation@rs17197883	Disease@MESH:D003920	1
Gene@80790	Mutation@rs17197883	Disease@MESH:D003924	1
Gene@6934	Mutation@rs10830963	Disease@MESH:D003920	1
Gene@6934	Mutation@rs10830963	Disease@MESH:D003924	1
Gene@6934	Mutation@rs7903146	Disease@MESH:D003920	1
Gene@6934	Mutation@rs7903146	Disease@MESH:D003924	1
Gene@7485	Mutation@rs10830963	Disease@MESH:D003920	1
Gene@7485	Mutation@rs10830963	Disease@MESH:D003924	1
Gene@7485	Mutation@rs4818032	Disease@MESH:D003920	1
Gene@7485	Mutation@rs4818032	Disease@MESH:D003924	1
Gene@7485	Mutation@rs2836995	Disease@MESH:D003920	1
Gene@7485	Mutation@rs2836995	Disease@MESH:D003924	1
Gene@130951	Mutation@rs10830963	Disease@MESH:D003920	1
Gene@130951	Mutation@rs10830963	Disease@MESH:D003924	1
Gene@130951	Mutation@rs116472028	Disease@MESH:D003920	1
Gene@130951	Mutation@rs116472028	Disease@MESH:D003924	1
Gene@64478	Mutation@rs10830963	Disease@MESH:D003920	1
Gene@64478	Mutation@rs10830963	Disease@MESH:D003924	1
Gene@64478	Mutation@rs2924879	Disease@MESH:D003920	1
Gene@64478	Mutation@rs2924879	Disease@MESH:D003924	1
Gene@140733	Mutation@rs10830963	Disease@MESH:D003920	1
Gene@140733	Mutation@rs10830963	Disease@MESH:D003924	1
Gene@140733	Mutation@rs6043626	Disease@MESH:D003920	1
Gene@140733	Mutation@rs6043626	Disease@MESH:D003924	1
Gene@253943	Mutation@rs10830963	Disease@MESH:D003920	1
Gene@253943	Mutation@rs10830963	Disease@MESH:D003924	1
Gene@253943	Mutation@rs4739079	Disease@MESH:D003920	1
Gene@253943	Mutation@rs4739079	Disease@MESH:D003924	1
Gene@253943	Mutation@rs1369455	Disease@MESH:D003920	1
Gene@253943	Mutation@rs1369455	Disease@MESH:D003924	1
Gene@254827	Mutation@rs10830963	Disease@MESH:D003920	1
Gene@254827	Mutation@rs10830963	Disease@MESH:D003924	1
Gene@254827	Mutation@rs9842579	Disease@MESH:D003920	1
Gene@254827	Mutation@rs9842579	Disease@MESH:D003924	1
Gene@1415	Mutation@rs10830963	Disease@MESH:D003920	1
Gene@1415	Mutation@rs10830963	Disease@MESH:D003924	1
Gene@1415	Mutation@rs1807685	Disease@MESH:D003920	1
Gene@1415	Mutation@rs1807685	Disease@MESH:D003924	1
Gene@80704	Mutation@rs10830963	Disease@MESH:D003920	1
Gene@80704	Mutation@rs10830963	Disease@MESH:D003924	1
Gene@80704	Mutation@rs115597883	Disease@MESH:D003920	1
Gene@80704	Mutation@rs115597883	Disease@MESH:D003924	1
Gene@4327	Mutation@rs10830963	Disease@MESH:D003920	1
Gene@4327	Mutation@rs10830963	Disease@MESH:D003924	1
Gene@4327	Mutation@rs2291268	Disease@MESH:D003920	1
Gene@4327	Mutation@rs2291268	Disease@MESH:D003924	1
Gene@2214	Mutation@rs10830963	Disease@MESH:D003920	1
Gene@2214	Mutation@rs10830963	Disease@MESH:D003924	1
Gene@2214	Mutation@rs58538128	Disease@MESH:D003920	1
Gene@2214	Mutation@rs58538128	Disease@MESH:D003924	1
Gene@57520	Mutation@rs10830963	Disease@MESH:D003920	1
Gene@57520	Mutation@rs10830963	Disease@MESH:D003924	1
Gene@57520	Mutation@rs16846841	Disease@MESH:D003920	1
Gene@57520	Mutation@rs16846841	Disease@MESH:D003924	1
Gene@10650	Mutation@rs10830963	Disease@MESH:D003920	1
Gene@10650	Mutation@rs10830963	Disease@MESH:D003924	1
Gene@10650	Mutation@rs7228666	Disease@MESH:D003920	1
Gene@10650	Mutation@rs7228666	Disease@MESH:D003924	1
Gene@57663	Mutation@rs10830963	Disease@MESH:D003920	1
Gene@57663	Mutation@rs10830963	Disease@MESH:D003924	1
Gene@57663	Mutation@rs10412272	Disease@MESH:D003920	1
Gene@57663	Mutation@rs10412272	Disease@MESH:D003924	1
Gene@9699	Mutation@rs10830963	Disease@MESH:D003920	1
Gene@9699	Mutation@rs10830963	Disease@MESH:D003924	1
Gene@9699	Mutation@rs16870669	Disease@MESH:D003920	1
Gene@9699	Mutation@rs16870669	Disease@MESH:D003924	1
