Gene@7040	Mutation@rs334	Disease@MESH:D000419	0
Gene@7040	Mutation@rs334	Disease@MESH:D003920	0
Gene@7040	Mutation@rs334	Disease@MESH:D007674	0
Gene@7040	Mutation@rs334	Disease@MESH:D006949	0
Gene@7040	Mutation@rs334	Disease@MESH:D006973	0
Gene@7040	Mutation@rs334	Disease@MESH:D011507	0
Gene@7040	Mutation@rs334	Disease@MESH:D006073	0
Gene@7040	Mutation@rs334	Disease@MESH:D002318	0
Gene@7040	Mutation@rs334	Disease@MESH:D007676	0
Gene@7040	Mutation@rs334	Disease@MESH:D003928	0
Gene@7040	Mutation@rs334	Disease@MESH:D051436	0
Gene@7040	Mutation@rs334	Disease@MESH:D003924	0
Gene@7040	Mutation@rs334	Disease@MESH:D003922	0
Gene@7040	Mutation@rs334	Disease@MESH:D009394	0
Gene@7040	Mutation@rs334	Disease@MESH:D005921	0
Gene@7040	Mutation@rs334	Disease@MESH:D007333	0
Gene@7040	Mutation@rs334	Disease@MESH:D020964	0
Gene@7040	Mutation@rs334	Disease@MESH:D064420	0
Gene@7040	Mutation@rs334	Disease@MESH:D005642	0
Gene@5584	Mutation@rs112607182	Disease@MESH:D000419	1
Gene@5584	Mutation@rs112607182	Disease@MESH:D011507	1
Gene@220323	Mutation@rs12790943	Disease@MESH:D000419	1
Gene@220323	Mutation@rs12790943	Disease@MESH:D011507	1
Gene@220323	Mutation@rs508205	Disease@MESH:D000419	1
Gene@220323	Mutation@rs508205	Disease@MESH:D011507	1
Gene@8029	Mutation@rs45551835	Disease@MESH:D000419	1
Gene@8029	Mutation@rs45551835	Disease@MESH:D011507	1
Gene@3043	Mutation@rs334	Disease@MESH:D000419	1
Gene@3043	Mutation@rs334	Disease@MESH:D011507	1
Gene@11100	Mutation@rs15052	Disease@MESH:D000419	1
Gene@11100	Mutation@rs15052	Disease@MESH:D011507	1
Gene@6925	Mutation@rs11659764	Disease@MESH:D000419	1
Gene@6925	Mutation@rs11659764	Disease@MESH:D011507	1
Gene@10291	Mutation@rs11912350	Disease@MESH:D000419	1
Gene@10291	Mutation@rs11912350	Disease@MESH:D011507	1
