Gene@10903	Mutation@rs147451859	Disease@MESH:D001943	0
Gene@10903	Mutation@rs147451859	Disease@MESH:D009369	0
Gene@10903	Mutation@rs147451859	Disease@MESH:D061325	0
Gene@10903	Mutation@rs147451859	Disease@MESH:D000568	0
Gene@10903	Mutation@rs147451859	Disease@MESH:D016649	0
Gene@10903	Mutation@rs147451859	Disease@MESH:D014987	0
Gene@10903	Mutation@rs147451859	Disease@MESH:D010049	0
Gene@10903	Mutation@rs147451859	Disease@MESH:D007247	0
Gene@10903	Mutation@rs147451859	Disease@MESH:D030342	0
Gene@10903	Mutation@rs147451859	Disease@MESH:D009325	0
Gene@10903	Mutation@rs147451859	Disease@MESH:D007970	0
Gene@10903	Mutation@rs147451859	Disease@MESH:D009503	0
Gene@10903	Mutation@rs147451859	Disease@MESH:D004342	0
Gene@10903	Mutation@rs147451859	Disease@MESH:D064420	0
Gene@10903	Mutation@rs147451859	Disease@MESH:D024821	0
Gene@10903	Mutation@rs147451859	Disease@MESH:D007246	0
Gene@10903	Mutation@rs147451859	Disease@MESH:D006527	0
Gene@10903	Mutation@rs147451859	Disease@MESH:D007027	0
Gene@10903	Mutation@rs147451859	Disease@MESH:D009765	0
Gene@60490	Mutation@rs147451859	Disease@MESH:D001943	1
Gene@60490	Mutation@rs147451859	Disease@MESH:D009369	1
Gene@60490	Mutation@rs147451859	Disease@MESH:D061325	1
Gene@84269	Mutation@rs17587029	Disease@MESH:D001943	1
Gene@84269	Mutation@rs17587029	Disease@MESH:D009369	1
Gene@84269	Mutation@rs17587029	Disease@MESH:D061325	1
Gene@83857	Mutation@rs78264913	Disease@MESH:D001943	1
Gene@83857	Mutation@rs78264913	Disease@MESH:D009369	1
Gene@83857	Mutation@rs78264913	Disease@MESH:D061325	1
Gene@114	Mutation@rs1119997	Disease@MESH:D001943	1
Gene@114	Mutation@rs1119997	Disease@MESH:D009369	1
Gene@114	Mutation@rs1119997	Disease@MESH:D061325	1
