Gene@124359	Mutation@rs200626206	Disease@MESH:D011471	0
Gene@124359	Mutation@rs200626206	Disease@MESH:D009369	0
Gene@124359	Mutation@rs200626206	Disease@MESH:D003643	0
Gene@124359	Mutation@rs200626206	Disease@MESH:D015179	0
Gene@124359	Mutation@rs200626206	Disease@MESH:D001943	0
Gene@124359	Mutation@rs200626206	Disease@MESH:D016889	0
Gene@124359	Mutation@rs200626206	Disease@MESH:D030342	0
Gene@124359	Mutation@rs200626206	Disease@MESH:D001749	0
Gene@124359	Mutation@rs200626206	Disease@MESH:D010049	0
Gene@124359	Mutation@rs200626206	Disease@MESH:D013964	0
Gene@124359	Mutation@rs200626206	Disease@MESH:D002277	0
Gene@124359	Mutation@rs200626206	Disease@MESH:D014376	0
Gene@124359	Mutation@rs200626206	Disease@MESH:D063646	0
Gene@124359	Mutation@rs200626206	Disease@MESH:C535750	0
Gene@124359	Mutation@rs200626206	Disease@MESH:D017827	0
Gene@124359	Mutation@rs200626206	Disease@MESH:D008175	0
Gene@124359	Mutation@rs200626206	Disease@MESH:D006323	0
Gene@124359	Mutation@rs181756759	Disease@MESH:D011471	0
Gene@124359	Mutation@rs181756759	Disease@MESH:D009369	0
Gene@124359	Mutation@rs181756759	Disease@MESH:D003643	0
Gene@2852	Mutation@rs11544331	Disease@MESH:D011471	1
Gene@2852	Mutation@rs11544331	Disease@MESH:D002277	1
