Gene@3630	Mutation@rs7903146	Disease@MESH:D012559	0
Gene@3630	Mutation@rs7903146	Disease@MESH:D003920	0
Gene@3630	Mutation@rs7903146	Disease@MESH:D003924	0
Gene@3630	Mutation@rs7903146	Disease@MESH:D015430	0
Gene@3630	Mutation@rs7903146	Disease@MESH:D008607	0
Gene@3630	Mutation@rs7903146	Disease@MESH:D044882	0
Gene@3630	Mutation@rs7903146	Disease@MESH:D010195	0
Gene@3630	Mutation@rs7903146	Disease@MESH:D001523	0
Gene@3630	Mutation@rs7903146	Disease@MESH:D009190	0
Gene@3630	Mutation@rs7903146	Disease@MESH:D010003	0
Gene@3630	Mutation@rs7903146	Disease@MESH:D001260	0
Gene@3630	Mutation@rs7903146	Disease@MESH:D007918	0
Gene@3630	Mutation@rs7903146	Disease@MESH:D011605	0
Gene@3630	Mutation@rs7903146	Disease@MESH:D009103	0
Gene@3630	Mutation@rs7903146	Disease@MESH:D000275	0
Gene@3630	Mutation@rs7903146	Disease@MESH:D028361	0
Gene@3630	Mutation@rs7903146	Disease@MESH:D009765	0
Gene@135138	Mutation@c.163319442G>A	Disease@MESH:D012559	1
Gene@135138	Mutation@c.163319442G>A	Disease@MESH:D003920	1
Gene@135138	Mutation@c.163319442G>A	Disease@MESH:D003924	1
Gene@135138	Mutation@c.163319442G>A	Disease@MESH:D008607	1
Gene@135138	Mutation@c.163319442G>A	Disease@MESH:D001523	1
Gene@135138	Mutation@c.163319442G>A	Disease@MESH:D011605	1
Gene@26121	Mutation@rs1449245	Disease@MESH:D012559	1
Gene@26121	Mutation@rs1449245	Disease@MESH:D003920	1
Gene@26121	Mutation@rs1449245	Disease@MESH:D003924	1
Gene@26121	Mutation@rs1449245	Disease@MESH:D008607	1
Gene@26121	Mutation@rs1449245	Disease@MESH:D001523	1
Gene@26121	Mutation@rs1449245	Disease@MESH:D011605	1
Gene@6934	Mutation@rs7903146	Disease@MESH:D012559	1
Gene@6934	Mutation@rs7903146	Disease@MESH:D003920	1
Gene@6934	Mutation@rs7903146	Disease@MESH:D003924	1
Gene@6934	Mutation@rs7903146	Disease@MESH:D008607	1
Gene@6934	Mutation@rs7903146	Disease@MESH:D001523	1
Gene@6934	Mutation@rs7903146	Disease@MESH:D011605	1
Gene@658	Mutation@rs17616243	Disease@MESH:D012559	1
Gene@658	Mutation@rs17616243	Disease@MESH:D008607	1
Gene@658	Mutation@rs17616243	Disease@MESH:D001523	1
Gene@658	Mutation@rs17616243	Disease@MESH:D011605	1
Gene@5046	Mutation@rs6598475	Disease@MESH:D003920	1
Gene@5046	Mutation@rs6598475	Disease@MESH:D003924	1
