Gene@57118	Mutation@rs7903146	Disease@MESH:D003920	0
Gene@57118	Mutation@rs7903146	Disease@MESH:D003924	0
Gene@57118	Mutation@rs7903146	Disease@MESH:D000309	0
Gene@57118	Mutation@rs7903146	Disease@MESH:D007333	0
Gene@57118	Mutation@rs7903146	Disease@MESH:C537089	0
Gene@57118	Mutation@rs7903146	Disease@MESH:D010195	0
Gene@57118	Mutation@rs7903146	Disease@MESH:C000656865	0
Gene@57118	Mutation@rs7903146	Disease@MESH:D020820	0
Gene@57118	Mutation@rs7903146	Disease@MESH:D001172	0
Gene@57118	Mutation@rs7903146	Disease@MESH:D003928	0
Gene@57118	Mutation@rs7903146	Disease@MESH:D002561	0
Gene@57118	Mutation@rs7903146	Disease@MESH:D012640	0
Gene@57118	Mutation@rs7903146	Disease@MESH:D003922	0
Gene@57118	Mutation@rs7903146	Disease@MESH:D050171	0
Gene@57118	Mutation@rs7903146	Disease@MESH:D009765	0
Gene@57118	Mutation@rs7903146	Disease@MESH:C536439	0
Gene@57118	Mutation@rs7903146	Disease@MESH:D001523	0
Gene@57118	Mutation@rs7903146	Disease@MESH:D003324	0
Gene@57118	Mutation@rs7903146	Disease@MESH:C535838	0
Gene@57118	Mutation@rs1758632	Disease@MESH:D003920	0
Gene@6934	Mutation@rs7903146	Disease@MESH:D003920	1
Gene@6934	Mutation@rs7903146	Disease@MESH:D003924	1
Gene@6934	Mutation@rs117229942	Disease@MESH:D003920	1
Gene@6934	Mutation@rs117229942	Disease@MESH:D003924	1
Gene@5745	Mutation@rs11926707	Disease@MESH:D003920	1
Gene@5745	Mutation@rs11926707	Disease@MESH:D003924	1
Gene@4154	Mutation@rs4472028	Disease@MESH:D003920	1
Gene@4154	Mutation@rs4472028	Disease@MESH:D003924	1
Gene@133308	Mutation@rs7674212	Disease@MESH:D003920	1
Gene@133308	Mutation@rs7674212	Disease@MESH:D003924	1
Gene@383	Mutation@rs2246012	Disease@MESH:D003920	1
Gene@383	Mutation@rs2246012	Disease@MESH:D003924	1
Gene@9439	Mutation@rs2246012	Disease@MESH:D003920	1
Gene@9439	Mutation@rs2246012	Disease@MESH:D003924	1
Gene@83992	Mutation@rs13239186	Disease@MESH:D003920	1
Gene@83992	Mutation@rs13239186	Disease@MESH:D003924	1
Gene@818	Mutation@rs2633310	Disease@MESH:D003920	1
Gene@818	Mutation@rs2633310	Disease@MESH:D003924	1
Gene@57794	Mutation@rs10401969	Disease@MESH:D003920	1
Gene@57794	Mutation@rs10401969	Disease@MESH:D003924	1
Gene@8894	Mutation@rs6059662	Disease@MESH:D003920	1
Gene@8894	Mutation@rs6059662	Disease@MESH:D003924	1
Gene@7021	Mutation@rs72892910	Disease@MESH:D003920	1
Gene@7021	Mutation@rs72892910	Disease@MESH:D003924	1
Gene@56172	Mutation@rs146886108	Disease@MESH:D003920	1
Gene@56172	Mutation@rs146886108	Disease@MESH:D003924	1
Gene@56172	Mutation@rs1061813	Disease@MESH:D003920	1
Gene@56172	Mutation@rs1061813	Disease@MESH:D003924	1
Gene@23177	Mutation@rs10097617	Disease@MESH:D003920	1
Gene@23177	Mutation@rs10097617	Disease@MESH:D003924	1
Gene@3119	Mutation@rs1063355	Disease@MESH:D003920	1
Gene@3119	Mutation@rs1063355	Disease@MESH:D003924	1
Gene@8872	Mutation@rs11257655	Disease@MESH:D003920	1
Gene@8872	Mutation@rs11257655	Disease@MESH:D003924	1
Gene@1154	Mutation@rs11107116	Disease@MESH:D003920	1
Gene@1154	Mutation@rs11107116	Disease@MESH:D003924	1
Gene@4160	Mutation@rs12945601	Disease@MESH:D003920	1
Gene@4160	Mutation@rs12945601	Disease@MESH:D003924	1
