Gene@6934	Mutation@rs17746147	Disease@MESH:D003920	1
Gene@6934	Mutation@rs17746147	Disease@MESH:D003924	1
Gene@6934	Mutation@rs17746147	Disease@MESH:D030321	0
Gene@6934	Mutation@rs17746147	Disease@MESH:C585640	0
Gene@6934	Mutation@rs17746147	Disease@MESH:D007674	0
Gene@6934	Mutation@rs17746147	Disease@MESH:D002908	0
Gene@6934	Mutation@rs17746147	Disease@MESH:D018149	0
Gene@6934	Mutation@rs17746147	Disease@MESH:D003922	0
Gene@6934	Mutation@rs17746147	Disease@MESH:D007333	0
Gene@6934	Mutation@rs7903146	Disease@MESH:D003920	1
Gene@6934	Mutation@rs7903146	Disease@MESH:D003924	1
Gene@6934	Mutation@rs7903146	Disease@MESH:D030321	0
Gene@6934	Mutation@rs7903146	Disease@MESH:C585640	0
Gene@6934	Mutation@rs7903146	Disease@MESH:D007674	0
Gene@6934	Mutation@rs7903146	Disease@MESH:D002908	0
Gene@6934	Mutation@rs7903146	Disease@MESH:D018149	0
Gene@392636	Mutation@rs73284431	Disease@MESH:D003920	1
Gene@392636	Mutation@rs73284431	Disease@MESH:D003924	1
Gene@723961	Mutation@rs12277475	Disease@MESH:D003920	1
Gene@723961	Mutation@rs12277475	Disease@MESH:D003924	1
