Gene@5209	Mutation@rs61839660	Disease@MESH:D003922	0
Gene@5209	Mutation@rs61839660	Disease@MESH:D003920	0
Gene@5209	Mutation@rs61839660	Disease@MESH:D003924	0
Gene@5209	Mutation@rs61839660	Disease@MESH:D007249	0
Gene@5209	Mutation@rs61839660	Disease@MESH:D001327	0
Gene@5209	Mutation@rs61839660	Disease@MESH:D001172	0
Gene@5209	Mutation@rs61839660	Disease@MESH:D018149	0
Gene@5209	Mutation@rs61839660	Disease@MESH:D058495	0
Gene@5209	Mutation@rs61839660	Disease@MESH:D008569	0
Gene@5209	Mutation@rs10795791	Disease@MESH:D003922	0
Gene@5209	Mutation@rs10795791	Disease@MESH:D003920	0
Gene@5209	Mutation@rs10795791	Disease@MESH:D003924	0
Gene@5209	Mutation@rs10795791	Disease@MESH:D007249	0
Gene@5209	Mutation@rs10795791	Disease@MESH:D001327	0
Gene@5209	Mutation@rs10795791	Disease@MESH:D001172	0
Gene@5209	Mutation@rs10795791	Disease@MESH:D018149	0
Gene@5209	Mutation@rs10795791	Disease@MESH:D058495	0
Gene@5209	Mutation@rs10795791	Disease@MESH:D008569	0
Gene@5209	Mutation@rs1983890	Disease@MESH:D003922	1
Gene@26191	Mutation@rs2476601	Disease@MESH:D003922	1
Gene@10019	Mutation@rs3184504	Disease@MESH:D003922	1
Gene@3119	Mutation@rs9273368	Disease@MESH:D003922	1
Gene@60468	Mutation@rs11755527	Disease@MESH:D003922	1
Gene@63892	Mutation@rs11888640	Disease@MESH:D003922	1
