Gene@348	Mutation@rs6431219	Disease@MESH:D000544	1
Gene@348	Mutation@rs6431219	Disease@MESH:D019636	0
Gene@348	Mutation@rs6431219	Disease@MESH:D003704	0
Gene@348	Mutation@rs6431219	Disease@MESH:D008569	0
Gene@348	Mutation@rs6431219	Disease@MESH:D003072	0
Gene@348	Mutation@rs6431219	Disease@MESH:D003643	0
Gene@348	Mutation@rs6431219	Disease@MESH:D064420	0
Gene@348	Mutation@rs6431219	Disease@MESH:D002318	0
Gene@348	Mutation@rs6431219	Disease@MESH:D012640	0
Gene@348	Mutation@rs6431219	Disease@MESH:D009103	0
Gene@348	Mutation@rs6431219	Disease@MESH:D004715	0
Gene@348	Mutation@rs6431219	Disease@MESH:D013901	0
Gene@348	Mutation@rs6431219	Disease@MESH:D050171	0
Gene@348	Mutation@rs6431219	Disease@MESH:D003327	0
Gene@348	Mutation@rs1237868	Disease@MESH:D000544	0
Gene@348	Mutation@rs1237868	Disease@MESH:D019636	0
Gene@348	Mutation@rs1237868	Disease@MESH:D003704	0
Gene@348	Mutation@rs1237868	Disease@MESH:D008569	0
Gene@348	Mutation@rs1237868	Disease@MESH:D003072	0
Gene@348	Mutation@rs1237868	Disease@MESH:D003643	0
Gene@348	Mutation@rs429358	Disease@MESH:D003704	1
Gene@1378	Mutation@rs3818361	Disease@MESH:D000544	1
Gene@1378	Mutation@rs3818361	Disease@MESH:D003704	1
