Gene@9652	Mutation@rs3913535	Disease@MESH:D003924	0
Gene@9652	Mutation@rs3913535	Disease@MESH:D003920	0
Gene@9652	Mutation@rs3913535	Disease@MESH:D012164	0
Gene@9652	Mutation@rs3913535	Disease@MESH:D017887	0
Gene@9652	Mutation@rs3913535	Disease@MESH:D001766	0
Gene@9652	Mutation@rs3913535	Disease@MESH:D014786	0
Gene@9652	Mutation@rs3913535	Disease@MESH:D003928	0
Gene@9652	Mutation@rs3913535	Disease@MESH:D008268	0
Gene@9652	Mutation@rs3913535	Disease@MESH:D003922	0
Gene@9652	Mutation@rs3913535	Disease@MESH:D004487	0
Gene@9652	Mutation@rs3913535	Disease@MESH:D002386	0
Gene@9652	Mutation@rs3913535	Disease@MESH:D005128	0
Gene@9652	Mutation@rs3913535	Disease@MESH:D009216	0
Gene@9652	Mutation@rs3913535	Disease@MESH:D000860	0
Gene@9652	Mutation@rs3913535	Disease@MESH:D050197	0
Gene@9652	Mutation@rs3913535	Disease@OMIM:603933	0
Gene@9652	Mutation@rs3913535	Disease@MESH:D009369	0
Gene@9652	Mutation@rs3913535	Disease@MESH:D012178	0
