Gene@26053	Mutation@rs4717568	Disease@MESH:D001943	0
Gene@26053	Mutation@rs4717568	Disease@MESH:D009369	0
Gene@26053	Mutation@rs4717568	Disease@MESH:D003643	0
Gene@26053	Mutation@rs4717568	Disease@MESH:D001929	0
Gene@26053	Mutation@rs4717568	Disease@MESH:C000656865	0
Gene@26053	Mutation@rs4717568	Disease@MESH:D009362	0
Gene@26053	Mutation@rs4717568	Disease@MESH:C536767	0
Gene@26053	Mutation@rs4717568	Disease@MESH:D013274	0
Gene@26053	Mutation@rs4717568	Disease@MESH:D010190	0
Gene@26053	Mutation@rs67918676	Disease@MESH:D001943	0
Gene@26053	Mutation@rs67918676	Disease@MESH:D009369	0
Gene@26053	Mutation@rs67918676	Disease@MESH:D003643	0
Gene@26053	Mutation@rs67918676	Disease@MESH:D001929	0
Gene@26053	Mutation@rs67918676	Disease@MESH:C000656865	0
Gene@26053	Mutation@rs67918676	Disease@MESH:D009362	0
Gene@26053	Mutation@rs67918676	Disease@MESH:C536767	0
Gene@26053	Mutation@rs67918676	Disease@MESH:D013274	0
Gene@26053	Mutation@rs67918676	Disease@MESH:D010190	0
Gene@26053	Mutation@rs1546773	Disease@MESH:D001943	0
Gene@26053	Mutation@rs1546773	Disease@MESH:D009369	0
