Gene@23286	Mutation@rs3733980	Disease@MESH:D000544	0
Gene@23286	Mutation@rs3733980	Disease@MESH:D009358	0
Gene@23286	Mutation@rs3733980	Disease@MESH:D064420	0
Gene@23286	Mutation@rs3733980	Disease@MESH:D000853	0
Gene@23286	Mutation@rs3733980	Disease@MESH:D009447	0
Gene@23286	Mutation@rs3733980	Disease@MESH:D019636	0
Gene@23286	Mutation@rs3733980	Disease@MESH:D044882	0
Gene@23286	Mutation@rs3733980	Disease@MESH:C536599	0
Gene@23286	Mutation@rs3733980	Disease@MESH:D058495	0
Gene@23286	Mutation@rs3733980	Disease@MESH:D051271	0
Gene@23286	Mutation@rs3733980	Disease@MESH:D010300	0
Gene@23286	Mutation@rs3733980	Disease@MESH:D024801	0
Gene@23286	Mutation@rs7175766	Disease@MESH:D000544	0
Gene@23286	Mutation@rs7175766	Disease@MESH:D009358	0
Gene@23286	Mutation@rs7175766	Disease@MESH:D064420	0
Gene@23286	Mutation@rs7175766	Disease@MESH:D000853	0
Gene@23286	Mutation@rs7175766	Disease@MESH:D009447	0
Gene@23286	Mutation@rs7175766	Disease@MESH:D019636	0
Gene@23286	Mutation@rs7175766	Disease@MESH:D044882	0
