Gene@2064	Mutation@rs7087428	Disease@MESH:D001943	0
Gene@2064	Mutation@rs7087428	Disease@MESH:D009369	0
Gene@2064	Mutation@rs7087428	Disease@MESH:D009362	0
Gene@2064	Mutation@rs17198973	Disease@MESH:D001943	0
Gene@2064	Mutation@rs17198973	Disease@MESH:D009369	0
Gene@2064	Mutation@rs17198973	Disease@MESH:D009362	0
Gene@2064	Mutation@rs4577773	Disease@MESH:D001943	0
Gene@2064	Mutation@rs4577773	Disease@MESH:D009369	0
Gene@2064	Mutation@rs4577773	Disease@MESH:D009362	0
Gene@2064	Mutation@rs4861477	Disease@MESH:D001943	0
Gene@2064	Mutation@rs4861477	Disease@MESH:D009369	0
Gene@2064	Mutation@rs4861477	Disease@MESH:D009362	0
Gene@2064	Mutation@rs7893556	Disease@MESH:D001943	0
Gene@2064	Mutation@rs7893556	Disease@MESH:D009369	0
Gene@2064	Mutation@rs7893556	Disease@MESH:D009362	0
