Gene@5585	Mutation@rs2242241	Disease@MESH:D010190	0
Gene@5585	Mutation@rs2242241	Disease@MESH:D021441	0
Gene@5585	Mutation@rs2242241	Disease@MESH:D009369	0
Gene@5585	Mutation@rs2242241	Disease@MESH:D009765	0
Gene@5585	Mutation@rs2242241	Disease@MESH:D003643	0
Gene@5585	Mutation@rs2242241	Disease@MESH:D003920	0
Gene@5585	Mutation@rs2242241	Disease@MESH:D010051	0
Gene@5585	Mutation@rs2242241	Disease@MESH:D005910	0
Gene@5585	Mutation@rs2242241	Disease@MESH:D007680	0
Gene@5585	Mutation@rs2242241	Disease@MESH:D011471	0
Gene@5585	Mutation@rs2242241	Disease@MESH:D000077192	0
Gene@5585	Mutation@rs2242241	Disease@MESH:D054429	0
Gene@5585	Mutation@rs2242241	Disease@MESH:D010195	0
Gene@5585	Mutation@rs2242241	Disease@MESH:D006528	0
Gene@5585	Mutation@rs2242241	Disease@MESH:D003324	0
Gene@5585	Mutation@rs2242241	Disease@MESH:D008659	0
Gene@5585	Mutation@rs2242241	Disease@MESH:D009175	0
Gene@5585	Mutation@rs2242241	Disease@MESH:D007674	0
Gene@5585	Mutation@rs34309238	Disease@MESH:D010190	1
Gene@5585	Mutation@rs34309238	Disease@MESH:D009369	1
Gene@9046	Mutation@rs2242241	Disease@MESH:D010190	1
Gene@9046	Mutation@rs2242241	Disease@MESH:D009369	1
Gene@338	Mutation@rs183117027	Disease@MESH:D010190	1
Gene@338	Mutation@rs183117027	Disease@MESH:D009369	1
