Gene@348	Mutation@rs11218343	Disease@MESH:D000544	0
Gene@348	Mutation@rs11218343	Disease@MESH:D008569	0
Gene@348	Mutation@rs11218343	Disease@MESH:D019636	0
Gene@348	Mutation@rs11218343	Disease@MESH:C538248	0
Gene@348	Mutation@rs11218343	Disease@MESH:D003704	0
Gene@348	Mutation@rs11218343	Disease@MESH:D007806	0
Gene@348	Mutation@rs11218343	Disease@MESH:D000377	0
Gene@348	Mutation@rs11218343	Disease@MESH:D011605	0
Gene@348	Mutation@rs11218343	Disease@MESH:D001037	0
Gene@348	Mutation@rs11218343	Disease@MESH:D001284	0
Gene@348	Mutation@rs11218343	Disease@MESH:D004410	0
Gene@348	Mutation@rs11218343	Disease@MESH:D003072	0
Gene@348	Mutation@rs11218343	Disease@MESH:D029461	0
Gene@348	Mutation@rs11218343	Disease@MESH:C563003	0
Gene@348	Mutation@rs11218343	Disease@MESH:D000647	0
Gene@348	Mutation@rs11218343	Disease@MESH:D007859	0
Gene@348	Mutation@rs28715896	Disease@MESH:D000544	0
Gene@348	Mutation@rs28715896	Disease@MESH:D008569	0
Gene@348	Mutation@rs28715896	Disease@MESH:D019636	0
Gene@348	Mutation@rs28715896	Disease@MESH:C538248	0
