Gene@966	Mutation@rs2823139	Disease@MESH:D007674	0
Gene@966	Mutation@rs2823139	Disease@MESH:D051436	0
Gene@966	Mutation@rs2823139	Disease@MESH:D007669	0
Gene@966	Mutation@rs2823139	Disease@MESH:D003643	0
Gene@966	Mutation@rs2823139	Disease@MESH:D007676	0
Gene@966	Mutation@rs2823139	Disease@MESH:D006973	0
Gene@966	Mutation@rs2823139	Disease@MESH:D003920	0
Gene@966	Mutation@rs2823139	Disease@MESH:D006943	0
Gene@966	Mutation@rs2823139	Disease@MESH:D050197	0
Gene@966	Mutation@rs2823139	Disease@MESH:D056784	0
Gene@966	Mutation@rs2823139	Disease@MESH:D003928	0
Gene@966	Mutation@rs2823139	Disease@MESH:D009223	0
Gene@966	Mutation@rs2823139	Disease@MESH:D014545	0
Gene@966	Mutation@rs2823139	Disease@MESH:D002137	0
Gene@966	Mutation@rs2823139	Disease@MESH:D051437	0
Gene@966	Mutation@rs2823139	Disease@MESH:D007690	0
Gene@966	Mutation@rs2823139	Disease@MESH:D000013	0
Gene@966	Mutation@rs2823139	Disease@MESH:D014552	0
Gene@966	Mutation@rs2823139	Disease@MESH:D002544	0
Gene@8204	Mutation@rs2823139	Disease@MESH:D051437	1
Gene@56894	Mutation@rs10084572	Disease@MESH:D051437	1
Gene@79029	Mutation@rs2467853	Disease@MESH:D051437	1
