Gene@1137	Mutation@rs4887077	Disease@MESH:D008175	0
Gene@1137	Mutation@rs4887077	Disease@MESH:D009369	0
Gene@1137	Mutation@rs4887077	Disease@MESH:D003643	0
Gene@1137	Mutation@rs4887077	Disease@MESH:D000230	0
Gene@1137	Mutation@rs4887077	Disease@MESH:C000656865	0
Gene@1137	Mutation@rs4887077	Disease@MESH:D002318	0
Gene@1137	Mutation@rs4887077	Disease@MESH:D000077192	0
Gene@1137	Mutation@rs4887077	Disease@MESH:D002294	0
Gene@1137	Mutation@rs4887077	Disease@MESH:D030342	0
Gene@1137	Mutation@rs4887077	Disease@MESH:D001523	0
Gene@1137	Mutation@rs4887077	Disease@MESH:D000067877	0
Gene@1137	Mutation@rs4887077	Disease@MESH:D000437	0
Gene@1137	Mutation@rs4887077	Disease@MESH:D012559	0
Gene@1137	Mutation@rs4887077	Disease@MESH:D010300	0
Gene@1137	Mutation@rs4887077	Disease@MESH:C535460	0
Gene@1137	Mutation@rs4887077	Disease@MESH:D008171	0
Gene@1137	Mutation@rs4887077	Disease@MESH:D058729	0
Gene@1137	Mutation@rs4887077	Disease@MESH:D003324	0
Gene@1137	Mutation@rs4887077	Disease@MESH:D065631	0
Gene@1136	Mutation@rs1051730	Disease@MESH:D008175	1
Gene@1136	Mutation@rs1051730	Disease@MESH:D009369	1
