Gene@5663	Mutation@rs3865444	Disease@MESH:D000544	0
Gene@5663	Mutation@rs3865444	Disease@MESH:D019636	0
Gene@5663	Mutation@rs3865444	Disease@MESH:D010300	0
Gene@5663	Mutation@rs3865444	Disease@MESH:D007249	0
Gene@5663	Mutation@rs3865444	Disease@MESH:C535773	0
Gene@5663	Mutation@rs3865444	Disease@MESH:D003072	0
Gene@5663	Mutation@rs3865444	Disease@MESH:D003704	0
Gene@5663	Mutation@rs3865444	Disease@MESH:D003920	0
Gene@5663	Mutation@rs3865444	Disease@MESH:D012559	0
Gene@5663	Mutation@rs3865444	Disease@MESH:D001927	0
Gene@5663	Mutation@rs3865444	Disease@MESH:D001289	0
Gene@5663	Mutation@rs75932628	Disease@MESH:D000544	0
Gene@5663	Mutation@rs75932628	Disease@MESH:D019636	0
Gene@5663	Mutation@rs75932628	Disease@MESH:D010300	0
Gene@5663	Mutation@rs75932628	Disease@MESH:D007249	0
Gene@54209	Mutation@rs187370608	Disease@MESH:D000544	1
Gene@54209	Mutation@rs187370608	Disease@MESH:D003704	1
Gene@10347	Mutation@rs111278892	Disease@MESH:D000544	1
Gene@10347	Mutation@rs111278892	Disease@MESH:D003704	1
Gene@348	Mutation@rs41289512	Disease@MESH:D000544	1
Gene@348	Mutation@rs41289512	Disease@MESH:D003704	1
Gene@2185	Mutation@rs1532278	Disease@MESH:D000544	1
Gene@2185	Mutation@rs1532278	Disease@MESH:D003704	1
Gene@1378	Mutation@rs2093760	Disease@MESH:D000544	1
Gene@1378	Mutation@rs2093760	Disease@MESH:D003704	1
Gene@55063	Mutation@rs1859788	Disease@MESH:D000544	1
Gene@55063	Mutation@rs1859788	Disease@MESH:D003704	1
Gene@83464	Mutation@rs117618017	Disease@MESH:D000544	1
Gene@83464	Mutation@rs117618017	Disease@MESH:D003704	1
Gene@8820	Mutation@rs184384746	Disease@MESH:D000544	1
Gene@8820	Mutation@rs184384746	Disease@MESH:D003704	1
Gene@79746	Mutation@rs11257242	Disease@MESH:D000544	1
Gene@79746	Mutation@rs11257242	Disease@MESH:D003704	1
Gene@388325	Mutation@rs113260531	Disease@MESH:D000544	1
Gene@388325	Mutation@rs113260531	Disease@MESH:D003704	1
Gene@9507	Mutation@rs4575098	Disease@MESH:D000544	1
Gene@9507	Mutation@rs4575098	Disease@MESH:D003704	1
Gene@116449	Mutation@rs6448453	Disease@MESH:D000544	1
Gene@116449	Mutation@rs6448453	Disease@MESH:D003704	1
Gene@102	Mutation@rs442495	Disease@MESH:D000544	1
Gene@102	Mutation@rs442495	Disease@MESH:D003704	1
Gene@84148	Mutation@rs59735493	Disease@MESH:D000544	1
Gene@84148	Mutation@rs59735493	Disease@MESH:D003704	1
Gene@115701	Mutation@rs76726049	Disease@MESH:D000544	1
Gene@115701	Mutation@rs76726049	Disease@MESH:D003704	1
Gene@1829	Mutation@rs8093731	Disease@MESH:D000544	1
Gene@1829	Mutation@rs8093731	Disease@MESH:D003704	1
Gene@945	Mutation@rs3865444	Disease@MESH:D000544	1
Gene@945	Mutation@rs3865444	Disease@MESH:D003704	1
Gene@3119	Mutation@rs6931277	Disease@MESH:D000544	1
Gene@3119	Mutation@rs6931277	Disease@MESH:D003704	1
Gene@9957	Mutation@rs7657553	Disease@MESH:D000544	1
Gene@9957	Mutation@rs7657553	Disease@MESH:D003704	1
Gene@2041	Mutation@rs7810606	Disease@MESH:D000544	1
Gene@2041	Mutation@rs7810606	Disease@MESH:D003704	1
Gene@6653	Mutation@rs11218343	Disease@MESH:D000544	1
Gene@6653	Mutation@rs11218343	Disease@MESH:D003704	1
Gene@9256	Mutation@rs2632516	Disease@MESH:D000544	1
Gene@9256	Mutation@rs2632516	Disease@MESH:D003704	1
Gene@440423	Mutation@rs8093731	Disease@MESH:D000544	1
Gene@440423	Mutation@rs8093731	Disease@MESH:D003704	1
