Gene@54102	Mutation@rs9862599	Disease@MESH:D001943	0
Gene@54102	Mutation@rs9862599	Disease@MESH:D009369	0
Gene@54102	Mutation@rs9862599	Disease@MESH:D003643	0
Gene@54102	Mutation@rs9862599	Disease@MESH:D007105	0
Gene@54102	Mutation@rs9862599	Disease@MESH:D061325	0
Gene@54102	Mutation@rs9862599	Disease@MESH:D006223	0
Gene@54102	Mutation@rs9862599	Disease@MESH:D001260	0
Gene@54102	Mutation@rs9862599	Disease@MESH:D018567	0
Gene@54102	Mutation@rs9862599	Disease@MESH:D001281	0
Gene@54102	Mutation@rs9862599	Disease@MESH:D009362	0
Gene@54102	Mutation@rs9862599	Disease@MESH:D003924	0
Gene@54102	Mutation@rs75286142	Disease@MESH:D001943	1
Gene@54102	Mutation@rs75286142	Disease@MESH:D009369	0
Gene@54102	Mutation@rs75286142	Disease@MESH:D003643	0
Gene@54102	Mutation@rs75286142	Disease@MESH:D007105	0
Gene@861	Mutation@rs75286142	Disease@MESH:D001943	1
Gene@214	Mutation@rs9862599	Disease@MESH:D001943	1
Gene@2263	Mutation@rs2912778	Disease@MESH:D001943	1
Gene@27324	Mutation@rs4784227	Disease@MESH:D001943	1
Gene@643714	Mutation@rs4784227	Disease@MESH:D001943	1
Gene@5744	Mutation@rs805583	Disease@MESH:D001943	1
Gene@100128617	Mutation@rs10744856	Disease@MESH:D001943	1
