Gene@117584	Mutation@rs7335912	Disease@MESH:D010146	0
Gene@117584	Mutation@rs7335912	Disease@MESH:D001943	0
Gene@117584	Mutation@rs7335912	Disease@MESH:D009369	0
Gene@117584	Mutation@rs7335912	Disease@MESH:D003643	0
Gene@117584	Mutation@rs7335912	Disease@MESH:D008209	0
Gene@117584	Mutation@rs7335912	Disease@MESH:D009422	0
Gene@117584	Mutation@rs7335912	Disease@MESH:D059373	0
Gene@117584	Mutation@rs7335912	Disease@MESH:D018771	0
Gene@117584	Mutation@rs7335912	Disease@MESH:D009765	0
Gene@117584	Mutation@rs7335912	Disease@MESH:D014376	0
Gene@117584	Mutation@rs7335912	Disease@MESH:D056486	0
Gene@117584	Mutation@rs7335912	Disease@MESH:D006331	0
Gene@117584	Mutation@rs7335912	Disease@MESH:D020521	0
Gene@117584	Mutation@rs7335912	Disease@MESH:D003920	0
Gene@117584	Mutation@rs7335912	Disease@MESH:D001991	0
Gene@117584	Mutation@rs7335912	Disease@MESH:D008171	0
Gene@117584	Mutation@rs7335912	Disease@MESH:D013959	0
Gene@117584	Mutation@rs7335912	Disease@MESH:D008103	0
Gene@117584	Mutation@rs7335912	Disease@MESH:D006973	0
Gene@117584	Mutation@rs7335912	Disease@MESH:D006712	0
Gene@117584	Mutation@rs16970540	Disease@MESH:D001943	1
Gene@3980	Mutation@rs16970540	Disease@MESH:D001943	1
Gene@10257	Mutation@rs4584690	Disease@MESH:D001943	1
Gene@25975	Mutation@rs73633565	Disease@MESH:D001943	1
Gene@107849	Mutation@rs4584690	Disease@MESH:D001943	1
