Gene@10681	Mutation@rs578194564	Disease@MESH:D001943	0
Gene@10681	Mutation@rs578194564	Disease@MESH:D009369	0
Gene@10681	Mutation@rs578194564	Disease@MESH:C537770	0
Gene@10681	Mutation@rs578194564	Disease@MESH:C535296	0
Gene@10681	Mutation@rs578194564	Disease@MESH:D063646	0
Gene@10681	Mutation@rs578194564	Disease@MESH:D016889	0
Gene@10681	Mutation@rs578194564	Disease@MESH:D001749	0
Gene@10681	Mutation@rs578194564	Disease@MESH:D001523	0
Gene@10681	Mutation@rs578194564	Disease@MESH:D061325	0
Gene@10681	Mutation@rs578194564	Disease@MESH:D004342	0
Gene@10681	Mutation@rs578194564	Disease@MESH:D007680	0
Gene@10681	Mutation@rs578194564	Disease@MESH:C538231	0
Gene@10681	Mutation@rs578194564	Disease@MESH:D013274	0
Gene@10681	Mutation@rs578194564	Disease@MESH:D019586	0
Gene@10681	Mutation@rs578194564	Disease@MESH:D001260	0
Gene@10681	Mutation@rs578194564	Disease@MESH:D008545	0
Gene@10681	Mutation@rs578194564	Disease@MESH:D015179	0
Gene@10681	Mutation@rs578194564	Disease@MESH:D011471	0
