Gene@351	Mutation@rs75932628	Disease@MESH:D000544	0
Gene@351	Mutation@rs75932628	Disease@MESH:D003704	0
Gene@351	Mutation@rs75932628	Disease@MESH:D014786	0
Gene@351	Mutation@rs75932628	Disease@MESH:D010300	0
Gene@351	Mutation@rs75932628	Disease@MESH:D024801	0
Gene@351	Mutation@rs75932628	Disease@MESH:D009765	0
Gene@351	Mutation@rs75932628	Disease@MESH:C536761	0
Gene@351	Mutation@rs75932628	Disease@MESH:D064420	0
Gene@351	Mutation@rs75932628	Disease@MESH:D019636	0
Gene@351	Mutation@rs75932628	Disease@MESH:D001791	0
Gene@351	Mutation@rs75932628	Disease@MESH:D008569	0
Gene@351	Mutation@rs75932628	Disease@MESH:D003920	0
Gene@351	Mutation@rs75932628	Disease@MESH:D009103	0
Gene@351	Mutation@rs75932628	Disease@MESH:D020271	0
Gene@351	Mutation@rs75932628	Disease@MESH:D006980	0
Gene@351	Mutation@rs75932628	Disease@MESH:D002318	0
Gene@351	Mutation@rs75932628	Disease@MESH:D006331	0
Gene@351	Mutation@rs75932628	Disease@MESH:D003072	0
Gene@351	Mutation@rs75932628	Disease@MESH:D002292	0
Gene@351	Mutation@rs75932628	Disease@MESH:D043183	0
Gene@124152	Mutation@rs7185636	Disease@MESH:D000544	1
Gene@124152	Mutation@rs7185636	Disease@MESH:D003704	1
Gene@1636	Mutation@rs138190086	Disease@MESH:D000544	1
Gene@1636	Mutation@rs138190086	Disease@MESH:D003704	1
Gene@102	Mutation@rs593742	Disease@MESH:D000544	1
Gene@102	Mutation@rs593742	Disease@MESH:D003704	1
Gene@9510	Mutation@rs2830500	Disease@MESH:D000544	1
Gene@9510	Mutation@rs2830500	Disease@MESH:D003704	1
Gene@51741	Mutation@rs62039712	Disease@MESH:D000544	1
Gene@51741	Mutation@rs62039712	Disease@MESH:D003704	1
Gene@79746	Mutation@rs7920721	Disease@MESH:D000544	1
Gene@79746	Mutation@rs7920721	Disease@MESH:D003704	1
Gene@80070	Mutation@rs7295246	Disease@MESH:D000544	1
Gene@80070	Mutation@rs7295246	Disease@MESH:D003704	1
Gene@406934	Mutation@rs2632516	Disease@MESH:D000544	1
Gene@406934	Mutation@rs2632516	Disease@MESH:D003704	1
Gene@100506779;9256;5729	Mutation@rs2632516	Disease@MESH:D000544	1
Gene@100506779;9256;5729	Mutation@rs2632516	Disease@MESH:D003704	1
Gene@137682	Mutation@rs4735340	Disease@MESH:D000544	1
Gene@137682	Mutation@rs4735340	Disease@MESH:D003704	1
Gene@84888	Mutation@rs10467994	Disease@MESH:D000544	1
Gene@84888	Mutation@rs10467994	Disease@MESH:D003704	1
Gene@100130528	Mutation@rs71618613	Disease@MESH:D000544	1
Gene@100130528	Mutation@rs71618613	Disease@MESH:D003704	1
Gene@221443	Mutation@rs114812713	Disease@MESH:D000544	1
Gene@221443	Mutation@rs114812713	Disease@MESH:D003704	1
Gene@4094	Mutation@rs62039712	Disease@MESH:D000544	1
Gene@4094	Mutation@rs62039712	Disease@MESH:D003704	1
