Gene@7040	Mutation@rs11757201	Disease@MESH:D001327	0
Gene@7040	Mutation@rs11757201	Disease@MESH:D001172	0
Gene@7040	Mutation@rs11757201	Disease@MESH:C537866	0
Gene@7040	Mutation@rs11757201	Disease@MESH:D003920	0
Gene@7040	Mutation@rs11757201	Disease@MESH:D012595	0
Gene@7040	Mutation@rs11757201	Disease@MESH:D003424	0
Gene@7040	Mutation@rs11757201	Disease@MESH:D002761	0
Gene@7040	Mutation@rs11757201	Disease@MESH:D013167	0
Gene@7040	Mutation@rs11757201	Disease@MESH:D011565	0
Gene@7040	Mutation@rs11757201	Disease@MESH:D003093	0
Gene@7040	Mutation@rs11757201	Disease@MESH:D003922	0
Gene@7040	Mutation@rs11757201	Disease@MESH:D004342	0
Gene@7040	Mutation@rs11757201	Disease@MESH:C564969	0
Gene@7040	Mutation@rs11757201	Disease@MESH:D012598	0
Gene@7040	Mutation@rs11757201	Disease@MESH:D001171	0
Gene@7040	Mutation@rs11757201	Disease@MESH:D006105	0
Gene@7040	Mutation@rs11757201	Disease@MESH:D015535	0
Gene@7040	Mutation@rs11757201	Disease@MESH:D015212	0
Gene@7040	Mutation@rs11757201	Disease@MESH:C536362	0
Gene@1776	Mutation@rs35677470	Disease@MESH:D001327	1
Gene@1776	Mutation@rs35677470	Disease@MESH:D001172	1
Gene@1776	Mutation@rs35677470	Disease@MESH:D012595	1
Gene@10318	Mutation@rs1422673	Disease@MESH:D001327	1
Gene@10318	Mutation@rs1422673	Disease@MESH:D001172	1
Gene@10318	Mutation@rs1422673	Disease@MESH:D012595	1
Gene@10318	Mutation@rs1422673	Disease@MESH:D004194	1
Gene@7128	Mutation@rs11757201	Disease@MESH:D001327	1
Gene@7128	Mutation@rs58721818	Disease@MESH:D001327	1
Gene@3559	Mutation@rs3118470	Disease@MESH:D001327	1
Gene@3559	Mutation@rs3118470	Disease@MESH:D001172	1
Gene@3559	Mutation@rs3118470	Disease@MESH:D003920	1
Gene@3559	Mutation@rs3118470	Disease@MESH:D003922	1
Gene@3559	Mutation@rs72776098	Disease@MESH:D001327	1
Gene@64375	Mutation@rs11171739	Disease@MESH:D001327	1
Gene@10125	Mutation@rs8043085	Disease@MESH:D001327	1
Gene@10125	Mutation@rs8043085	Disease@MESH:D001172	1
Gene@1656	Mutation@rs10892299	Disease@MESH:D001327	1
Gene@5771	Mutation@rs2542148	Disease@MESH:D001327	1
Gene@4664	Mutation@rs10931468	Disease@MESH:D001327	1
Gene@4664	Mutation@rs10931468	Disease@MESH:D001172	1
Gene@3663	Mutation@rs4731532	Disease@MESH:D001327	1
Gene@3663	Mutation@rs4731532	Disease@MESH:D001172	1
Gene@3663	Mutation@rs4731532	Disease@MESH:D012595	1
Gene@940	Mutation@rs7426056	Disease@MESH:D001327	1
Gene@7297	Mutation@rs74956615	Disease@MESH:D001327	1
Gene@3676	Mutation@rs12619531	Disease@MESH:D001327	1
Gene@26191	Mutation@rs2476601	Disease@MESH:D001172	1
Gene@26191	Mutation@rs2476601	Disease@MESH:D003920	1
Gene@26191	Mutation@rs2476601	Disease@MESH:D003922	1
Gene@26191	Mutation@rs1217403	Disease@MESH:D001327	1
Gene@26191	Mutation@rs1217403	Disease@MESH:D001172	1
Gene@26191	Mutation@rs1217403	Disease@MESH:D003920	1
Gene@26191	Mutation@rs1217403	Disease@MESH:D003922	1
Gene@2625	Mutation@rs3802604	Disease@MESH:D001327	1
Gene@2625	Mutation@rs3802604	Disease@MESH:D001172	1
Gene@23242	Mutation@rs7780389	Disease@MESH:D001327	1
Gene@3592	Mutation@rs17753641	Disease@MESH:D001327	1
Gene@1512	Mutation@rs34593439	Disease@MESH:D001327	1
Gene@1512	Mutation@rs34593439	Disease@MESH:D003920	1
Gene@1512	Mutation@rs34593439	Disease@MESH:D003922	1
Gene@1512	Mutation@rs34593439	Disease@MESH:D004194	1
Gene@117289	Mutation@rs212407	Disease@MESH:D001327	1
Gene@117289	Mutation@rs212407	Disease@MESH:D004194	1
Gene@57178	Mutation@rs1250568	Disease@MESH:D001327	1
Gene@1493	Mutation@rs3087243	Disease@MESH:D001327	1
Gene@1493	Mutation@rs3087243	Disease@MESH:D001172	1
Gene@1493	Mutation@rs3087243	Disease@MESH:D003920	1
Gene@1493	Mutation@rs3087243	Disease@MESH:D003922	1
Gene@1493	Mutation@rs3087243	Disease@MESH:D004194	1
Gene@23569	Mutation@rs1748041	Disease@MESH:D001172	1
Gene@6366	Mutation@rs2812378	Disease@MESH:D001327	1
Gene@6366	Mutation@rs2812378	Disease@MESH:D001172	1
Gene@6775	Mutation@rs7574865	Disease@MESH:D001172	1
Gene@6775	Mutation@rs7574865	Disease@MESH:D012595	1
Gene@6775	Mutation@rs7574865	Disease@MESH:D004194	1
