Gene@1027	Mutation@rs2066827	Disease@MESH:D011471	0
Gene@1027	Mutation@rs2066827	Disease@MESH:D009369	0
Gene@1027	Mutation@rs2066827	Disease@MESH:D001523	0
Gene@1027	Mutation@rs2066827	Disease@MESH:D009800	0
Gene@1027	Mutation@rs2066827	Disease@MESH:C537243	0
Gene@1027	Mutation@rs2066827	Disease@MESH:D013274	0
Gene@1027	Mutation@rs2066827	Disease@MESH:D003920	0
Gene@1027	Mutation@rs2066827	Disease@MESH:D001749	0
Gene@1027	Mutation@rs2066827	Disease@MESH:D004342	0
Gene@1027	Mutation@rs1800057	Disease@MESH:D011471	0
Gene@1027	Mutation@rs1800057	Disease@MESH:D009369	0
Gene@1027	Mutation@rs1800057	Disease@MESH:D001523	0
Gene@1027	Mutation@rs1800057	Disease@MESH:D009800	0
Gene@472	Mutation@rs1800057	Disease@MESH:D011471	1
Gene@472	Mutation@rs1800057	Disease@MESH:D009369	1
Gene@54801	Mutation@rs1048169	Disease@MESH:D011471	1
Gene@54801	Mutation@rs1048169	Disease@MESH:D009369	1
Gene@4154	Mutation@rs182314334	Disease@MESH:D011471	1
Gene@4154	Mutation@rs182314334	Disease@MESH:D009369	1
Gene@91522	Mutation@rs4976790	Disease@MESH:D011471	1
Gene@91522	Mutation@rs4976790	Disease@MESH:D009369	1
Gene@54887	Mutation@rs9469899	Disease@MESH:D011471	1
Gene@54887	Mutation@rs9469899	Disease@MESH:D009369	1
Gene@27087	Mutation@rs878987	Disease@MESH:D011471	1
Gene@27087	Mutation@rs878987	Disease@MESH:D009369	1
Gene@5083	Mutation@rs11629412	Disease@MESH:D011471	1
Gene@5083	Mutation@rs11629412	Disease@MESH:D009369	1
Gene@4650	Mutation@rs11666569	Disease@MESH:D011471	1
Gene@4650	Mutation@rs11666569	Disease@MESH:D009369	1
Gene@8932	Mutation@rs8093601	Disease@MESH:D011471	1
Gene@8932	Mutation@rs8093601	Disease@MESH:D009369	1
Gene@3619	Mutation@rs33984059	Disease@MESH:D011471	1
Gene@3619	Mutation@rs33984059	Disease@MESH:D009369	1
Gene@283349	Mutation@rs7968403	Disease@MESH:D011471	1
Gene@283349	Mutation@rs7968403	Disease@MESH:D009369	1
Gene@1107	Mutation@rs28441558	Disease@MESH:D011471	1
Gene@1107	Mutation@rs28441558	Disease@MESH:D009369	1
Gene@9909	Mutation@rs34579442	Disease@MESH:D011471	1
Gene@9909	Mutation@rs34579442	Disease@MESH:D009369	1
Gene@4211	Mutation@rs74702681	Disease@MESH:D011471	1
Gene@4211	Mutation@rs74702681	Disease@MESH:D009369	1
Gene@10018	Mutation@rs11691517	Disease@MESH:D011471	1
Gene@10018	Mutation@rs11691517	Disease@MESH:D009369	1
Gene@841	Mutation@rs59308963	Disease@MESH:D011471	1
Gene@841	Mutation@rs59308963	Disease@MESH:D009369	1
Gene@1794	Mutation@rs76551843	Disease@MESH:D011471	1
Gene@1794	Mutation@rs76551843	Disease@MESH:D009369	1
Gene@79969	Mutation@rs12665339	Disease@MESH:D011471	1
Gene@79969	Mutation@rs12665339	Disease@MESH:D009369	1
Gene@8379	Mutation@rs527510716	Disease@MESH:D011471	1
Gene@8379	Mutation@rs527510716	Disease@MESH:D009369	1
Gene@3696	Mutation@rs11452686	Disease@MESH:D011471	1
Gene@3696	Mutation@rs11452686	Disease@MESH:D009369	1
Gene@1861	Mutation@rs1182	Disease@MESH:D011471	1
Gene@1861	Mutation@rs1182	Disease@MESH:D009369	1
Gene@23185	Mutation@rs141536087	Disease@MESH:D011471	1
Gene@23185	Mutation@rs141536087	Disease@MESH:D009369	1
Gene@6934	Mutation@rs7094871	Disease@MESH:D011471	1
Gene@6934	Mutation@rs7094871	Disease@MESH:D009369	1
Gene@8495	Mutation@rs61890184	Disease@MESH:D011471	1
Gene@8495	Mutation@rs61890184	Disease@MESH:D009369	1
Gene@22992	Mutation@rs12785905	Disease@MESH:D011471	1
Gene@22992	Mutation@rs12785905	Disease@MESH:D009369	1
Gene@56946	Mutation@rs11290954	Disease@MESH:D011471	1
Gene@56946	Mutation@rs11290954	Disease@MESH:D009369	1
Gene@63876	Mutation@rs138466039	Disease@MESH:D011471	1
Gene@63876	Mutation@rs138466039	Disease@MESH:D009369	1
Gene@57666	Mutation@rs7295014	Disease@MESH:D011471	1
Gene@57666	Mutation@rs7295014	Disease@MESH:D009369	1
Gene@57082	Mutation@rs4924487	Disease@MESH:D011471	1
Gene@57082	Mutation@rs4924487	Disease@MESH:D009369	1
Gene@9289	Mutation@rs11863709	Disease@MESH:D011471	1
Gene@9289	Mutation@rs11863709	Disease@MESH:D009369	1
Gene@26121	Mutation@rs201158093	Disease@MESH:D011471	1
Gene@26121	Mutation@rs201158093	Disease@MESH:D009369	1
Gene@54894	Mutation@rs2680708	Disease@MESH:D011471	1
Gene@54894	Mutation@rs2680708	Disease@MESH:D009369	1
Gene@6925	Mutation@rs28607662	Disease@MESH:D011471	1
Gene@6925	Mutation@rs28607662	Disease@MESH:D009369	1
Gene@10194	Mutation@rs10460109	Disease@MESH:D011471	1
Gene@10194	Mutation@rs10460109	Disease@MESH:D009369	1
Gene@5452	Mutation@rs61088131	Disease@MESH:D011471	1
Gene@5452	Mutation@rs61088131	Disease@MESH:D009369	1
Gene@1789	Mutation@rs11480453	Disease@MESH:D011471	1
Gene@1789	Mutation@rs11480453	Disease@MESH:D009369	1
Gene@8537	Mutation@rs6091758	Disease@MESH:D011471	1
Gene@8537	Mutation@rs6091758	Disease@MESH:D009369	1
Gene@395	Mutation@rs17321482	Disease@MESH:D011471	1
Gene@395	Mutation@rs17321482	Disease@MESH:D009369	1
