Gene@1138	Mutation@rs12440014	Disease@MESH:D008175	0
Gene@1138	Mutation@rs12440014	Disease@MESH:D009369	0
Gene@1138	Mutation@rs12440014	Disease@MESH:D008173	0
Gene@1138	Mutation@rs12440014	Disease@MESH:D063646	0
Gene@1138	Mutation@rs12440014	Disease@MESH:D030342	0
Gene@1138	Mutation@rs12440014	Disease@MESH:C538231	0
Gene@1138	Mutation@rs12440014	Disease@MESH:D009386	0
Gene@1138	Mutation@rs12440014	Disease@MESH:D055752	0
Gene@1138	Mutation@rs12440014	Disease@MESH:C567453	0
Gene@1138	Mutation@rs12440014	Disease@MESH:D002318	0
Gene@1138	Mutation@rs12440014	Disease@MESH:D002294	0
Gene@1138	Mutation@rs12440014	Disease@MESH:D001791	0
Gene@1138	Mutation@rs12440014	Disease@MESH:D010051	0
Gene@1138	Mutation@rs12440014	Disease@MESH:D009784	0
Gene@1138	Mutation@rs6891344	Disease@MESH:D008175	0
Gene@1138	Mutation@rs6891344	Disease@MESH:D009369	0
Gene@1138	Mutation@rs6891344	Disease@MESH:D008173	0
Gene@1138	Mutation@rs6891344	Disease@MESH:D063646	0
Gene@1138	Mutation@rs6891344	Disease@MESH:D030342	0
