Gene@348	Mutation@rs9882471	Disease@MESH:D000544	0
Gene@348	Mutation@rs9882471	Disease@MESH:D003643	0
Gene@348	Mutation@rs9882471	Disease@MESH:D003704	0
Gene@348	Mutation@rs9882471	Disease@MESH:D001008	0
Gene@348	Mutation@rs9882471	Disease@MESH:D019636	0
Gene@348	Mutation@rs9882471	Disease@MESH:D000275	0
Gene@348	Mutation@rs9882471	Disease@MESH:D001523	0
Gene@348	Mutation@rs9882471	Disease@MESH:D002609	0
Gene@348	Mutation@rs9882471	Disease@MESH:D002318	0
Gene@348	Mutation@rs9882471	Disease@MESH:D020521	0
Gene@348	Mutation@rs9882471	Disease@MESH:D006331	0
Gene@348	Mutation@rs9882471	Disease@MESH:D029461	0
Gene@348	Mutation@rs9882471	Disease@MESH:D005776	0
Gene@348	Mutation@rs9882471	Disease@MESH:D007029	0
Gene@348	Mutation@rs9882471	Disease@MESH:D016114	0
Gene@348	Mutation@rs9882471	Disease@MESH:D009404	0
Gene@348	Mutation@rs9882471	Disease@MESH:D009369	0
Gene@348	Mutation@rs9882471	Disease@MESH:D000303	0
Gene@348	Mutation@rs9882471	Disease@MESH:D001480	0
Gene@81844	Mutation@rs10953322	Disease@MESH:D000544	1
Gene@81844	Mutation@rs10953322	Disease@MESH:D003704	1
Gene@81844	Mutation@rs10953322	Disease@MESH:D011605	1
Gene@161	Mutation@rs10794342	Disease@MESH:D000544	1
Gene@161	Mutation@rs10794342	Disease@MESH:D003704	1
Gene@161	Mutation@rs10794342	Disease@MESH:D011605	1
Gene@282566	Mutation@rs2298369	Disease@MESH:D000544	1
Gene@282566	Mutation@rs2298369	Disease@MESH:D003704	1
Gene@282566	Mutation@rs2298369	Disease@MESH:D011605	1
Gene@54148	Mutation@rs2298369	Disease@MESH:D000544	1
Gene@54148	Mutation@rs2298369	Disease@MESH:D003704	1
Gene@54148	Mutation@rs2298369	Disease@MESH:D011605	1
Gene@84541	Mutation@rs9862849	Disease@MESH:D000544	1
Gene@84541	Mutation@rs9862849	Disease@MESH:D003704	1
Gene@84541	Mutation@rs9555561	Disease@MESH:D011605	1
Gene@56062	Mutation@rs5969117	Disease@MESH:D000544	1
Gene@56062	Mutation@rs5969117	Disease@MESH:D003704	1
Gene@56062	Mutation@rs5969117	Disease@MESH:D011605	1
Gene@84168	Mutation@rs7561207	Disease@MESH:D000544	1
Gene@84168	Mutation@rs7561207	Disease@MESH:D003704	1
Gene@84168	Mutation@rs7561207	Disease@MESH:D011605	1
Gene@55351	Mutation@rs6838792	Disease@MESH:D000544	1
Gene@55351	Mutation@rs6838792	Disease@MESH:D003704	1
Gene@55351	Mutation@rs6838792	Disease@MESH:D011605	1
Gene@5079	Mutation@rs2282079	Disease@MESH:D000544	1
Gene@5079	Mutation@rs2282079	Disease@MESH:D003704	1
Gene@5079	Mutation@rs2282079	Disease@MESH:D011605	1
Gene@6433	Mutation@rs7963314	Disease@MESH:D000544	1
Gene@6433	Mutation@rs7963314	Disease@MESH:D003704	1
Gene@6433	Mutation@rs7963314	Disease@MESH:D011605	1
Gene@6850	Mutation@rs1172922	Disease@MESH:D000544	1
Gene@6850	Mutation@rs1172922	Disease@MESH:D003704	1
Gene@6850	Mutation@rs1172922	Disease@MESH:D011605	1
Gene@7148	Mutation@rs11969759	Disease@MESH:D000544	1
Gene@7148	Mutation@rs11969759	Disease@MESH:D003704	1
Gene@7148	Mutation@rs11969759	Disease@MESH:D011605	1
Gene@100302131	Mutation@rs35242772	Disease@MESH:D000544	1
Gene@100302131	Mutation@rs35242772	Disease@MESH:D003704	1
Gene@100302131	Mutation@rs35242772	Disease@MESH:D011605	1
Gene@23026	Mutation@rs912322	Disease@MESH:D000544	1
Gene@23026	Mutation@rs912322	Disease@MESH:D003704	1
Gene@23026	Mutation@rs912322	Disease@MESH:D011605	1
Gene@5819	Mutation@rs10426423	Disease@MESH:D000544	1
Gene@5819	Mutation@rs10426423	Disease@MESH:D003704	1
Gene@5819	Mutation@rs10426423	Disease@MESH:D011605	1
