Gene@42737	Mutation@rs4788101	Disease@MESH:D001714	0
Gene@42737	Mutation@rs4788101	Disease@MESH:D009765	0
Gene@42737	Mutation@rs4788101	Disease@MESH:D003924	0
Gene@42737	Mutation@rs4788101	Disease@MESH:D001523	0
Gene@42737	Mutation@rs4788101	Disease@MESH:D003866	0
Gene@42737	Mutation@rs4788101	Disease@MESH:D002318	0
Gene@42737	Mutation@rs4788101	Disease@MESH:D003072	0
Gene@42737	Mutation@rs4788101	Disease@MESH:D056784	0
Gene@42737	Mutation@rs4788101	Disease@MESH:D019964	0
Gene@42737	Mutation@rs4788101	Disease@MESH:D003865	0
Gene@42737	Mutation@rs4788101	Disease@MESH:D011605	0
Gene@42737	Mutation@rs4788101	Disease@MESH:D001259	0
Gene@42737	Mutation@rs4788101	Disease@MESH:D003920	0
Gene@42737	Mutation@rs4788101	Disease@MESH:D015430	0
Gene@42737	Mutation@rs4788101	Disease@MESH:D011618	0
Gene@42737	Mutation@rs4788101	Disease@MESH:D012559	0
Gene@42737	Mutation@rs4788101	Disease@MESH:D009358	0
Gene@42737	Mutation@rs4788101	Disease@MESH:D012030	0
Gene@42737	Mutation@rs4788101	Disease@MESH:D004392	0
Gene@42737	Mutation@rs4788101	Disease@MESH:D010195	0
Gene@440350	Mutation@rs3888190	Disease@MESH:D001714	1
Gene@440350	Mutation@rs3888190	Disease@MESH:D015430	1
Gene@440350	Mutation@rs151181	Disease@MESH:D001714	1
Gene@440350	Mutation@rs151181	Disease@MESH:D015430	1
Gene@2119	Mutation@rs1516725	Disease@MESH:D001714	1
Gene@2119	Mutation@rs1516725	Disease@MESH:D015430	1
Gene@23322	Mutation@rs1477199	Disease@MESH:D001714	1
Gene@23322	Mutation@rs1477199	Disease@MESH:D015430	1
Gene@441263;107161144;107080637;107161145	Mutation@rs4729098	Disease@MESH:D001714	1
Gene@441263;107161144;107080637;107161145	Mutation@rs4729098	Disease@MESH:D015430	1
Gene@158038	Mutation@rs10968576	Disease@MESH:D001714	1
Gene@158038	Mutation@rs10968576	Disease@MESH:D015430	1
Gene@5607	Mutation@rs2127162	Disease@MESH:D001714	1
Gene@5607	Mutation@rs2127162	Disease@MESH:D015430	1
Gene@257194	Mutation@rs1620977	Disease@MESH:D001714	1
Gene@257194	Mutation@rs1620977	Disease@MESH:D015430	1
Gene@3755	Mutation@rs6091248	Disease@MESH:D001714	1
Gene@3755	Mutation@rs6091248	Disease@MESH:D009765	1
