Gene@354	Mutation@c.04G>C	Disease@MESH:D011470	0
Gene@354	Mutation@c.04G>C	Disease@MESH:D011471	0
Gene@354	Mutation@c.04G>C	Disease@MESH:D000275	0
Gene@354	Mutation@c.04G>C	Disease@MESH:D001748	0
Gene@354	Mutation@c.04G>C	Disease@MESH:D030342	0
Gene@354	Mutation@c.04G>C	Disease@MESH:D007249	0
Gene@354	Mutation@c.04G>C	Disease@MESH:D002658	0
Gene@354	Mutation@c.04G>C	Disease@MESH:D001260	0
Gene@354	Mutation@c.04G>C	Disease@MESH:D029461	0
Gene@354	Mutation@c.04G>C	Disease@MESH:D011469	0
Gene@354	Mutation@c.04G>C	Disease@MESH:D028243	0
Gene@354	Mutation@c.04G>C	Disease@MESH:D004342	0
Gene@354	Mutation@c.04G>C	Disease@MESH:D008659	0
Gene@354	Mutation@c.04G>C	Disease@MESH:D003920	0
Gene@354	Mutation@c.04G>C	Disease@MESH:D029424	0
Gene@354	Mutation@rs200383755	Disease@MESH:D011470	0
Gene@354	Mutation@rs200383755	Disease@MESH:D011471	0
Gene@354	Mutation@rs200383755	Disease@MESH:D000275	0
Gene@354	Mutation@rs200383755	Disease@MESH:D001748	0
Gene@354	Mutation@rs200383755	Disease@MESH:D030342	0
Gene@53335	Mutation@rs2556378	Disease@MESH:D011470	1
Gene@53335	Mutation@rs2556378	Disease@MESH:D011469	1
Gene@81037	Mutation@rs10180282	Disease@MESH:D011470	1
Gene@81037	Mutation@rs381949	Disease@MESH:D011470	1
Gene@81037	Mutation@rs381949	Disease@MESH:D011469	1
Gene@7015	Mutation@rs2853677	Disease@MESH:D011470	1
Gene@7015	Mutation@rs2853677	Disease@MESH:D011469	1
Gene@134429	Mutation@rs10054105	Disease@MESH:D011470	1
Gene@100996485	Mutation@rs677394	Disease@MESH:D011470	1
Gene@9555	Mutation@rs677394	Disease@MESH:D011470	1
Gene@8340	Mutation@rs200476	Disease@MESH:D011470	1
Gene@64215	Mutation@rs148678804	Disease@MESH:D011470	1
Gene@340900	Mutation@rs7906649	Disease@MESH:D011470	1
Gene@2263	Mutation@rs11199879	Disease@MESH:D011470	1
Gene@2263	Mutation@rs11199879	Disease@MESH:D011469	1
Gene@2263	Mutation@rs2981575	Disease@MESH:D011470	1
Gene@55717	Mutation@rs4548546	Disease@MESH:D011470	1
Gene@55717	Mutation@rs4548546	Disease@MESH:D011469	1
Gene@6926	Mutation@rs8853	Disease@MESH:D011470	1
Gene@10301	Mutation@rs1638703	Disease@MESH:D011470	1
Gene@79621	Mutation@rs6561599	Disease@MESH:D011470	1
Gene@6928	Mutation@rs11651052	Disease@MESH:D011470	1
Gene@6928	Mutation@rs11651052	Disease@MESH:D011471	1
Gene@6928	Mutation@rs11651052	Disease@MESH:D011469	1
Gene@2627	Mutation@rs9958656	Disease@MESH:D011470	1
Gene@64693	Mutation@rs17670370	Disease@MESH:D011470	1
Gene@140628	Mutation@rs200383755	Disease@MESH:D011470	1
Gene@140628	Mutation@rs6061244	Disease@MESH:D011470	1
Gene@6910	Mutation@rs2555019	Disease@MESH:D011470	1
