Gene@9882	Mutation@rs870992	Disease@MESH:D003920	0
Gene@9882	Mutation@rs870992	Disease@MESH:D003924	0
Gene@9882	Mutation@rs870992	Disease@MESH:D004194	0
Gene@9882	Mutation@rs870992	Disease@MESH:D009765	0
Gene@9882	Mutation@rs870992	Disease@MESH:D002318	0
Gene@9882	Mutation@rs870992	Disease@MESH:D004342	0
Gene@9882	Mutation@rs870992	Disease@MESH:D010190	0
Gene@9882	Mutation@rs870992	Disease@MESH:D056486	0
Gene@9882	Mutation@rs870992	Disease@MESH:D015835	0
Gene@9882	Mutation@rs870992	Disease@MESH:D018149	0
Gene@9882	Mutation@rs870992	Disease@MESH:C000656865	0
Gene@9882	Mutation@rs870992	Disease@MESH:D007333	0
Gene@9882	Mutation@rs870992	Disease@MESH:D003324	0
Gene@9882	Mutation@rs870992	Disease@MESH:D005234	0
Gene@9882	Mutation@rs870992	Disease@MESH:D009136	0
Gene@9882	Mutation@rs870992	Disease@MESH:C567727	0
Gene@9882	Mutation@rs16993330	Disease@MESH:D003920	0
Gene@9882	Mutation@rs16993330	Disease@MESH:D003924	0
Gene@9882	Mutation@rs16993330	Disease@MESH:D004194	0
Gene@3672	Mutation@rs870992	Disease@MESH:D003920	1
Gene@3672	Mutation@rs870992	Disease@MESH:D003924	1
Gene@9215	Mutation@rs16993330	Disease@MESH:D003920	1
Gene@9215	Mutation@rs16993330	Disease@MESH:D003924	1
Gene@109700	Mutation@rs870992	Disease@MESH:D003920	1
Gene@109700	Mutation@rs870992	Disease@MESH:D003924	1
