Gene@492938	Mutation@rs1550676	Disease@MESH:D002318	0
Gene@492938	Mutation@rs1550676	Disease@MESH:D006973	0
Gene@492938	Mutation@rs1550676	Disease@MESH:D003920	0
Gene@492938	Mutation@rs1550676	Disease@MESH:D050171	0
Gene@492938	Mutation@rs1550676	Disease@MESH:D009223	0
Gene@492938	Mutation@rs1550676	Disease@MESH:D008659	0
Gene@492938	Mutation@rs1550676	Disease@MESH:D003324	0
Gene@492938	Mutation@rs1550676	Disease@MESH:D002544	0
Gene@492938	Mutation@rs1550676	Disease@MESH:D002561	0
Gene@492938	Mutation@rs1550676	Disease@MESH:D002973	0
Gene@492938	Mutation@rs1550676	Disease@MESH:D003643	0
Gene@492938	Mutation@rs1550676	Disease@MESH:D006331	0
Gene@492938	Mutation@rs1550676	Disease@MESH:D020521	0
Gene@492938	Mutation@rs1550676	Disease@MESH:D009203	0
Gene@492938	Mutation@rs1550676	Disease@MESH:D050197	0
Gene@492938	Mutation@rs1550676	Disease@MESH:D007249	0
Gene@492938	Mutation@rs1550676	Disease@MESH:D009765	0
Gene@492938	Mutation@rs1550676	Disease@MESH:D006943	0
