Gene@367	Mutation@rs4509480	Disease@MESH:D003920	0
Gene@367	Mutation@rs4509480	Disease@MESH:D012164	0
Gene@367	Mutation@rs4509480	Disease@MESH:D051436	0
Gene@367	Mutation@rs4509480	Disease@MESH:D012080	0
Gene@367	Mutation@rs4509480	Disease@MESH:D058729	0
Gene@367	Mutation@rs4509480	Disease@MESH:D009422	0
Gene@367	Mutation@rs4509480	Disease@MESH:D003324	0
Gene@367	Mutation@rs4509480	Disease@MESH:D003924	0
Gene@367	Mutation@rs4509480	Disease@MESH:D002544	0
Gene@367	Mutation@rs4509480	Disease@MESH:D017566	0
Gene@367	Mutation@rs4509480	Disease@MESH:D009369	0
Gene@367	Mutation@rs4509480	Disease@MESH:D000505	0
Gene@367	Mutation@rs4509480	Disease@MESH:D050171	0
Gene@367	Mutation@rs4509480	Disease@MESH:D006937	0
Gene@367	Mutation@rs4509480	Disease@MESH:D007674	0
Gene@367	Mutation@rs4509480	Disease@MESH:D010195	0
Gene@367	Mutation@rs4509480	Disease@MESH:D008175	0
Gene@367	Mutation@rs4509480	Disease@MESH:D006973	0
Gene@367	Mutation@rs4509480	Disease@MESH:D004827	0
Gene@6934	Mutation@rs4132670	Disease@MESH:D003920	1
Gene@6934	Mutation@rs4132670	Disease@MESH:D012164	1
Gene@6934	Mutation@rs4132670	Disease@MESH:D003924	1
Gene@6934	Mutation@rs4132670	Disease@MESH:D005124	1
Gene@6272	Mutation@rs602633	Disease@MESH:D003920	1
Gene@6272	Mutation@rs602633	Disease@MESH:D003324	1
Gene@6272	Mutation@rs602633	Disease@MESH:D003924	1
Gene@5139	Mutation@rs71039916	Disease@MESH:D003920	1
Gene@5139	Mutation@rs71039916	Disease@MESH:D003324	1
Gene@5139	Mutation@rs71039916	Disease@MESH:D003924	1
Gene@55714	Mutation@rs2177223	Disease@MESH:D003920	1
Gene@55714	Mutation@rs2177223	Disease@MESH:D003924	1
Gene@9791	Mutation@rs3104154	Disease@MESH:D003920	1
Gene@9791	Mutation@rs3104154	Disease@MESH:D058729	1
Gene@9791	Mutation@rs3104154	Disease@MESH:D003924	1
Gene@8828	Mutation@rs78977169	Disease@MESH:D003920	1
Gene@8828	Mutation@rs78977169	Disease@MESH:D009422	1
Gene@8828	Mutation@rs78977169	Disease@MESH:D003924	1
Gene@8828	Mutation@rs78977169	Disease@MESH:D003929	1
Gene@2703	Mutation@rs76754787	Disease@MESH:D003920	1
Gene@2703	Mutation@rs76754787	Disease@MESH:D012164	1
Gene@2703	Mutation@rs76754787	Disease@MESH:D003924	1
Gene@2703	Mutation@rs76754787	Disease@MESH:D005124	1
Gene@6571	Mutation@rs2255624	Disease@MESH:D003920	1
Gene@6571	Mutation@rs2255624	Disease@MESH:D012164	1
Gene@6571	Mutation@rs2255624	Disease@MESH:D003924	1
Gene@6571	Mutation@rs2255624	Disease@MESH:D005124	1
Gene@55092	Mutation@rs491203	Disease@MESH:D003920	1
Gene@55092	Mutation@rs491203	Disease@MESH:D003924	1
Gene@55092	Mutation@rs491203	Disease@MESH:D002544	1
Gene@55092	Mutation@rs491203	Disease@MESH:D020521	1
Gene@286144	Mutation@rs2134937	Disease@MESH:D003920	1
Gene@286144	Mutation@rs2134937	Disease@MESH:D003924	1
Gene@286144	Mutation@rs2134937	Disease@MESH:D002544	1
Gene@286144	Mutation@rs2134937	Disease@MESH:D020521	1
Gene@7369	Mutation@rs34857077	Disease@MESH:D003920	1
Gene@7369	Mutation@rs34857077	Disease@MESH:D003924	1
Gene@1030	Mutation@rs1831733	Disease@MESH:D003920	1
Gene@1030	Mutation@rs1831733	Disease@MESH:D003324	1
Gene@1030	Mutation@rs1831733	Disease@MESH:D003924	1
Gene@1029	Mutation@rs1831733	Disease@MESH:D003920	1
Gene@1029	Mutation@rs1831733	Disease@MESH:D003324	1
Gene@1029	Mutation@rs1831733	Disease@MESH:D003924	1
