Gene@6267	Mutation@rs3769821	Disease@MESH:D008175	0
Gene@6267	Mutation@rs3769821	Disease@MESH:D002289	0
Gene@6267	Mutation@rs3769821	Disease@MESH:D009369	0
Gene@6267	Mutation@rs3769821	Disease@MESH:D000544	0
Gene@6267	Mutation@rs3769821	Disease@MESH:D002318	0
Gene@6267	Mutation@rs3769821	Disease@MESH:D001943	0
Gene@6267	Mutation@rs3769821	Disease@MESH:D003643	0
Gene@6267	Mutation@rs3769821	Disease@MESH:C538231	0
Gene@6267	Mutation@rs3769821	Disease@MESH:D002294	0
Gene@6267	Mutation@rs3769821	Disease@MESH:D042822	0
Gene@6267	Mutation@rs3769821	Disease@MESH:D063646	0
Gene@6267	Mutation@rs3769821	Disease@MESH:D003327	0
Gene@6267	Mutation@rs3769821	Disease@MESH:D050197	0
Gene@6267	Mutation@rs3769821	Disease@MESH:D002908	0
Gene@6267	Mutation@rs3769821	Disease@MESH:D030342	0
Gene@6267	Mutation@rs3769821	Disease@MESH:D018307	0
Gene@6267	Mutation@rs2293607	Disease@MESH:D008175	0
Gene@6267	Mutation@rs2293607	Disease@MESH:D002289	0
Gene@6267	Mutation@rs2293607	Disease@MESH:D009369	0
Gene@6267	Mutation@rs2293607	Disease@MESH:D000544	0
Gene@116113	Mutation@rs1853837	Disease@MESH:D008175	1
Gene@116113	Mutation@rs1853837	Disease@MESH:D002289	1
Gene@116113	Mutation@rs1853837	Disease@MESH:D009369	1
Gene@1029	Mutation@rs10429489	Disease@MESH:D008175	1
Gene@1029	Mutation@rs10429489	Disease@MESH:D002289	1
Gene@1029	Mutation@rs10429489	Disease@MESH:D009369	1
Gene@9728	Mutation@rs77468143	Disease@MESH:D009369	1
Gene@9728	Mutation@rs77468143	Disease@MESH:C538231	1
Gene@1548	Mutation@rs56113850	Disease@MESH:D008175	1
Gene@1548	Mutation@rs56113850	Disease@MESH:D002289	1
Gene@1548	Mutation@rs56113850	Disease@MESH:D009369	1
