Gene@672	Mutation@rs60882887	Disease@MESH:D001943	0
Gene@672	Mutation@rs60882887	Disease@MESH:D009369	0
Gene@672	Mutation@rs60882887	Disease@MESH:D010051	0
Gene@672	Mutation@rs60882887	Disease@MESH:D000848	0
Gene@672	Mutation@rs60882887	Disease@MESH:D003643	0
Gene@672	Mutation@rs60882887	Disease@MESH:D061325	0
Gene@672	Mutation@rs60882887	Disease@MESH:D000079225	0
Gene@672	Mutation@rs11571833	Disease@MESH:D001943	0
Gene@672	Mutation@rs11571833	Disease@MESH:D009369	0
Gene@672	Mutation@rs11571833	Disease@MESH:D010051	0
Gene@672	Mutation@rs11571833	Disease@MESH:D000848	0
Gene@672	Mutation@rs11571833	Disease@MESH:D003643	0
Gene@672	Mutation@rs11571833	Disease@MESH:D061325	0
Gene@672	Mutation@rs11571833	Disease@MESH:D000079225	0
Gene@672	Mutation@rs17426269	Disease@MESH:D001943	0
Gene@672	Mutation@rs17426269	Disease@MESH:D009369	0
Gene@672	Mutation@rs17426269	Disease@MESH:D010051	0
Gene@10209	Mutation@rs56291217	Disease@MESH:D001943	1
Gene@10209	Mutation@rs56291217	Disease@MESH:D009369	1
Gene@26121	Mutation@rs10759243	Disease@MESH:D001943	1
Gene@26121	Mutation@rs10759243	Disease@MESH:D009369	1
Gene@10658	Mutation@rs80221606	Disease@MESH:D001943	1
Gene@10658	Mutation@rs80221606	Disease@MESH:D009369	1
Gene@85289	Mutation@rs58117746	Disease@MESH:D001943	1
Gene@85289	Mutation@rs58117746	Disease@MESH:D009369	1
Gene@3728	Mutation@rs7222250	Disease@MESH:D001943	1
Gene@3728	Mutation@rs7222250	Disease@MESH:D009369	1
Gene@3728	Mutation@rs9901834	Disease@MESH:D001943	1
Gene@3728	Mutation@rs9901834	Disease@MESH:D009369	1
Gene@3728	Mutation@rs41283425	Disease@MESH:D001943	1
Gene@3728	Mutation@rs41283425	Disease@MESH:D009369	1
Gene@5913	Mutation@rs60882887	Disease@MESH:D001943	1
Gene@5913	Mutation@rs60882887	Disease@MESH:D009369	1
Gene@7266	Mutation@rs10708222	Disease@MESH:D001943	1
Gene@7266	Mutation@rs10708222	Disease@MESH:D009369	1
Gene@7266	Mutation@rs111637825	Disease@MESH:D001943	1
Gene@7266	Mutation@rs111637825	Disease@MESH:D009369	1
