Gene@74121	Mutation@rs4759229	Disease@MESH:D009765	0
Gene@74121	Mutation@rs4759229	Disease@MESH:D001249	0
Gene@74121	Mutation@rs4759229	Disease@MESH:D002908	0
Gene@74121	Mutation@rs4759229	Disease@MESH:D008659	0
Gene@74121	Mutation@rs4759229	Disease@MESH:D003924	0
Gene@74121	Mutation@rs4759229	Disease@MESH:C565292	0
Gene@74121	Mutation@rs4759229	Disease@MESH:D006261	0
Gene@74121	Mutation@rs4759229	Disease@MESH:D012893	0
Gene@74121	Mutation@rs4759229	Disease@MESH:D003920	0
Gene@74121	Mutation@rs4759229	Disease@MESH:D003324	0
Gene@74121	Mutation@rs4759229	Disease@MESH:D004342	0
Gene@74121	Mutation@rs4759229	Disease@MESH:D000544	0
Gene@74121	Mutation@rs4759229	Disease@MESH:D029424	0
Gene@74121	Mutation@rs4759229	Disease@OMIM:610906	0
Gene@74121	Mutation@rs4759229	Disease@MESH:D004485	0
Gene@74121	Mutation@rs4759229	Disease@MESH:D065631	0
Gene@74121	Mutation@rs4759229	Disease@MESH:D007249	0
Gene@74121	Mutation@rs4759229	Disease@MESH:D044882	0
