Gene@9739	Mutation@rs11836367	Disease@MESH:D001943	0
Gene@9739	Mutation@rs11836367	Disease@MESH:D009369	0
Gene@9739	Mutation@rs11836367	Disease@MESH:D003924	0
Gene@9739	Mutation@rs11836367	Disease@MESH:D010468	0
Gene@9739	Mutation@rs11836367	Disease@MESH:D010014	0
Gene@9739	Mutation@rs11836367	Disease@MESH:D009362	0
Gene@9739	Mutation@rs11836367	Disease@MESH:D000437	0
Gene@9739	Mutation@rs11836367	Disease@MESH:D054198	0
Gene@9739	Mutation@rs11836367	Disease@MESH:D015179	0
Gene@9739	Mutation@rs11836367	Disease@MESH:D061325	0
Gene@9739	Mutation@rs11836367	Disease@MESH:D003920	0
Gene@9739	Mutation@rs4442975	Disease@MESH:D001943	0
Gene@9739	Mutation@rs4442975	Disease@MESH:D009369	0
Gene@9739	Mutation@rs4442975	Disease@MESH:D003924	0
Gene@9739	Mutation@rs4442975	Disease@MESH:D010468	0
Gene@9739	Mutation@rs4442975	Disease@MESH:D010014	0
Gene@9739	Mutation@rs4442975	Disease@MESH:D009362	0
Gene@9739	Mutation@rs4442975	Disease@MESH:D000437	0
Gene@9739	Mutation@rs4442975	Disease@MESH:D054198	0
Gene@9739	Mutation@rs4442975	Disease@MESH:D015179	0
Gene@643714	Mutation@rs4784227	Disease@MESH:D001943	1
Gene@643714	Mutation@rs4784227	Disease@MESH:D009369	1
Gene@2263	Mutation@rs2981575	Disease@MESH:D001943	1
Gene@2263	Mutation@rs2981575	Disease@MESH:D009369	1
Gene@152110	Mutation@rs11715126	Disease@MESH:D001943	1
Gene@152110	Mutation@rs11715126	Disease@MESH:D009369	1
Gene@101928292	Mutation@rs661204	Disease@MESH:D001943	1
Gene@101928292	Mutation@rs661204	Disease@MESH:D009369	1
