Gene@354	Mutation@rs72725854	Disease@MESH:D011471	0
Gene@354	Mutation@rs72725854	Disease@MESH:D006973	0
Gene@354	Mutation@rs72725854	Disease@MESH:D003643	0
Gene@354	Mutation@rs72725854	Disease@MESH:D009369	0
Gene@354	Mutation@rs72725854	Disease@MESH:D001523	0
Gene@354	Mutation@rs72725854	Disease@MESH:D011125	0
Gene@354	Mutation@rs72725854	Disease@MESH:D034721	0
Gene@354	Mutation@rs75823044	Disease@MESH:D011471	0
Gene@354	Mutation@rs75823044	Disease@MESH:D006973	0
Gene@354	Mutation@rs75823044	Disease@MESH:D003643	0
Gene@354	Mutation@rs75823044	Disease@MESH:D009369	0
Gene@354	Mutation@rs75823044	Disease@MESH:D001523	0
Gene@354	Mutation@rs75823044	Disease@MESH:D011125	0
Gene@354	Mutation@rs75823044	Disease@MESH:D034721	0
Gene@354	Mutation@rs78554043	Disease@MESH:D011471	0
Gene@354	Mutation@rs78554043	Disease@MESH:D006973	0
Gene@354	Mutation@rs78554043	Disease@MESH:D003643	0
Gene@354	Mutation@rs78554043	Disease@MESH:D009369	0
