Gene@729420	Mutation@rs12875562	Disease@MESH:D008175	0
Gene@729420	Mutation@rs12875562	Disease@MESH:D009369	0
Gene@729420	Mutation@rs12875562	Disease@MESH:D000077192	0
Gene@729420	Mutation@rs12875562	Disease@MESH:D003643	0
Gene@729420	Mutation@rs12875562	Disease@MESH:D030342	0
Gene@729420	Mutation@rs12875562	Disease@MESH:D000230	0
Gene@729420	Mutation@rs12875562	Disease@OMIM:176500	0
Gene@729420	Mutation@rs12875562	Disease@MESH:D012509	0
Gene@729420	Mutation@rs12875562	Disease@MESH:D003424	0
Gene@729420	Mutation@rs12875562	Disease@MESH:D011565	0
Gene@729420	Mutation@rs12875562	Disease@MESH:D002294	0
Gene@729420	Mutation@rs12875562	Disease@MESH:D063646	0
Gene@729420	Mutation@rs12875562	Disease@MESH:D058729	0
Gene@729420	Mutation@rs12875562	Disease@MESH:D055752	0
Gene@729420	Mutation@rs12875562	Disease@MESH:D001249	0
Gene@729420	Mutation@rs12875562	Disease@MESH:D009190	0
Gene@729420	Mutation@rs12875562	Disease@MESH:D029424	0
Gene@729420	Mutation@rs12875562	Disease@MESH:C000656865	0
Gene@729420	Mutation@rs214346	Disease@MESH:D008175	0
Gene@832	Mutation@rs214346	Disease@MESH:D008175	1
Gene@10422	Mutation@rs6569	Disease@MESH:D008175	1
Gene@57495	Mutation@rs17603438	Disease@MESH:D008175	1
Gene@1740	Mutation@rs17148028	Disease@MESH:D008175	1
