Gene@672	Mutation@rs78378222	Disease@MESH:D001943	0
Gene@672	Mutation@rs78378222	Disease@MESH:D009369	0
Gene@672	Mutation@rs78378222	Disease@MESH:D010051	0
Gene@672	Mutation@rs78378222	Disease@MESH:D002278	0
Gene@672	Mutation@rs78378222	Disease@MESH:D006402	0
Gene@672	Mutation@rs78378222	Disease@MESH:D000077216	0
Gene@672	Mutation@rs78378222	Disease@MESH:D008310	0
Gene@672	Mutation@rs17215231	Disease@MESH:D001943	0
Gene@672	Mutation@rs17215231	Disease@MESH:D009369	0
Gene@672	Mutation@rs17215231	Disease@MESH:D010051	0
Gene@672	Mutation@rs17215231	Disease@MESH:D002278	0
Gene@672	Mutation@rs17215231	Disease@MESH:D006402	0
Gene@672	Mutation@rs17215231	Disease@MESH:D000077216	0
Gene@672	Mutation@rs17215231	Disease@MESH:D008310	0
Gene@672	Mutation@rs2464195	Disease@MESH:D001943	0
Gene@672	Mutation@rs2464195	Disease@MESH:D009369	0
Gene@672	Mutation@rs2464195	Disease@MESH:D010051	0
Gene@672	Mutation@rs2464195	Disease@MESH:D002278	0
