Gene@3630	Mutation@rs10501320	Disease@MESH:D000544	0
Gene@3630	Mutation@rs10501320	Disease@MESH:D008659	0
Gene@3630	Mutation@rs10501320	Disease@MESH:D044882	0
Gene@3630	Mutation@rs10501320	Disease@MESH:D019636	0
Gene@3630	Mutation@rs10501320	Disease@MESH:D008569	0
Gene@3630	Mutation@rs10501320	Disease@MESH:D003072	0
Gene@3630	Mutation@rs10501320	Disease@MESH:D003920	0
Gene@3630	Mutation@rs10501320	Disease@MESH:D024821	0
Gene@3630	Mutation@rs10501320	Disease@MESH:D056128	0
Gene@3630	Mutation@rs10501320	Disease@MESH:D006973	0
Gene@3630	Mutation@rs10501320	Disease@MESH:D006943	0
Gene@3630	Mutation@rs10501320	Disease@MESH:D015228	0
Gene@3630	Mutation@rs10501320	Disease@MESH:D001249	0
Gene@3630	Mutation@rs10501320	Disease@MESH:D004342	0
Gene@3630	Mutation@rs10501320	Disease@MESH:D009369	0
Gene@3630	Mutation@rs10501320	Disease@MESH:D002303	0
Gene@3630	Mutation@rs10501320	Disease@MESH:D003643	0
Gene@3630	Mutation@rs10501320	Disease@MESH:D009765	0
Gene@3630	Mutation@rs10501320	Disease@MESH:D007022	0
Gene@348	Mutation@rs157595	Disease@MESH:D000544	1
Gene@348	Mutation@rs157595	Disease@MESH:D003704	1
Gene@53	Mutation@rs10501320	Disease@MESH:D000544	1
Gene@53	Mutation@rs10501320	Disease@MESH:D003704	1
Gene@79841	Mutation@rs10501320	Disease@MESH:D000544	1
Gene@79841	Mutation@rs10501320	Disease@MESH:D003704	1
Gene@143678	Mutation@rs12805422	Disease@MESH:D000544	1
Gene@143678	Mutation@rs12805422	Disease@MESH:D003704	1
Gene@1408	Mutation@rs12805422	Disease@MESH:D000544	1
Gene@1408	Mutation@rs12805422	Disease@MESH:D003704	1
Gene@256148	Mutation@rs1483121	Disease@MESH:D000544	1
Gene@256148	Mutation@rs1483121	Disease@MESH:D003704	1
Gene@6934	Mutation@rs17747324	Disease@MESH:D000544	1
Gene@6934	Mutation@rs17747324	Disease@MESH:D003704	1
Gene@1191	Mutation@rs2279590	Disease@MESH:D000544	1
Gene@1191	Mutation@rs2279590	Disease@MESH:D003704	1
Gene@602	Mutation@rs4803750	Disease@MESH:D000544	1
Gene@602	Mutation@rs4803750	Disease@MESH:D003704	1
Gene@602	Mutation@rs157595	Disease@MESH:D000544	1
Gene@602	Mutation@rs157595	Disease@MESH:D003704	1
Gene@341	Mutation@rs157595	Disease@MESH:D000544	1
Gene@341	Mutation@rs157595	Disease@MESH:D003704	1
Gene@344	Mutation@rs157595	Disease@MESH:D000544	1
Gene@344	Mutation@rs157595	Disease@MESH:D003704	1
Gene@274	Mutation@rs6733839	Disease@MESH:D000544	1
Gene@274	Mutation@rs6733839	Disease@MESH:D003704	1
Gene@164592	Mutation@rs5754166	Disease@MESH:D000544	1
Gene@164592	Mutation@rs5754166	Disease@MESH:D003704	1
Gene@55626	Mutation@rs10501320	Disease@MESH:D000544	1
Gene@55626	Mutation@rs10501320	Disease@MESH:D003704	1
Gene@84364	Mutation@rs10501320	Disease@MESH:D000544	1
Gene@84364	Mutation@rs10501320	Disease@MESH:D003704	1
Gene@392	Mutation@rs10501320	Disease@MESH:D000544	1
Gene@392	Mutation@rs10501320	Disease@MESH:D003704	1
Gene@9776	Mutation@rs10501320	Disease@MESH:D000544	1
Gene@9776	Mutation@rs10501320	Disease@MESH:D003704	1
Gene@114900	Mutation@rs10501320	Disease@MESH:D000544	1
Gene@114900	Mutation@rs10501320	Disease@MESH:D003704	1
Gene@79096	Mutation@rs10501320	Disease@MESH:D000544	1
Gene@79096	Mutation@rs10501320	Disease@MESH:D003704	1
Gene@10658	Mutation@rs10501320	Disease@MESH:D000544	1
Gene@10658	Mutation@rs10501320	Disease@MESH:D003704	1
Gene@1132	Mutation@rs10501320	Disease@MESH:D000544	1
Gene@1132	Mutation@rs10501320	Disease@MESH:D003704	1
Gene@9793	Mutation@rs10501320	Disease@MESH:D000544	1
Gene@9793	Mutation@rs10501320	Disease@MESH:D003704	1
Gene@90993	Mutation@rs10501320	Disease@MESH:D000544	1
Gene@90993	Mutation@rs10501320	Disease@MESH:D003704	1
Gene@1643	Mutation@rs10501320	Disease@MESH:D000544	1
Gene@1643	Mutation@rs10501320	Disease@MESH:D003704	1
Gene@8525	Mutation@rs10501320	Disease@MESH:D000544	1
Gene@8525	Mutation@rs10501320	Disease@MESH:D003704	1
Gene@399888	Mutation@rs10501320	Disease@MESH:D000544	1
Gene@399888	Mutation@rs10501320	Disease@MESH:D003704	1
Gene@9479	Mutation@rs12805422	Disease@MESH:D000544	1
Gene@9479	Mutation@rs12805422	Disease@MESH:D003704	1
Gene@9409	Mutation@rs12805422	Disease@MESH:D000544	1
Gene@9409	Mutation@rs12805422	Disease@MESH:D003704	1
