Gene@3107	Mutation@rs60587303	Disease@MESH:D003922	0
Gene@3107	Mutation@rs60587303	Disease@MESH:D003920	0
Gene@3107	Mutation@rs60587303	Disease@MESH:D001327	0
Gene@3107	Mutation@rs60587303	Disease@MESH:D007319	0
Gene@3107	Mutation@rs60587303	Disease@MESH:D006973	0
Gene@3107	Mutation@rs60587303	Disease@MESH:D001714	0
Gene@3107	Mutation@rs60587303	Disease@MESH:D049932	0
Gene@3107	Mutation@rs60587303	Disease@MESH:D004342	0
Gene@3107	Mutation@rs60587303	Disease@MESH:D009369	0
Gene@3107	Mutation@rs60587303	Disease@MESH:D003924	0
Gene@3107	Mutation@rs60587303	Disease@MESH:D003643	0
Gene@3107	Mutation@rs60587303	Disease@MESH:D009103	0
Gene@3107	Mutation@rs60587303	Disease@MESH:D050723	0
Gene@3107	Mutation@rs60587303	Disease@MESH:D008175	0
Gene@3107	Mutation@rs34536443	Disease@MESH:D003922	0
Gene@3107	Mutation@rs34536443	Disease@MESH:D003920	0
Gene@3107	Mutation@rs34536443	Disease@MESH:D001327	0
Gene@3107	Mutation@rs34536443	Disease@MESH:D007319	0
Gene@27347	Mutation@rs689	Disease@MESH:D003922	1
Gene@27347	Mutation@rs689	Disease@MESH:D003920	1
Gene@5236	Mutation@rs2269247	Disease@MESH:D003922	1
Gene@5236	Mutation@rs2269247	Disease@MESH:D003920	1
