Gene@351	Mutation@rs7412	Disease@MESH:D000544	0
Gene@351	Mutation@rs7412	Disease@MESH:D019636	0
Gene@351	Mutation@rs7412	Disease@MESH:D003704	0
Gene@351	Mutation@rs7412	Disease@MESH:D003072	0
Gene@351	Mutation@rs7412	Disease@MESH:D003643	0
Gene@351	Mutation@rs7412	Disease@OMIM:617025	0
Gene@351	Mutation@rs7412	Disease@MESH:D018376	0
Gene@351	Mutation@rs7412	Disease@MESH:D000686	0
Gene@351	Mutation@rs429358	Disease@MESH:D000544	0
Gene@351	Mutation@rs429358	Disease@MESH:D019636	0
Gene@351	Mutation@rs429358	Disease@MESH:D003704	0
Gene@351	Mutation@rs429358	Disease@MESH:D003072	0
Gene@351	Mutation@rs429358	Disease@MESH:D003643	0
Gene@351	Mutation@rs429358	Disease@OMIM:617025	0
Gene@351	Mutation@rs429358	Disease@MESH:D018376	0
Gene@351	Mutation@rs429358	Disease@MESH:D000686	0
Gene@351	Mutation@rs153308	Disease@MESH:D000544	0
Gene@351	Mutation@rs153308	Disease@MESH:D019636	0
