Gene@152573	Mutation@rs17530621	Disease@MESH:D066126	1
Gene@152573	Mutation@rs17530621	Disease@MESH:D001943	1
Gene@152573	Mutation@rs17530621	Disease@MESH:D009369	1
Gene@152573	Mutation@rs17530621	Disease@MESH:D006333	0
Gene@152573	Mutation@rs17530621	Disease@MESH:D006331	0
Gene@152573	Mutation@rs17530621	Disease@MESH:D003643	0
Gene@152573	Mutation@rs17530621	Disease@MESH:D006949	0
Gene@152573	Mutation@rs17530621	Disease@MESH:D006973	0
Gene@152573	Mutation@rs17530621	Disease@MESH:D003920	0
Gene@152573	Mutation@rs17530621	Disease@MESH:D041441	0
Gene@152573	Mutation@rs17530621	Disease@MESH:D003141	0
Gene@152573	Mutation@rs17530621	Disease@MESH:D009202	0
Gene@152573	Mutation@rs17530621	Disease@MESH:D002318	0
Gene@152573	Mutation@rs17530621	Disease@MESH:D020257	0
Gene@152573	Mutation@rs11894115	Disease@MESH:D066126	0
Gene@152573	Mutation@rs11894115	Disease@MESH:D001943	0
Gene@152573	Mutation@rs11894115	Disease@MESH:D009369	0
Gene@152573	Mutation@rs11894115	Disease@MESH:D006333	0
Gene@152573	Mutation@rs11894115	Disease@MESH:D006331	0
Gene@152573	Mutation@rs11894115	Disease@MESH:D003643	0
Gene@6129	Mutation@rs58328254	Disease@MESH:D066126	1
Gene@6129	Mutation@rs58328254	Disease@MESH:D001943	1
Gene@6129	Mutation@rs58328254	Disease@MESH:D009369	1
Gene@158471	Mutation@rs117299725	Disease@MESH:D066126	1
Gene@158471	Mutation@rs117299725	Disease@MESH:D001943	1
Gene@158471	Mutation@rs117299725	Disease@MESH:D009369	1
Gene@389206	Mutation@rs17530621	Disease@MESH:D066126	1
Gene@389206	Mutation@rs17530621	Disease@MESH:D001943	1
Gene@389206	Mutation@rs17530621	Disease@MESH:D009369	1
Gene@10396	Mutation@rs17530621	Disease@MESH:D066126	1
Gene@10396	Mutation@rs17530621	Disease@MESH:D001943	1
Gene@10396	Mutation@rs17530621	Disease@MESH:D009369	1
Gene@100616336	Mutation@rs6804462	Disease@MESH:D066126	1
Gene@100616336	Mutation@rs6804462	Disease@MESH:D001943	1
Gene@100616336	Mutation@rs6804462	Disease@MESH:D009369	1
Gene@157506	Mutation@rs58328254	Disease@MESH:D066126	1
Gene@157506	Mutation@rs58328254	Disease@MESH:D001943	1
Gene@157506	Mutation@rs58328254	Disease@MESH:D009369	1
Gene@56934	Mutation@rs2113374	Disease@MESH:D066126	1
Gene@56934	Mutation@rs2113374	Disease@MESH:D001943	1
Gene@56934	Mutation@rs2113374	Disease@MESH:D009369	1
Gene@1012	Mutation@rs147631684	Disease@MESH:D066126	1
Gene@1012	Mutation@rs147631684	Disease@MESH:D001943	1
Gene@1012	Mutation@rs147631684	Disease@MESH:D009369	1
Gene@100506650	Mutation@rs2113374	Disease@MESH:D066126	1
Gene@100506650	Mutation@rs2113374	Disease@MESH:D001943	1
Gene@100506650	Mutation@rs2113374	Disease@MESH:D009369	1
