Gene@9732	Mutation@rs442495	Disease@MESH:D000544	0
Gene@9732	Mutation@rs442495	Disease@MESH:D006973	0
Gene@9732	Mutation@rs442495	Disease@MESH:C536528	0
Gene@9732	Mutation@rs442495	Disease@MESH:D003324	0
Gene@9732	Mutation@rs442495	Disease@MESH:D003924	0
Gene@9732	Mutation@rs442495	Disease@MESH:D012559	0
Gene@9732	Mutation@rs442495	Disease@MESH:D010300	0
Gene@9732	Mutation@rs442495	Disease@MESH:D003141	0
Gene@9732	Mutation@rs442495	Disease@MESH:D007249	0
Gene@9732	Mutation@rs442495	Disease@MESH:D003110	0
Gene@9732	Mutation@rs442495	Disease@MESH:D003704	0
Gene@9732	Mutation@rs442495	Disease@MESH:D007683	0
Gene@9732	Mutation@rs442495	Disease@MESH:D015140	0
Gene@9732	Mutation@rs442495	Disease@MESH:D000783	0
Gene@9732	Mutation@rs442495	Disease@MESH:D002561	0
Gene@9732	Mutation@rs442495	Disease@MESH:D050171	0
Gene@9732	Mutation@rs442495	Disease@MESH:D018980	0
Gene@9732	Mutation@rs442495	Disease@MESH:D003920	0
Gene@9732	Mutation@rs442495	Disease@MESH:D008659	0
Gene@9732	Mutation@rs144867634	Disease@MESH:D000544	1
Gene@1636	Mutation@rs4308	Disease@MESH:D000544	1
Gene@102	Mutation@rs442495	Disease@MESH:D000544	1
Gene@9507	Mutation@rs4575098	Disease@MESH:D000544	1
Gene@84888	Mutation@rs12595082	Disease@MESH:D000544	1
Gene@905	Mutation@rs10496731	Disease@MESH:D000544	1
