Gene@966	Mutation@rs4129423	Disease@MESH:D003930	0
Gene@966	Mutation@rs4129423	Disease@MESH:D003928	0
Gene@966	Mutation@rs4129423	Disease@OMIM:603933	0
Gene@966	Mutation@rs4129423	Disease@MESH:D003920	0
Gene@966	Mutation@rs4129423	Disease@MESH:D007674	0
Gene@966	Mutation@rs4129423	Disease@MESH:D000419	0
Gene@966	Mutation@rs4129423	Disease@MESH:D003925	0
Gene@966	Mutation@rs4129423	Disease@MESH:D044882	0
Gene@966	Mutation@rs4129423	Disease@MESH:D007249	0
Gene@966	Mutation@rs4129423	Disease@MESH:D012164	0
Gene@966	Mutation@rs4129423	Disease@MESH:D003924	0
Gene@966	Mutation@rs4129423	Disease@MESH:D005128	0
Gene@966	Mutation@rs4129423	Disease@MESH:D051436	0
Gene@966	Mutation@rs4129423	Disease@MESH:D007676	0
Gene@966	Mutation@rs4129423	Disease@MESH:D051437	0
Gene@966	Mutation@rs4129423	Disease@MESH:D000544	0
Gene@966	Mutation@rs4129423	Disease@MESH:D003327	0
Gene@966	Mutation@rs4129423	Disease@MESH:D002318	0
Gene@966	Mutation@rs4129423	Disease@MESH:D006973	0
