Gene@4477	Mutation@rs10993994	Disease@MESH:D011471	1
Gene@4477	Mutation@rs10993994	Disease@MESH:D009369	1
Gene@4477	Mutation@rs10993994	Disease@MESH:C535460	0
Gene@4477	Mutation@rs10993994	Disease@MESH:D003643	0
Gene@4477	Mutation@rs10993994	Disease@MESH:D003316	0
Gene@4477	Mutation@rs10993994	Disease@MESH:D003920	0
Gene@4477	Mutation@rs10993994	Disease@MESH:D001943	0
Gene@4477	Mutation@rs10993994	Disease@MESH:D013009	0
Gene@4477	Mutation@rs10993994	Disease@MESH:D009362	0
Gene@4477	Mutation@rs10993994	Disease@MESH:D002908	0
Gene@4477	Mutation@rs10993994	Disease@MESH:D008175	0
Gene@4477	Mutation@rs10993994	Disease@MESH:D009203	0
Gene@4477	Mutation@rs10993994	Disease@MESH:D018149	0
Gene@4477	Mutation@rs10993994	Disease@MESH:D001249	0
Gene@4477	Mutation@rs10993994	Disease@MESH:D003924	0
Gene@4477	Mutation@rs10993994	Disease@MESH:D016889	0
Gene@4477	Mutation@rs10993994	Disease@MESH:D013274	0
Gene@4477	Mutation@rs10993994	Disease@MESH:D008659	0
Gene@4477	Mutation@rs7843031	Disease@MESH:D011471	0
Gene@4477	Mutation@rs7843031	Disease@MESH:D009369	0
