Gene@64478	Mutation@rs2449598	Disease@MESH:D001943	0
Gene@64478	Mutation@rs2449598	Disease@MESH:D009369	0
Gene@64478	Mutation@rs2449598	Disease@MESH:D008545	0
Gene@64478	Mutation@rs2449598	Disease@MESH:D064420	0
Gene@64478	Mutation@rs2449598	Disease@MESH:D003920	0
Gene@64478	Mutation@rs2449598	Disease@MESH:D020191	0
Gene@64478	Mutation@rs2449598	Disease@MESH:D053632	0
Gene@64478	Mutation@rs2449598	Disease@MESH:D006086	0
Gene@64478	Mutation@rs2449598	Disease@MESH:D010049	0
Gene@64478	Mutation@rs2449598	Disease@MESH:D005076	0
Gene@64478	Mutation@rs2449598	Disease@MESH:C536751	0
Gene@64478	Mutation@rs1437153	Disease@MESH:D001943	0
Gene@64478	Mutation@rs1437153	Disease@MESH:D009369	0
Gene@64478	Mutation@rs1437153	Disease@MESH:D008545	0
Gene@64478	Mutation@rs1437153	Disease@MESH:D064420	0
Gene@64478	Mutation@rs1437153	Disease@MESH:D003920	0
Gene@64478	Mutation@rs1437153	Disease@MESH:D020191	0
Gene@64478	Mutation@rs1437153	Disease@MESH:D053632	0
Gene@1740	Mutation@rs2449598	Disease@MESH:D001943	1
Gene@1740	Mutation@rs2449598	Disease@MESH:D009369	1
Gene@1009	Mutation@rs1437153	Disease@MESH:D001943	1
Gene@1009	Mutation@rs1437153	Disease@MESH:D009369	1
