Gene@8030	Mutation@rs6733839	Disease@MESH:D000544	0
Gene@8030	Mutation@rs6733839	Disease@MESH:D003141	0
Gene@8030	Mutation@rs6733839	Disease@MESH:D009765	0
Gene@8030	Mutation@rs6733839	Disease@MESH:D012559	0
Gene@8030	Mutation@rs6733839	Disease@MESH:D015212	0
Gene@8030	Mutation@rs6733839	Disease@MESH:D003704	0
Gene@8030	Mutation@rs6733839	Disease@MESH:D004342	0
Gene@8030	Mutation@rs6733839	Disease@MESH:D019636	0
Gene@8030	Mutation@rs6733839	Disease@MESH:D003643	0
Gene@8030	Mutation@rs6733839	Disease@MESH:D003924	0
Gene@8030	Mutation@rs6733839	Disease@MESH:D001327	0
Gene@8030	Mutation@rs6733839	Disease@MESH:C536122	0
Gene@8030	Mutation@rs6733839	Disease@MESH:D020258	0
Gene@8030	Mutation@rs6733839	Disease@MESH:D006973	0
Gene@8030	Mutation@rs6733839	Disease@MESH:D000079225	0
Gene@8030	Mutation@rs6733839	Disease@MESH:D002561	0
Gene@8030	Mutation@rs6733839	Disease@MESH:D010300	0
Gene@8030	Mutation@rs6733839	Disease@MESH:D008569	0
Gene@8440	Mutation@rs143080277	Disease@MESH:D000544	1
Gene@8440	Mutation@rs143080277	Disease@MESH:D003704	1
Gene@274	Mutation@rs6733839	Disease@MESH:D000544	1
Gene@274	Mutation@rs6733839	Disease@MESH:D003704	1
Gene@1636	Mutation@rs4311	Disease@MESH:D000544	1
Gene@1636	Mutation@rs4311	Disease@MESH:D003704	1
Gene@1636	Mutation@rs3730025	Disease@MESH:D000544	1
Gene@1636	Mutation@rs3730025	Disease@MESH:D003704	1
Gene@9510	Mutation@rs2830489	Disease@MESH:D000544	1
Gene@9510	Mutation@rs2830489	Disease@MESH:D003704	1
Gene@10347	Mutation@rs12151021	Disease@MESH:D000544	1
Gene@10347	Mutation@rs12151021	Disease@MESH:D003704	1
