Gene@4824	Mutation@rs76595456	Disease@MESH:D011471	0
Gene@4824	Mutation@rs76595456	Disease@MESH:D050197	0
Gene@4824	Mutation@rs76595456	Disease@MESH:D030342	0
Gene@4824	Mutation@rs76595456	Disease@MESH:D009369	0
Gene@4824	Mutation@rs76595456	Disease@MESH:C538320	0
Gene@4824	Mutation@rs76595456	Disease@MESH:C536373	0
Gene@4824	Mutation@rs76595456	Disease@MESH:D001523	0
Gene@4824	Mutation@rs76595456	Disease@MESH:D064420	0
Gene@4824	Mutation@rs76595456	Disease@MESH:D017827	0
Gene@4824	Mutation@rs72725879	Disease@MESH:D011471	0
Gene@4824	Mutation@rs72725879	Disease@MESH:D050197	0
Gene@4824	Mutation@rs72725879	Disease@MESH:D030342	0
Gene@4824	Mutation@rs72725879	Disease@MESH:D009369	0
Gene@4824	Mutation@rs72725879	Disease@MESH:C538320	0
Gene@4824	Mutation@rs72725879	Disease@MESH:C536373	0
Gene@4824	Mutation@rs72725879	Disease@MESH:D001523	0
Gene@4824	Mutation@rs72725879	Disease@MESH:D064420	0
Gene@4824	Mutation@rs72725879	Disease@MESH:D017827	0
Gene@4824	Mutation@rs10149068	Disease@MESH:D011471	0
Gene@4824	Mutation@rs10149068	Disease@MESH:D050197	0
