Gene@26121	Mutation@rs3176205	Disease@MESH:D003072	0
Gene@26121	Mutation@rs3176205	Disease@MESH:D000544	0
Gene@26121	Mutation@rs3176205	Disease@MESH:D007249	0
Gene@26121	Mutation@rs3176205	Disease@MESH:D003704	0
Gene@26121	Mutation@rs3176205	Disease@MESH:D004342	0
Gene@26121	Mutation@rs3176205	Disease@MESH:D019636	0
Gene@26121	Mutation@rs3176205	Disease@MESH:D010300	0
Gene@26121	Mutation@rs3176205	Disease@MESH:C531617	0
Gene@26121	Mutation@rs3176205	Disease@MESH:D000275	0
Gene@26121	Mutation@rs3176205	Disease@MESH:D006816	0
Gene@26121	Mutation@rs3176205	Disease@MESH:D028361	0
Gene@26121	Mutation@rs3176205	Disease@MESH:D009886	0
Gene@26121	Mutation@rs3176205	Disease@MESH:D002658	0
Gene@26121	Mutation@rs3176205	Disease@MESH:D001321	0
Gene@26121	Mutation@rs3176205	Disease@MESH:D001289	0
Gene@26121	Mutation@rs3176205	Disease@MESH:C566813	0
Gene@26121	Mutation@rs3176205	Disease@MESH:D006973	0
Gene@26121	Mutation@rs3176205	Disease@MESH:D003324	0
Gene@26121	Mutation@rs3176205	Disease@MESH:D000326	0
Gene@26121	Mutation@rs3176205	Disease@MESH:D000067877	0
