Gene@54332	Mutation@rs2233580	Disease@MESH:D003920	0
Gene@54332	Mutation@rs2233580	Disease@MESH:D003924	0
Gene@54332	Mutation@rs2233580	Disease@MESH:D008659	0
Gene@54332	Mutation@rs2233580	Disease@MESH:D010190	0
Gene@54332	Mutation@rs2233580	Disease@MESH:D009765	0
Gene@54332	Mutation@rs2233580	Disease@MESH:D008060	0
Gene@54332	Mutation@rs2233580	Disease@MESH:D002318	0
Gene@54332	Mutation@rs2233580	Disease@MESH:D005483	0
Gene@54332	Mutation@rs2233580	Disease@MESH:D009325	0
Gene@54332	Mutation@rs2233580	Disease@MESH:D006261	0
Gene@54332	Mutation@rs2233580	Disease@MESH:D007340	0
Gene@54332	Mutation@rs2233580	Disease@MESH:D044882	0
Gene@54332	Mutation@rs2233580	Disease@MESH:D060825	0
Gene@54332	Mutation@rs2233580	Disease@MESH:D000079225	0
Gene@54332	Mutation@rs2233580	Disease@MESH:D006943	0
Gene@54332	Mutation@rs2233580	Disease@MESH:D003324	0
Gene@54332	Mutation@rs2233580	Disease@MESH:C538320	0
Gene@54332	Mutation@rs2233580	Disease@MESH:D006130	0
Gene@6496	Mutation@rs12712928	Disease@MESH:D003920	1
Gene@6496	Mutation@rs12712928	Disease@MESH:D003924	1
Gene@217	Mutation@rs77768175	Disease@MESH:D003920	1
Gene@217	Mutation@rs77768175	Disease@MESH:D003924	1
Gene@157848	Mutation@rs33981001	Disease@MESH:D003920	1
Gene@157848	Mutation@rs33981001	Disease@MESH:D003924	1
Gene@157848	Mutation@rs117624659	Disease@MESH:D003920	1
Gene@157848	Mutation@rs117624659	Disease@MESH:D003924	1
Gene@286	Mutation@rs33981001	Disease@MESH:D003920	1
Gene@286	Mutation@rs33981001	Disease@MESH:D003924	1
Gene@5078	Mutation@rs2233580	Disease@MESH:D003920	1
Gene@5078	Mutation@rs2233580	Disease@MESH:D003924	1
Gene@113835	Mutation@rs142395395	Disease@MESH:D003920	1
Gene@113835	Mutation@rs142395395	Disease@MESH:D003924	1
