Gene@3952	Mutation@rs2972144	Disease@MESH:D003920	0
Gene@3952	Mutation@rs2972144	Disease@MESH:D003924	0
Gene@3952	Mutation@rs2972144	Disease@MESH:D004342	0
Gene@3952	Mutation@rs2972144	Disease@MESH:D010661	0
Gene@3952	Mutation@rs2972144	Disease@MESH:D007003	0
Gene@3952	Mutation@rs2972144	Disease@MESH:D006943	0
Gene@3952	Mutation@rs2972144	Disease@MESH:D009369	0
Gene@3952	Mutation@rs2972144	Disease@MESH:D063646	0
Gene@3952	Mutation@rs2972144	Disease@MESH:D000230	0
Gene@3952	Mutation@rs2972144	Disease@MESH:D048909	0
Gene@3952	Mutation@rs2972144	Disease@MESH:D015658	0
Gene@3952	Mutation@rs2972144	Disease@MESH:D044882	0
Gene@3952	Mutation@rs2972144	Disease@MESH:D006973	0
Gene@3952	Mutation@rs2972144	Disease@MESH:D008881	0
Gene@3952	Mutation@rs2972144	Disease@MESH:D012559	0
Gene@3952	Mutation@rs2972144	Disease@MESH:D002318	0
Gene@3952	Mutation@rs2972144	Disease@MESH:D009765	0
Gene@3952	Mutation@rs2972144	Disease@MESH:D060825	0
Gene@3952	Mutation@rs2972144	Disease@MESH:D004067	0
Gene@22837	Mutation@rs13389219	Disease@MESH:D003920	1
Gene@22837	Mutation@rs13389219	Disease@MESH:D003924	1
Gene@54622	Mutation@rs702634	Disease@MESH:D003920	1
Gene@54622	Mutation@rs702634	Disease@MESH:D003924	1
Gene@54622	Mutation@rs3776720	Disease@MESH:D003920	1
Gene@54622	Mutation@rs3776720	Disease@MESH:D003924	1
Gene@3087	Mutation@rs2488075	Disease@MESH:D003920	1
Gene@3087	Mutation@rs2488075	Disease@MESH:D003924	1
Gene@6934	Mutation@rs7896811	Disease@MESH:D003920	1
Gene@6934	Mutation@rs7896811	Disease@MESH:D003924	1
Gene@6833	Mutation@rs5215	Disease@MESH:D003920	1
Gene@6833	Mutation@rs5215	Disease@MESH:D003924	1
Gene@3767	Mutation@rs5215	Disease@MESH:D003920	1
Gene@3767	Mutation@rs5215	Disease@MESH:D003924	1
Gene@374383	Mutation@rs5215	Disease@MESH:D003920	1
Gene@374383	Mutation@rs5215	Disease@MESH:D003924	1
Gene@6854	Mutation@rs7621569	Disease@MESH:D003920	1
Gene@6854	Mutation@rs7621569	Disease@MESH:D003924	1
Gene@3667	Mutation@rs2972144	Disease@MESH:D003920	1
Gene@3667	Mutation@rs2972144	Disease@MESH:D003924	1
Gene@2646	Mutation@rs780094	Disease@MESH:D003920	1
Gene@2646	Mutation@rs780094	Disease@MESH:D003924	1
