Gene@354	Mutation@rs17055178	Disease@MESH:D064420	0
Gene@354	Mutation@rs17055178	Disease@MESH:D011471	0
Gene@354	Mutation@rs17055178	Disease@MESH:D006417	0
Gene@354	Mutation@rs17055178	Disease@MESH:D012002	0
Gene@354	Mutation@rs17055178	Disease@MESH:D009369	0
Gene@354	Mutation@rs17055178	Disease@MESH:C580334	0
Gene@354	Mutation@rs17055178	Disease@MESH:D007249	0
Gene@354	Mutation@rs17055178	Disease@MESH:D005355	0
Gene@354	Mutation@rs17055178	Disease@MESH:D014652	0
Gene@354	Mutation@rs17055178	Disease@MESH:D003556	0
Gene@354	Mutation@rs17055178	Disease@MESH:D010146	0
Gene@354	Mutation@rs17055178	Disease@MESH:D005767	0
Gene@354	Mutation@rs17055178	Disease@MESH:D001168	0
Gene@354	Mutation@rs17055178	Disease@MESH:D015212	0
Gene@354	Mutation@rs17055178	Disease@MESH:D002318	0
Gene@354	Mutation@rs17055178	Disease@MESH:D003920	0
Gene@354	Mutation@rs17055178	Disease@MESH:D006484	0
