Gene@5078	Mutation@rs2233580	Disease@MESH:D003924	0
Gene@5078	Mutation@rs2233580	Disease@MESH:D003920	0
Gene@5078	Mutation@rs2233580	Disease@MESH:D009765	0
Gene@5078	Mutation@rs2233580	Disease@MESH:D000783	0
Gene@5078	Mutation@rs2233580	Disease@MESH:D001172	0
Gene@5078	Mutation@rs2233580	Disease@MESH:D006973	0
Gene@5078	Mutation@rs2233580	Disease@MESH:D007153	0
Gene@5078	Mutation@rs2233580	Disease@MESH:D012141	0
Gene@5078	Mutation@rs2233580	Disease@MESH:D050171	0
Gene@5078	Mutation@rs2233580	Disease@MESH:D006943	0
Gene@5078	Mutation@rs2233580	Disease@MESH:D002544	0
Gene@5078	Mutation@rs11960799	Disease@MESH:D003924	0
Gene@5078	Mutation@rs11960799	Disease@MESH:D003920	0
Gene@5078	Mutation@rs11960799	Disease@MESH:D009765	0
Gene@5078	Mutation@rs11960799	Disease@MESH:D000783	0
Gene@5078	Mutation@rs11960799	Disease@MESH:D001172	0
Gene@5078	Mutation@rs11960799	Disease@MESH:D006973	0
Gene@5078	Mutation@rs11960799	Disease@MESH:D007153	0
Gene@5078	Mutation@rs11960799	Disease@MESH:D012141	0
Gene@5078	Mutation@rs11960799	Disease@MESH:D050171	0
Gene@54901	Mutation@rs2206734	Disease@MESH:D003924	1
Gene@54901	Mutation@rs2206734	Disease@MESH:D003920	1
