Gene@2099	Mutation@rs9371545	Disease@MESH:D018567	0
Gene@2099	Mutation@rs9371545	Disease@MESH:D001943	0
Gene@2099	Mutation@rs9371545	Disease@MESH:D009369	0
Gene@2099	Mutation@rs9371545	Disease@MESH:D015212	0
Gene@2099	Mutation@rs9371545	Disease@MESH:D011471	0
Gene@2099	Mutation@rs9371545	Disease@MESH:D009362	0
Gene@2099	Mutation@rs9371545	Disease@MESH:D011472	0
Gene@2099	Mutation@rs9371545	Disease@MESH:D010051	0
Gene@2099	Mutation@rs9371545	Disease@MESH:D006009	0
Gene@2099	Mutation@rs9371545	Disease@MESH:C567570	0
Gene@2099	Mutation@rs9371545	Disease@MESH:D009422	0
Gene@2099	Mutation@rs9371545	Disease@MESH:D020521	0
Gene@2099	Mutation@rs9371545	Disease@MESH:D000077216	0
Gene@2099	Mutation@rs9371545	Disease@MESH:D003139	0
Gene@2099	Mutation@rs1022979	Disease@MESH:D018567	0
Gene@2099	Mutation@rs1022979	Disease@MESH:D001943	0
Gene@2099	Mutation@rs1022979	Disease@MESH:D009369	0
Gene@80129	Mutation@rs9397437	Disease@MESH:D018567	1
Gene@80129	Mutation@rs9397437	Disease@MESH:D001943	1
Gene@80129	Mutation@rs9397437	Disease@MESH:D009369	1
Gene@80129	Mutation@rs3757322	Disease@MESH:D018567	1
Gene@80129	Mutation@rs3757322	Disease@MESH:D001943	1
Gene@80129	Mutation@rs3757322	Disease@MESH:D009369	1
