{"sentences": [{"sent": "Genome-wide association studies (GWAS) of late-onset Disease@MESH:D000544 (LOAD) have consistently observed strong evidence of association with polymorphisms in Gene@348. However, until recently, variants at few other loci with statistically significant associations have replicated across studies. The present study combines data on 483,399 single nucleotide polymorphisms (SNPs) from a previously reported GWAS of 492 LOAD cases and 496 controls and from an independent set of 439 LOAD cases and 608 controls to strengthen power to identify novel genetic association signals. Associations exceeding the experiment-wide significance threshold  were replicated in an additional 1,338 cases and 2,003 controls. As expected, these analyses unequivocally confirmed Gene@348's risk effect (Mutation@rs2075650, ). Additionally, the SNP Mutation@rs11754661 at 151.2 Mb of chromosome 6q25.1 in the gene Gene@25902 (which encodes the methylenetetrahydrofolate dehydrogenase (NADP+ dependent) 1-like protein) was significantly associated with LOAD (; Bonferroni-corrected P = 0.022). Subsequent genotyping of SNPs in high linkage disequilibrium  with Mutation@rs11754661 identified statistically significant associations in multiple SNPs (Mutation@rs803424, P = 0.016; Mutation@rs2073067, P = 0.03; Mutation@rs2072064, P = 0.035), reducing the likelihood of association due to genotyping error. In the replication case-control set, we observed an association of Mutation@rs11754661 in the same direction as the previous association at P = 0.002 ( in combined analysis of discovery and replication sets), with associations of similar statistical significance at several adjacent SNPs (Mutation@rs17349743, P = 0.005; Mutation@rs803422, P = 0.004). In summary, we observed and replicated a novel statistically significant association in Gene@25902, a gene involved in the tetrahydrofolate synthesis pathway. This finding is noteworthy, as Gene@25902 may play a role in the generation of methionine from homocysteine and influence homocysteine-related pathways and as levels of homocysteine are a significant risk factor for LOAD development", "type": "abstract"}, {"sent": "Studies looking for genetic variants across the genome that affect late-onset Disease@MESH:D000544 (LOAD) have had little success identifying genes other than Gene@348. Here, we use an expanded set of Disease@MESH:D000544 cases and controls to improve our power to detect genetic variants driving LOAD risk. Analyzing 483,399 genetic variants across the genome in a discovery dataset of 931 cases and 1,104 controls, we found a strong association to the marker Mutation@rs11754661 on chromosome 6 in the gene Gene@25902, in addition to the highly replicated chromosome 19 Gene@348 association. We genotyped adjacent variants on chromosome 6 in these same cases and controls and found these variants were also associated with LOAD. We replicated the association with Mutation@rs11754661 and additional SNPs in Gene@25902 in a combined dataset of cases and controls from our laboratory and from publicly available datasets. This finding is important because the gene is known to be involved in biological pathways influencing levels of homocysteine, a significant risk factor for Disease@MESH:D000544", "type": "abstract"}, {"sent": "Disease@MESH:D000544 (Disease@MESH:D000544) [MIM 104300] is a Disease@MESH:D019636 characterized by Disease@MESH:D003072 affecting more than 13% of individuals aged 65 years and older and constitutes the most common form of Disease@MESH:D003704 among older adults. While several major genes contributing to risk of Disease@MESH:D000544 have been identified (APP , Gene@5663 , Gene@338412 ), all but one (Gene@348 ) contributed predominantly to early-onset forms of Disease@MESH:D000544 that cluster within families; other than Gene@348, few consistent association signals have been observed for late-onset Disease@MESH:D000544 (LOAD). Recent estimates of the heritability of LOAD fall between 60% and 80%. However, while Gene@348 epsilon4-alleles elevate Disease@MESH:D000544 risk, only 50% of Disease@MESH:D000544 cases carry an APOE epsilon4 allele, suggesting genetic factors elsewhere in the genome contribute to Disease@MESH:D000544 risk", "type": "paragraph"}, {"sent": "At present, eleven studies have tested association with LOAD on genome-wide panels of single nucleotide polymorphisms (SNPs). Most, but not all, of these studies indirectly observed associations with Gene@348 on chromosome 19q with strong experiment-wide statistical significance. However, only a few of the studies observed associations at other loci exceeded experiment-wide statistical significance thresholds. A follow-up study to Coon et al. stratifying cases and controls by Gene@348 genotype detected strong associations with Gene@9846 (MIM:606203) SNPs, and in follow-up work observed altered Gene@9846 transcript levels in vulnerable neurons, and an effect of Gene@9846 levels on Gene@4137 phosphorylation; replication studies observed mixed results. In a family-based study of LOAD, Bertram et al. observed four SNP associations exceeding adjusted experiment-wide thresholds for statistical significance, including one for the chromosome. Our group reported a SNP association with experiment-wide statistical significance on chromosome 12q13. A GWAS originating from the Mayo Clinic identified a novel signal on the X chromosome in the gene Gene@27328 (MIM: 300246), encoding a protocadherin, a cell-cell adhesion molecule expressed in the brain. Generally, these earlier reports have not been consistently replicated in other studies, possibly due to sample sizes that are substantially smaller than those of GWAS studies that have successfully identified genes for other complex disorders. Two large collaborative GWAS of LOAD examined many thousands of cases and controls and both identified novel association signals in the gene Gene@1191 (aka Gene@1191, MIM: 185430; Gene@1191 or Gene@1191), as well as signals in Gene@1378 (MIM: 120620, Complement Component Receptor 1) and in Gene@8301 (MIM: 603025, Gene@8301), reporting some of the most consistent results for LOAD to date", "type": "paragraph"}, {"sent": "Even with the increased sample sizes and improved statistical power to detect loci with moderate effect sizes, it remains unlikely that these studies, incorporating cases and controls from multiple samples with varying case/control inclusion criteria, have identified all loci with modest effect sizes in LOAD. We analyzed genome-wide association in a discovery dataset of 931 cases and 1,104 controls and performed replication analysis on the strongest associations (Gene@1012) using genotype data from four existing studies totaling 1,338 cases and 2,003 controls", "type": "paragraph"}, {"sent": " Table 1 depicts the demographic characteristics of the case and control samples examined in initial association analyses. We examined 931 LOAD cases, average age 74.4 years at onset (standard deviation: +-8.1 years), and 1,104 cognitive controls, average age 73.8 years at exam (+-7.8 years) (Table 1). Cases were 64.5% female, while controls were 61.9% female", "type": "paragraph"}, {"sent": "11 SNPs had association p-values (P)<10-5 after adjustment for population substructure (Table 2; Q-Q plot for all association results in Figure 1; Gene@4820 in Tables S1, S2; all association results in Figure S1). Although the SNPs defining the APOE epsilon2, epsilon3, and epsilon4 alleles, Mutation@rs429358 and Mutation@rs7412, were not included on our genotyping platforms, we independently genotyped these SNPs and tested the association of APOE epsilon4 with LOAD risk (OR (95% CI): 4.18 (3.51, 4.97); ). SNPs adjacent to the Gene@348 haplotype on chromosome 19 otherwise demonstrated the highest associations observed, with the peak association being Mutation@rs2075650 with , confirming the expected effect of Gene@348 on LOAD risk in this sample. The most significant non-Gene@348 SNP in our previous GWAS (Table S3) was Mutation@rs11610206 on 12q13 (45.92 Mb) with ; in this study, this SNP was still strongly assoFciated with LOAD (OR (95% CI): 0.67 (0.54, 0.85); ), but not with experiment-wide statistical significance", "type": "paragraph"}, {"sent": "Plots depict expected versus observed -log10 P-values for 483,399 single SNP tests of association (in 931 LOAD cases and 1,104 cognitive controls, with adjustment for principal components as covariates for population substructure). Plot A includes the most-strongly associated SNPs within the Gene@348 locus, whereas plot B excludes the three most-strongly associated SNPs for clarity", "type": "fig_caption"}, {"sent": "The SNP Mutation@rs11754661, located at 151.2Mb of chromosome 6q25.1 in the gene Gene@25902, was significantly associated with LOAD (; Bonferroni-corrected P = 0.022). To ensure that this association was not spurious due to differences between subsets of genotyped samples, we performed several post-hoc quality control analyses. We examined clustering plots from genotype calling by platform to determine if misclassification could have affected the associations observed for the top 11 SNPs with Gene@1012, and observed discrete clustering by genotype for all 11 SNPs. We found no evidence of a difference in genotype frequencies among controls across subsets by genotyping platform (Fisher's exact test P = 0.71) or by study center (Fisher's exact test P = 0.95, Table S4). We also examined differences in dataset characteristics including variation in age, sex, and Gene@348 epsilon4 genotype distributions, and found limited differences between subsets by study center, autopsy- or clinical-confirmation of case or control status, and by genotyping platform (Table S5). Subsequently, we examined the first hundred principal components generated from EIGENSTRAT to determine if any of the principal components were associated with both differences in genotyping platform subset and disease status at P<0.05 as markers of potential systematic bias. While two principal components other than those used to adjust for population substructure showed association with both genotyping platform subset and LOAD, additional adjustment for these principal components did not change the strength of association between Mutation@rs11754661 and LOAD (data not shown). Models further adjusting for age, sex, and APOE epsilon4 carrier status (+/-) (Table S6) only marginally diminished the effect size and statistical significance of the association of Mutation@rs11754661 with LOAD (adjustment for age and sex, OR (95% CI): 2.03 (1.56, 2.64), ; adjustment for age, sex and APOE epsilon4 (+/-), OR (95% CI): 2.01 (1.51, 2.67), )", "type": "paragraph"}, {"sent": "Furthermore, we examined the associations in 4 SNPs in linkage disequilibrium (LD) (Figures S2) of D'>0.8 with Mutation@rs11754661, which demonstrated variable patterns of association with LOAD (Figure 2; Mutation@rs2839947, P = 0.0479; Mutation@rs11757561, P = 0.000684; Mutation@rs2073066, P = 0.768; Mutation@rs13201018, P = 0.185). It should be noted that due to the low minor allele frequency (MAF) of Mutation@rs11754661 (MAF = 0.07), only one of these SNPs, Mutation@rs11757561 (MAF = 0.20), had an r2>0.10 (r2 = 0.23). This SNP had a similar direction of association as Mutation@rs11754461 (OR (95% CI): 1.31 (1.12, 1.53))", "type": "paragraph"}, {"sent": "Plot of -log10 P-values for single SNP tests of association with LOAD with adjustment for population substructure for the chromosome 6 region from 151.2Mb to 151.3Mb in Gene@25902. Blue circles depict results for SNPs examined as part of genomewide association testing, whereas the green circle depicts the genome wide significant association of Mutation@rs11754661 and the green triangles show the association results of the additional six SNPs proximal to Mutation@rs11754661 genotyped on the Taqman platform. The orange line below the x-axis depicts the exons (thick line) and introns (thin line) of the Gene@25902, oriented 5' to 3' from left to right", "type": "fig_caption"}, {"sent": "Based on the pattern of LD in the vicinity of Mutation@rs11754661, we examined several haplotypes of Gene@25902 which included this SNP (described in Text S1) to identify potential markers for untyped variants associated with LOAD. Two haplotypes (the first comprising Mutation@rs2073066-Mutation@rs11754661-Mutation@rs13201018, the second comprising Mutation@rs2839947-Mutation@rs11757561-Mutation@rs2073066-Mutation@rs11754661-Mutation@rs13201018) both containing the risk-increasing A allele of Mutation@rs11754661 had highly statistically significant associations similar to the genotypic association of Mutation@rs11754661 ( and , respectively) (Table S7). Both haplotypes had similar frequencies (MHF) to the A allele of Mutation@rs11754661 (MHF = 0.0696 and MHF = 0.0629, respectively)", "type": "paragraph"}, {"sent": "In order to ensure that the association we observed at Mutation@rs11754661 was not merely due to genotyping error, we genotyped four additional SNPs in Gene@25902 proximal to and in high LD (r2>0.8) with Mutation@rs11754661. All SNPs but one (Mutation@rs7765521, P = 0.055) demonstrated associations with nominal statistical significance (Mutation@rs803424, P = 0.016; Mutation@rs2073067, P = 0.030; and Mutation@rs2072064, P = 0.035). Figure 2 shows the -log10-transformed P-values for single SNP tests of association in the Gene@25902 and 50kb flanking region (151.2Mb-151.3Mb) surrounding the chromosome 6 association signal at Mutation@rs11754661, among both SNPs genotyped in the initial GWAS and those genotyped subsequently", "type": "paragraph"}, {"sent": "Association analyses of pooled datasets combining data on 1,242 cases and 1,737 controls confirmed experiment-wide statistically significant associations for SNPs in/near Gene@348 (replication from  to P = 0.00187) for all but one SNP (Mutation@rs8106922; discovery , replication P = 0.108) (Table 2), however the direction of association in the replication was consistent across each of these SNPs. The association of the Gene@25902 SNP Mutation@rs11754661 in the replication was both statistically significant (P = 0.00187) and showed similar strength and direction (discovery OR (95%CI): 2.03 (1.58, 2.62); replication OR (95%CI): 2.34 (1.37, 3.98))", "type": "paragraph"}, {"sent": "In combined analyses, associations in and around the Gene@348 locus were unequivocally strengthened, with the p-values observed ranging from  to . Variation at Mutation@rs11754461 was strongly associated  with an elevated risk of LOAD with OR = 2.10 (95% CI: 1.67, 2.64). Several adjacent SNPs also demonstrated nominal associations with similar direction of effect, including Mutation@rs11757561 (P = 0.000846) with OR = 1.31 (95% CI: 1.12, 1.53) and Mutation@rs12195069 (P = 0.0432) with OR = 1.25 (95% CI: 1.01, 1.55)", "type": "paragraph"}, {"sent": "Two SNPs with only modest statistical significance of association in the discovery GWAS demonstrated highly statistically significant association in analyses combining both discovery and replication datasets (Tables S1 and S2). SNPs Mutation@rs4676049 and Mutation@rs17034806, located at 109Mb on chromosome 2q13, had associations of OR = 1.62  and OR = 1.61  respectively in the discovery dataset. However, combining discovery and replication datasets, the SNP associations gained modest strength in effect size (OR = 1.76 for Mutation@rs4676049 and OR = 1.75 for Mutation@rs17034806), but the associations now exceeded the threshold for experiment-wide statistical significance, with  for Mutation@rs4676049 and  for Mutation@rs17034806", "type": "paragraph"}, {"sent": "Although associations with experiment-wide statistical significance have not been observed for Gene@25902 in previous GWAS of LOAD, biological evidence suggests a role for this gene in Disease@MESH:D003704 and Disease@MESH:D000544 pathology. Gene@25902, which encodes the methylenetetrahydrofolate dehydrogenase (NADP+ dependent) 1-like protein, is involved in tetrahydrofolate (THF) synthesis, catalyzing the reversible synthesis of 10-formyl-THF to formate and THF, an important step in homocysteine conversion to methionine. Elevated plasma homocysteine levels have been implicated in Disease@MESH:D000544 and other Disease@MESH:D019636 including Disease@MESH:D010302's, and have been recognized as a risk factor for pre-Disease@MESH:D004461, Disease@MESH:D048909, and Disease@MESH:D006331. Interestingly, a recent GWAS of Disease@MESH:D003324 (Disease@None) identified Gene@25902 as a Disease@None risk factor in both British and German populations studied. Several potential mechanisms may explain this connection: Disease@None may influence Disease@MESH:D000544 by causing vascular alterations; it may cause cholinergic deficit due to Disease@MESH:D064420 to cortical neurons; several lines of evidence suggest that elevated homocysteine contributes to Disease@MESH:D000544 risk through increased oxidative stress. On-going biological investigations are continuing to elucidate the pathways connecting elevated homocysteine with Disease@MESH:D000544", "type": "paragraph"}, {"sent": "Gene@270685 protein has been reported to be decreased in the hippocampus in a mouse model of Disease@MESH:D000544 using a proteomic approach. Homocysteic acid, derived from homocysteine and methionine, is elevated in these mice and treatment with antibodies to homocysteic acid reduced amyloid burden and inhibited Disease@MESH:D003072 in these animals. B6-deficient diets lead to further increases in homocysteic acid in these mice", "type": "paragraph"}, {"sent": "That we observed an experiment-wide statistically significant association in Gene@25902 in addition to the associations of a number of Gene@348 SNPs with LOAD risk is consistent with results from previous work. Gene@25902 is located on chromosome 6q25.1, near linkage signals observed in two prior genome-wide linkage studies of LOAD. The previous GWAS performed by our group, from which nearly 1,000 individuals in the current study were drawn, observed a strong, but not experiment-wide, statistically significant association between the same Gene@25902 SNP and LOAD at P = 2.01x10-5. Experiment-wide statistical significance for this association was observed with the addition of another 1,047 individuals in this study", "type": "paragraph"}, {"sent": "We did not observe associations with LOAD with experiment-wide statistical significance in any of the peak non-Gene@348 signals identified in previous GWAS studies, including the Gene@1191/Gene@1191 SNP Mutation@rs11136000 that was identified in both Harold et al. and Lambert et al. studies (analysis of this dataset reported elsewhere (Jun et al., in preparation)). Given the observed OR = 0.86 of Mutation@rs11136000 for LOAD, in our sample of 931 cases and 1,104 controls, we had <1% power to detect the observed effect at the Bonferroni-corrected threshold for experiment-wide statistical significance, alpha = 1.03x10-7, suggesting that most significant associations of small or modest effect size would be missed in this study. The association of variation in Gene@27328 and Gene@9846 was not observed in this dataset; the findings of these analyses are reported elsewhere. In addition, we observed a strong association of the chromosome 12 SNP Mutation@rs11610206 with LOAD, but not with genomewide statistical significance as observed in our previous GWAS, suggesting that the findings of the Beecham et al. study, as with previous LOAD GWAS, may be subject to the \"winner's curse\"", "type": "paragraph"}, {"sent": "Despite a wealth of evidence for the role of chromosome 2 loci in Disease@MESH:D000544, the chromosome 2q13 SNPs identified with experiment-wide statistically significant associations in the combined analyses, Mutation@rs4676049 and Mutation@rs17034806, do not fall in the vicinity of chromosome 2 regions of interest, ", "type": "paragraph"}, {"sent": "Based on the patterns of studies emerging in other complex diseases, GWAS studies with sample sizes greater than the combined Lambert et al. and Harold et al. datasets may be necessary to validate associations observed in smaller GWAS studies and to identify susceptibility variants with more modest effects. This approach has been taken in type 2 Disease@MESH:D003920, where a meta-analysis of 54,000 subjects confirmed multiple susceptibility loci. Other approaches to identify new susceptibility variants are exploring the Common Disease-Rare Variants (CDRV) hypothesis, which aim to identify novel susceptibility loci for disease by assessing the aggregate effects of multiple rare variants in single genes on disease risk", "type": "paragraph"}, {"sent": "In this genome-wide association study of LOAD, we identified a novel association with experiment-wide statistical significance in a gene with a potential biological role, Gene@25902. We replicated this association in additional publicly-available genomewide association datasets, and observed statistically significant association with a similar effect size and direction at this SNP. In summary, Gene@25902 is an excellent candidate for LOAD on account of its involvement in folate-pathway abnormalities linked with homocysteine, a significant biological risk factor for Disease@MESH:D000544", "type": "paragraph"}, {"sent": "After complete description of the study to the subjects, written informed consent was obtained from all participants, in agreement with protocols approved by the institutional review board at each contributing center", "type": "paragraph"}, {"sent": "Discovery dataset cases and controls were clinically ascertained through the Collaborative Disease@MESH:D000544's Project (CAP) comprising the University of Miami John P. Hussman Institute for Human Genomics (HIHG) and the Vanderbilt University Center for Human Genetics Research (CHGR), and autopsy-verified cases and controls were collected through the Mount Sinai Brain Bank (MSBB) at the Mount Sinai School of Medicine (see). Additional controls were also identified in the National Cell Repository for Disease@MESH:D000544 (NCRAD). 266 cases and 643 controls genotyped in the discovery dataset from the NCRAD, HIHG, and CHGR and NCRAD were independent from previously published data sets including those from our group's previously published GWAS. All CAP-ascertained cases and controls were recruited and evaluated using standardized criteria and protocols, and case adjudication in the CAP was performed jointly by a Clinical Advisory Board (CAB) composed of both HIHG and CHGR members, with controls evaluated jointly as well", "type": "paragraph"}, {"sent": "All cases and controls from the HIHG, CHGR, and NCRAD met selection criteria described in the Beecham et al. study. Briefly, the study was described and written informed consists were obtained from all participants, in accordance with institutional review board protocols at each study center. Each individual classified as a LOAD case met the NINCDS-ADRDA criteria for probable or definite Disease@MESH:D000544 and had an age at onset greater than 60 years of age, as determined from specific questions within the clinical history answered by a reliable family informant or from documented significant Disease@MESH:D003072 in the medical record. Vascular Disease@MESH:D003704 was diagnosed according to contemporary standards by the CAB, and individuals with confirmed Disease@MESH:D015140 or phenotypic uncertainty were excluded from analyses. Cognitive controls were individuals who showed signs of Disease@MESH:D003704 in clinical history or upon interview, and were drawn from spouses, friends, and other biologically unrelated individuals of cases, were frequency-matched by age and gender to the cases, and were located in the same clinical catchment areas. All cognitive controls were examined, and none showed signs of Disease@MESH:D003704 in clinical history or upon interview. Also, each cognitive control had a documented Mini-Mental State Exam (MMSE) score >=27 or a Modified Mini-Mental State (3MS) Exam score >=87. Clinical history and interview data for NCRAD controls, including MMSE scores, were made available and collected along with whole blood for DNA extraction for inclusion in our study", "type": "paragraph"}, {"sent": "306 cases and 81 controls identified in the MSBB were recently deceased patients at the Mount Sinai Medical Center in New York, NY, and had affection status verified through clinical review and brain autopsy. Neither the cases nor controls examined have been used in previously published studies. Covariates including age at Disease@MESH:D003643 and sex were abstracted from reviews of medical charts performed by members of the MSBB", "type": "paragraph"}, {"sent": "In total, 572 new cases and 724 new controls were genotyped in this study, and after quality controls measures, combined with data on 492 cases and 496 controls from the previous GWAS for analysis. We also had available for replication from the HIHG, a dataset of 246 cases and 69 cognitively normal controls from a previously described dataset", "type": "paragraph"}, {"sent": "We extracted DNA for individuals ascertained by the HIHG, CHGR, MSBB, and NCRAD from whole blood by using Puregene chemistry (QIAGEN, Germantown, MD, USA). We performed genotyping using the Illumina Beadstation and the Illumina Infinium Human 1M beadchip on 530 cases and 393 controls following the recommended protocol, only with a more stringent GenCall score threshold of 0.25. Genotyping on 248 controls from the PD GWAS dataset was performed using the Illumina Infinium Human 610-Quad beadchip. Genotyping efficiency was greater than 99%, and quality assurance was achieved by the inclusion of one CEPH control per 96-well plate that was genotyped multiple times. Technicians were blinded to affection status and quality-control samples. We used Taqman Genotyping Assays for SNPs +3937/Mutation@rs429358 and +4075/Mutation@rs7412 and performed allelic discrimination/genotype calling on the ABI 7900 Taqman system, the results of which were used to determine APOE epsilon2/epsilon3/epsilon4 genotypes", "type": "paragraph"}, {"sent": "After excluding samples which failed quality control (described in the next section) with low genotyping call rates, genotype data was available on 870,954 SNPs (after quality control) using the Illumina 1M BeadChip on 440 cases and 437 controls, while genotype data on 490,960 SNPs (after quality control) from the Illumina 610Quad BeadChip was available on 172 controls. Combining these data with the 522,366 SNPs on 492 cases and 496 controls in our previous GWAS, a set of 483,399 SNPs common to all platforms was generated that passed quality control for each subset individually and in a pooled dataset. The Bonferroni-corrected threshold for experiment-wide statistical significance was thus set at Bonferroni-corrected ", "type": "paragraph"}, {"sent": "After genotyping, multiple quality controls were performed including assessment of sample efficiency, which is the proportion of valid genotype calls to attempted calls within a sample. Samples with efficiency less than 0.98 were dropped from the analysis. Reported gender and genetic gender were examined with the use of X-linked SNPs; 32 inconsistent samples were dropped from the analysis. Relatedness between samples was tested via the program Graphical Representation of Relatedness (GRR), and 3 related samples were dropped from the analysis", "type": "paragraph"}, {"sent": "To determine if population substructure exists in the case-control sample, a set of 10,000 SNPs with MAF>0.25, selected for minimal between-SNP linkage disequilibrium (r2<0.20), and spread evenly across the autosomal chromosomes were analyzed using the program STRUCTURE (burn in: 5,000, iterations: 25,000) assuming different number of assumed subpopulations (K). The -log likelihood for K was maximized at K = 3, suggesting population substructure. Further analysis was performed in EIGENSTRAT, where principal components analysis on the sample of 10,000 SNPs was used to generate principal component loadings for samples and remove outliers by using the top ten principal components over 5 iterations with a threshold of six standard deviations. The top three principal component loadings were used as covariates to account for population structure in the association analysis", "type": "paragraph"}, {"sent": "Removing genotyped individuals with low genotype call rates, incorrect reported gender, high relatedness with other samples, and extreme outliers in substructure analyses, 440 cases and 608 controls remained for inclusion in analysis, and were combined with 492 cases and 496 controls from the previous GWAS", "type": "paragraph"}, {"sent": "Quality control was performed to remove any low quality SNPs. Genotype clusters were redefined using signal intensities of samples with efficiency greater than 0.98, and genotypes were recalled on the basis of these new clusters per the manufacturer's recommendation. Efficiency of individual SNPs was estimated as the proportion of samples with genotype calls for a given SNP, and SNPs with efficiency less than 0.95 were dropped from analysis. Due to concerns of low statistical power to detect association, SNPs with MAF<0.005 were dropped from analysis. Hardy-Weinberg Disequilibrium (HWD) statistics were calculated among controls with the Fisher's exact test in the PLINK software package; SNPs with P<10-6 for HWD were dropped from analysis. In addition, due to concerns with the spurious association originating from the use of different genotyping platforms on samples in the previous and current GWAS studies, distributions of genotype frequencies at each SNP in each study were examined among controls using a Fisher's exact test, and SNPs with highly-differing genotype distributions across genotyping subsets (P<0.001) were dropped prior to analysis. After these quality control measures, 483,399 SNPs remained for association analysis", "type": "paragraph"}, {"sent": "Association analysis was performed using logistic regression to test association of genotypes with LOAD under an additive model. Logistic regression was used to permit covariate adjustment for loadings taken from the first three principal components identified in EIGENSTRAT to account for population substructure. Here we report results from logistic regression models adjusting only for population substructure with principal components. Further regression modeling was also performed on SNPs with initial associations of Gene@1012, extending models to adjust for Gene@348 genotype (designated as the number of epsilon4 alleles), age-at-onset in cases and age-at-exam in controls, and gender as covariates (Table S6). All analyses were performed using the PLINK software package", "type": "paragraph"}, {"sent": "Quantile-quantile plots of the associations were made (Figure 1), and suggest the absence of systematic bias in the tests of association", "type": "paragraph"}, {"sent": "To provide independent replication of the associations observed in the discovery dataset, genome-wide genotyping data were combined from four additional datasets (one unpublished and three publicly-available datasets) and missing genotype data imputed using IMPUTE v1.0 (Table S8). SNPs with differing genotypic distributions between datasets were excluded from imputation using the Fisher's exact test approached described earlier. Both primary and replication datasets were imputed to a HapMap reference of over 2.5 million SNPs. Individual genotypes with probability less than 0.90 were not included, and SNPs missing >10% of genotypes within either data set were dropped. In addition to using the combined Hapmap Phase III CEPH Utah pedigree (CEU) and Tuscan (TSI) haplotype reference panels for imputation, for imputation within each study, we used genotype data on controls from other datasets to improve imputation accuracy, and Affymetrix 5.0 genotype data on 105 individuals genotyped in an independent Ashkenazi Jewish genotyping panel", "type": "paragraph"}, {"sent": "We analyzed existing pooled and imputed datasets of unrelated individuals from several studies: 147 cases and 182 controls from the Disease@MESH:D000544 Neuroimaging Initiative (ADNI), 86 cases and 1,200 controls (all unrelated) from the Framingham Study SHARe dataset, and 859 cases and 552 controls from the Reiman et al. LOAD GWAS dataset, and a set of 246 LOAD cases and 69 cognitively normal controls previously described and genotyped on the Affymetrix 6.0 genotyping platform on which results have not been previously published", "type": "paragraph"}]}