{"sentences": [{"sent": "We carried out a genome-wide association study of Disease@MESH:D008175 (3,259 cases and 4,159 controls), followed by replication in 2,899 cases and 5,573 controls. Two uncorrelated disease markers at 5p15.33, Mutation@rs402710 and Mutation@rs2736100 were detected by the genome-wide data (P = 2 x 10-7 and P = 4 x 10-6) and replicated by the independent study series (P = 7 x 10-5 and P = 0.016). The susceptibility region contains two genes, Gene@7015 and Gene@81037, suggesting that one or both may have a role in Disease@MESH:D008175 etiology", "type": "abstract"}, {"sent": "We and others have recently reported a susceptibility locus for Disease@MESH:D008175 in gene region 15q25, an area that includes a cluster of nicotinic acetylcholine receptor genes. In order to identify further susceptibility gene loci, we genotyped an additional 1,291 cases and 1,561 controls from three further studies (Toronto case-control study, HUNT2/Tromso cohort study and CARET cohort study) for a total of 3,259 cases of Disease@MESH:D008175 and 4,159 controls with genome-wide data (Table 1 and Supplementary Methods online). After exclusion of subjects because of genotyping quality or evidence of non-European ancestry (Supplementary Methods and Supplementary Fig. 1 online), we analyzed under a log-additive model 315,194 SNPs for 2,971 Disease@MESH:D008175 cases and 3,746 controls, adjusting for age, sex and country (Supplementary Fig. 2 online). Using principal-component analysis (Supplementary Methods) to adjust for population stratification, we found only minor differences in the estimates of risk and significance (Supplementary Table 1 online)", "type": "paragraph"}, {"sent": "Eight SNPs exceeded the genome-wide significance level of 5 x 10-7 (Supplementary Fig. 2b and Supplementary Table 1). Seven of these are located at 15q25.1, the locus previously reported as being associated with Disease@MESH:D008175, with the most prominent association with Mutation@rs1051730 (P = 1 x 10-15). The eighth SNP, Mutation@rs402710, is located at 5p15.33 (P = 2 x 10-7), indicating a potentially new susceptibility locus for Disease@MESH:D008175. Three additional SNPs in the 5p15.33 region showed evidence of association P < 5 x 10-6 (Supplementary Table 1). Two of these, Mutation@rs31489 and Mutation@rs401681, were in strong linkage disequilibrium (LD) with Mutation@rs402710 (r2 > 0.680) in the 3,746 controls genotyped on the Illumina platform. In contrast, Mutation@rs2736100 showed relatively little LD with Mutation@rs402710 (r2 = 0.026) (Supplementary Fig. 3 online)", "type": "paragraph"}, {"sent": "We subsequently genotyped Mutation@rs402710 and Mutation@rs2736100 using Taqman in an additional 2,899 Disease@MESH:D008175 cases and 5,573 controls from four separate studies (Table 1 and Supplementary Methods). These included the EPIC cohort study, the Liverpool case-control study, the Szczecin Disease@MESH:D008175 study and, uniquely for Mutation@rs402710 because of limited DNA availability, additional cases and controls from the CARET cohort study. This independent sample provided evidence for replication of the initial finding for both variants (P = 7 x 10-5 for Mutation@rs402710 and P = 0.016 for Mutation@rs2736100). A combined association using all 5,870 cases and 9,319 controls with correction for the 315,194 comparisons in the genome-wide analysis yielded P values of 4 x 10-6 for Mutation@rs402710 and 0.02 for Mutation@rs2736100. The estimated allelic odds ratio (OR) in the replication series was more modest than that of the initial GWA series, subject to the `winner's curse'. The more conservative OR in replication series is the preferred estimate", "type": "paragraph"}, {"sent": "More detailed information on the association between Disease@MESH:D008175 and the SNPs Mutation@rs402710 and Mutation@rs2736100 is presented in Figure 1. The risk-associated allele was the more common allele of Mutation@rs402710 and the less common allele of Mutation@rs2736100. The association with Mutation@rs402710 was prominent in never-smokers (P = 0.01), ex-smokers (P = 0.0007) and current smokers (P = 0.0001), and there was no evidence of any heterogeneity by study, histology, age or sex. There was no apparent geographical heterogeneity in the allele frequencies of Mutation@rs402710. Adjustment for smoking exposure (pack years) had no effect on the observed association with a smoking-adjusted OR per allele of 1.19 (1.12-1.26). We also investigated Mutation@rs402710 in the context of smoking intensity among controls and did not observe any association between number of cigarettes consumed per day and Mutation@rs402710 (p = 0.74). The effects observed with Mutation@rs2736100 were similar, with the associations for the less common (risk) allele being largely comparable to those for Mutation@rs402710", "type": "paragraph"}, {"sent": "Several lines of evidence suggest that the associations observed with Mutation@rs402710 and Mutation@rs2736100 are independent. We found little LD between Mutation@rs402710 and Mutation@rs2736100 using all available controls. After incorporation of either one of these SNPs into the logistic regression, the association with the other remained significant, and there was no change in the risk estimate (OR per allele for Mutation@rs402710 = 1.17 (P = 2 x 10-8) with adjustment for Mutation@rs2736100 and OR per allele for Mutation@rs2736100 = 1.11 (P = 0.0004) with adjustment for Mutation@rs402710). Second, when cases and controls were compared for the number of risk alleles for Mutation@rs402710 and Mutation@rs2736100, there was an increasing trend with increasing number of risk alleles (P = 2 x 10-13) reaching an OR of 1.65 (1.34-2.02) for those who were homozygous for both risk variants (Supplementary Table 2 online). Finally, when we imputed genotypes (Supplementary Methods) at 5p15.33 in the 2,971 cases of Disease@MESH:D008175 and 3,746 controls with genome-wide data, we did not identify any SNPs more strongly associated with risk than Mutation@rs402710 (Supplementary Table 3 online). The top 11 imputed SNPs (P < 0.0001) were genotyped subsequently in the cases and controls of central European ancestry (Supplementary Methods) and comparison of haplotype frequencies from this direct genotyping indicated that the prevalence of two distinct haplotypes differed between cases and controls (Supplementary Table 4 online). One haplotype carried the minor allele of Mutation@rs402710 and eight additional SNPs in high LD (r2 > 0.644) with Mutation@rs402710, and the second haplotype tagged the minor allele of both Mutation@rs2736100 and a second SNP Mutation@rs2736098. Nevertheless, the possibility remains that Mutation@rs402710 and Mutation@rs2736100, although only weakly associated with each other, are in LD with one or more causal variants in this region", "type": "paragraph"}, {"sent": "The 5p15.33 locus contains two known genes: the Gene@7015 (human Gene@7015) gene and the Gene@81037 (Disease@MESH:D002971 transmembrane 1 like) gene. There is no clear evidence to suggest that Mutation@rs2736100 or Mutation@rs402710 are themselves causative alleles. The Mutation@rs2736100 variant is located in intron 1 of Gene@7015, and Mutation@rs402710 is located in a region of high LD that includes the proximal and putative promoter regions of Gene@7015, as well as the entire coding region of the Gene@81037 gene (Supplementary Fig. 3). Current knowledge of the role of these genes would seem to implicate Gene@7015 as the more plausible candidate. Gene@7015 is the reverse transcriptase component of telomerase, making it essential for telomerase enzyme production and maintenance of telomeres. The telomerase enzyme is responsible for telomere regeneration, and up to 90% of human Disease@MESH:D009369 samples, including Disease@MESH:D008175, show telomerase activity, indicating that regeneration of telomeres is a vital step for most forms of Disease@MESH:D063646. Gene@7015 expression is actively present in germ cells, although is found in very low levels for most types of normal cells. Activation of the Gene@7015 promoter seems to be a key step in synthesis of the Gene@7015 protein and resulting telomerase activity. Such activity may be measured with the telomeric repeat amplification protocol (TRAP) and has been associated with both Disease@MESH:D008175 progression and prognosis. Inhibitors of Gene@7015 are clearly of much interest for potential chemo-prevention and treatment of Disease@MESH:D009369, although their development has so far been unsuccessful. DNA resequencing has shown that there is little common genetic variation in the Gene@7015 coding region which, along with its high conservation between species, implies that the gene itself is under strong evolutionary restraint. Rare mutations in the Gene@7015 coding sequence have been implicated in Disease@MESH:D019871, an Disease@MESH:D030342 characterized by Disease@MESH:D001855, but also Disease@MESH:D011658 and increased risk of some Disease@MESH:D009369", "type": "paragraph"}, {"sent": "The other gene in this region, Gene@81037, named for its similarity to a gene implicated in susceptibility to Disease@MESH:D002971, was identified through screening for cisplatin (CDDP) resistance-related genes and was found to be upregulated in CDDP-resistant Disease@MESH:D010051 cell lines and to induce apoptosis in CDDP-sensitive cells. The Gene@81037 gene is well conserved and expressed in various tissues, including lung tissue. On the basis of these properties, it could be hypothesized that Gene@81037 induces apoptosis of lung cells under genotoxic exposures such as tobacco carcinogen-related stress", "type": "paragraph"}, {"sent": "In summary, we have identified a new susceptibility locus for Disease@MESH:D008175 that comprises two potential candidate genes: Gene@7015, an essential component of telomerase production and of Disease@MESH:D063646, and Gene@81037, which may induce apoptosis. The nature of the causative alleles remains unclear. Further studies to identify the causal genetic variants and elucidate their function will aid our understanding of the etiology of Disease@MESH:D008175", "type": "paragraph"}, {"sent": "Forest plot representing Disease@MESH:D008175 risk and the two variants in the 5p region (Mutation@rs402710 and Mutation@rs2736100). Apart from the odds ratios for heterozygous and homozygous effect (*), odds ratios and 95% confidence intervals are derived from the per-allele model. All models are adjusted for age, sex and country. The overall OR is shown by the broken vertical line. P values are from heterogeneity tests", "type": "fig_caption"}, {"sent": "Description of the seven studies contributing to the genome-wide and replication analysi", "type": "table_caption"}]}