{"sentences": [{"sent": "Lung Disease@MESH:D009369 in individuals who have never smoked tobacco products is an increasing medical and public-health issue. We aimed to unravel the genetic basis of Disease@MESH:D008175 in never smokers", "type": "abstract"}, {"sent": "We did a four-stage investigation. First, a genome-wide association study of single nucleotide polymorphisms (SNPs) was done with 754 never smokers (377 matched case-control pairs at Mayo Clinic, Rochester, MN, USA). Second, the top candidate SNPs from the first study were validated in two independent studies among 735 (Disease@MESH:C535460 Center, Houston, TX, USA) and 253 (Harvard University, Boston, MA, USA) never smokers. Third, further replication of the top SNP was done in 530 never smokers (UCLA, Los Angeles, CA, USA). Fourth, expression quantitative trait loci (eQTL) and gene-expression differences were analysed to further elucidate the causal relation between the validated SNPs and the risk of Disease@MESH:D008175 in never smokers", "type": "abstract"}, {"sent": "44 top candidate SNPs were identified that might alter the risk of Disease@MESH:D008175 in never smokers. Mutation@rs2352028 at chromosome 13q31.3 was subsequently replicated with an additive genetic model in the four independent studies, with a combined odds ratio of 1 46 (95% CI 1 26-1 70, p=5 94x10-6). A cis eQTL analysis showed there was a strong correlation between genotypes of the replicated SNPs and the transcription level of the gene Gene@2262 in normal lung tissues (p=1 96x10-4), with the high-risk allele linked with lower expression. Additionally, the transcription level of Gene@2262 in normal lung tissue was twice that detected in matched Disease@MESH:D000077192 tissue (p=6 75x10-11)", "type": "abstract"}, {"sent": "Genetic variants at 13q31.3 alter the expression of Gene@2262, and are associated with susceptibility to Disease@MESH:D008175 in never smokers. Downregulation of Gene@2262 might contribute to the development of Disease@MESH:D008175 in never smokers", "type": "abstract"}, {"sent": "Tobacco smoking remains the principal cause of Disease@MESH:D008175. However, 15% of men and 53% of women (25% of all cases worldwide) who develop Disease@MESH:D008175 do so without any history of having smoked tobacco products (never smokers). In Europe and North America, about 10-15% of Disease@MESH:D008175 occur in never smokers. By contrast, about 30-40% of Disease@MESH:D008175 occur in never smokers in Asian countries. Many studies have shown that the aetiology, clinical characteristics, and prognosis of Disease@MESH:D008175 in never smokers are substantially different to those in smokers, and Disease@MESH:D008175 in never smokers is increasingly recognised as a distinct disease entity. Although the causes of Disease@MESH:D008175 in never smokers are poorly understood, one of the established risk factors in European and North American countries is exposure to second-hand smoking. Other:though inconsistently reported:risk factors include environ mental factors, hormones, and Disease@MESH:D001102. Individual susceptibility to Disease@MESH:D008175 has been studied in an attempt to identify and characterise both inherited genetic and acquired somatic changes. However, the specific genetic mechanisms that increase the risk of Disease@MESH:D008175 remain to be elucidated", "type": "paragraph"}, {"sent": "Recently, genome-wide association studies have identified several candidate genes and genomic loci that have a moderate effect on the risk of Disease@MESH:D008175. Current candidates include nicotinic acetylcholine receptor subunit genes, 5p15.33, 15q25.1, and 6p21.33, with estimated odds ratios ranging from 1 14 to 1 32. A recent study also indentified Gene@26575 on 6q23-25 as a gene associated with Disease@MESH:D008175. To date, no genome-wide association studies have been done with never smokers alone, and the top candidate single nucleotide polymorphisms (SNPs) from previous genome-wide association studies have not been consistently replicated in never smokers. To identify genetic loci and candidate genes that increase the risk of Disease@MESH:D008175 in never smokers, we did a genome-wide association study in never smokers with Disease@MESH:D008175 and matched controls", "type": "paragraph"}, {"sent": "Never smokers were defined as individuals who had smoked less than 100 cigarettes during their lifetime. Written informed consent was obtained from all participants at each of the participating institutions. Research protocols were approved by the institutional review boards of Mayo Clinic (Rochester, MN, USA), Disease@MESH:C535460 Center (MDACC) and Kelsey-Seybold Clinic (Houston, TX, USA), Harvard School of Public Health and Massachusetts General Hospital (Boston, MA, USA), and University of California in Los Angeles (CA, USA)", "type": "paragraph"}, {"sent": "In the Mayo genome-wide association study, patients with Disease@MESH:D008175 who were classed as never smokers were identified and recruited between January, 1997, and September, 2008. A detailed explanation of the recruitment process has been reported previously. Briefly, community residents who were never smokers were selected as controls and matched to patients according to age, sex, and ethnic background. Detailed information on family history of Disease@MESH:D009369 and exposure to second-hand smoke was collected for both the cases and controls through a structured questionnaire and medical records, including information on the source of the exposure (spouses, parents, and co-workers), amount (number of packs, with 20 cigarettes per pack), and duration of exposure (years). Co-worker exposure included exposure in social settings (eg, clubs, bars, and theatres). The source of second-hand smoke was classed as either childhood exposure (mother and/or father), adulthood exposure (spouse and/or co-worker), and lifetime exposure (at least one source from childhood and one from adulthood). The history of Disease@MESH:D029424 (Disease@MESH:D029424) was determined by a review of participants' medical history", "type": "paragraph"}, {"sent": "In the MDACC study, the cases were patients with newly diagnosed, histologically confirmed Disease@MESH:D008175 recruited from MDACC. Controls were healthy individuals recruited from the Kelsey-Seybold Clinic, which is the largest multispecialty physician group practice in the greater Houston area. Demographic data were obtained in face-to-face interviews by trained MD Anderson staff interviewers. Clinical data were taken from medical records", "type": "paragraph"}, {"sent": "Details of participant recruitment for the Harvard study have been described previously. Cases were patients with newly diagnosed, histologically confirmed primary Disease@MESH:D008175; controls were healthy non-blood-related family members and friends of patients with Disease@MESH:D009369 or patients with Disease@MESH:D009135 undergoing surgery. Interviewer-administered questionnaires were used to collect information on demographics, occupational exposures, and detailed smoking histories from each participant", "type": "paragraph"}, {"sent": "In the UCLA study, cases were patients with histologically confirmed Disease@MESH:D008175, and were identified through the Los Angeles County Disease@MESH:D009369 Registry administered by the Disease@MESH:D009369 surveillance program at the University of Southern California (Los Angeles, CA, USA). The population controls (without history of lung or upper aerodigestive Disease@MESH:D014571) were frequency matched according to sex and age, and were selected by use of an algorithm to identify eligible controls from a census of each case's neighbourhood. Demographic data, information on exposure to second-hand smoke, and detailed smoking histories were collected by in-person interviews through standardised questionnaires administered by trained interviewers", "type": "paragraph"}, {"sent": "In the Mayo genome-wide association study, genotyping was done with the Illumina HumanHap 370k and 610k BeadChips (Illumina, San Diego, CA, USA), which contain 373397 and 592532 tag SNPs, respectively. CEPH DNA samples (a family trio) were included in each 96-well plate to monitor genotyping calling in this study. Concordance between the replicates was above 99 5%. For SNP quality control, we excluded SNPs with more than 5% of samples that failed (n=33549), minor allele frequencies (MAF) less than 0 005 (n=7878), and genotype distributions that were not in Hardy-Weinberg equilibrium among controls (p<1x10-7, n=52). For sample quality control, we excluded samples with genotyping call rates less than 95% (n=3) and with inconsistencies between genotype and self-reported sex data (n=1). A total of 331918 SNPs (common in both the Illumina HumanHap 370k and 610k BeadChips) of 377 case-control pairs were used in the analysis. Population stratification analysis was done before the analysis with EIGENSOFT version 2.0. None of the first ten eigenvectors were significant (p values varying from 0 11 to 0 98) using ANOVA for population differences along each eigenvector. There were no statistically significant differences between case and control samples for all eigenvectors (p=0 29); thus, in further SNP-association analyses, the population stratification was not adjusted", "type": "paragraph"}, {"sent": "Genotyping data for the top 44 SNPs were obtained from the Illumina HumanHap 660k and 610k BeadChips in the MDACC study. After quality control, 735 never smokers (328 cases and 407 controls) were analysed. All 44 SNPs had call rates above 95%, and all the samples included in this study had genotyping call rates above 95%. The genome control inflation factor, lambda(GC), for overall population in the additive model was 1 016. We considered the adjustment for potential population stratification by adjusting the first principal component, which resulted in a lambda(GC) of 1 013, showing no evidence of genome-wide inflation of the observed test statistics, and the effect of population substructure was minimal. Therefore, no principal component was adjusted in the subsequent association analyses", "type": "paragraph"}, {"sent": "In the Harvard study, genotyping was done with the Illumina Human610-Quad BeadChip. After quality control, all 44 SNPs had call rates above 95%, and all the samples included in the replication studies had genotyping call rates above 95%. Estimates of pairwise genome-wide identity-by-descent were used to detect cryptic relatedness. Pairs of samples showing PI-HAT greater than 0 05 were inspected individually, and 15 samples were removed. To detect population stratification, we used EIGENSTRAT version 2.0 to do a principal-component analysis. Eight samples were excluded as population outliers. To control for potential confounding from population stratification, we selected the first four principal components, on the basis of significant (p<0 05) Tracy-Wisdom tests and lambda(GC), as covariates for multivariate analyses. The top 44 SNPs were analysed in 253 never smokers (92 cases and 161 controls)", "type": "paragraph"}, {"sent": "Because the two top SNPs, Mutation@rs2352028 and Mutation@rs2352029, were in complete linkage disequilibrium in the control data from Mayo, MDACC, and Harvard, as well as in the CEU HapMap data, only Mutation@rs2352028 was genotyped in the UCLA study, by use of the TaqMan allelic discrimination method on the TaqMan ABI 7900HT sequence detection system platform (Applied Biosystems, Foster City, CA, USA). The conditions were: 10 ng of dried genomic DNA in a 5 microL reaction mix containing TaqMan SNP genotyping universal master mix and a probe and a primer set (Applied Biosystems) at 95 C for 10 min, followed by 60 cycles of amplification (92 C for 15 s and 60 C for 1 min). After amplification, SDS 2.3 software was used to determine the fluorescent signal from the VIC or FAM-labelled probe. Around 10% of the samples were randomly selected and repeated for quality control, with 100% concordance. A successful genotyping rate of 98 7% was obtained. All SNPs passed the Hardy-Weinburg equilibrium test. The UCLA study did not have genome-wide association study data, and population stratification was not done; therefore, adjustments in the analysis used only demographics and potential confounding variables", "type": "paragraph"}, {"sent": "Genome microarray analysis was done with the Illumina Human WG DASL array (Illumina, Inc, San Diego, CA, USA). Raw intensity data were generated in three batches. For each batch, samples were loaded into BeadStudio 3.1 (gene expression module 3.4) for quality control and calculation of gene or probe level intensity for each individual sample. Average signal intensity, numbers of detected genes, and signal-to-noise ratio (ratio of 95% vs 5% percentile signal intensity) for each sample were assessed and compared with the batch. Samples with a signal-to-noise ratio less than 10 or an extremely low average signal intensity were excluded or repeated. Correlation between the replicates was assessed to ensure the reproducibility of the experiment. Once the samples passed quality control, they were merged and normalised together by use of the R faster cyclic loess function (Fastlo). After the normalisation, further quality control was done to assess a potential batch effect, and adequacy of normalisation with principal component analysis, unsupervised clustering, and sample replicates. No noticeable batch effect was seen, and the correlation among the replicates across batches was generally high (r2>0 95). 143 pairs of normal and Disease@MESH:D009369 samples from never smoking cases were analysed, of which 70 overlapped with the Mayo genome-wide association study; the Disease@MESH:D008175 histological types included 77 Disease@MESH:D000230, 29 carcinoid, and 37 other types (Disease@MESH:C538614, squamous, large cell, and unspecified non-small cell)", "type": "paragraph"}, {"sent": "In the Mayo study, potential confounders were assessed to determine whether they should be included as variables for adjustment in the subsequent analyses. A stepwise selection process in a conditional logistic regression model was used to select the adjusted variables from all potential confounders, including Disease@MESH:D029424, exposure to second-hand smoke in adulthood, exposure to second-hand smoke in childhood, lifetime exposure to second-hand smoke, family history of Disease@MESH:D008175, and family history of any other Disease@MESH:D009369. We selected history of Disease@MESH:D029424, exposure to second-hand smoke in adulthood, and family history of Disease@MESH:D008175 as variables for adjustment. The association between SNPs and Disease@MESH:D008175 risk was analysed by use of multivariate conditional logistic regression assuming additive, dominant, and recessive genetic models. Webappendix Gene@653820 shows the quantile-quantile (Q-Q) plot of the distribution of test statistics. In the MDACC and Harvard replication studies, odds ratios (OR), 95% CI, and p-values were estimated by use of a multivariate unconditional logistic regression adjusting for age, sex, and the first four principal components (Harvard study). All analyses above were done with PLINK version 1 06. In the UCLA study, OR and p-values were calculated with a multivariate unconditional logistic regression adjusting for age, sex, ethnic background, education, lifetime exposure to second-hand smoke, and family history of Disease@MESH:D008175 in first-degree relatives; all analyses were done with SAS version 9.1.3", "type": "paragraph"}, {"sent": "To obtain combined estimates of risk for replicated SNPs from the Mayo genome-wide association study and the three replication studies, a meta-analysis was done to derive the summary estimate of ORs and p values by use of a fixed-effects model. A Cochran's Q test was used to test heterogeneity among studies. A moment-based estimate method was used to assess the variance among studies. The analysis was done with STATA version 8.0. The population-attributable risk was calculated as PAR%=100%xPx(OR-1)/[Px(OR-1)+1], where P is the frequency of the risk allele associated with Disease@MESH:D008175 in the control group, and the OR is the combined OR using a fixed effects meta-analysis model", "type": "paragraph"}, {"sent": "A linear regression model adjusted for age and sex was used to assess the correlation between genotypes (independent variable, coded as 0, 1, or 2) and gene transcript expression levels (eQTL, dependent variable) in 70 samples of normal lung tissue. Bonferroni correction was used to adjust the multiple tests. The analysis was done with SAS version 9.0", "type": "paragraph"}, {"sent": "A paired t test was done to identify genes that were expressed differently in Disease@MESH:D009369 samples and samples of adjacent normal tissue. Gene expression was log2 transformed. The fold change was obtained by raising 2 to the power of the mean difference in expression between Disease@MESH:D009369 and normal tissues. We analysed all histological Disease@MESH:D009369 types. We also analysed separately 77 Disease@MESH:D000230 samples and matched normal tissue samples and 29 Disease@MESH:D002276 samples and matched normal tissue. The analysis was done with Partek version 6.4. Bonferroni's method was used to adjust the multiple tests", "type": "paragraph"}, {"sent": "The funders had no role in the design of the study, data collection, data analysis, data interpretation, writing of the report, or the decision to submit for publication. PY, XW, Gene@1630, and ZFZ had access to the raw data. The corresponding author had full access to all data and had final responsibility for the decision to submit the manuscript for publication", "type": "paragraph"}, {"sent": "We did a four-stage study to systematically investigate common genetic variations associated with the risk of Disease@MESH:D008175 in never smokers (figure 1). In the first stage (the Mayo genome-wide association study), we analysed 331 918 SNPs in 377 case-control pairs matched according to age, sex, and ethnic origin (webappendix p 2). The strongest association was detected at two intergenic SNPs on chromosome 12, Mutation@rs11183940 (p=1 5x10-6) and Mutation@rs10880785 (p=7 1x10-6; figure 2A). To validate the initial findings, we selected the 44 most significant SNPs (webappendix pp 3-4) by considering potential confounding effects from exposure to second-hand smoke, family history of Disease@MESH:D008175, and a history of Disease@MESH:D029424. The criteria were p values less than 0 001 in all logistic regression models, under an additive genetic model, with and without adjustment for the three potential confounders. Because most of the patients in the Mayo study had either Disease@MESH:D000230 (67 6%) or non-small-cell Disease@MESH:D008175 (Disease@MESH:D002289; 81 4%; webappendix p 2), we further investigated the association of the top 44 SNPs with Disease@MESH:D054331 and Disease@MESH:D002289; all top 44 SNPs remained siginificant in the two subgroup analyses (webappendix p 5)", "type": "paragraph"}, {"sent": "In stage 2, we tested the 44 top SNPs in two external datasets from the MDACC and Harvard studies. The MDACC study analysed 735 never smokers (328 cases and 407 controls, webappendix Gene@5393); two SNPs, Mutation@rs2352028 and Mutation@rs2352029 (linkage disequilibrium r2=1) at chromosome 13q31.3 (Figure 2B and webappendix Gene@100689229) were replicated in both the additive (OR 1 54, 95% CI 1 19-2 00; p=9 76x10-4) and dominant genetic models (1 83, 1 32-2 53; p=2 73x10-4, webappendix pp 3-4, 7). When the analysis was restricted to Disease@MESH:D000230, the two SNPs remained significant (1 41, 1 06-1 87; p=0 017 in the additive model; webappendix Gene@84068). The Harvard study included 253 never smokers (92 cases and 161 controls; webappendix Gene@5393). Although the same two SNPs were not replicated in the Harvard study (0 92, 0 60-1 41; p=0 70 in the additive model; webappendix Gene@84068), the combination of the Harvard data with the Mayo and MDACC studies did strengthen the significance of the two SNPs (combined OR 1 48, 95% CI 1 26-1 75; p=2 2x10-5)", "type": "paragraph"}, {"sent": "In stage 3, because Mutation@rs2352028 and Mutation@rs2352029 were in complete linkage disequilibrium, we tested Mutation@rs2352028 in the UCLA study (webappendix Gene@6279). Mutation@rs2352028 was significantly associated with risk for Disease@MESH:D008175 (OR 1 69, 95% CI 1 00-2 84; p=0 048) in the dominant model, but not in the additive model (1 37, 0 94-1 98; p=0 099; webappendix Gene@11340). When the analysis was restricted to white patients only (data not shown) or Disease@MESH:D000230 only (webappendix Gene@11340), the association was not statistically significant", "type": "paragraph"}, {"sent": "For all four studies, the combined p-value for the association between Mutation@rs2352028 and Disease@MESH:D008175 in never smokers was 5 94x10-6 (Gene@79322, 95% CI 1 26-1 70) under the additive model (figure 3A); when restricted to Disease@MESH:D000230 only, the combined p-value was 3 00x10-4 (1 39; 1 16-1 66; figure 3B). The estimated percentage of population attributable risk (PAR%) ranged from 10 68% in the additive model to 13 88% in the dominant model (figure 3A), indicating more than 10% of cases of Disease@MESH:D008175 in never smokers could be attributed to genetic variation of the SNP Mutation@rs2352028", "type": "paragraph"}, {"sent": "It is well known that SNPs in regulatory elements can affect expression levels of the target genes, and hence alter the susceptibility to diseases. In recent years, expression quantitative trait loci (eQTL) analysis has emerged as a powerful tool for identifying genetic variants that affect gene regulation. Thus in stage 4, we did a cis eQTL analysis to investigate the association between genotypes of the top 44 SNPs and the gene-expression levels in normal lung tissues from 70 of the 377 Mayo cases. Among all residing and nearby genes (within 50 kb) of the 44 SNPs, we identified 36 genes (webappendix Gene@6281). The eQTL analysis showed that the genotypes of the two replicated SNPs in stage 2, Mutation@rs2352028 and Mutation@rs2352029, were strongly associated with expression levels of Gene@2262 (p=1 96x10-4 and 1 88x10-4, respectively; webappendix pp 11-12). Individuals with the high-risk allele (A at Mutation@rs2352028) have a lower Gene@2262 expression level than individuals with the common allele (G; figure 4). An identical result was seen for Mutation@rs2352029, with risk allele C and common allele A (figure 4). No other candidate SNPs were significantly correlated with their residing or nearby genes' expression levels", "type": "paragraph"}, {"sent": "We further analysed whole-genome transcript levels in Disease@MESH:D009369 and adjacent normal lung tissues (fresh-frozen) from never-smoking cases. We compared the expression of the 36 genes in all histological Disease@MESH:D009369 types, and separately for 77 Disease@MESH:D000230 and matched normal tissue and 29 Disease@MESH:D002276 and matched normal tissue. We noted that Gene@2262 expression levels were 50% lower in Disease@MESH:D000230 than in matched normal lung tissue (p=6 75x10-11; webappendix pp 13-14), consistent with the finding that high-risk alleles of the two validated SNPs were correlated with decreased Gene@2262 gene expression. No significant differences in expression were seen when all histological types and Disease@MESH:D002276 only were compared with matched normal tissues (with either multiple tests adjusted p>0 05 or fold-change <2 0). Although seven other genes (Gene@185, Gene@23245, Gene@56243, Gene@8879, Gene@5176, Gene@54549, and Gene@781) were also noted to be differentially expressed between Disease@MESH:D009369 and matched normal tissues, our eQTL analysis did not show any candidate SNPs that were associated with the expression levels of these genes", "type": "paragraph"}, {"sent": "From the first stage of our genome-wide association study searching for common genetic variations responsible for increasing the risk of Disease@MESH:D008175 in never smokers, we identified 44 candidate SNPs. Two of these candidate SNPs, Mutation@rs2352028 and Mutation@rs2352029, were replicated in stage 2 of our study. These two SNPs are in complete linkage disequilibrium (r2=1) and located at intron 5 of Gene@2262. Mutation@rs2352028 was further replicated in stage 3. Subsequent functional analyses, eQTL, and analysis of gene-expression levels, strongly indicate that Mutation@rs2352028 and Mutation@rs2352029, or variants tagged by these two SNPs, are associated with risk of Disease@MESH:D008175 in never smokers through their regulation of Gene@2262 expression", "type": "paragraph"}, {"sent": "Our results showed that Gene@2262 expression is significantly lower in Disease@MESH:D000230 than in matched normal lung tissue, but there was no significant difference in expression levels in Disease@MESH:D008175. To further confirm these results, we assessed the Oncomine microarray databases with nine studies on Disease@MESH:D008175, seven of which included Disease@MESH:D000077192. Two datasets showed significant downregulation of Gene@2262 in Disease@MESH:D000230 compared with normal lung tissue. Importantly, the two studies included smoking status information, and both showed lower expression in never smokers than in smokers (webappendix pp 15-16). Four studies reported the Gene@2262 expression information from other histological types, including carcinoid, squamous, Disease@MESH:D018288, and Disease@MESH:D018287, and showed no significant differences in Gene@2262 expression between these and normal tissue types (webappendix pp 15-16). Thus, reduced Gene@2262 expression could be specific for Disease@MESH:D000230 in never smokers. However, owing to sample sizes and the different characteristics of study samples from Oncomine, this conclusion needs to be further validated. The absence of a significant difference between Gene@2262 expression in Disease@MESH:D002276 and normal lung tissue in our study and the Oncomine databases might be the result of small sample sizes or the different aetiology of Disease@MESH:D000230:while Disease@MESH:D000230 are derived from cells located in the epithelium lining the bronchi, Disease@MESH:D002276 arise from neuroendocrine cells", "type": "paragraph"}, {"sent": "Many studies have reported consistently that Disease@MESH:D008175 risk Disease@MESH:D060825 among former smokers with increasing years of abstinence; however, the duration after which Disease@MESH:D008175 risk in former smokers reaches the same level as that found in never smokers is unclear. Several studies showed that the risk of Disease@MESH:D008175 in former smokers approaches the same risk level as never smokers after 10 years of smoking cessation. Therefore, we also analysed the association of the top 44 SNPs, including individuals who had quit smoking for 10 years or more (long-term quitters) in the Harvard study. Interestingly, the two replicated SNPs were also significantly associated with Disease@MESH:D008175 risk in former smokers (p=0 018 for Mutation@rs2352028 and 0 015 for Mutation@rs2352029; webappendix Gene@51561), suggesting that never-smokers and long-term quitters might share common genetic mechanisms in developing Disease@MESH:D008175", "type": "paragraph"}, {"sent": "Gene@2262 is a member of the glypican gene family, has eight exons encoding 572 aminoacids, and spans a large genomic region of 1 47 Mb at 13q31.3. Glypicans are a family of heparan sulphate proteoglycans (HSPGs) that are linked to the exocytoplasmic surface of the plasma membrane by a glycosyl-phosphatidylinositol (GPI) anchor. HSPGs are widely distributed in mammalian tissues and interact with many proteins including growth factors, chemokines, and structural proteins of the extracellular matrix to influence cell growth, differentiation, and the cellular response to the environment. Evidence to date suggests that the main function of the membrane-attached glypicans is to regulate the signalling pathway of Wnt, hedgehog, fibroblast growth factors, and bone morphogenetic proteins. Depending on the context, glypicans might have a stimulatory or inhibitory activity on these pathways, which are important in regulating cell proliferation and division, and have been previously shown to be involved in developmental processes and the oncogenesis of various types of human Disease@MESH:D009369", "type": "paragraph"}, {"sent": "Alterations at the Gene@2262 locus are a common event in various human Disease@MESH:D009369. Amplifications at 13q31-32 are frequently seen across several Disease@MESH:D009369 types, including Disease@MESH:D008223, Disease@MESH:D001943, and Disease@MESH:D009461. For Disease@MESH:D008175, an array CGH-based study reported a homozygous deletion at 13q31.3 in a non-small-cell Disease@MESH:D008175 cell line. Another array CGH-based study recently analysed a series of 14 patients with 13q partial deletion syndrome and noted Disease@MESH:D008171 as one of the common phenotypes. Among the 14 patients, two had Disease@MESH:D008171. These studies suggest that Gene@2262 might be a crucial gene in lung development, and genetic variations of this gene might contribute substantially to an increased risk of Disease@MESH:D008175. For Disease@MESH:D009369 association, a recent genome-wide association study identified a role of Gene@2262 in Disease@MESH:D009103 risk, while a genome-wide pharmacogenomics analysis indicated the association of Gene@2262 polymorphisms with response to Gene@3456 therapy in patients with Disease@MESH:D009103. Another genome-wide association study identified Gene@2262 as a candidate gene in serum docosahexaonic acid metabolite profiles. This evidence suggests that Gene@2262 has different roles depending on the tissue type and the stage of disease development and progression", "type": "paragraph"}, {"sent": "We recognise that our sample sizes (both discovery and replication) do not afford enough power, at a less than 10-7 genome-wide level of significance for an OR of 1 6. However, it is important to note that recruiting \"pure\" never smokers at multiple study sites from countries and regions where cigarette smoking was the cause of 90% of all Disease@MESH:D008175 cases in the population has proven to be a difficult task. Nonetheless, despite the small sample size, we were able to identify new genetic variants for never smokers, with the corroboration of functional data at the specific gene-expression level. Our study design, using a multi-level genomic analytical approach (ie, integrating data from germline SNPs, germline normal-lung-tissue gene expression, and Disease@MESH:D009369-tissue gene expression) has increased the statistical reliability and biological plausibility of our replicated SNPs", "type": "paragraph"}, {"sent": "Although we did not see significant statistical heterogeneity among the four datasets under the three genetic models, there might be unobserved heterogeneity caused by the samples and the study design. Specifically, the control set in the Harvard study was comprised of healthy non-blood-related family members and friends of patients with Disease@MESH:D009369 or patients with Disease@MESH:D009135 undergoing surgery, while the controls in the three other data sets were enrolled from general community populations. However, it is important to note that despite the potential heterogeneity in the Harvard study, the inclusion of this particular study did not affect our final results and conclusions", "type": "paragraph"}, {"sent": "Most of the top 44 SNPs were not validated in the replication studies, and this could be explained by various factors. First, the sample size; and second, the inconsistent adjustment for potential confounders, such as exposure to second-hand smoke, previous diagnosis of Disease@MESH:D029424, and family history of Disease@MESH:D008175, which were adjusted for in the Mayo study but were not adjusted for in the MDACC and Harvard studies because of a lack of data. Because of the difficulty in collecting large samples with all potential risk factors, our study results will hopefully send out an important message to other investigators in the same field. Our careful selection of the top 44 SNPs based on multiple scenarios of the available covariates was prepared for additional replication studies with varied information that were or are collected by other investigators. Furthermore, three of the study populations used here:the UCLA dataset being the exception:included almost exclusively white participants, which could limit the ability to generalise our results to populations with other ethnic backgrounds. Although replication in the UCLA population, of mixed ethnic origin, confirmed the association of Mutation@rs2352028 at Gene@2262 with Disease@MESH:D008175 in never smokers after adjusting for ethnic origin, well-designed genome-wide association studies in other populations are needed to determine whether our findings are population-specific", "type": "paragraph"}, {"sent": "To our knowledge, our study presents the first and largest effort so far to characterise comprehensively the genomic alterations in Disease@MESH:D008175 in never smokers from germline to somatic level. We used a staged genome-wide association study design and analysis, which was aimed at identifying robust associations and reducing type I errors. Our study was strengthened by incorporating functional analyses of eQTL and differential gene expression. Importantly, our eQTL analysis was done on normal lung tissues from never smokers, while most studies that use eQTL analysis have been based on lymphoblastoid cell lines (LCLs). It has recently been shown that genetic variations might regulate gene transcript expression in either a tissue-specific or tissue-independent manner, and LCLs and primary tissue type cells share only a minority of cis eQTL. Therefore, LCLs might not be truly representative of the regulatory landscape in the affected tissue of interest. Our lung tissue-based eQTL analysis overcomes certain limitations of those LCL-based studies. Finally, our analysis of differential gene expression between Disease@MESH:D009369 and normal tissues further confirmed the germline-based findings (from GWAS and eQTL) at a somatic level, and identified Gene@2262 as a candidate Disease@MESH:D008175-susceptibility gene", "type": "paragraph"}, {"sent": "In summary, we have identified a genetic locus at 13q31.3 that regulates the expression of Gene@2262, which might contribute to the development of Disease@MESH:D008175 in never smokers. Future studies are needed to investigate the regulatory effect of these SNPs (or tagged variants) and the functional role of Gene@2262 in lung tumorigenesis", "type": "paragraph"}, {"sent": "eQTL=expression quantitative trait loci. SNP=single nucleotide polymorphism. MDACC=MD Anderson Disease@MESH:D009369 Center. UCLA=University College Los Angeles", "type": "fig_caption"}, {"sent": "(A) Black arrows indicate two SNPs: Mutation@rs11183940 (p=1 5x10-6) and Mutation@rs10880785 (p=7 1x10-6) on chromosome 12 with strongest significant association in the Mayo genome-wide association study", "type": "fig_caption"}, {"sent": "(B) The arrow indicates two SNPs: Mutation@rs2352028 (p=4 3x10-5) and Mutation@rs2352029 (p=5 3x10-5) on chromosome 13 replicated in the Disease@MESH:C535460 Center study", "type": "fig_caption"}, {"sent": "Black squares indicate the odds ratios, with the size of the square inversely proportional to its variance. Horizontal lines represent 95% CI. The combined results under each genetic model are indicated by the black diamond. Heterogeneity test p values were calculated using a Cochran's Q test. PAR%=percentage of population attributable risk. MAF=minor allele frequency (case/control). MDACC=MD Anderson Disease@MESH:D009369 Center. UCLA=University College Los Angeles", "type": "fig_caption"}, {"sent": "Gene expression is in normalised units. Centre lines are the ranges of expression levels; boxes indicate IQR. The p value was calculated with a linear regression model adjusted for age and sex", "type": "fig_caption"}]}