{"sentences": [{"sent": "We undertook a two-stage genome-wide association study of Disease@MESH:D000544 involving over 16,000 individuals. In stage 1 (3,941 cases and 7,848 controls), we replicated the established association with the Gene@348 locus (most significant SNP: Mutation@rs2075650, p= 1.8x10-157) and observed genome-wide significant association with SNPs at two novel loci: Mutation@rs11136000 in the Gene@1191 or Gene@1191 gene (p= 1.4x10-9) and Mutation@rs3851179, a SNP 5' to the Gene@8301 gene (p= 1.9x10-8). Both novel associations were supported in stage 2 (2,023 cases and 2,340 controls), producing compelling evidence for association with Disease@MESH:D000544 in the combined dataset (Mutation@rs11136000: p= 8.5x10-10, odds ratio= 0.86; Mutation@rs3851179: p= 1.3x10-9, odds ratio= 0.86). We also observed more variants associated at p< 1x10-5 than expected by chance (p=7.5x10-6), including polymorphisms at the Gene@274, Gene@1600 and Gene@1378 loci", "type": "abstract"}, {"sent": "Disease@MESH:D000544 (Disease@MESH:D000544) is the most common form of Disease@MESH:D003704, is highly heritable (heritability of up to 76%) but genetically complex. Neuropathologically, the disease is characterized by extracellular senile plaques containing Gene@351 and intracellular neurofibrillary tangles containing hyperphosphorylated tau protein. Four genes have been definitively implicated in its etiology. Mutations of the amyloid precursor protein (APP) gene and the Gene@5663;5664 genes (Gene@5663, Gene@5664) cause rare, Mendelian forms of the disease usually with an early-onset. However, in the more common form of Disease@MESH:D000544, only Gene@348 (Gene@348) has been established unequivocally as a susceptibility gene. Aiming to identify novel Disease@MESH:D000544 loci, several genome-wide association studies (GWAS) have been conducted prior to the present study. All have identified strong evidence for association to Gene@348, but less convincing evidence implicating other genes. This outcome is consistent with the majority of findings from GWAS of other common phenotypes, where susceptibility alleles typically have effect sizes with odds ratios (OR) of 1.5 or less, rather than of the magnitude for Gene@348 (OR~3). Detecting such modest effects requires much larger samples than those that have been applied in the GWAS of Disease@MESH:D000544 to date, which have all included fewer than 1,100 cases. Based upon the hypothesis that risk alleles for Disease@MESH:D000544 are likely to confer ORs in the range seen in other common diseases, we undertook a more powerful GWAS than has been undertaken to date", "type": "paragraph"}, {"sent": "We established a collaborative consortium from Europe and the USA from which we were able to draw upon a combined sample of up to 19,000 subjects (before quality control) and conducted a two-stage study. In Stage 1, 14,639 subjects were genotyped on Illumina platforms. 5,715 samples were genotyped for the present study using the Illumina 610-quadchip; genotypes for the remaining subjects were either made available to us from population control datasets or through collaboration and were genotyped on the Illumina HumanHap550 or the HumanHap300 BeadChips. Prior to association analysis, all samples and genotypes underwent stringent quality control, which resulted in the elimination of 53,383 autosomal SNPs and 2,850 subjects. Thus, in Stage 1, we tested 529,205 autosomal SNPs for association in up to 11,789 subjects (3,941 Disease@MESH:D000544 cases, 7,848 controls of which 2,078 were elderly screened controls, see Supplementary Table 1). The genomic control inflation factor (lambda) was 1.037, suggesting little evidence for residual stratification", "type": "paragraph"}, {"sent": "In addition to the known association with the Gene@348 locus, GWA analysis identified two novel loci at a genome-wide level of significance (see Fig. 1). Table 1 shows SNPs which were genome-wide significant (GWS) in stage 1; 13 Disease@MESH:C535477 within or close to the Gene@348 locus on chromosome 19 (p< 3x10-8 - 2x10-157) and the top 5 are shown in Table 1 (see Supplementary Table 2 for the complete list). The other two SNPs represent novel associations. One of the novel SNPs (rs11136000) is located within an intron of Gene@1191 (Gene@1191, also known as Gene@1191) on chromosome 8 (p= 1.4x10-9, OR=0.840); the other SNP (rs3851179) is 88.5 kb 5' to Gene@8301 on chromosome 11 (p = 1.9x10-8, OR=0.849). Note that there was no significant difference in allele frequencies between elderly, screened controls and population controls for these two SNPs. In stage 2, the two novel GWS SNPs were genotyped in an independent sample comprising 2,023 Disease@MESH:D000544 cases and 2,340 age-matched, cognitively screened controls (Supplementary Table 3). Both were independently associated in this sample (Mutation@rs11136000: one-tailed p= 0.017, OR= 0.905; Mutation@rs3851179: one-tailed p= 0.014, OR= 0.897). Meta-analysis of the stage 1 and 2 datasets also produced highly significant evidence of association (Mutation@rs11136000: p= 8.5x10-10, OR = 0.861 and Mutation@rs3851179: p= 1.3x10-9, OR= 0.859, two-tailed, Table 1) for Gene@1191 and Gene@8301 loci respectively. We sought further evidence from the Translational Genomics Research Institute (TGEN) study and the Li et al. study, two publicly available Disease@MESH:D000544 GWAS datasets, but neither of the novel GWS SNPs had been genotyped or could be imputed. As secondary analyses, we tested each novel finding for interaction with Gene@348 status and for association with age at onset. No significant interactions of the novel SNPs with Gene@348 status were observed influencing Disease@MESH:D000544 risk (Mutation@rs11136000xAPOE-epsilon4 interaction p= 0.674; Mutation@rs3851179xAPOE-epsilon4 interaction p=0.735). Although we observed significant effects of the GWS SNPs on age at onset, these were limited to SNPs at the Gene@348 locus (data not shown)", "type": "paragraph"}, {"sent": "In a preliminary attempt to attribute the source of the association to a functional variant, we used publicly available data to identify additional SNPs at each locus that were correlated through linkage disequilibrium (LD) with either novel GWS SNP or that might plausibly have functional effects (see Supplementary Table 4). A synonymous SNP (Mutation@rs7982) in the Gene@1191 gene was in strong LD (r2=0.95 in our extension sample) with the GWS SNP and showed a similar level of evidence for association with Disease@MESH:D000544 in the whole sample (meta-p =8x10-10; stage 1 genotypes were imputed). This SNP is in exon 5 of the Gene@1191 gene, which codes for part of the beta chain of the protein and may influence a predicted exon splicing enhancer. We note that Tycko and colleagues previously published a negative association study on the Gene@1191 gene, analyzing 4 SNPs in an Disease@MESH:D000544 case-control sample of African-American, Hispanic and Caucasian/non-Hispanic individuals. Although they identified Mutation@rs7982 through mutation screening (referred to as VB in their study), the SNP was not tested for association in their sample. The 4 SNPs that were analyzed were rare in Caucasians (minor allele frequency <2%) and there was very limited power to detect association in their Caucasian sub-sample of 53 Disease@MESH:D000544 cases and 43 controls. As these 4 SNPs were not genotyped in the present GWAS, there is no overlap between the two studies", "type": "paragraph"}, {"sent": "Several potentially functional SNPs were identified at the Gene@8301 locus. Of these, two showed good evidence for association; Mutation@rs561655, which is within a putative transcription factor binding site and Mutation@rs592297, which is a synonymous SNP in exon 5 of the gene that may influence a predicted exon splicing enhancer. However, neither of these SNPs showed the strength of evidence for association observed for Mutation@rs3851179, the GWS SNP at the Gene@8301 locus (i.e. Mutation@rs561655: meta-p= 1x10-7 and Mutation@rs592297: meta-p= 2x10-7). A number of SNPs in LD with Mutation@rs3851179 and showing moderate evidence of association in the GWAS (p<1x10-4) were also followed up, most notably Mutation@rs541458. This SNP is 8kb 5' to the Gene@8301 gene and was directly genotyped in the extension sample, the TGEN study and the Li et al. study, with p<0.05 in each. Following meta-analysis, this is one of our most significant SNPs (meta-p= 8x10-10) and is also supported by the study of Amouyel et al. published in this issue (p=3x10-3). Further genetic analyses will be required to characterize the true nature of the associations observed at these loci, which is beyond the scope of this paper", "type": "paragraph"}, {"sent": "We also tested whether the observed number of significant associations observed in the GWAS exceeded what would be expected by chance. Having removed SNPs within the Gene@348, Gene@1191 and Gene@8301 loci (see Methods) we focused on those which showed most evidence for association (p< 1x10-5). Approximately 13 independent signals were observed; less than 4 would be expected by chance (p= 7.5x10-6). Table 2 shows the loci implicated and provides strong evidence for association with the Gene@1378 (Gene@1378) gene, particularly in the context of the results of the Amouyel et al. study published in this issue. Also noteworthy are the Gene@274 (Gene@274) gene, which produces a protein involved in synaptic Disease@MESH:C567751, and the Gene@1600 (Gene@1600) gene, whose product is involved with tyrosine phosphorylation and microtubule function in neurons. These data thus provide strong evidence that there are several genes associated with Disease@MESH:D000544 which remain to be identified. We have also tested over 100 variants highlighted by previous Disease@MESH:D000544 GWA studies for association in our sample (see Supplementary note for full discussion). These are summarized in Supplementary Table 5", "type": "paragraph"}, {"sent": "Until now, the Gene@348-epsilon4 allele was the only consistently replicated genetic risk factor for Disease@MESH:D000544. It is therefore intriguing that we find compelling evidence for association with Gene@1191, a gene that encodes another major brain Gene@348;11816, suggesting that susceptibility genes are not randomly distributed through functional pathways. The predominant form of Gene@1191 is a secreted heterodimeric glycoprotein of 75-80kDa. The single copy gene spans about 16kb on chromosome 8p21-p12 and encodes an mRNA of approximately 2kb that translates into a 449 amino acid primary polypeptide chain. Gene@1191 is expressed in all mammalian tissues and there is strong evidence that Gene@1191 levels are elevated in a number of pathological conditions involving Disease@MESH:D004660. In Disease@MESH:D000544 brain, Gene@1191 expression is reported to be increased in affected cortical areas and is present in amyloid plaques and in the cerebrospinal fluid of Disease@MESH:D000544 cases", "type": "paragraph"}, {"sent": "Gene@1191 is a multi-functional molecule. It interacts with the soluble form of Gene@351 in animal models of disease and binds soluble Gene@351 in a specific and reversible manner, forming complexes that have been shown to cross the blood-brain barrier. Interestingly, Gene@348 also appears to act as a molecular chaperone for Gene@351 and influences when it aggregates and deposits as well as influencing Gene@351 conformation and Disease@MESH:D064420. In a similar way, Gene@1191 appears to regulate both the Disease@MESH:D064420 and conversion of Gene@351 into insoluble forms. Furthermore, Gene@348 and Gene@1191 have been shown to cooperate in suppressing Gene@351 deposition and Gene@348 and Gene@1191 may critically modify Gene@351 clearance at the blood brain barrier, suggesting a role for Gene@1191 in the amyloidogenic pathway. Levels of Gene@348 protein appear to be inversely proportional to Gene@348-epsilon4 allele dose levels, i.e. expression levels are reduced in epsilon4 homozygotes compared with heterozygotes. Conversely, Gene@1191 levels are increased in proportion to Gene@348-epsilon4 allele dose suggesting an induction of Gene@1191 in individuals with low Gene@348 levels. Thus, the strong statistical evidence for the involvement of this gene in Disease@MESH:D000544 has additional support in terms of biological plausibility", "type": "paragraph"}, {"sent": "The second gene locus to show compelling evidence for association with Disease@MESH:D000544 is Gene@8301 (phosphatidylinositol-binding clathrin assembly protein; also known as Gene@9892: clathrin assembly Disease@MESH:D007951 gene). Gene@8301 is ubiquitously expressed in all tissue types with prominent expression in neurons, where it is nonselectively distributed at the pre- and post synaptic structures. It has been shown that like Gene@274, Gene@8301 is involved in clathrin-mediated endocytosis (CME), an essential step in the intracellular trafficking of proteins and lipids such as nutrients, growth factors and neurotransmitters. Of relevance to Disease@MESH:D000544, Gene@8301 appears to be involved in directing the trafficking of Gene@6844. Gene@6844 is a SNARE protein that plays a prominent role in the fusion of synaptic vesicles to the presynaptic membrane in neurotransmitter release, a process that is crucial to neuronal function. Disease@MESH:D000544 brains show a reduced number of synapses and stereological and biochemical analysis has shown that this reduction in synaptic density correlates with Disease@MESH:D003072 better than the accumulation of plaques and tangles. More recent analysis indicates synapses within Disease@MESH:D000544 brains may be dysfunctional even before they visibly degenerate. Therefore, we can hypothesize that genetically directed changes in Gene@8301 function result in perturbations at the synapse, possibly through synaptic vesicle cycling, thereby increasing risk for Disease@MESH:D000544. Alternatively, Gene@8301 could influence risk of Disease@MESH:D000544 through APP processing via endocytic pathways resulting in changes in Gene@351 levels. Cell culture experiments have shown that full length APP is retrieved from the cell surface by CME and inhibition of endocytosis reduces APP internalization and reduces Gene@351 production and release. Increased synaptic activity is known to lead to the elevated endocytosis of synaptic vesicle proteins and Cirrito et al. have since provided evidence in vivo that the increased CME, triggered by increased synaptic activity, drives more APP into endocytotic compartments resulting in an increase of Gene@351 production and release. Thus, as for Gene@1191, the strong statistical evidence for the involvement of Gene@8301 in Disease@MESH:D000544 has support in terms of biological plausibility", "type": "paragraph"}, {"sent": "The power of the present study to detect loci of the effect sizes observed in the GWAS for Mutation@rs11136000 and Mutation@rs3851179 at a genome-wide significance level is 0.74 and 0.57, respectively. However, it is widely acknowledged that effect sizes of significant loci obtained from genome-wide studies are over-estimates of the true effects. In the extension study, Mutation@rs11136000 had an OR of 0.905, while Mutation@rs3851179 had an OR of 0.897. Assuming that these better reflect the true effect sizes associated with these loci, the GWAS has power to detect genome-wide significant association of 0.026 and 0.041 respectively. Thus it is likely that there are other genes of similar effect sizes that did not reach genome-wide significance. Indeed, we observed many SNPs which, while failing to reach this stringent level of statistical significance, might still reflect true associations with disease, e.g. variants at the Gene@1378 locus, also highlighted by the results of Amouyel and colleagues (this issue). As with other GWAS research into complex disorders, such as Disease@MESH:D003924 where 18 susceptibility loci have now been confirmed through GWAS meta-analysis of 54,000 subjects, further larger GWAS are required to identify new susceptibility variants for Disease@MESH:D000544", "type": "paragraph"}, {"sent": "The study comprised a Stage 1 discovery sample of 4,957 Disease@MESH:D000544 cases and 9,682 controls and a Stage 2 follow-up sample of 2,023 Disease@MESH:D000544 cases and 2,340 controls. See the Supplementary note for a complete description of the study subjects", "type": "paragraph"}, {"sent": "Genotyping was performed at the Sanger Institute, UK. 200ng of input DNA per sample were used and prepared for genotyping using the Illumina Infinium  system (Illumina  Inc., San Diego, CA, USA). Manufacturer's protocols were followed throughout. The Illuminus algorithm for cluster analysis was used for genotype calling", "type": "paragraph"}, {"sent": "4,113 Disease@MESH:D000544 cases and 1,602 controls were genotyped on the Illumina 610-quad chip as part of this study (the 610 group). In addition, 844 Disease@MESH:D000544 cases and 8,080 controls previously genotyped using either the Illumina HumanHap550 or Illumina HumanHap300 were included in the analysis. These genotypes were generated as part of 7 different studies, making 8 separate groups in total: 1) 610; 2) Mayo; 3) 1958 birth cohort (Sanger); 4) 1958 birth cohort (T1DGC); 5) ALS control; 6) Coriell control; 7) Heinz Nixdorf Disease@MESH:D008569 (HNR) study; 8) KORA F4. As we used genotype data from multiple sources, it was important to apply stringent QC filters, as differential genotyping error rates between groups could result in spurious associations when the data are combined. These filters were applied separately to each of these 8 groups to remove poorly performing samples using tools implemented in PLINK v1.05", "type": "paragraph"}, {"sent": "We removed 1,469 individuals with missing genotype rates > 0.01. We also applied a filter based on mean autosomal heterozygosity, excluding 578 individuals with values above or below empirically determined thresholds. 71 individuals with inconsistencies between reported gender and genotype-determined gender and 22 individuals with ambiguous genotype-determined gender were removed. All individuals passing these QC filters were examined for potential genetic relatedness by calculating identity by descent (IBD) estimates for all possible pairs of individuals in PLINK, and removing one of each pair with an IBD estimate >= 0.125 (the level expected for first cousins). IBD estimates were calculated using SNPs that were common to the Illumina 610, 550 and 300 chips with a genotype missing data rate <= 0.01, Disease@MESH:C000656865 >= 1x10-5 and a minor allele frequency >= 0.01. As a result, 506 individuals were excluded (note that this includes 311 individuals that were included in both the Coriell and ALS control group)", "type": "paragraph"}, {"sent": "We also sought to detect non-European ancestry. To this end, genotype data from SNPs typed in all cohorts was merged with genotypes at the same SNPs from 210 unrelated European (CEU), Asian (Disease@None and JPT) and Yoruban (YRI) samples from the HapMap project. Subsequent to removing SNPs in extensive regions of linkage disequilibrium (chr5:44-51.5 Mb; chr6: 25-33.5 Mb; chr8: 8-12 Mb; chr11: 45-57 Mb), we further pruned SNPs if any pair within a 50-SNP window had r2 > 0.2. Genome-wide average identity by state (Disease@MESH:D043183) distance was calculated in PLINK between each pair of individuals in the resulting dataset, based on 57,966 SNPs (all with a genotype missing data rate <= 0.01, Disease@MESH:C000656865 >= 1x10-5 and a minor allele frequency >= 0.01). The resulting matrix of Disease@MESH:D043183 distances was used as input for classical multi-dimensional scaling (Disease@MESH:D009190) in R v2.7.1. When the first two dimensions were extracted and plotted against each other, three clusters were observed corresponding to the European, Asian and Yoruban samples. Sixteen samples appeared to be ethnic outliers from the European cluster and were excluded from further analysis", "type": "paragraph"}, {"sent": "We assessed population structure within the data using principal components analysis (PCA) as implemented in EIGENSTRAT to infer continuous axes of genetic variation. Eigenvectors were calculated based on the previously described LD-pruned subset of 57,966 SNPs common to all arrays. The EIGENSTRAT program also identifies genetic outliers, which are defined as individuals whose ancestry is at least 6 standard deviations from the mean on one of the top ten axes of variation. As a result, 188 outliers were identified and excluded. Following sample QC 3,941 Disease@MESH:D000544 cases and 7,848 controls were included in the analysis", "type": "paragraph"}, {"sent": "Due to unresolved genotype-calling issues with a proportion of SNPs on the sex chromosomes, only autosomal SNPs were included in this analysis (with the exception of Mutation@rs5984894, an X chromosome SNP that has previously been associated with Disease@MESH:D000544 by Carrasquillo et al.; see Supplementary Table 5). Individuals were genotyped on either the Illumina 610-quad as part of this project, or were previously genotyped on the Illumina HumanHap550 or the Illumina HumanHap300 array, and the genotypes made available to us. Note that SNPs had already been filtered out of some groups prior to inclusion in this study. Moreover, where different versions of the same array were used (e.g. HumanHap550v1 used to genotype the 1958 birth cohort (Sanger) cohort compared with the HumanHap550v3 array used to genotype the 1958 birth cohort (T1DGC)), only SNPs common to both versions were considered as present on that array. As such, SNPs included in our analysis fell into 4 different categories; 1) 266,714 SNPs common to all 3 arrays and genotyped in all individuals; 2) 202,516 SNPs common to the 610 and 550 arrays, but not present or without genotypes in individuals typed on the 300 array; 3) 7,744 SNPs common to the 610 and 300 arrays, but not present or without genotypes in individuals typed on the 550 array; 4) 105,614 SNPs with genotypes only in the 610 data", "type": "paragraph"}, {"sent": "We assessed the effects of different missing data rate and Hardy-Weinberg filters, aiming to remove poorly performing SNPs without excluding markers that may show genuine association with Disease@MESH:D000544. For each of the 4 SNP categories, markers were excluded if they had a minor allele frequency (MAF) < 0.01 or a Disease@MESH:C000656865 <= 1x10-5, in either cases or controls. SNPs with a MAF >= 0.05 were excluded if they had a genotype missing rate of > 0.03 in either cases or controls; for SNPs with a MAF between 0.01 and 0.05, a more stringent genotype missing rate threshold of 0.01 was employed. As a result of this basic SNP QC 43,542 SNPs were excluded", "type": "paragraph"}, {"sent": "Ten principal components (PCs) were extracted using EIGENSTRAT, as previously described. To determine if the PCs could assuage any population structure within our sample, we performed logistic regression tests of association with Disease@MESH:D000544, sequentially including between 0 and 10 of the top PCs as covariates. The impact of including the PCs was evaluated by calculating the genomic control inflation factor, lambda. We found that including the first 4 PCs as covariates had the maximum impact on lambda", "type": "paragraph"}, {"sent": "To minimize inter-chip and inter-cohort differences that could result in an Disease@MESH:D005776 rate, minor allele frequencies were compared between controls in the different groups using logistic regression analysis, incorporating the top 4 PCs as covariates as previously described. Comparisons were only performed between individuals from the same geographical region (i.e. British Isles, Germany or USA). For each of the 4 categories of SNPs, a quantile-quantile (Q-Q) plot was produced for each cohort control comparison, and the significance threshold employed to exclude SNPs was based on where the observed chi2 statistics departed from the null expectation. A further 9,828 SNPs were excluded as a result of these comparisons. Thus, a total of 529,218 autosomal SNPs were analyzed for association with Disease@MESH:D000544 in this study", "type": "paragraph"}, {"sent": "SNPs were tested for association with Disease@MESH:D000544 using logistic regression, assuming an additive model. Covariates were included in the logistic regression analysis to allow for geographical region and chip, i.e. to distinguish between 1) individuals from the British Isles, 2) individuals from Germany, 3) individuals from the US typed on the 610 or 550 chip, 4) individuals from the US typed on the 300 chip. It was not possible to include a covariate for each chip as only controls were genotyped on the 550 chip. Similarly, it was not possible to include a covariate for each of the 8 groups, as only two included both cases and controls (610 and Mayo groups). The first 4 PCs extracted from EIGENSTRAT were also included as covariates, as previously described. Following analysis, 130 cluster plots were visually inspected for SNPs with a p-value <= 1x10-4. Thirteen SNPs showing poorly formed clusters were excluded. Thus our analysis was based on 529,205 SNPs, and a conservative genome-wide significance threshold of 0.05/529205 = 9.4x10-8 was employed. The overall genomic control inflation factor, lambda, was calculated to be 1.037. Population attributable risk (the expected reduction in disease load following removal of a risk factor) was calculated for GWS SNPs according to the formula: PAR = Fcon(OR-1)/[Fcon(OR-1)+1], where Fcon is the frequency of the risk allele in controls and OR is the odds ratio associated with the risk allele", "type": "paragraph"}, {"sent": "We assessed our results to determine if we observed more significant SNPs than would be expected by chance. We first removed SNPs within 500 kb either side of risk SNPs, i.e. Mutation@rs429358 (the Gene@348 epsilon4 SNP), Mutation@rs11136000 (Gene@1191) and Mutation@rs3851179 (Gene@8301). We thus excluded 170 \"Gene@348\" SNPs, 290 \"Gene@1191\" SNPs and 257 \"Gene@8301\" SNPs. Of the 528,448 remaining SNPs we estimated 397,224.7 \"independent\" tests using the algorithm we described in. Of 16 SNPs significant at a significance level alpha=10-5 (excluding Gene@348, Gene@1191 and Gene@8301 SNPs, see Table 2) we estimated 12.6 \"independent\" tests. We calculated the mean (N*alpha =397224.7*10-5   4.0) and variance (N*alpha*(1-alpha) = 3.97) of the expected number of significant tests at alpha=10-5 level using the binomial distribution. Thus the probability of observing 12.6 significant tests is P = 7.5x10-6", "type": "paragraph"}, {"sent": "We genotyped SNPs in cases and controls from 5 European cohorts (described in Supplementary Table 3). Putative functional SNPs were identified using PupaSuite. Genotyping was performed at Cardiff using the MassARRAY and iPlexGOLD systems (Sequenom, San Diego, CA) according to manufacturer's recommendations. All genotyped SNPs had genotype call frequency rates >90% in the follow-up sample, and no SNPs had HWE P-value <= 0.05 in cases or controls. SNPs were tested for association with Disease@MESH:D000544 using logistic regression, assuming an additive model. Covariates were included in the logistic regression analysis to allow for each cohort, i.e. 1) Belgium, 2) Gene@420) Bonn, 5) Greek", "type": "paragraph"}, {"sent": "We included genotype data from stages 1 and 2 in a meta-analysis for SNPs at the Gene@1191 and Gene@8301 loci. In addition, we employed genotype data from the TGEN study and the Li et al. study, two publicly available Disease@MESH:D000544 GWAS datasets. The TGEN sample is comprised of 861 Disease@MESH:D000544 cases and 550 controls genotyped on the Affymetrix 500K chip. The Li et al. discovery sample is comprised of 753 Disease@MESH:D000544 cases and 736 controls also genotyped on the Affymetrix 500K chip. If a SNP of interest was not genotyped in our GWAS or the TGEN dataset, an attempt was made to impute genotypes in PLINK, using the 60 HapMap CEU founders as a reference panel. Only imputed SNPs with an information content metric value greater than 0.8 were included in analysis (see PLINK website). Individual level data were not available for the Li study and so SNPs could not be imputed. Where individual level data was available, SNPs were tested for association with Disease@MESH:D000544 using logistic regression, assuming an additive model. Covariates were included in the logistic regression analysis to allow for geographical region and chip as in Stage 1 and for cohort as in Stage 2. Covariates included for the TGEN sample distinguished between samples from the Netherlands Brain Bank and samples from the USA. Meta-analyses incorporating data from the Li et al. study are based on Mantel-Haenzsel chi2 tests. Results of the meta-analysis are shown in Table 1 and Supplementary Table 4", "type": "paragraph"}, {"sent": "We also tested the GWS SNPs for relationships with age at onset (AAO). To this end, age at onset (in years) was employed as the dependent variable in a linear regression analysis and an additive model was assumed. AAO data was available for 2,856 Disease@MESH:D000544 cases. Covariates were included in the logistic regression analysis to allow for geographical region and chip, i.e. to distinguish between 1) cases from the British Isles, 2) cases from Germany, 3) cases from the US typed on the 610 chip, 4) cases from the US typed on the 300 chip", "type": "paragraph"}, {"sent": "In addition, we stratified our sample based on presence/absence of at least 1 Gene@348 epsilon4 allele. We had Gene@348 genotype data for 6045 individuals; our epsilon4-positive sample consisted of 2,203 Disease@MESH:D000544 cases and 632 controls; our epsilon4-negative sample consisted of 1,446 cases and 1,764 controls. We performed genome-wide tests for association with Disease@MESH:D000544 in each sub-sample, but no SNP achieved genome-wide significance (see Supplementary Tables 6 and 7)", "type": "paragraph"}, {"sent": "The GWAS data will be made available to bona fide researchers within 6 months (contact the corresponding authors for access)", "type": "paragraph"}, {"sent": "Scatterplot of chromosomal position (x-axis) against -log 10 GWAS P-value (y-axis). The y-axis scale has been limited to 9.25 (p = 5.6x10-10), although highly significant association was observed with SNPs in the vicinity of the Gene@348 locus (e.g. Mutation@rs2075650 with p = 1.8x10-157). The threshold for genome-wide significance (p <= 9.4x10-8) is indicated by the red horizontal line. 761 SNPs with p <= 1x10-3 lie above the blue horizontal line and are listed in Supplementary Table 2. The plot was produced using Haploview v4.0", "type": "fig_caption"}, {"sent": "SNPs showing genome-wide significant association with Disease@MESH:D000544 in stage 1 of the GWAS. 5 of the13 genome-wide significant SNPs at the Gene@348 locus are shown (see Supplementary Table 2 for the complete list). P-values in the extension sample and the combined sample are also shown for the two SNPs unlinked to the Gene@348 locus (highlighted in bold)", "type": "table_caption"}, {"sent": "SNPs showing association with Disease@MESH:D000544 at P<= 1x10-5 (excluding SNPs at the Gene@348, Gene@1191 and Gene@8301 loci)", "type": "table_caption"}]}