{"sentences": [{"sent": "We conducted a two-stage genome-wide association study to identify common genetic variation altering risk of the Disease@MESH:D008659 and related phenotypes in Indian Asian men, who have a high prevalence of these conditions. In Stage 1, approximately 317,000 single nucleotide polymorphisms were genotyped in 2700 individuals, from which 1500 SNPs were selected to be genotyped in a further 2300 individuals. Selection for inclusion in Stage 1 was based on four Disease@MESH:D008659: HDL-cholesterol, plasma glucose and Disease@MESH:D003924, Disease@MESH:D056128 measured by waist to hip ratio, and diastolic blood pressure. Association was tested with these four traits and a composite Disease@MESH:D008659 phenotype. Four SNPs reaching significance level p<5x10-7 and with posterior probability of association >0.8 were found in genes Gene@1071 and Gene@4023, associated with HDL-cholesterol. These associations have already been reported in Indian Asians and in Europeans. Five additional loci harboured SNPs significant at p<10-6 and posterior probability >0.5 for HDL-cholesterol, type 2 Disease@MESH:D003920 or diastolic blood pressure. Our results suggest that the primary genetic determinants of Disease@MESH:D008659 are the same in Indian Asians as in other populations, despite the higher prevalence. Further, we found little evidence of a common genetic basis for Disease@MESH:D008659 traits in our sample of Indian Asian men", "type": "abstract"}, {"sent": "The Disease@MESH:D008659 is the combination of most or all of: raised plasma glucose, Disease@MESH:D056128, Disease@MESH:D050171, and high blood pressure. People affected by the Disease@MESH:D008659 are at an increased risk of Disease@MESH:D003324 and Disease@MESH:D003924 (T2D), which are large and rapidly-increasing causes of Disease@MESH:D003643 globally. Indian Asians have a high prevalence of the Disease@MESH:D008659 compared with Europeans, and Disease@MESH:D008659 traits are highly heritable in Indian Asians (h2 between 0.27and 0.53). It is thought that the syndrome results from a complex interplay of genetic and environmental factors, and genetic variants underlying metabolic traits have been identified at several loci in European-origin populations. Little is known about whether the same genetic mechanisms trigger metabolic disturbances in Indian Asians as in Europeans, nor whether there are genetic mechanisms that are common across Disease@MESH:D008659 traits in Indian Asians. Our study was intended to investigate these two questions", "type": "paragraph"}, {"sent": "We screened common SNPs for association with Disease@MESH:D008659 and four of its component traits in a sample of Indian Asian men. Disease@MESH:D008659 traits vary substantially between men and women; to reduce heterogeneity we included only men in this study. The four traits included three quantitative traits (diastolic blood pressure DBP, waist-hip ratio WHR, and HDL cholesterol), and one binary (presence or absence of T2D). We also tested a Disease@MESH:D008659 phenotype that was created from individual metabolic traits. We used a two-stage design, with independent \"top and tail\" sample selection and different genotyping platforms in each stage. Overall, about 1500 SNPs, primarily selected from the Stage 1 results, were genotyped in approximately 5000 individuals in the two stages combined. We report p-values of association under an additive model, after adjustment for covariates (see Materials and Methods). Although familiar, p-values suffer from problems of interpretation and the difficulty of combining signals under different genetic models. We therefore also report the posterior probability of association (PPA) for a 4:1 weighting of additive and general genetic models (see Materials and Methods). We assumed a prior probability of association of 10-4 for each trait, which corresponds to a cautious assumption that only around 300 kb of the genome is in high linkage disequilibrium (LD) with a causal variant. The PPA is a directly interpretable measure of weight of evidence for association, and gives due emphasis to additive genetic models while also allowing strong, non-additive signals of association to be taken into account", "type": "paragraph"}, {"sent": "Characteristics of individuals selected for genotyping in each stage are shown in Table 1. Quantile-quantile (Q-Q) and signal intensity plots for Stage 1 results are in Figure S1. In summary, after combining data from stages 1 and 2 (Figure 1), four SNPs at two loci were strongly associated with HDL-cholesterol (p<5x10-7, PPA>0.8). In addition, a Gene@6934 SNP had a PPA of almost 0.7 for T2D (p = 7x10-7). A further four SNPs were associated with HDL or DBP at p<10-6 and PPA>0.5. These results are further described below and in Table 2, and a list of all SNPs significant at Gene@1012 from the combined analysis is in Table S1", "type": "paragraph"}, {"sent": "Two SNPs in the Gene@79068 gene, which has a well-established association with Disease@MESH:D009765 (e.g.), were genotyped in our study (Mutation@rs8050136 and Mutation@rs3751812), and showed only weak association with WHR (p = 4.6x10-3 and 4.4x10-3). No SNP showed strong association with the compound Disease@MESH:D008659 phenotype. The largest PPA for a SNP associated with the Disease@MESH:D008659 as defined by the IDF was 0.08 (p = 6.8x10-6) at Mutation@rs12957347, about 180 kb upstream from gene Gene@5366 (phorbol-12-myristate-13-acetate-induced protein) for which no associations have previously been reported, and 288 kb downstream from Gene@4160 (Gene@4160). Mutation@Rs12957347 is correlated with Mutation@rs12970134 reported in (r2 = 0.7) which is 155 kb downstream of Gene@4160, and gave a p-value = 2.4x10-5 in the current study, and therefore is not included in Table 2", "type": "paragraph"}, {"sent": "Associations with p<10-6 and PPA>0.5 were found at two SNPs near Gene@1071, two SNPs at 8p21.3 near the Gene@4023 (Gene@4023) gene, two SNPs at 11q12.2 near the Gene@3992 and Gene@9415 (Fatty acid desaturase) genes, and one SNP at 21q22.3 near FLJ41733. These associations have been reported elsewhere in Indian Asians and Europeans, with the exception of Gene@3992 and Gene@9415, which have been reported in Europeans, but not previously in Indian Asians. The minor allele fractions (MAF) and effect sizes among the Indian Asians in our study are similar to those previously reported in other populations (see references listed in Table 2). The association at 21q22.3 near FLJ41733 has not previously been reported, nor is this locus known to have any metabolic function. A further SNP showed modest association (p<10-6, PPA = 0.35) at Gene@746, which maps to 11q12.2 near Gene@3992/Gene@9415. An LD table for the HDL-associated SNPs in the above three loci is in Table S2", "type": "paragraph"}, {"sent": "SNP Mutation@rs7903146 near Gene@6934 (p<10-6 and PPA = 0.69) is a well-established T2D SNP in Caucasians. The MAF and effect size among the Indian Asians in our study are similar to those previously reported for Europeans (Table 2)", "type": "paragraph"}, {"sent": "SNP Mutation@rs7865146 is located<3 kb from the Gene@2022 (Gene@2022) gene. In our study it showed suggestive evidence of association (PPA = 0.57), each copy of the rare allele reducing DBP by 1.19 mmHg (95% CI: 0.71 to 1.67). An association with DBP is biologically plausible: Gene@2022 encodes a type I membrane glycoprotein and is part of the TGF-beta receptor complex. It is crucial for maintaining vascular integrity and has a role in the development of the cardiovascular system. Its expression is regulated during heart development. A large meta analysis did not show association with variants within or near Gene@2022 in Europeans. Although that study included 12,000 Indian Asians, only 12 SNPs were genotyped in these individuals, none of them near Gene@2022", "type": "paragraph"}, {"sent": "The Disease@MESH:D008659 and its components are a major health concern, particularly in Indian Asians. The GWAS approach has met with some success in Disease@MESH:D050171, type 2 Disease@MESH:D003920 and Disease@MESH:D009765 phenotypes, with most studies to date being conducted in Europeans. Our study has further confirmed a number of previously reported associations, in some cases for the first time in Indian Asians, and identified some novel suggestive associations requiring further confirmation", "type": "paragraph"}, {"sent": "The Disease@MESH:D008659 consists of a number of phenotypes that tend to co-occur, raising the question of whether or not they have common genetic mechanisms. A number of definitions for the Disease@MESH:D008659 have been developed over the years, including those proposed by IDF, NCEP ATPIII or WHO. We chose the IDF definition, which is the most recent and incorporates ethnicity by providing different criteria for the Disease@MESH:D008659 in different ethnic groups. Most published associations for the Disease@MESH:D008659 are only with individual component phenotypes, or in some cases with multiple phenotypes but not matching any of the above definitions. Joy et al. reviewed a large number of genetic association and linkage studies for the Disease@MESH:D008659 using all definitions, and concluded that these studies have not provided any confirmed associations. Our results for Indian Asians also found no evidence for common genetic mechanisms underlying the Disease@MESH:D008659, despite its high prevalence in this population, and the fact that we enriched for extreme Disease@MESH:D008659 phenotypes through selective genotyping of the participants", "type": "paragraph"}, {"sent": "Bayesian statistical methods are still rarely used in reporting genetic association studies, and we hope that our report will give further illustration of their potential benefits. Firstly, intuition gives little guide as to how important is an association of, say 8x10-7, because the answer depends on power which in turn depends on several factors including the MAF. In contrast, a PPA of 0.6 is immediately interpretable irrespective of power or any multiple testing issues. On the other hand, p-values are usually simpler to compute, compared with a PPA that requires assumptions about the distribution of effect sizes, and so we have reported both here. We required that associations satisfy both p<10-6 and PPA>0.2 to be worthy of reporting in Table 2 (weaker suggestive associations are reported in Table S1). A second advantage of a Bayesian approach is that it has allowed us to give some weight to non-additive genetic associations, while still giving an appropriate weight to the more prevalent additive associations. Using p-values it is not easy for the researcher to control the weight given to different genetic models in an interpretable way. In fact, the associations reported in Table 2 are all consistent with an additive genetic model, and allowing for general associations had little impact on our results. However we were able to allow for this possibility without incurring a multiple testing penalty", "type": "paragraph"}, {"sent": "The London Life Sciences Population (LOLIPOP) study is approved by the Ealing and St Mary's Hospitals Research Ethics Committees and written consent was obtained from all participants", "type": "paragraph"}, {"sent": "Participants were selected from the LOLIPOP study, an ongoing collection of phenotypic data and blood samples on a large number of Indian Asian and European white men and women living in West London", "type": "paragraph"}, {"sent": "We had available a pool of 8371 men aged 35 to 75 years, for whom all four grandparents were of Indian Asian descent born on the Indian subcontinent. Recruitment and data collection are described elsewhere. The pool was split into two groups of sizes 4100 and 4271, from which 2706 and 2746 were selected for genotyping in stages 1 and 2, respectively. In each stage the same \"top and tail\" selection procedure was used, based on four traits. All T2D cases on treatment were selected, and other individuals were selected on the basis of having a low glucose level (<5.6 mmol/l), or in the top 500 or bottom 500 for one of waist to hip ratio (WHR), diastolic blood pressure (DBP), or HDL-cholesterol. Alcohol consumption was transformed to a factor with 3 categories: zero, < = 21 units/week, and >21 units/week. Based on significance from multiple regression analysis, we made the following adjustments prior to selection: for non-T2D cases, glucose was adjusted for age and body mass index (BMI); DBP was adjusted for age, BMI and alcohol; WHR was adjusted for age; HDL was adjusted for BMI and alcohol. After adjustment, the individuals with the top and bottom five measurements for each of WHR, DBP and HDL were excluded, to avoid analysing extreme outliers reflecting data anomalies. The top and bottom four glucose measurements in non-T2D cases were also excluded. A summary of the selection procedure is in Table S3. We evaluated a quantitative Disease@MESH:D008659 phenotype with a continuous score from 0-5 based on the International Disease@MESH:D003920 (IDF) definition summarised in Text S1 . We also considered a binary phenotype with scores 3-5 as cases and scores 0-2 as controls. This did not reveal any new results and is therefore not discussed here", "type": "paragraph"}, {"sent": "The Stage 1 samples were genotyped by DeCode, Iceland, using the Illumina 300HumanHap Bead Chip, which includes 317,968 SNPs of which 308,942 are autosomal. Stage 2 samples were genotyped using a custom array and Illumina Golden Gate technology at Imperial College, Hammersmith Hospital. Due to a problem with genotyping, a random set of 500 samples selected for Stage 2 were not genotyped, and analyses proceeded without these samples. This left a total of 2274 samples genotyped at 1370 SNPs. A summary of the genotyping for both stages is in Tables S4 and S5, and Text S2", "type": "paragraph"}, {"sent": "Phenotypes and genotype data were subjected to rigorous quality control procedures, detailed in Text S2. In summary, individuals and SNPs were excluded based on genotyping quality, Hardy-Weinberg equilibrium and relatedness. In Stage 1, we investigated the effect of population structure through principal component (PC) analysis. The first two PCs are shown in Figure 2, and indicate a complex pattern of population structure that has some correlation with religious affiliation (Figure 2 top) and language (Figure 2 bottom). Among the first fifteen PCs, only the first four were significantly associated with any phenotype and these four were used to adjust for population structure in the Stage 1 regression analyses. Computation of both PCs and kinship coefficients used only every 10th SNP, in genome order, to minimise any impact of LD. A summary of exclusions is in Table S6", "type": "paragraph"}, {"sent": "In Stage 1, association of individual SNP genotypes with each of the (adjusted) metabolic traits and the Disease@MESH:D008659 phenotype were tested in PLINK, using logistic regression for T2D and linear regression for the other traits. For each SNP, both additive and recessive genetic models were tested. To maximise power, each individual was included in the analysis of each phenotype, irrespective of the reason for selecting that individual. Perhaps because of this and our adjustments, despite the top-and-tail selection we found that standard regression p-values based on the Gaussian statistical distribution showed correct type 1 error, as evidenced by good adherence of observed quantiles to their null expectations over all but the upper tail of the distribution (Figure S1)", "type": "paragraph"}, {"sent": "We selected 1536 SNPs for the Stage 2 Golden Gate custom array, based on a number of conditions: 1433 were significant under the additive model, either at p<10-3 for one of the four primary phenotypes, or at Gene@1012 for the two Disease@MESH:D008659 phenotype, or at Gene@1012 under the recessive model for any phenotype. An additional 103 SNPs were selected based on being proxies (r2>0.9) for a top-ranked SNP, or for a SNP with low design score, or based on candidate SNPs from the literature. SNPs with p>10-6 were excluded if they had high LD (r2>0.9) with a genotyped SNP, or low design score. We tested association of Stage 2 SNPs with each of the primary phenotypes and the Disease@MESH:D008659 phenotype", "type": "paragraph"}, {"sent": "Data from both stages were pooled and association analysis was carried out on the combined data, in the same way as for Stage 1, including testing for recessive and dominant models, except that PCs were not available to adjust for population structure. Bayes factors (BFs) were calculated using both additive and general models. For the quantitative traits, the additive model assumed a linear trend in trait mean and constant trait variance with increasing minor allele count (0,1, or 2), while the general model allowed any changes in both mean and variance over genotypes. For the binary traits (T2D and the two definitions of the Disease@MESH:D008659), the general model is described as BFr in the supplementary material of. Full R code for the quantitative trait BFs is given in Text S3. We used the default prior parameters, which imply that a 95% interval for the mean effect size is approximately +/-0.4 phenotype standard deviations, while under the general model the phenotypic variance was allowed to vary over genotypes by about 5%. The two Bayes factors were combined using Bayes theorem to generate the PPA, giving a 4:1 weight in favour of the additive model, and a prior probability of association of 10-4 at each SNP. See Text S3 for the full R code that includes all parameter values for all four Bayes factors", "type": "paragraph"}]}