{"sentences": [{"sent": "Sequence variants, including the epsilon4 allele of Gene@348, have been associated with the risk of the common late-onset form of Disease@MESH:D000544. Few rare variants affecting the risk of late-onset Disease@MESH:D000544 have been found", "type": "abstract"}, {"sent": "We obtained the genome sequences of 2261 Icelanders and identified sequence variants that were likely to affect protein function. We imputed these variants into the genomes of patients with Disease@MESH:D000544 and control participants and then tested for an association with Disease@MESH:D000544. We performed replication tests using case-control series from the United States, Norway, the Netherlands, and Germany. We also tested for a genetic association with cognitive function in a population of unaffected elderly persons", "type": "abstract"}, {"sent": "A rare missense mutation (Mutation@rs75932628-T) in the gene encoding the Gene@54209 (Gene@54209), which was predicted to result in an Mutation@rs75932628 substitution, was found to confer a significant risk of Disease@MESH:D000544 in Iceland (odds ratio, 2.92; 95% confidence interval [CI], 2.09 to 4.09; P = 3.42x10-10). The mutation had a frequency of 0.46% in controls 85 years of Gene@5973 or older. We observed the association in additional sample sets (odds ratio, 2.90; 95% CI, 2.16 to 3.91; P = 2.1x10-12 in combined discovery and replication samples). We also found that carriers of Mutation@rs75932628-T between the ages of 80 and 100 years without Disease@MESH:D000544 had poorer cognitive function than noncarriers (P = 0.003)", "type": "abstract"}, {"sent": "Our findings strongly implicate variant Gene@54209 in the pathogenesis of Disease@MESH:D000544. Given the reported antiinflammatory role of Gene@54209 in the brain, the Mutation@rs75932628 substitution may lead to an increased predisposition to Disease@MESH:D000544 through impaired containment of inflammatory processes. (Funded by the National Institute on Aging and others.", "type": "abstract"}, {"sent": "Disease@MESH:D000544, the most common form of Disease@MESH:D003704 in the elderly, is a Disease@MESH:D019636 that is characterized by a slow but progressive Disease@MESH:D003072. Extracellular amyloid plaques, intracellular neurofibrillary tangles, and loss of neurons and synapses resulting in brain Disease@MESH:D001284 are the main pathological hallmarks of Disease@MESH:D000544. Disease onset is usually after the Gene@5973 of 70 years, although the prevalence increases exponentially with Gene@5973 after the Gene@5973 of 65 years and exceeds 25% in those over the Gene@5973 of 90 years", "type": "paragraph"}, {"sent": "The vast majority of variants in the sequence of the genome that have been shown to markedly affect the risk of Disease@MESH:D000544 are rare variants in APP, Gene@5663, and Gene@5664 (encoding Gene@351, Gene@5663, and Gene@5664, respectively). These variants appear to be fully penetrant and result in Disease@MESH:D000544 with an early onset, in most cases before the Gene@5973 of 60 years. However, these variants do not shed light on the most common, late-onset form of the disease. Although a number of common, low-risk variants have been associated with late-onset Disease@MESH:D000544, the epsilon4 allele of Gene@348 (Gene@348), originally discovered as a risk factor for Disease@MESH:D000544 in 1993, remains by far the most important sequence variant affecting the risk of late-onset Disease@MESH:D000544 because of its prevalence and the size of its effect on risk, with reported odds ratios ranging from 3 to 4 (a meta-analysis is available at www.alzgene.org/meta.asp?geneID = 83)", "type": "paragraph"}, {"sent": "To search for sequence variants that influence the risk of Disease@MESH:D000544, we performed a genomewide association analysis with variants (found by whole-genome sequencing of samples from 2261 Icelanders) that were likely to affect protein function. These variants were imputed in patients with Disease@MESH:D000544 and controls with the use of long-range haplotype phasing and chip-genotype information. Using this approach, we have recently reported variants that greatly influence the risk of the Disease@MESH:D012804, Disease@MESH:D006073, Disease@MESH:D005910, and Disease@MESH:D000544", "type": "paragraph"}, {"sent": "Approval for these studies was obtained from the National Bioethics Committee and the Icelandic Data Protection Authority. Written informed consent was obtained from all participants or their guardians before blood samples were drawn, and all sample identifiers were encrypted in accordance with the regulations of the Icelandic Data Protection Authority", "type": "paragraph"}, {"sent": "In 1062 patients, the diagnosis of Disease@MESH:D000544 was established according to the criteria for definite, probable, or possible Disease@MESH:D000544 of the National Institute of Neurological and Communicative Disorders and Disease@MESH:D020521 and the Disease@MESH:D000544 and Disease@MESH:C000657245 Association (NINCDS-ADRDA). In another 2697 patients, the diagnosis was established according to the criteria for code F00 of the International Disease@MESH:D008310, 10th Revision (ICD-10). We assessed cognitive function using data from the Resident Assessment Instrument (RAI), with which assessment is performed on an individual basis and recorded in a Minimum Data Set (MDS 2.0) form. Data were primarily obtained through Gene@10742.0 for Nursing Homes, which is a comprehensive and standardized instrument originally developed for residential facilities for the elderly, with additional information provided by the InterRAI Assessment for Home Care. We assessed cognitive function using the MDS Cognitive Performance Scale (CPS), which combines selected MDS 2.0 items expressing different measures of cognitive function on a seven-category scale, ranging from 0 (intact) to 6 (severe impairment). The CPS is hierarchical and based on an assessment of several measures of cognitive function; a 1-unit change is a reflection of distinct and measurable changes in at least one cognitive domain. A total of 1236 study participants with a score of 0 on the CPS scale were used as cognitively intact controls. We selected 110,050 population controls from among participants in various research projects at deCODE Genetics, excluding those in whom Disease@MESH:D000544 had been diagnosed", "type": "paragraph"}, {"sent": "The Regional Ethical Committee and the Norwegian Data Protection Agency approved the studies. The sample of patients with Disease@MESH:D000544 consisted of home-dwelling outpatients referred to three memory clinics in the Southeast Health Region of Norway for suspicious Disease@MESH:D003704. The patients underwent a standardized comprehensive assessment, which consisted of taking a medical history from the patient as well as a close family member, comprehensive neuropsychological testing, a physical and Disease@MESH:D001523 examination with the use of standardized assessment scales, blood sample analyses, and brain imaging. Diagnoses of Disease@MESH:D000544 were established in accordance with the ICD-10 criteria for research. Controls were recruited as a part of the Thematically Organized Disease@MESH:D011605 study (enrolling 700 patients and 291 controls) and two Norwegian studies of Disease@MESH:D001289 (enrolling 626 patients and 898 controls)", "type": "paragraph"}, {"sent": "All participants underwent a research evaluation in the Emory Disease@MESH:D000544 Research Center in Atlanta. Participants were classified as controls or as having probable Disease@MESH:D000544 after a review of the history, physical examination, neuropsychological testing, and available clinical records in a consensus conference among neurologists, neuropsychologists, and other health care professionals. All controls underwent initial cognitive screening with a Mini-Mental State Examination (MMSE) and Clock Drawing Test (CDT), and those who were impaired (z score, -1.79 or less) after adjustment for Gene@5973, sex, and education and all patients with Disease@MESH:D000544 underwent further neuropsychological testing consisting of a Brief Visuospatial Memory Test-Revised, Wechsler Memory Scale-Revised Logical Memory I and II, Wechsler Adult Intelligence Scale-Revised Similarities, Wechsler Adult Intelligence Scale III Digit Span, Wechsler Adult Intelligence Scale-Revised Digit Symbol, Judgment of Line Orientation, Trail Making Test A and B, Category Fluency (Animals, Vegetables), Phonemic Fluency, Boston Naming Test, Consortium to Establish a Registry for Disease@MESH:D000544 (CERAD) Word List Memory, CDT evaluation, the Disease@MESH:D000275 Inventory (for participants <65 years of Gene@5973), and the Disease@MESH:D000275 Scale (for participants >=65 years of Gene@5973). In interviews, controls had a negative response to questions about a personal history of a Disease@MESH:D020271, and medical records that included imaging (computed tomography or magnetic resonance imaging), neuropsychiatric assessment, and ancillary testing were requested and reviewed when available", "type": "paragraph"}, {"sent": "Patients with Disease@MESH:D000544 were recruited at the memory clinic of the Department of Psychiatry, University of Munich, Germany. Participants in whom Disease@MESH:D003704 associated with Disease@MESH:D000544 was diagnosed fulfilled the criteria for probable Disease@MESH:D000544, according to the NINCDS-ADRDA criteria. The control group included participants who were randomly selected from the general population of Munich. Controls who had a disease of the central nervous system or a Disease@MESH:D011618 or who had a first-degree relative with a Disease@MESH:D011618 were excluded", "type": "paragraph"}, {"sent": "The Rotterdam Study I is a prospective, population-based cohort study enrolling 7983 residents who are 55 years of Gene@5973 or older and live in Ommoord, a suburb of Rotterdam, the Netherlands. Baseline examinations took place between 1991 and 1993; follow-up examinations were performed between 1997 and 1999 and between 2002 and 2006; a final follow-up examination was performed between 2009 and 2011", "type": "paragraph"}, {"sent": "Participants were screened for prevalent Disease@MESH:D003704 with the use of a three-stage process; those free of Disease@MESH:D003704 remained under surveillance for incident Disease@MESH:D003704, a determination that was made with the use of record linkage and assessment at three subsequent examinations. We included all patients in whom Disease@MESH:D000544 was diagnosed before December 31, 2011; a subset of those in whom Disease@MESH:D000544 was not diagnosed served as controls", "type": "paragraph"}, {"sent": "Screening was done with the MMSE and Geriatric Mental Schedule (GMS) for organic (i.e., medical or physical) mental illness for all participants. Participants who were deemed to be positive on screening (a score of <26 on the MMSE or >0 on the GMS organic level) underwent the Cambridge Disease@MESH:D001523 of the Elderly Examination (CAMDEX) schedule. Participants in whom Disease@MESH:D003704 was suspected underwent more extensive neuropsychological testing. When available, imaging data were used. In addition, all participants were continuously monitored for major events (including Disease@MESH:D003704) through automated linkage of the study database with digitized medical records from general practitioners, the Regional Institute for Outpatient Mental Health Care, and the municipality", "type": "paragraph"}, {"sent": "In addition, physicians' files from nursing homes and general practitioners' records for participants who moved out of the Ommoord district were reviewed twice a year. For suspected Disease@MESH:D003704 events, additional information (including neuroimaging) was obtained from hospital records, and research physicians discussed available information with a neurologist experienced in Disease@MESH:D003704 diagnosis and research to verify all diagnoses", "type": "paragraph"}, {"sent": "Disease@MESH:D003704 was diagnosed in accordance with internationally accepted criteria for Disease@MESH:D003704 in the revised third edition of the Diagnostic and Statistical Manual of Disease@MESH:D001523, and Disease@MESH:D000544 was diagnosed on the basis of the NINCDS-ADRDA criteria for possible, probable, or definite disease. The criteria of the National Institute of Disease@MESH:D009422 and Disease@MESH:D020521-Association Internationale pour la Recherche et l'Enseignement en Neurosciences (NINDS-AIREN) were used to diagnose vascular Disease@MESH:D003704. The final diagnosis was determined by a panel consisting of a neurologist, a neurophysiologist, and a research physician. The diagnoses of Disease@MESH:D000544 and Disease@MESH:D015140 were not mutually exclusive", "type": "paragraph"}, {"sent": "We performed whole-genome sequencing on samples obtained from 2261 Icelandic participants, followed by single-nucleotide-polymorphism (SNP) calling and genotype imputation, using methods that were described previously. The chip-genotype imputation was based on chip genotypes from 95,085 persons. Approximately 34 million markers (SNPs and insertion-deletion polymorphisms), including the 191,777 functional variants identified through whole-genome sequencing, were imputed in the Icelandic cases and controls. The information content for Mutation@rs75932628 in the imputed data was 0.999 (as compared with 1.0 for perfect information)", "type": "paragraph"}, {"sent": "We performed single SNP genotyping of Mutation@rs75932628 using the Centaurus (Nanogen) platform. No mismatches resulted from a comparison of genotypes determined through imputation and Centaurus genotyping of 964 participants, including 30 participants who were predicted to be heterozygous for the rare allele and 2 who were predicted to be homozygous for the rare allele. Samples from the United States, Germany, and Norway were also typed with the use of Centaurus assays. Before analysis, we excluded samples with a genotype yield of less than 90% and one member of each pair of duplicate samples. The genotyping yield was at least 95% in both cases and controls in samples from all study locations, and all genotypes were in Hardy-Weinberg equilibrium. Samples from the Netherlands were genotyped for Mutation@rs75932628 with Taqman allelic discrimination Assays-by-Design (Applied Biosystems). All measurements were performed in accordance with the manufacturer's protocols; primer and probe sequences are available from the manufacturer", "type": "paragraph"}, {"sent": "We downloaded genotype and phenotype data from the Genetic Disease@MESH:D000544 Associations (GenADA) study, the National Institute on Aging Late Onset Disease@MESH:D000544 and National Cell Repository for Disease@MESH:D000544 Family Study (NIA-LOAD), and the Electronic Medical Records and Genomics (eMERGE) genomewide association study of Disease@MESH:D003704 from the controlled-access portal of the National Institutes of Health Genotype and Phenotype database (dbGAP, accession number phs000234.v1.p1). Two small components of NIA-LOAD, phs000168.v1.p1.c2 (involving 28 participants) and phs000168.v1.p1.c1 (involving 570 participants), could not be included because consent from participants was for nonprofit use only. In addition, Mutation@rs75932628 could not be successfully imputed on the basis of the GenADA data (information content associated with the additive test, <0.3), which led to the exclusion of that study from further analyses", "type": "paragraph"}, {"sent": "In the NIA-LOAD and eMERGE studies, patients were classified as having definite, probable, or possible Disease@MESH:D000544, according to NINCDS-ADRDA criteria. In the eMERGE study, patients in whom Disease@MESH:D003704 was diagnosed according to electronic-medical-record criteria were excluded. In both studies, controls were free of Disease@MESH:D003704, and participants who were biologic relatives of patients with Disease@MESH:D000544 were not included as controls. Imputation was performed with the use of IMPUTE2 with the March 2012 haplotype release of the 1000 Genomes Project as a reference. Before imputation, participants with a genotyping yield of less than 98% were removed; SNPs with a yield of less than 98%, a minor allele frequency of less than 1%, or a deviation from Hardy-Weinberg equilibrium (P<1.0x10-5) were also removed. The information content of the imputed data associated with the additive test was 0.79 and 0.75 for the NIA-LOAD and eMERGE studies, respectively", "type": "paragraph"}, {"sent": "For the Icelandic data, we performed case-control association testing of imputed genotypes using methods that were described previously. Odds ratios were calculated on the basis of a multiplicative model for the two chromosomes of each individual. The method of genomic control was used to correct for relatedness and potential population stratification", "type": "paragraph"}, {"sent": "We used logistic regression to perform association analysis that was based on the NIA-LOAD and eMERGE data sets, with the first three principal components included as covariates to adjust for population stratification. Before the analysis, we removed data for participants with genotyped sex inconsistent with reported sex, the lower-yield sample in each pair of duplicates, genetically related older cases and younger controls (to eliminate the inclusion of first- or second-degree relatives), and participants with an estimated fraction of less than 0.9 European ancestry in analysis with STRUCTURE software and using as a reference HapMap samples of Utah residents with ancestry from northern and western Europe (CEU), Han Chinese in Beijing and Japanese in Tokyo (Disease@None), and Yoruba in Ibadan, Nigeria (YRI)", "type": "paragraph"}, {"sent": "We used Fisher's exact test to perform other association analyses. We combined results from the various replication groups, and from the discovery group and the replication groups, using inverse-variance-weighted meta-analysis. The relationship between the Gene@5973 at onset and Mutation@rs75932628-T was examined with the use of a linear model with the Gene@5973 at onset as the response and Mutation@rs75932628-T and the Gene@348 epsilon4 count as predictors", "type": "paragraph"}, {"sent": "We analyzed the effect of Gene@5973 on the CPS score, using determinations made at several ages for each participant. The CPS score is based on the Resident Assessment Instrument for Nursing Homes, which is applied on average three times per year in Icelandic nursing homes. Since the residency time in nursing homes in Iceland is on average 3 to 4 years, many determinations of CPS that are performed at different times are available for most persons. We assessed the difference in CPS score between Mutation@rs75932628-T carriers and noncarriers in the Gene@5973 range from 80 to 100 years using a mixed model with Gene@5973 and carrier status as fixed effects and the individual as a random effect. We used bootstrapping methods to calculate standard errors for the analysis of the CPS score versus Gene@5973", "type": "paragraph"}, {"sent": "Through whole-genome sequencing of samples from 2261 Icelanders, we found 191,777 nonsynonymous SNPs, frameshift variants, splicing variants, and stop gain-loss variants and imputed these variants in patients with Disease@MESH:D000544 and controls. A total of 3550 patients with Disease@MESH:D000544 were included in the analysis. Our control group included persons who had reached the Gene@5973 of 85 without a diagnosis of Disease@MESH:D000544. With the exclusion of the Gene@348 locus and the Mutation@rs63750847 variant in APP, only one marker, Mutation@rs75932628, showed a genomewide association, on the basis of either the Bonferroni-adjusted threshold of P<2.60x10-7 for 191,777 tests or the conventional threshold for genome-wide association studies (5x10-8). The T allele of Mutation@rs75932628, which encodes a substitution of Mutation@rs75932628 (Mutation@rs75932628) in the gene encoding the Gene@54209 (Gene@54209) on chromosome 6p21.1, with an allelic frequency of 0.63% in Iceland, was found to confer a significant risk of Disease@MESH:D000544 (odds ratio, 2.92; 95% confidence interval [CI], 2.09 to 4.09; P= 3.42x10-10) (Table 1). No other variant in Gene@54209 that is likely to affect protein function showed nominally significant association with Disease@MESH:D000544 (Table S1 in the Supplementary Appendix, available with the full text of this article at NEJM.org)", "type": "paragraph"}, {"sent": "Risk variants for a Disease@MESH:D000067562 such as Disease@MESH:D000544 are expected to be more common in the general population than in elderly controls without the disease. Thus, the use of elderly controls without a history of Disease@MESH:D000544 would in general be expected to result in an increased statistical power to detect risk variants for this disease. We therefore investigated the association of Mutation@rs75932628-T using samples from cognitively intact elderly controls, as determined by their CPS scores. In an analysis of samples from such controls who were at least 85 years of Gene@5973, the odds ratio for the association with Mutation@rs75932628-T was 4.66 (95% CI, 2.38 to 9.14; P = 7.39x10-6). By contrast, we observed a smaller odds ratio in a comparison with samples from a general population controls of all ages (odds ratio, 2.26; 95% CI, 1.71 to 2.98; P = 1.13x10-8) (Table 1). The less significant P value that was observed for the comparison with cognitively intact controls was due to the substantially smaller size of this control group (1236, vs. 8888 elderly controls and 110,050 population controls). Furthermore, we found that the frequency of Mutation@rs75932628-T in controls Gene@5973 85 years or older without a history of Disease@MESH:D000544 (0.46%) was significantly less than in controls under the Gene@5973 of 85 years (0.64%; P = 0.007). This observation is expected for alleles associated with common, Disease@MESH:D000067562 such as Disease@MESH:D000544 and thus provides further support for the association between Mutation@rs75932628-T and Disease@MESH:D000544", "type": "paragraph"}, {"sent": "We identified four homozygous carriers of Mutation@rs75932628-T in Iceland. Of these homozygotes, Disease@MESH:D000544 had been diagnosed in two but not in two others (ages 51 and 52)", "type": "paragraph"}, {"sent": "In an attempt to replicate the association between Mutation@rs75932628-T and Disease@MESH:D000544, we genotyped Mutation@rs75932628 in cohorts from the United States (Emory), Germany, the Netherlands (Rotterdam Study), and Norway. We found that Mutation@rs75932628-T conferred a risk of Alzheimer's disease in all replication cohorts, with a combined odds ratio of 2.83 (95% CI, 1.45 to 5.40; P = 0.002 (Table 2). Combining results from Iceland (using population controls who were at least 85 years of Gene@5973) and the replication cohorts, we found that the overall association between Mutation@rs75932628-T and Alzheimer's disease was highly significant (odds ratio, 2.90; 95% CI, 2.16 to 3.91; P = 2.1x10-12). We also estimated the effect of Mutation@rs75932628-T on the risk of Alzheimer's disease by imputing the variant in two publicly available data sets (NIA-LOAD and eMERGE). Association results that were based on imputed genotypes for Mutation@rs75932628-T in these data sets were found to be consistent with the observed effect of Mutation@rs75932628-T on disease risk in the genotyped cohorts (odds ratio, 2.66; 95% CI, 1.46 to 4.84; P = 0.001) (Table S2 in the Supplementary Appendix)", "type": "paragraph"}, {"sent": "We investigated the effect of the epsilon4 allele of Gene@348 on the association between Mutation@rs75932628-T and Disease@MESH:D000544. We found a somewhat higher odds ratio in epsilon4 noncarriers (4.03) than in epsilon4 carriers (2.38) (Table S3 in the Supplementary Appendix). The difference in the frequency of Mutation@rs75932628-T in Gene@348 epsilon4 carriers, as compared with noncarriers, had borderline significance (odds ratio, 0.60; 95% CI, 0.37 to 0.98; P = 0.04). However, in a logistic-regression model, the interaction between Mutation@rs75932628-T and Gene@348 epsilon4 was not significant (P = 0.18), and the difference in frequency according to Gene@348 epsilon4 status in cases did not replicate in the additional data sets (odds ratio, 1.79; 95% CI, 0.73 to 4.43; P = 0.20) (Table S4 in the Supplementary Appendix)", "type": "paragraph"}, {"sent": "Although the population frequency of Mutation@rs75932628-T was low (0.63% in Iceland), it conferred a risk of Disease@MESH:D000544 that was similar to the risk the Gene@348 epsilon4 allele, which has a population frequency of 17.3% in Iceland. (As compared with controls 85 years of Gene@5973 or older, the odds ratio for Disease@MESH:D000544 was 2.92 for Mutation@rs75932628-T and 3.08 for the Gene@348 epsilon4 allele.) We also found that in Iceland, each copy of Mutation@rs75932628-T was associated with an Gene@5973 at onset of Disease@MESH:D000544 that was lower by 3.18 years than in controls without the variant (P = 0.20). Although this effect was similar to that of Gene@348 epsilon4 (3.22 years; P = 4.1x10-8), it was not significant, owing to the low frequency of the variant, which resulted in a reduced effective sample size and an elevated standard error (2.49 for Mutation@rs75932628-T vs. 0.58 for ApoE epsilon4). We found a similar result in the Dutch data (3.65 years per allele, P = 0.13), and the combined effect was found to be 3.4 years per allele (P = 0.048)", "type": "paragraph"}, {"sent": "We also investigated how Mutation@rs75932628-T affects cognitive function in elderly controls in whom Disease@MESH:D000544 had not been diagnosed. Cognitive function declined steadily with Gene@5973 in elderly persons between the ages of 80 and 100 (Fig. 1). We found that carriers of Mutation@rs75932628-T showed worse cognition (a mean increase of 0.87 units on the CPS) than did noncarriers (P = 0.003). Clinical determination of Disease@MESH:D000544 is partially based on progressive Disease@MESH:D003072, in particular memory, with time. Thus, the decline in cognitive function that we observed in Mutation@rs75932628-T carriers may be due to early Disease@MESH:D003072 that ultimately result in Disease@MESH:D000544. Alternatively, the decline may at least partially be due to a Disease@MESH:D003072 in old Gene@5973 that is not associated with Disease@MESH:D000544. The latter explanation is in keeping with the hypothesis that Disease@MESH:D000544 may be the extreme of the Disease@MESH:D003072 of the elderly and caused by the same biochemical mechanism", "type": "paragraph"}, {"sent": "Disease@MESH:D007249 is a well-established histologic feature in the brains of patients with Disease@MESH:D000544. Complement factors were identified in amyloid plaques in the 1980s, followed by reports of clusters of activated microglia, complement-activation products, and cytokines in and near amyloid plaques. There is evidence that Disease@MESH:D007249 is an early event in the brains of patients with Disease@MESH:D000544. It has also been noted that the expression of genes associated with Disease@MESH:D007249 in the brain is increased in aging and that this effect is accentuated in patients with Disease@MESH:D000544. According to the amyloid hypothesis, which is the predominant theory about the pathogenesis of this disease, Disease@MESH:D007249 is a downstream effect of amyloidogenesis, which provides a trigger for the inflammatory response", "type": "paragraph"}, {"sent": "Genomewide association studies have also provided evidence of the importance of Disease@MESH:D007249 in Disease@MESH:D000544. Thus, low-risk variants have been found in Gene@1378, which belongs to the complement factor family of genes; in Gene@64231 and Gene@643680, which are members of a cell-surface gene family expressed in lymphoid tissue; and in Gene@945, which encodes a myeloid cell-surface receptor", "type": "paragraph"}, {"sent": "Gene@54209 was originally identified as a DAP12-associated receptor that was expressed on macrophages and dendritic cells and was later shown to be expressed on osteoclasts and microglia. Gene@54209 is a transmembrane glycoprotein, consisting of an extracellular immunoglobulin-like domain, a transmembrane domain, and a cytoplasmic tail, which associates with Gene@7305 for its signaling function. Gene@54209 has both exogenous ligands on pathogens and endogenous ligands that remain largely unknown, although a recent study has shown that Gene@3329 is an agonist of Gene@54209 in Disease@MESH:D009447 cells and astrocytes. In addition, an endogenous ligand on dendritic cells has been found", "type": "paragraph"}, {"sent": "In brain cells, Gene@54209 is primarily expressed on microglia, the resident histiocytes of the central nervous system. Activation of microglia may lead to phagocytosis of cell debris and amyloid, but microglia can also be activated to promote the production of proinflammatory cytokines, or they may differentiate into antigen-presenting cells. A recent study showed that Gene@83433 expression is induced concomitantly with the formation of amyloid plaques in APP transgenic mice expressing the Swedish mutation (Mutation@rs371425292671L) in APP, and this expression was found to correlate positively with amyloid phagocytosis by unactivated microglia", "type": "paragraph"}, {"sent": "The expression of Gene@54209 also correlated positively with the ability of microglia to stimulate the proliferation of Gene@920+ T cells, as well as the secretion of Gene@7124 and Gene@6347, but not Gene@3458, into the extracellular milieu. This led the authors to speculate that Gene@54209-positive microglia on plaques capture and present self-antigens to lymphocytes infiltrating the central nervous system without promoting proinflammatory responses. Furthermore, knock-down of Gene@54209 or Gene@7305 in microglia resulted in reduced phagocytosis of apoptotic neurons, whereas the overexpression of Gene@54209 increased such phagocytosis, suggesting that microglia recognize and phagocytose apoptotic neurons through Gene@54209 ligation. Gene@54209 has an antiinflammatory function; it inhibits macrophage response to ligation of toll-like receptor (TLR), and it negatively regulates TLR-mediated maturation of dendritic cells, type I interferon responses, and the induction of antigen-specific T-cell proliferation. Furthermore, Gene@54209 stimulation of dendritic cells induces partial activation without any production of proinflammatory cytokines", "type": "paragraph"}, {"sent": "Disease@MESH:C536329 with sclerosing Disease@MESH:D056784, which produces increased signals from the deep white matter of the brain on T2-weighted magnetic resonance imaging, is called Disease@MESH:C536329. It is a rare Disease@MESH:D030342 that is characterized by Disease@MESH:D001845 in wrists and ankles, Disease@MESH:D011605, and progressive presenile Disease@MESH:D003704 with onset in the fourth decade of life, usually leading to Disease@MESH:D003643 in the fifth decade of life. Loss-of-function mutations in Gene@7305 and Gene@54209 were originally found in patients with Disease@MESH:C536329 about a decade ago, suggesting that the Gene@54209-Gene@7305-mediated pathway may be important for human brain and bone tissue. Disease@MESH:C536329 and Disease@MESH:D000544 are distinct from each other, and the clinical symptoms of Disease@MESH:C536329 (early onset, Disease@MESH:D001845, Disease@MESH:D050723 of bones of the limbs, and sclerosing Disease@MESH:D056784) are incompatible with the diagnosis of Disease@MESH:D000544. Bearing in mind that it is possible that rare mutations accounting for a small proportion of cases of Disease@MESH:D003139 may define a clinical subgroup, we looked for but did not find clinical features (e.g., sex distribution, radiographic features, and rate of disease progression) that clearly separate carriers of the Mutation@rs75932628 mutation from noncarriers with Disease@MESH:D000544, although the Gene@5973 at disease onset was on average 3.18 years earlier in the carriers than in the noncarriers", "type": "paragraph"}, {"sent": "A homozygous mutation in the 5' consensus donor splice site in intron 1 of Gene@54209 in a Lebanese family, leading to early-onset Disease@MESH:D003704 without Disease@MESH:D001845, has been reported. Furthermore, three homozygous mutations in Gene@54209 have recently been reported in three Turkish probands with frontotemporal Disease@MESH:D003704 in the absence of Disease@MESH:D001845, and there is also a report of Disease@MESH:D008569 in heterozygous carriers of a loss-of-function mutation in Gene@54209 in an Italian family. These findings suggest that Gene@54209 may be crucial for the integrity of cognitive function", "type": "paragraph"}, {"sent": "The Mutation@rs75932628 substitution encoded by Mutation@rs75932628-T is located within the extracellular immunoglobulin-like domain of Gene@54209. The amino acid substitution may result in decreased affinity of Gene@54209 for its natural ligands and affect its signaling. It has recently been proposed that Gene@54209 may represent a proteolytic substrate for gamma-secretase, although the exact cleavage site was not identified. If this proteolytic activity is confirmed, processing of Gene@54209 may be affected by the Mutation@rs75932628 substitution", "type": "paragraph"}, {"sent": "In conclusion, we have found a new risk variant, Mutation@rs75932628-T, for Disease@MESH:D000544. Although this variant occurs with less frequency than the Gene@348 epsilon4 allele, it confers a risk of Disease@MESH:D000544 with an effect size that is similar to that of ApoE epsilon4. Given the involvement of Gene@54209 in the phagocytic role of microglia on amyloid plaques, it is possible that reduced Gene@54209 activity caused by the Mutation@rs75932628 substitution may lead to brain damage through the inability of the brain to clear these toxic products", "type": "paragraph"}, {"sent": "Shown are scores on the Cognitive Performance Scale (CPS) for carriers and noncarriers of the Mutation@rs75932628-T variant associated with Disease@MESH:D000544, according to Gene@5973. Scores on the CPS range from 0 to 6, with higher scores indicating more severe impairment. Values are shown in 2-year bins (i.e., the data point for 81 years of Gene@5973 contains data for ages 80 and 81), except for the last bin, which represents ages of 98, 99, and 100 years. No CPS data were available for carriers in the last Gene@5973 bin. Each data point represents the average CPS score for participants in the respective Gene@5973 bin. The I bars represent standard errors. The graph is based on 307 measurements from 53 carriers and 24,152 measurements from 3699 noncarriers. Patients in whom Disease@MESH:D000544 had been diagnosed were not included in the analysis", "type": "fig_caption"}, {"sent": "Association between the Mutation@rs75932628-T Variant and Disease@MESH:D000544 in Comparisons with Three Control Groups", "type": "table_caption"}, {"sent": "Replication Analysis of the Association between the Mutation@rs75932628-T Variant and Disease@MESH:D000544", "type": "table_caption"}]}