{"sentences": [{"sent": "Knowledge regarding the genetic risk loci for Disease@MESH:D016640 (GDM) is still limited. In this study, we performed a two-stage genome-wide association analysis in Korean women. In the stage 1 genome scan, 468 women with GDM and 1,242 nondiabetic control women were compared using 2.19 million genotyped or imputed markers. We selected 11 loci for further genotyping in stage 2 samples of 931 case and 783 control subjects. The joint effect of stage 1 plus stage 2 studies was analyzed by meta-analysis. We also investigated the effect of known type 2 Disease@MESH:D003920 variants in GDM. Two loci known to be associated with type 2 Disease@MESH:D003920 had a genome-wide significant association with GDM in the joint analysis. Mutation@rs7754840, a variant in Gene@54901, had the strongest association with GDM (odds ratio 1.518; P = 6.65 x 10-16). A variant near Gene@4544, Mutation@rs10830962, was also significantly associated with the risk of GDM (1.454; P = 2.49 x 10-13). We found that there is an excess of association between known type 2 Disease@MESH:D003920 variants and GDM above what is expected under the null hypothesis. In conclusion, we have confirmed that genetic variants in Gene@54901 and near Gene@4544 are strongly associated with GDM in Korean women. There seems to be a shared genetic basis between GDM and type 2 Disease@MESH:D003920", "type": "abstract"}, {"sent": "There has been a marked increase in our understanding of the genetic predisposition to Disease@MESH:D003924 as a result of the technical advances in array-based genotyping and the knowledge derived from the Human Genome Project. Recent genome-wide association (GWA) studies and meta-analyses, including the Disease@MESH:D003920 Genetics Replication and Meta-analysis+ (DIAGRAM+) Study, the Meta-analyses of Glucose and Gene@3630-Related Traits Consortium (MAGIC) Study, and the recent GWA studies of type 2 Disease@MESH:D003920 in Asians, enlisted up to 41 genetic risk loci for type 2 Disease@MESH:D003920 or glycemic traits. However, these loci explain only a limited part of the expected heritability of type 2 Disease@MESH:D003920. A complementary approach to improve our insight into the genetics of Disease@MESH:D003920 might involve the identification of genetic risk loci in a different subtype of Disease@MESH:D003920, such as Disease@MESH:D016640 (GDM). This approach could enable us to compare the genetic risk factors between type 2 Disease@MESH:D003920 and GDM and relate the similarities and dissimilarities to the pathophysiology of the two closely related diseases", "type": "paragraph"}, {"sent": "GDM is defined as Disease@MESH:D018149 first recognized during pregnancy. The estimated prevalence of GDM varies according to ethnicity, and in Korean women, 2-5 of 100 pregnancies are complicated by GDM. During pregnancy, women are faced with increased adiposity and increased Gene@3630 resistance. The Gene@3630 resistance that develops during pregnancy is explained in part by the increased production of human placental lactogen, estrogen, and prolactin. Those who have limited beta-cell capacity for the compensation of Gene@3630 resistance are likely to develop GDM. Women with GDM are assumed to have decreased beta-cell Gene@3630 secretory function similar to type 2 Disease@MESH:D003920. After parturition, nearly one-half of these women progress to type 2 Disease@MESH:D003920 within 5 years. Therefore, GDM is often regarded as a herald of type 2 Disease@MESH:D003920 in later life", "type": "paragraph"}, {"sent": "Based on these findings, it can be hypothesized that GDM and type 2 Disease@MESH:D003920 share a common genetic background. We have previously reported that some of the genetic variants that are strongly associated with type 2 Disease@MESH:D003920 are similarly associated with GDM risk. However, genetic knowledge in the context of GDM is still limited, and systematic approaches such as GWA studies have not been applied to GDM. Thus, it is not known whether there are genetic risk loci specific to GDM. In this study, we performed a GWA study to investigate genetic risk factors for GDM in Korean women and we also compared the genetic basis of GDM and type 2 Disease@MESH:D003920", "type": "paragraph"}, {"sent": "A total of 468 women with GDM and 1,242 nondiabetic control women were recruited for the stage 1 genome scan. The GDM group was selected from a hospital-based cohort enrolled between January 1996 and February 2003 from Cheil General Hospital. A 50-g 1-h glucose challenge test was performed during 24-28 weeks' gestation in order to screen for GDM, and a glucose level of >=7.2 mmol/L was considered positive and warranted a diagnostic 100-g oral glucose tolerance test. Disease@MESH:D007333 concentrations were measured at 0, 1, 2, and 3 h of the glucose challenge. GDM was diagnosed according to the criteria of the Third International Workshop Conference on GDM. The thresholds for the diagnosis of GDM were as follows: fasting >=5.8 mmol/L, 1 h >=10.6 mmol/L, 2 h >=9.2 mmol/L, and 3 h >=8.1 mmol/L. The clinical characteristics of stage 1 subjects are summarized in Table 1. The mean gestational age at GDM diagnosis was 27.9 +- 2.9 weeks", "type": "paragraph"}, {"sent": "Clinical characteristics of the study participants in the GDM GWA analysi", "type": "table_caption"}, {"sent": "Nondiabetic control subjects were selected from two population-based cohort studies, the rural Ansung and the urban Ansan cohorts. The two cohorts comprised the Korean Genome Epidemiology Study and included 5,018 and 5,020 subjects, respectively. Only women were eligible for enrollment. From the Korean Genome Epidemiology Study subjects, we included 1,242 nondiabetic women according to the following criteria: age >=50 years, no previous history of Disease@MESH:D003924, no first-degree relatives with type 2 Disease@MESH:D003920, fasting plasma glucose level <5.6 mmol/L, and HbA1c <6.0%. Information on parity and glucose tolerance status during pregnancy was not available for the control group", "type": "paragraph"}, {"sent": "A total of 931 women with GDM and 783 nondiabetic control women were included in the stage 2 follow-up study (Table 1). The GDM group consisted of two subgroups: 1) 426 women with GDM recruited from the Cheil General Hospital between January 1996 and February 2003 and 2) 505 women with GDM recruited as an independent cohort from the same hospital between March 2003 and February 2008. The diagnostic criteria of GDM in stage 2 were the same as those in stage 1. As control subjects, we enrolled nondiabetic women from four different institutes: 1) Seoul National University Hospital (n = 162), 2) Seoul National University Bundang Hospital (n = 96), 3) Kyungpook National University Hospital (n = 201), and 4) Korea National Institute of Health (from the Health T2D Study) (n = 324). The criteria for selecting control subjects were as follows: age >=60 years, no previous history of Disease@MESH:D003924, no first-degree relatives with type 2 Disease@MESH:D003920, fasting plasma glucose level <5.6 mmol/L, and HbA1c <6.0%", "type": "paragraph"}, {"sent": "The institutional review board of the Clinical Research Institute at Seoul National University Hospital approved the study protocol (institutional review board no. H-0412-138-017), and written informed consent was obtained from each subject. All clinical investigations were conducted according to the principles expressed in the Declaration of Helsinki", "type": "paragraph"}, {"sent": "The anthropometric and metabolic phenotypes of the women with GDM were measured at the time of the 100-g oral glucose tolerance test. Plasma glucose concentration was determined by YSI 2300 STAT (YSI, Yellow Springs, OH) using the glucose oxidase method. The Gene@3630 concentration was measured using a human-specific radioimmunoassay kit (Linco Research, St. Charles, MO). The homeostasis model assessment (HOMA) was used to estimate Gene@3630 resistance (HOMA-IR) and beta-cell function (HOMA-B) with paired fasting glucose and Gene@3630 concentrations", "type": "paragraph"}, {"sent": "We extracted genomic DNA from peripheral leukocytes. Genotyping for the stage 1 genome scan was performed using the Affymetrix Genome-Wide Human Single Nucleotide Polymorphism (SNP) Array 5.0, and genotypes were called using the Birdseed version 2.0 algorithm. Extensive quality-control protocols were applied. Markers with significant deviation from Hardy-Weinberg equilibrium (P < 1.0 x 10-6), genotype call rate < 97%, and minor allele frequency < 0.01 were excluded. The genotyping for the case and control subjects was conducted in the same laboratory but at a different time. To exclude the potential batch effect, we also excluded markers with significant differences (P < 1.0 x 10-3) in missingness between case and control subjects. Finally, 321,654 markers remained for analysis", "type": "paragraph"}, {"sent": "The genotype concordance rate in 10 replicated samples was >99.7% in the stage 1 control group. We excluded one sample with sex inconsistency and five samples with cryptic first-degree relatedness assessed by identity-by-descent analysis, resulting in 468 case and 1,242 control subjects. The overall genomic inflation factor (lambda) of the stage 1 genome scan was 1.042, which suggests a low level of population stratification. A quantile-quantile (QQ) plot indicated that the observed distribution of the P values of the logistic regression analysis were similar to that expected under the null hypothesis, except for the deviation in the extremely low P values (Fig. 1A). These findings indicate that our study has good-quality data and that statistically significant signals are enriched", "type": "paragraph"}, {"sent": "Stage 1 genome scan results. A: QQ plot showing the distribution of the observed P values from the logistic regression analysis for the stage 1 genome scan against the expected distribution under the null hypothesis. The gray zone indicates the 95% CI. Colored circle, distribution of excess association signals driven by the known type 2 Disease@MESH:D003920 variants (listed in Table 4) and markers in LD (r2 > 0.8) with them.  , distribution after excluding the known type 2 Disease@MESH:D003920 variants. B: Manhattan plot depicting the significance of all the association results of the stage 1 genome scan. SNP locations are plotted on the x-axis according to their chromosomal position. The negative log10 of P values derived from the logistic regression analysis under the additive model are plotted on the y-axis. (A high-quality color representation of this figure is available in the online issue.", "type": "fig_caption"}, {"sent": "Genotype cluster plots were manually inspected for suggestive loci in the stage 1 genome scan. For stage 2 follow-up genotyping, the TaqMan assay (Applied Biosystems, Carlsbad, CA) was used, as previously described, except for the 324 subjects from the Health T2D Study, where genotyping was done using the Affymetrix Genome-Wide Human SNP Array 6.0. Overall, the TaqMan genotyping success rate was 99.3%, and the concordance rate based on 15 blind duplicate comparisons was 100% in the stage 2 study. For the SNP genotyping in Health T2D Study, standard quality-control measures were applied and imputation was conducted using IMPUTE version 1.0 (http://mathgen.stats.ox.ac.uk/impute/impute.html)", "type": "paragraph"}, {"sent": "Most of the association testing was performed using PLINK version 1.07 (http://pngu.mgh.harvard.edu/purcell/plink/), and genotype imputation was conducted using MACH software (http://www.sph.umich.edu/csg/abecasis/mach/). The genotype data that passed our quality-control criteria and had minor allele frequency >5% were used as input data for genotype imputation. The HapMap-phased genotype information of Japanese in Tokyo, Japan, and Han Chinese in Beijing, China (build 36 release 21) was used as a reference. After postimputation quality control using r2 >= 0.3 (squared correlation between imputed and true genotypes), a total of 2,188,613 SNPs were available for analysis. The association between genotypes and GDM risk was assessed by logistic regression analysis in an additive model. For imputed markers, an association test was performed with dosage data using mach2dat software (http://www.sph.umich.edu/csg/abecasis/mach/)", "type": "paragraph"}, {"sent": "Markers with suggestive genome-wide significance (P < 2.0 x 10-5) or markers near known type 2 Disease@MESH:D003920 risk loci with moderate significance (P < 1.0 x 10-3) in the stage 1 genome scan were further genotyped in stage 2 subjects. The significance threshold for the stage 2 follow-up study was P < 0.05. A joint analysis of stage 1 plus stage 2 results was performed with METAL (http://www.sph.umich.edu/csg/abecasis/metal/), using an inverse-variance method assuming fixed effects. An additional association analysis was performed using the EMMAX (http://genetics.cs.ucla.edu/emmax/), a variance component association method, to account for possible hidden relatedness and population stratification in the stage 1 genome scan. The association between genetic variants and fasting glucose, fasting Gene@3630 concentration, HOMA-IR, and HOMA-B were analyzed using linear regression in case and control subjects separately, assuming an additive genetic model. None of the women with GDM or the control subjects was using antidiabetes medications, including Gene@3630, at the time of glucose and Gene@3630 measurement. The fasting Gene@3630 concentration, HOMA-IR, and HOMA-B was log10 transformed before analysis. The linear regression analysis was controlled for age in women with GDM and for age and BMI in control women", "type": "paragraph"}, {"sent": "The statistical power of the joint stage 1 plus stage 2 analysis was calculated using the CaTS power calculator (http://www.sph.umich.edu/csg/abecasis/cats/). The QQ plot, which shows the distribution of the observed P values of the logistic regression analysis against the expected distribution under the null hypothesis, was generated using the R statistical package (http://www.r-project.org). The Manhattan plot, which depicts the negative log10 of P values derived from the logistic regression analysis, was plotted against the chromosomal position using the R statistical package. The dense regional association results of stage 1, stage 2, and the joint analysis of stage 1 plus stage 2 were plotted using LocusZoom software (http://csg.sph.umich.edu/locuszoom/). To compare the effect size of known type 2 Disease@MESH:D003920 variants in GDM and type 2 Disease@MESH:D003920, the beta-coefficient of the logistic regression analysis derived from our stage 1 genome scan and from the stage 1 meta-GWA analysis of the Asian Genetic Epidemiology Network (AGEN) type 2 Disease@MESH:D003920 report was plotted", "type": "paragraph"}, {"sent": "In the stage 1 genome scan, logistic regression analysis using an additive genetic model was used to test for the association between the genotypes and GDM. The negative log10 of the P values from the association test were plotted against their genomic position in Fig. 1B. The association test results for SNPs with P < 0.0001 in the stage 1 genome scan are listed in Supplementary Table 1. A total of nine independent (pairwise linkage disequilibrium [LD] r2 < 0.5) SNPs were suggestive of an association according to our predefined arbitrary threshold of P < 2.0 x 10-5. Among these, variants in Gene@54901 (Mutation@rs7754840) and near Gene@4544 (Mutation@rs10830962) showed the strongest association with GDM risk. We added two additional variants (Mutation@rs10757261 near Gene@1029/2B and Mutation@rs10882066 in Gene@3416) from the type 2 Disease@MESH:D003920 risk loci, which had suggestive P values in our stage 1 results. Among the 11 SNPs, 4 were substituted to imputed SNPs (Mutation@rs6499500, Mutation@rs12715106, Mutation@rs9395950, and Mutation@rs187230), which had more significant P values and had strong LD (r2 > 0.8) with the original SNPs. To eliminate hidden population stratification and cryptic relatedness, the EMMAX, a variance component approach accounting for hidden sample structure, was used to test the association between genetic variants and GDM. The P values of the EMMAX are listed in Supplementary Table 1. The results of the EMMAX were similar to those of the original logistic regression analysis. The Pearson correlation coefficient for the log10 of the P values of both analyses was 0.921 (P < 1.51 x 10-288). This implies that population stratification was minimal in our study samples", "type": "paragraph"}, {"sent": "In stage 2 follow-up, we genotyped 11 SNPs in 931 case and 783 control subjects. The results of the stage 2 association test are shown in Table 2. Among these, Mutation@rs7754840 in Gene@54901 (odds ratio [OR] 1.396 [95% CI 1.222-1.594]; P = 2.90 x 10-7), Mutation@rs10830962 near Gene@4544 (1.442 [1.259-1.651]; P = 6.95 x 10-8), Mutation@rs1470579 in Gene@10644 (1.236 [1.068-1.430]; P = 0.0042), and Mutation@rs10882066 in Gene@3416 (1.203 [1.013-1.428]; P = 0.035) were significantly associated with GDM in the stage 2 samples. None of the other SNPs showed evidence of an association. In the joint analysis of stage 1 plus stage 2 results (Table 2), Mutation@rs7754840 in Gene@54901 (1.518 [1.372-1.680]; P = 6.65 x 10-16) and Mutation@rs10830962 near Gene@4544 (1.454 [1.315-1.608]; P = 2.49 x 10-13) reached genome-wide significance for an association with GDM. One additional variant, Mutation@rs1470579 in Gene@10644 (1.332 [1.197-1.484]; P = 1.67 x 10-7), showed a near genome-wide significant association with GDM. The regional association plot of SNPs near Gene@54901 and Gene@4544, including those that have been imputed, are depicted in Fig. 2", "type": "paragraph"}, {"sent": "Association between SNPs and GDM in stage 1, stage 2, and joint stage 1 plus stage 2 analysi", "type": "table_caption"}, {"sent": "Dense regional association plot near Gene@54901 (A) and Gene@4544 (B). The hash marks above the panel represent the position of each SNP that was genotyped or imputed. The negative log10 of P values from logistic regression are shown in the panel. The blue diamond indicates the SNP with the most significant association in the stage 1 genome scan. The green and red diamonds represent the results of the SNP in stage 2 and joint stage 1 plus stage 2 analysis, respectively. Their corresponding P values are indicated on the right. Estimated recombination rates are plotted to reflect recombination hot spots. The SNPs in LD with the most significant SNP are color coded to represent their strength of LD. The locations of genes, exons and introns are shown in the lower panel (taken from the Human Genome hg18 build). (A high-quality color representation of this figure is available in the online issue.", "type": "fig_caption"}, {"sent": "To obtain additional insight into the role of these two variants, we performed an association analysis between these variants and quantitative traits of fasting glucose, fasting Gene@3630, HOMA-IR, and HOMA-B in women with GDM and control subjects, separately (Table 3). The Mutation@rs7754840 C allele of Gene@54901, which was the risk variant of GDM, was significantly associated with decreased fasting Gene@3630 concentration (beta = -0.026; P = 0.00051) and decreased HOMA-B (beta = -0.034; P = 0.00085) in women with GDM. The Mutation@rs10830962 G allele near Gene@4544 was nominally associated with decreased fasting Gene@3630 concentrations (beta = -0.018; P = 0.029) in women with GDM. This variant was also marginally associated with increased fasting glucose concentrations (beta = 0.025; P = 0.041) in control subjects", "type": "paragraph"}, {"sent": "Association of Mutation@rs7754840 and Mutation@rs10830962 with fasting glucose, fasting Gene@3630, HOMA-IR, and HOMA-B in women with GDM and control subject", "type": "table_caption"}, {"sent": "Among 41 known type 2 Disease@MESH:D003920 loci, we were able to examine the association signals for 34 loci that were directly genotyped or imputed (Table 4). There was an excess of small P values compared with the expected distribution under the null hypothesis (Fig. 3). When these known type 2 Disease@MESH:D003920 risk variants and markers in LD (r2 > 0.8) were excluded, the QQ plot of our stage 1 genome scan was similar to that expected under the null hypothesis (Fig. 1A)", "type": "paragraph"}, {"sent": "Association of confirmed type 2 Disease@MESH:D003920 loci with GDM risk in stage 1 genome scan result", "type": "table_caption"}, {"sent": "QQ plot of the association between known type 2 Disease@MESH:D003920 variants and GDM. Comparison of the effect size of known type 2 Disease@MESH:D003920 variants in GDM and type 2 Disease@MESH:D003920. The gray zone indicates the 95% CI. The known type 2 Disease@MESH:D003920 variants tested for association are listed in Table 4", "type": "fig_caption"}, {"sent": "We compared the beta-coefficient in the logistic regression analysis of known type 2 Disease@MESH:D003920 variants in GDM (our stage 1 genome scan) and Disease@MESH:D003924 (AGEN type 2 Disease@MESH:D003920 stage 1 meta-GWA results) (Fig. 4 and Supplementary Table 2). There was a significant positive correlation between the beta-coefficients of GDM and Disease@MESH:D003924 (Pearson correlation coefficient 0.442; P = 0.0062). However, some variants, such as Mutation@rs10830963 of Gene@4544 and Mutation@rs11708067 of Gene@111, showed considerable differences in effect size between GDM and type 2 Disease@MESH:D003920", "type": "paragraph"}, {"sent": "Comparison of the effect size of known type 2 Disease@MESH:D003920 variants in GDM and type 2 Disease@MESH:D003920. Effect size (beta-coefficient from logistic regression analysis) of the known type 2 Disease@MESH:D003920 variants in GDM (y-axis) and Disease@MESH:D003924 (x-axis) are plotted with their corresponding P values (A: P values in GDM; B: P values in type 2 Disease@MESH:D003920): red, P < 0.0001; orange, 0.0001 <= P < 0.01; yellow, 0.01 <= P < 0.10; green, 0.10 <= P < 0.50; blue, 0.50 <= P. The beta-coefficient for GDM was derived from our stage 1 genome scan and that for type 2 Disease@MESH:D003920 was derived from the AGEN type 2 Disease@MESH:D003920 study. The two Gene@8872/Gene@57118 variants are distinguished by Gene@8872/Gene@57118 for Mutation@rs10906115 and Gene@8872/Gene@57118* for Mutation@rs12779790. The two Gene@3784 variants are distinguished by Gene@3784 for Mutation@rs231362 and KCNQ* for Mutation@rs2237892. (A high-quality color representation of this figure is available in the online issue.", "type": "fig_caption"}, {"sent": "Finally, we examined the association results for Mutation@rs7754840 of Gene@54901 and Mutation@rs10830962 of Gene@4544 in the stage 1 meta-GWA study of the AGEN type 2 Disease@MESH:D003920 report. The C allele of Mutation@rs7754840 was significantly associated with an increased risk of Disease@MESH:D003924 (n = 18,732; OR 1.20 [95% CI 1.14-1.25]; P = 9.63 x 10-15). However, the G allele of Mutation@rs10830962 was not associated with type 2 Disease@MESH:D003920 risk (n = 10,754; 1.040 [0.98-1.11]; P = 0.209)", "type": "paragraph"}, {"sent": "The main finding of this study is that variants in Gene@54901 and near Gene@4544 are associated with GDM at a genome-wide significance level (P < 5.0 x 10-8). Our findings are confirmatory of previous candidate gene studies of GDM. Previously, we selected 18 SNPs, known to be associated with the risk of type 2 Disease@MESH:D003920, for association testing in GDM. Among them, two SNPs (Mutation@rs7756992 and Mutation@rs7754840) in Gene@54901 were associated with GDM risk at a genome-wide significance level, and one SNP (Mutation@rs10811661) near Gene@1029 also was strongly associated with GDM. Another study in Europeans tested 11 known SNPs of type 2 Disease@MESH:D003920 and found a modest association between GDM and Gene@6934, Gene@54901, and Gene@6928 variants. Recently, Kim et al. reported that two SNPs in Gene@4544 (Mutation@rs1387153 and Mutation@rs10830963) were strongly associated with GDM in Korean women. The study by Kim et al. was led by one of our investigators but was performed independently of this study, and 505 subjects with GDM in that study overlapped with our stage 2 follow-up subjects. However, only a limited number of genetic variants known to be associated with type 2 Disease@MESH:D003920 have been tested thus far, and a systematic approach such as GWA analysis has not been applied to GDM until now. To the best of our knowledge, this is the first study to investigate the genetic association of GDM using dense SNP markers across the whole genome", "type": "paragraph"}, {"sent": "Variants in Gene@54901 are known to be strongly associated with type 2 Disease@MESH:D003920. In our previous studies, the variant Mutation@rs7754840 in Gene@54901 was significantly associated with GDM risk in 1,501 Koreans as well as type 2 Disease@MESH:D003920 in 6,719 Asians including Koreans. The precise mechanism by which this variant confers type 2 Disease@MESH:D003920 and GDM risk is not yet clearly understood. Gene@54901 (Gene@1020;54901) has been suggested to interact with Gene@1020 because it has homology with Gene@51654, a known inhibitor of Gene@1020. Gene@1020 is expressed in Disease@MESH:D010195 beta-cells, and it has recently been reported to promote beta-cell survival. Pregnancy is a state in which increased Gene@3630 resistance results in stress that adversely affects beta-cell survival. Therefore, it may be postulated that variants in Gene@54901 might alter the function of Gene@1020 in beta-cell compensation during pregnancy. The Mutation@rs7754840 C variant of Gene@54901 was significantly associated with decreased Gene@3630 concentration and HOMA-B in our subjects with GDM, which implies compromised beta-cell compensation. It also should be noted that variants in Gene@54901 are associated with Disease@MESH:D001724, which could be explained by reduced Disease@MESH:D005315", "type": "paragraph"}, {"sent": "Variants in Gene@4544 were first identified as genetic risk factors strongly associated with elevated fasting glucose. Although it also was associated with type 2 Disease@MESH:D003920 risk in Europeans, the strength of association was rather weak compared with its association with fasting glucose. It is interesting that the Mutation@rs10830962 variant in Gene@4544 was the second most strongly associated loci in GDM but was not associated with type 2 Disease@MESH:D003920 risk in a large-scale meta-GWA study of East Asians (AGEN type 2 Disease@MESH:D003920 meta-GWA study). The effect size of the Gene@4544 Mutation@rs10830962 variant was considerably different in our GDM GWA study (beta = 0.374) compared with the AGEN type 2 Disease@MESH:D003920 meta-GWA study (beta = 0.040). The risk allele of Mutation@rs10830962 G was enriched in women with GDM (risk allele frequency 0.529 and 0.537 in stage 1 and stage 2 subjects, respectively) compared with AGEN type 2 Disease@MESH:D003920 subjects (risk allele frequency range for participating studies 0.40-0.46). It is not clear why this variant is more strongly associated with the risk of GDM compared with type 2 Disease@MESH:D003920. However, it could be cautiously speculated that there might be differences in genetic susceptibility between type 2 Disease@MESH:D003920 and GDM conferred by the variants of Gene@4544. Additional investigations are required to confirm these findings", "type": "paragraph"}, {"sent": "It was recently revealed that Gene@4544 is expressed in Disease@MESH:D010195 beta-cells. Melatonin is thought to inhibit Gene@3630 secretion from beta-cells through the activation of Gene@4544, which is a G-protein-coupled receptor. The Mutation@rs10830962 variant is in strong LD (r2 = 0.98, in our study subjects) with Mutation@rs10830963, which originally was reported to be associated with fasting glucose concentrations, Gene@3630 concentrations, and Disease@MESH:D003924. It is interesting that the Mutation@rs1083092 variant is located 4.36 kb upstream of Gene@4544 and in the vicinity of the region where monomethylation of lysine 4 of histone 3 (H3K4Me1), known as an enhancer-associated histone mark, was enriched in the Encyclopedia of DNA Elements database (http://genome.ucsc.edu/encode/). It would be of worth to study the functional role of this variant as well as to search for causative variants near this locus, especially in the promoter and/or enhancer region", "type": "paragraph"}, {"sent": "Because we performed a GWA analysis using 2.19 million genotyped or imputed markers, we were able to test the hypothesis that GDM and type 2 Disease@MESH:D003920 might share a similar genetic background. Among 11 variants listed in Table 2, five SNPs were located near the known type 2 Disease@MESH:D003920 loci. Three variants that showed an association at or near genome-wide significance, Mutation@rs7754840 in Gene@54901, Mutation@rs10830962 near Gene@4544, and Mutation@rs1470579 in Gene@10644, were identical or in strong LD with known type 2 Disease@MESH:D003920 variants. Two other variants, Mutation@rs10757261 in Gene@1029/2B and Mutation@rs10882066 in Gene@3416, were not in LD with known type 2 Disease@MESH:D003920 variants (r2 = 0.013 between Mutation@rs10757261 and Mutation@rs10811661 and r2 = 0.002 between Mutation@rs10882066 and Mutation@rs5015480). Given that many of the type 2 Disease@MESH:D003920 risk loci were associated with GDM, unbiased GWA studies of GDM showed genome-wide significant associations confined to known type 2 Disease@MESH:D003920 loci, and the effect size of the type 2 Disease@MESH:D003920 risk variants in GDM and type 2 Disease@MESH:D003920 were mostly comparable, it would be acceptable to state that GDM and type 2 Disease@MESH:D003920 share a similar genetic background", "type": "paragraph"}, {"sent": "Among the known type 2 Disease@MESH:D003920-related genes, those that are thought to modulate Disease@MESH:D010195 beta-cell function were preferentially associated with GDM (Gene@54901, Gene@4544, Gene@10644, Gene@1029, Gene@169026, Gene@3416, Gene@3784, and Gene@116985) (Table 4). In contrast, loci relevant to Gene@3630 resistance, such as Gene@79068, Gene@5468, Gene@3667, Gene@136259, and Gene@2646 were not significantly associated with GDM (Table 4). These findings support the previous notion that defective Disease@MESH:D010195 beta-cell compensation to overcome increased Gene@3630 resistance during pregnancy might be the core pathophysiology of GDM", "type": "paragraph"}, {"sent": "There are certain limitations in our study. First, the sample size was relatively modest for a GWA, and we had limited power in detecting possible variants with small effect size. Assuming a 2.2% prevalence of GDM, a disease allele frequency of 0.3, and a genotype relative risk of 1.5 in a multiplicative model, our study had 93% power. However, when genotype relative risk was assumed to be 1.4, the power dropped to 68%. It is possible that variants with a small effect would not have been detected in our study. Therefore, we might have missed genetic variants that have a small effect but are specific to GDM. Regarding the study design, the control group was not fully evaluated for their glucose tolerance status during pregnancy and parity. It is possible that women with GDM might have been included in the control group. However, because the prevalence of GDM was estimated to be 2.2% in Korean women, and approximately one-half of these women progress to type 2 Disease@MESH:D003920 within 10 years, only ~<=1% of women with GDM would have been included in the control group. Therefore, we speculate that the ascertainment bias would have been minimal. In studying genetic variants of GDM, the ideal control group would be pregnant women with normal glucose tolerance. However, we were only able to use nondiabetic control women as control subjects. This could be one of the reasons that variants in Gene@54901 and Gene@4544 were most significantly associated with GDM in our study. In this regard, the results of our study should be interpreted cautiously", "type": "paragraph"}, {"sent": "In conclusion, we have performed a GWA study in the context of GDM for the first time and confirmed that variants in Gene@54901 and Gene@4544 confer the risk of GDM with genome-wide significance. By comparing genetic variants in GDM and type 2 Disease@MESH:D003920, we provide evidence that they share a similar genetic background. We hope that even larger GWA studies of GDM and meta-GWA studies could further reveal the genetic risk loci for GDM", "type": "paragraph"}]}