{"sentences": [{"sent": "In addition to Gene@348 (Gene@348), recent large genome-wide association studies (GWASs) have identified nine other genes/loci (Gene@1378, Gene@274, Gene@1191, Gene@8301, Gene@51338/Gene@245802, Gene@23607, Gene@945, Gene@2041 and Gene@10347) for late-onset Disease@MESH:D000544 (LOAD). However, the genetic effect attributable to known loci is about 50%, indicating that additional risk genes for LOAD remain to be identified. In this study, we have used a new GWAS data set from the University of Pittsburgh (1291 cases and 938 controls) to examine in detail the recently implicated nine new regions with Disease@MESH:D000544 (Disease@MESH:D000544) risk, and also performed a meta-analysis utilizing the top 1% GWAS single-nucleotide polymorphisms (SNPs) with P<0.01 along with four independent data sets (2727 cases and 3336 controls) for these SNPs in an effort to identify new Disease@MESH:D000544 loci. The new GWAS data were generated on the Illumina Omni1-Quad chip and imputed at ~2.5 million markers. As expected, several markers in the Gene@348 regions showed genome-wide significant associations in the Pittsburg sample. While we observed nominal significant associations (P<0.05) either within or adjacent to five genes (Gene@8301, Gene@274, Gene@10347, Gene@51338/Gene@245802 and Gene@2041), significant signals were observed 69-180 kb outside of the remaining four genes (Gene@945, Gene@1191, Gene@23607 and Gene@1378). Meta-analysis on the top 1% SNPs revealed a suggestive novel association in the Gene@79660 gene (top SNP Mutation@rs3848140 with P=3.05E-07). The association of this SNP with Disease@MESH:D000544 risk was consistent in all five samples with a meta-analysis odds ratio of 2.43. This is a potential candidate gene for Disease@MESH:D000544 as this is expressed in the brain and is involved in lipid metabolism. These findings need to be confirmed in additional samples", "type": "abstract"}, {"sent": "Disease@MESH:D000544 (Disease@MESH:D000544), especially the late-onset form (LOAD), is a complex Disease@MESH:D019636 and the leading cause of Disease@MESH:D003704 among the elderly people. Currently, there are ~5 million Disease@MESH:D000544 cases in the United States and about 35 million cases worldwide. Due to its long clinical course, Disease@MESH:D000544 is a major public health problem. Genetic susceptibility at multiple genes and interactions among them and/or environmental factors likely influence the risk of Disease@MESH:D000544. Disease@MESH:D000544 has a strong genetic basis with heritability estimates up to 80%. However, genetic variants in the four well-established genes for Disease@MESH:D000544; amyloid precursor protein and Gene@5663;5664 (Gene@5663 and Gene@5664) for the rare early-onset, and Gene@348 (Gene@348) for the common LOAD explain less than half of this heritability", "type": "paragraph"}, {"sent": "To identify the remaining genes for the common LOAD, efforts have been focused on conducting genome-wide association studies (GWASs) because this approach is hypothesis free and conceptually would identify all known and unknown genes. However, with the exception of the Gene@348 region, no other significant associations were replicated across these initial GWAS. This highlights the difficulties in identifying the remaining LOAD genes that are thought to make a relatively small contribution to the overall risk of disease and thus would require much large sample size than used in earlier GWASs. Recent large GWASs have identified nine additional genes/loci for LOAD, including Gene@1378, Gene@274, Gene@1191 (a.k.a. Gene@1191), Gene@8301, Gene@51338/Gene@245802, Gene@23607, Gene@945, Gene@2041 and Gene@10347. Although up to 80% of the Disease@MESH:D000544 risk is attributable to genetic factors, all of the known LOAD genes (including Gene@348 and new ones) account for about 50% of the total genetic variance. This indicates that additional risk genes for LOAD remain to be identified", "type": "paragraph"}, {"sent": "In this study, we used 2229 samples from the University of Disease@MESH:D000544 Research Center (ADRC) that were genotyped using the Illumina Omni1-Quad chip to examine the extent of associations of the recently implicated nine non-Gene@348 risk loci for LOAD in this sample. In addition, we performed a GWAS analysis in the Pittsburgh sample and conducted a meta-analysis on the top 1% single-nucleotide polymorphisms (SNPs) by incorporating additional 2727 cases and 3336 controls from prior studies to identify new loci for Disease@MESH:D000544", "type": "paragraph"}, {"sent": "Genomic DNA from 1440 Disease@MESH:D000544 cases and 1000 controls were genotyped using the Illumina Human Omni1-Quad as part of the stage 1 discovery sample. All subjects were European Americans. Disease@MESH:D000544 cases (mean age-at-onset (AAO) 72.6+-6.4 years; 65.6% women; 23.5% autopsy-confirmed) were derived from the University of Pittsburgh ADRC, all of whom met the National Institute of Disease@MESH:D020521 (NINCDS)/Disease@MESH:D000544 and Related Disorders Association (ADRDA) criteria for probable or definite Disease@MESH:D000544. The University of Pittsburgh ADRC follows a standard evaluation protocol, including medical history, general medical and neurological examinations, Disease@MESH:D001523 interview, neuropsychological testing and magnetic resonance imaging scan. Controls were cognitively normal subjects that were recruited from the same geographical area as the cases. They were 60 years or older (mean age 74.07+-6.20 years; 59.8% women; 0.2% autopsy-confirmed), had no Disease@MESH:D001523 or Disease@MESH:D009422, and did not meet criteria for mild Disease@MESH:D003072. All subjects were recruited with informed consent, and the study was approved by the University of Pittsburgh Institutional Review Board", "type": "paragraph"}, {"sent": "A total of 2727 cases and 3336 controls were derived from four prior studies and they are briefly described below", "type": "paragraph"}, {"sent": "The Mayo sample comprised 844 Disease@MESH:D000544 cases (mean AAO: 74+-4.8 years; 57.2% women) and 1255 controls (mean age: 73.2+-4.4 years; 51.7% women) that were previously genotyped using the Illumina HumanHap300 BeadChip. Disease@MESH:D000544 diagnosis was established using the NINCDS/ADRDA criteria", "type": "paragraph"}, {"sent": "This data set consisted of 188 Disease@MESH:D000544 cases with a clinical diagnosis of Disease@MESH:D000544 at baseline visit and 193 controls (mean age: 78.6+-5.3 years; 46.3% women) that were previously genotyped using the Illumina 610-Quad BeadChip. Disease@MESH:D000544 cases were between the ages of 55 and 90 (mean AAO: 71.9+-8.1 years; 44.6% women) and met NINCDS/ADRDA criteria for Disease@MESH:D000544. Details of the clinical evaluation and sample characterization are described elsewhere. The ADNI data used in this report were obtained from the ADNI database (adni.loni.ucla.edu). The initial goal of ADNI was to recruit 800 adults, aged 55-90, to participate in research on the sensitivity and specificity of neuroimaging and other biomarkers for detecting and monitoring Disease@MESH:D000544 pathology in vivo. In ADNI, ~200 cognitively normal older individuals and 400 people with Disease@MESH:D003072 were followed for 3 years and 200 people with mild early-stage Disease@MESH:D000544 who were followed for 2 years. For up-to-date information, see http://www.adni-info.org", "type": "paragraph"}, {"sent": "The University of Miami/Vanderbilt University/Mt. Sinai School of Medicine data set contains 1186 cases (mean AAO: 74.1+-7.8 years; 64% women) and 1135 controls (mean age: 74.0+-8.3; 61% women) ascertained at the University of Miami, Vanderbilt University and Mt. Sinai School of Medicine. Cases met NINCDS/ADRDA criteria for probable or definite Disease@MESH:D000544 with AAO >60 years. Cognitively healthy controls were unrelated individuals from the same catchment areas", "type": "paragraph"}, {"sent": "Gene@54809 is a family-based genetic epidemiological study of Disease@MESH:D000544 that enrolled Disease@MESH:D000544 cases and unaffected sibling controls at 17 clinical centers in the United States, Canada, Germany and Greece. Briefly, families were ascertained through a proband meeting the NINCDS/ADRDA criteria for definite or probable Disease@MESH:D000544. Unaffected sibling controls were verified as cognitively healthy based on a Modified Telephone Interview of Cognitive Status score of >=86. For this study, we used 1262 subjects (509 cases and 753 controls) from the Gene@54809 Caucasian data set", "type": "paragraph"}, {"sent": "The stage 1 Pittsburgh sample was genotyped using the Illumina Omni1-Quad chip (containing probes for 1 016 423 SNPs and/or copy-number variations) at the Feinstein Institute of Medical Research (Manhasset, NY). Genotypes for two Gene@348 SNPs Mutation@rs429358 (Gene@9354) and Mutation@rs7412 (Gene@106478911) were determined either as previously described or using TaqMan SNP genotyping assays", "type": "paragraph"}, {"sent": "Exclusion criteria for individual samples included consent and diagnostic criteria (five controls were excluded because of updated diagnostic criteria, or refusal to participate further in this study), high genotype failure rate (141 individuals were removed because of a genotype failure rate >2%) and cryptic relatedness (65 individuals were removed because they displayed an average degree of sharing (identity by state or Disease@MESH:D043183) >0.4 with other members of the data set). Exclusion criteria for markers included minor allele frequency (189 727 SNPs were removed because of minor allele frequency <1%), deviation from Hardy-Weinberg expectations in controls (2239 SNPs gave a Hardy-Weinberg expectations test P-value <=1E-06), and high genotype failure rates (22 385 SNPs were removed because of genotype failure rates >2%). The final sample after all exclusions was applied consisted of 1291 cases and 938 controls", "type": "paragraph"}, {"sent": "Genotype posterior probabilities were imputed with MACH v.1.0 (http://www.sph.umich.edu/csg/abecasis/MACH/), on all data sets using haplotypes from the HapMap CEU v3 data release as a reference sample. The imputation generated data for >3 million SNPs that were subsequently filtered to exclude SNPs with r2<0.3 and 2 543 888 were included in the analysis. Additional details of the imputation procedure were published previously", "type": "paragraph"}, {"sent": "Population stratification was examined using a multi-dimensional scaling method as implemented in PLINK. Four components were conservatively determined to be relevant to the determination of population origin based on the visual examination of principle component plots", "type": "paragraph"}, {"sent": "Initial association analysis was performed in the University of Pittsburgh ADRC's GWAS data set. After standard quality control filters for both genotypes and samples and imputing for unobserved genotypes, a total of ~2.5 million SNPs were examined in 2229 subjects (1291 cases and 938 controls) for association analysis. Association of SNPs with Disease@MESH:D000544 risk was tested using logistic regression under an additive model that included age, sex and the first four principal components as covariates. All SNPs with P-values of <0.01 were carried forward to the meta-analysis. Significance values from logistic regression analyses were used for ranking purposes only, and so were not adjusted for multiple testing. All analyses were done in R and/or PLINK. Meta-analysis was done using a fixed-effect methodology, as implemented in PLINK. Heterogeneity testing was accomplished using Cochran's Q statistic, summarized as the I2 statistic (the percentage of total variation across studies that is due to heterogeneity rather than chance). Values closer to 0 indicate no heterogeneity, whereas larger numbers indicate increasing degrees of heterogeneity between studies", "type": "paragraph"}, {"sent": "We first examined the association signals in the Pittsburgh GWAS data in recently reported nine non-Gene@348 Disease@MESH:D000544 gene regions (Gene@1378, Gene@274, Gene@1191, Gene@8301, Gene@51338/Gene@245802, Gene@23607, Gene@945, Gene@2041 and Gene@10347) in 2229 cases and controls that passed quality control for both genotypes and samples and included imputed data for unobserved genotypes. Although this sample was included as one of several replication samples in one GWAS that reported the latter five gene region, the extent of replications in these five and the other four regions in this sample has previously not been examined closely. We observed significant associations (P<0.05) either within or adjacent to five genes (Gene@8301, Gene@274, Gene@10347, Gene@51338/Gene@245802 and Gene@2041). On the other hand, significant signals were observed 69-180 kb outside of the remaining four genes (Gene@945, Gene@1191, Gene@23607 and Gene@1378). The regional association plots containing SNPs within ~500 kb on either side of these nine genes are presented in Supplementary Figures 1-9", "type": "paragraph"}, {"sent": "In the Gene@8301 gene and its surrounding sequence, 69 SNPs showed significant associations (Supplementary Figure 1). The top 11 SNPs with P<E-03 were located in four different introns of the Gene@8301 gene. The most significant SNP, Mutation@rs17817992 (P=1.37E-04), was located in intron 2 followed by Mutation@rs12790526 (P=1.43E-04) in intron 2, Mutation@rs12795381 (P=1.68E-04) in intron 12 and Mutation@rs12802399 (P=1.72E-04) in intron 2. The originally reported genome-wide significant SNP/Mutation@rs3851179, which is present about 89 kb 5' to Gene@8301, was observed at P=4.6E-02 in our sample. In the Gene@274 gene, 17 SNPs showed significant associations (Supplementary Figure 2), mostly in the 5'region, including the 5 top significant SNPs/Mutation@rs11680911 (P=2.9E-04), Mutation@rs7561528 (P=3.0E-04), Mutation@rs6743470 (P=1.18E-03), Mutation@rs17014923 (P=1.64E-03) and Mutation@rs9394826 (P=2.15E-03). Among our top five significant SNPs, Mutation@rs7561528 was genome-wide significant in the discovery sample of the Disease@MESH:D000544 Genetics Consortium. The originally reported genome-wide significant SNP/Mutation@rs744373 in the initial GWAS after stage 3 meta-analysis was observed at P=1.02E-02 in our sample. In the Gene@10347 gene, seven SNPs showed significant association (Supplementary Figure 3), including the two most significant SNPs, Mutation@rs4147916 in intron 34 (P=3.18E-03) and Mutation@rs4147918 in exon 37 (P=3.19E-03) that is associated with an amino-acid change (Gln   Arg). The reported genome-wide significant SNP (Mutation@rs3764650) gave a non-significant but similar trend of association in our sample (P=1.68E-01)", "type": "paragraph"}, {"sent": "There are multiple genes in the MS4A gene clusters on chromosome 11. While one GWAS reported genome-wide significant SNPs in the Gene@51338 gene, another GWAS found genome-wide significant SNPs in the Gene@64231 and Gene@643680 genes. In our data set, we found a total of 39 SNPs with P<0.05 in the MS4A gene cluster (Supplementary Figure 4) and the 5 most significant SNPs were located in the Gene@51338 gene and its surrounding sequence: Mutation@rs11827324 (P=2.58E-03), Mutation@rs4939338 (P=3.39E-03), Mutation@rs10792263 (P=4.85E-03), Mutation@rs11824773 (P=8.06E-03) and Mutation@rs11824734 (P=6.93E-03). The genome-wide significant SNP in the Disease@MESH:D000544 Genetics Consortium (Mutation@rs4938933) gave the same trend of association in our sample (P=8.80E-02). There were eight significant SNPs in the Gene@2041 gene (Supplementary Figure 5), including the top significant SNPs: Mutation@rs10241042 (P=2.27E-03), Mutation@rs1525119 (P=1.02E-02) and Mutation@rs10233030 (P=1.29E-02). The reported genome-wide significant SNP (Mutation@rs11767557) was observed with a similar trend of association in our sample (P=1.11E-01)", "type": "paragraph"}, {"sent": "For the other four genes, significant SNPs (P<0.05) were observed 69, 125, 143 and 180 kb outside of the Gene@945, Gene@1191, Gene@1378 and Gene@23607 genes, respectively. There were four SNPs with P<0.05 and another seven with P-values between 0.05 and 0.10 located in an intergenic region about 69 kb distal to the Gene@945 gene. Likewise, there were four significant SNPs (P=0.012-0.027) about 125 kb proximal to the Gene@945 gene (Supplementary Figure 6). The reported genome-wide significant SNP (Mutation@rs3865444) gave a non-significant but similar trend of association in our sample (P=2.50E-01). Overall, recombination was found to be low in this region. In the Gene@1191 region, 41 significant SNPs were present in the Gene@2185 and Gene@1135 genes, both of which are within 100-125 kb of the Gene@1191 gene (Supplementary Figure 7). Although no SNP showed an association at P=0.05 in the Gene@1191 gene, several SNPs demonstrated the reported trend of association. The 14 most significant SNPs were present in the Gene@2185 gene with P<4.0E-03. The top three SNPs in the Gene@2185 gene were Mutation@rs373625 in intron 25 (P=2.72E-03) and Mutation@rs9657295 and Mutation@rs11135993 in intron 27 (P=3.06E-03). The reported associations in the Gene@23607 and Gene@1378 genes were not replicated in our sample, as significant SNPs were located ~150 kb from these two genes (Supplementary Figures 8 and 9)", "type": "paragraph"}, {"sent": "We next examined the entire GWAS data set (~2.5 million SNPs) in the Pittsburg sample. Figure 1a shows the comparison of observed P-values with the P-values for a null distribution. The observed P-value conformed to the null distribution until the tail of the distribution where it deviated, suggesting little evidence of stratification but compelling evidence of disease associations. As expected, several SNPs in the Gene@348 region on chromosome 19 demonstrated genome-wide significant (P<5E-08) associations (Figure 2). The most significant SNP was Mutation@rs429358 (Gene@9354) in the Gene@348 gene (P=2.52E-53) followed by Mutation@rs4420638 (P=1.97E-42), Mutation@rs6857 (P=6.75E-38), Mutation@rs2075650 (P=5.67E-29), Mutation@rs157582 (P=5.56E-28) and Mutation@rs157580 (P=2.77E-10) in the Gene@348/Gene@341/Gene@10452 gene region. The regional association plot including all SNPs in the Gene@348 region is given in Figure 3", "type": "paragraph"}, {"sent": "After removing SNPs in the Gene@348, Gene@1378, Gene@274, Gene@1191, Gene@8301, Gene@51338/Gene@245802, Gene@23607, Gene@945, Gene@2041 and Gene@10347 regions, a deviation of P-values from the null distribution remained in the quantile-quantile plot, although within the 95% confidence interval of the expectation (Figure 1b). Since no other SNPs outside the Gene@348 region were genome-wide significant in the Pittsburgh discovery sample, we performed a meta-analysis by combining the results of the top ~1% SNPs (~25 000) with P<0.01 of the discovery sample with the four existing data sets (2727 Disease@MESH:D000544 cases and 3336 controls) for these SNPs. Of the known loci, Gene@348, Gene@274 and Gene@8301 revealed genome-wide significant associations along with five suggestive new loci with P<1E-05 in the meta-analysis (Table 1). All SNPs with P<1E-04 in the meta-analysis are presented in Supplementary Table", "type": "paragraph"}, {"sent": "Four of the top five SNPs outside the Gene@348 and nine other known loci were either directly genotyped or had proxy genotyped SNPs with P<1E-04 on Illumina arrays (see Table 1 and Supplementary Table), thus eliminating potential spurious associations due to imputation artifact. The most significant SNP, Mutation@rs3848140 (P=3.05E-07), located in the Gene@79660 (encoding protein phosphatase 1, regulatory subunit 3B) region on chromosome 8 at position 9.04 Mb was actually genotyped and there were three additional significant SNPs in this gene at P<1E-06. The association of this SNP with Disease@MESH:D000544 risk was consistent in all five samples with meta odds ratio of 2.43. Figure 4 shows the regional plot for SNPs within 500 kb on either side of the Gene@79660 index SNP and the meta P-values for markers which had P<IE-04 in the meta-analysis. The regional plots for the remaining four top Disease@MESH:D000544 loci are shown in Supplementary Figures 10-13. To remove any variation in Disease@MESH:D000544 due to the established effect of Gene@348, we also analyzed the data after adjusting for the effect of Gene@348, but found no appreciable difference in P-values for the non-Gene@348 loci (Table 1), indicating that their effects are independent of Gene@348", "type": "paragraph"}, {"sent": "In this study, we have used a new GWAS data set to (i) examine in detail the recently implicated nine new regions with Disease@MESH:D000544 risk, and to (ii) perform a meta-analysis utilizing the top 1% GWAS SNPs (~25 000) with P<0.01 along with four independent data sets for these SNPs in an effort to identify new Disease@MESH:D000544 loci", "type": "paragraph"}, {"sent": "Five of the nine loci are replicated in the Pittsburgh sample as we found multiple nominal significant SNPs in or around five genes (Gene@8301, Gene@274, Gene@10347, Gene@51338/Gene@245802 and Gene@2041), suggesting that these are the relevant genes for Disease@MESH:D000544 in these regions. As associations in these genes have been validated in multiple studies, it is acceptable to consider P<0.05 statistically significant in follow-up studies like ours. However, the identity of the potential causal genes in the remaining four regions (Gene@945, Gene@1191, Gene@23607 and Gene@1378) is not clear in the Pittsburgh sample, as significant SNPs were observed 69-180 kb outside of these genes. The power in our Pittsburgh sample to detect these nine loci for the effect sizes reported in a previous GWAS is 0.38, 0.43, 0.39, 0.31, 0.38, 0.30, 0.28, 0.28 and 0.47 for Gene@8301, Gene@274, Gene@10347, Gene@51338, Gene@2041, Gene@945, Gene@1191, Gene@23607 and Gene@1378, respectively. Although the overall power is low and this would reduce our confidence in our negative results, it enhances the interest in our positive results even further", "type": "paragraph"}, {"sent": "There were only 11 SNPs present in the Gene@945 gene on the 1M chip. This may explain why we did not observe any significant SNP in this gene, although the reported genome-wide significant SNP (Mutation@rs3865444) gave a P-value of 0.25 with the same effect size in our sample. Also, recombination is low in the Gene@945 region; thus, it is likely that functional SNPs may be present in a broader region around Gene@945. Although none of the small number of 15 SNPs present in the Gene@1191 gene on the 1M chip showed significant association at P<0.05, a number of them showed the trend of association reported in earlier studies. However, several SNPs in a nearby Gene@2185 gene that is expressed in adult brain, revealed significant associations. Perhaps, genetic variations in the Gene@1191 and Gene@2185 genes, both of which are expressed in the brain, are relevant to Disease@MESH:D000544 risk and thus resequencing a broader region in and around these genes may reveal functional variants. However, a recent sequencing study found no functional SNPs in the coding region of the Gene@1191 gene and, likewise, no significant association was found between the previously associated Gene@1191 SNPs with Disease@MESH:D000544 risk with expression quantitative trait loci, suggesting that the biological role of Gene@1191 is Disease@MESH:D000544 is not yet clear. While findings in our sample suggest the involvement of broader regions around the Gene@945 and Gene@1191 genes, the evidence of association of the Gene@1378 and Gene@23607 with Disease@MESH:D000544 is weak or absent", "type": "paragraph"}, {"sent": "The GWAS analysis in the Pittsburgh data set found only the Gene@348/Gene@10452/Gene@341 region to be genome-wide significant, which is due to the established association with the Gene@348 SNP. Meta-analysis of the top 25 000 SNPs from the Pittsburgh GWAS data, in conjunction with four replication data sets revealed five suggestive non-Gene@348 loci. The top SNP was located in the Gene@79660 gene, which is a potential candidate gene for Disease@MESH:D000544 as it is expressed in human brain. Genetic variation in Gene@79660 has been shown to be associated with plasma high density lipoprotein and cholesterol levels and the risk of Disease@MESH:D003324. Overexpression of the mouse ortholog Gene@244416 in mouse liver results in significantly lower high density lipoprotein levels. As high density lipoproteins levels and particle size affect the clearance of beta-amyloid in mouse brain, it is conceivable that the Gene@244416-associated effect on Disease@MESH:D000544 risk is mediated through its impact on high density lipoproteins levels. Although the association of the top Gene@79660 SNP did not meet the strict criteria for genome-wide significance, it was consistent in direction in all samples as reflected in Odds ratio values (see Table 1). This suggests that this gene region should be followed up in additional samples. If these findings are confirmed, then this would be another cholesterol-related gene involved in Disease@MESH:D000544 along with Gene@348, Gene@1191 and Gene@10347", "type": "paragraph"}, {"sent": "In conclusion, 6 of the 10 established Disease@MESH:D000544 loci, including the Gene@348 locus, have been replicated in our new GWAS data set, while broader regions in the remaining four loci are suspected. Although we did not identify additional non-Gene@348 SNPs meeting a conservative threshold of genome-wide significance, we have identified five suggestive loci that warrant follow-up in additional samples", "type": "paragraph"}, {"sent": "Quantile-quantile plots showing the observed versus the expected P-values in the University of Pittsburgh sample including all single-nucleotide polymorphisms (SNPs) (a) and after removing SNPs in the Gene@348, Gene@1378, Gene@274, Gene@1191, Gene@8301, Gene@51338/Gene@245802, Gene@23607, Gene@945, Gene@2041 and Gene@10347 regions (b). The red line shows the distribution under the null hypothesis", "type": "fig_caption"}, {"sent": "Manhattan plots showing the genome-wide P-values in the University of Pittsburgh sample after adjusting for age (age-at-onset in cases), sex and principle components. Red line indicates genome-wide significant level (P<5E-08) and blue line indicates suggestive associations (P<1E-04) in the Pittsburgh sample", "type": "fig_caption"}, {"sent": "Regional association plot on chromosome 19 including the best single-nucleotide polymorphism (SNP), Mutation@rs429358 (Gene@9354), for Disease@MESH:D000544 (Disease@MESH:D000544) risk in the University of Pittsburgh sample", "type": "fig_caption"}, {"sent": "Regional association plot on chromosome 8, including the best single-nucleotide polymorphism (SNP) (Mutation@rs3748140) for Disease@MESH:D000544 (Disease@MESH:D000544) risk in the Gene@79660 gene in the Pittsburgh sample (blue triangles), and meta-analysis (red dots)", "type": "fig_caption"}]}