{"sentences": [{"sent": "Genome-wide association studies (GWAS) have successfully identified several risk loci for Disease@MESH:D000544 (Disease@MESH:D000544). Nonetheless, these loci do not explain the entire susceptibility of the disease, suggesting that other genetic contributions remain to be identified. Here, we performed a meta-analysis combining data of 4,569 individuals (2,540 cases and 2,029 healthy controls) derived from three publicly available GWAS in Disease@MESH:D000544 and replicated a broad genomic region (>248,000 bp) associated with the disease near the Gene@348/Gene@10452 locus in chromosome 19. To detect minor effect size contributions that could help to explain the remaining genetic risk, we conducted network-based pathway analyses either by extracting gene-wise p-values (GW), defined as the single strongest association signal within a gene, or calculated a more stringent gene-based association p-value using the extended Simes (GATES) procedure. Comparison of these strategies revealed that ontological sub-networks (SNs) involved in glutamate signaling were significantly overrepresented in Disease@MESH:D000544 (p<2.7x10-11, p<1.9x10-11; GW and GATES, respectively). Notably, glutamate signaling SNs were also found to be significantly overrepresented (p<5.1x10-8) in the Disease@MESH:D000544 Neuroimaging Initiative (ADNI) study, which was used as a targeted replication sample. Interestingly, components of the glutamate signaling SNs are coordinately expressed in disease-related tissues, which are tightly related to known pathological hallmarks of Disease@MESH:D000544. Our findings suggest that genetic variation within glutamate signaling contributes to the remaining genetic risk of Disease@MESH:D000544 and support the notion that functional biological networks should be targeted in future therapies aimed to prevent or treat this devastating Disease@MESH:D009422", "type": "abstract"}, {"sent": "Disease@MESH:D000544 (Disease@MESH:D000544 [MIM 104300]) is the most common Disease@MESH:D019636 in the human population. Clinically, Disease@MESH:D000544 is characterized by a progressive Disease@MESH:D003072. At a biological level, it is thought that the presence of extracellular deposits of the Gene@351 (Abeta) and intracellular neurofibrillary tangles composed of hyperphosphorylated Tau protein leads to synaptic loss and Disease@MESH:D009410. Genetically, Disease@MESH:D000544 is complex and heterogeneous. A small percentage of Disease@MESH:D000544 cases (1-2% of all cases) have an early-onset familial form of presentation, with symptoms appearing before 65 years of age, and most cases are late-onset or \"sporadic\" with no apparent familial recurrence of the disease. While familial-Disease@MESH:D000544 has been associated with mutations in the genes coding for the Gene@351 (APP) and the presenilins (Gene@5663 and Gene@5664) proteins, the only genetic factor extensively replicated for sporadic Disease@MESH:D000544 is the Gene@348 (Gene@348-epsilon4) allele, which is present in ca. 60% of the cases. However, the Gene@348-epsilon4 allele is not causative, since it has been found in individuals that would not develop the disease, suggesting that other genetic contributions remain to be identified", "type": "paragraph"}, {"sent": "During the past decade, the scientific efforts focused in identifying these genetic hallmarks reported more than 2,900 Single Nucleotide Polymorphisms (SNP) within ~ 4,700 genes associated with Disease@MESH:D000544 (see also AlzGene.org). More recently, the use of high density DNA genotyping microarrays in genome-wide associations studies (GWAS), combined with powerful statistical procedures, have expanded the search for novel susceptibility loci for the disease. Nevertheless, these genetic approaches currently exhibit some limitations. First, they present a high rate of false positives and require major sample sizes in order to be replicated. In fact, different simulations have shown that authentic associations have only a 26% chance of falling into the top 1,000 p-values in a GWAS. Second, they only examine the association of a single genetic variant at a time, therefore failing in the detection of minor associations that can still be present and confer risk in a cumulative way. Finally, current top hits associated with Disease@MESH:D000544, including the Gene@274 (Gene@274), Gene@1191 (Gene@1191), the Gene@10347 (Gene@10347), the complement component (3b/4b) receptor 1 (Gene@1378), and the Gene@8301 (Gene@8301), do not account for the entire genetic contribution of the disease or surpass the risk conferred solely by the Gene@348-epsilon4 allele", "type": "paragraph"}, {"sent": "Therefore, considering that the etiology of complex diseases might depend on functional protein-protein interaction networks, here we performed a meta-analysis followed by network-based pathway analyses on publicly available GWAS in Disease@MESH:D000544 and used significant genetic information to identify glutamate signaling as a key ontological pathway of the disease", "type": "paragraph"}, {"sent": "We selected three publicly available GWAS in Disease@MESH:D000544 performed on unrelated case-control and familial samples from European-descent populations (Table 1). The GWAS datasets are: i) the Translational Genomics Research Institute (TGen1) study on Disease@MESH:D000544, including 829 Disease@MESH:D000544 cases and 535 control individuals; ii) the National Institute on Aging - Late Onset Disease@MESH:D000544 and the National Cell Repository for Disease@MESH:D000544 (NIA-LOAD/NCRAD), including 5,220 subjects from which we only considered for analysis a subset of 3,689 individuals (1,837 cases and 1,852 controls) that were self-declared non-Hispanic European Americans, passed principal components analyses and had non-missing phenotypes. Given that this subset is composed by familial data, using the provided family trees, we excluded all related controls and kept only one case per family giving a final number of 978 Disease@MESH:D000544 cases and 702 controls individuals that were eligible for our study; and iii) the Pfizer Pharmaceutical Company (Pfizer) study on Disease@MESH:D000544, including 733 Disease@MESH:D000544 cases and 792 control individuals, available only at summary level. The TGen1 data was downloaded from the TGen website (https://www.tgen.org/research/research-divisions/neurogenomics.aspx) and the NIA-LOAD/NCRAD data was retrieved through the database of Genotypes and Phenotypes (dbGaP; http://www.ncbi.nlm.nih.gov/gap) of the National Institute of Health (NIH), under the accession number phs000168.v1.p1. The Pfizer data was gathered from the supplementary information accompanying the original publication. Detailed information regarding recruitment, diagnosis, affection status and age at the time of enrollment can be found in the original studies. Written informed consent was obtained for all participants and prior Institutional Review Board approval was obtained at each participating institution. Additionally, data used in the preparation of this article were obtained from the Disease@MESH:D000544 Neuroimaging Initiative (ADNI) database (http://adni.loni.usc.edu) as a targeted replication sample. The ADNI was launched in 2003 by the National Institute on Aging (NIA), the National Institute of Biomedical Imaging and Bioengineering (NIBIB), the Food and Drug Administration (FDA), private pharmaceutical companies and non-profit organizations, as a $60 million, 5-year public-private partnership. The primary goal of ADNI has been to test whether serial magnetic resonance imaging (MRI), positron emission tomography (PET), other biological markers, and clinical and neuropsychological assessment can be combined to measure the progression of mild Disease@MESH:D003072 (MCI) and early Disease@MESH:D000544 (Disease@MESH:D000544). Determination of sensitive and specific markers of very early Disease@MESH:D000544 progression is intended to aid researchers and clinicians to develop new treatments and monitor their effectiveness, as well as lessen the time and cost of clinical trials. The Principal Investigator of this initiative is Michael W. Weiner, MD, VA Medical Center and University of California - San Francisco. ADNI is the result of efforts of many co-investigators from a broad range of academic institutions and private corporations, and subjects have been recruited from over 50 sites across the U.S. and Canada. The initial goal of ADNI was to recruit 800 subjects but ADNI has been followed by ADNI-GO and ADNI-2. To date these three protocols have recruited over 1500 adults, ages 55 to 90, to participate in the research, consisting of cognitively normal older individuals, people with early or late MCI, and people with early Disease@MESH:D000544. The follow up duration of each group is specified in the protocols for ADNI-1, ADNI-2 and ADNI-GO. Subjects originally recruited for ADNI-1 and ADNI-GO had the option to be followed in ADNI-2. After QC procedures (See below; Association analysis) the final ADNI sample consisted in a total of 693 individuals, 449 cases (161 Disease@MESH:D000544 and 338 MCI Cases) and 194 unrelated controls. A total of 524,993 SNPs were genotyped under the Illumina 610 Quad platform (Table 1)", "type": "paragraph"}, {"sent": "In order to maximize information on linkage disequilibrium (LD) structure between the studies, the TGen1 and the NIA-LOAD/NCRAD datasets were imputed by comparison with the CEU reference panel (unrelated individuals) from the HapMap III phased data (release 2). Imputation was carried out using the Markov Chain Haplotyping method implemented in MACH 1.0 following author recommendations", "type": "paragraph"}, {"sent": "Quality control (QC) procedures such as minor allele frequency (MAF), Hardy-Weinberg equilibrium (HWE), missing rate per individuals (Disease@None) and per SNPs (GENO) were performed on the TGen1 and the NIA-LOAD/NCRAD dataset using PLINK v.1.07 (http://pngu.mgh.harvard.edu/purcell/plink/) with threshold values of 0.05, 1x10-6, 0.05 and 0.02, respectively. We applied a logistic regression analysis, using an additive model on the imputed datasets data with MACH2DAT. SNPs with r2 values less than 0.29 were removed from further analysis. Similarly, in the Pfizer dataset, the standard error (Disease@None) per SNP was estimated from the p-values reported in the study. Briefly, p-values were transformed into the corresponding Z score with the INVNORMAL function implemented in STATA v.10 (StataCorp, College Station, TX), and then the Disease@None was calculated taking the log of the odds ratios (OR) divided by the corresponding Z score. In the ADNI replication dataset, we performed QC and association analysis based on a quantitative trait locus (QTL) method as described previously. MAF, HWE, Disease@None and GENO QC values of 0.05, 1x10-6, 0.1 and 0.1 were applied, respectively. In order to control for population stratification we conducted Principal Component Analysis (PCA) with EIGENSTRAT. After this step, 63 individuals were excluded from further analysis, leaving a total 693 individuals. The QTL association analysis was carried out using an additive genetic linear regression model with PLINK using different co-variables including age at baseline visit, education, gender and Gene@348 status (epsilon4 allele present or not). Finally, the results for each dataset was assessed for genomic inflation and visualized in Quantile-Quantile (Q-Q) plots using the statistical R (www.r-project.org)", "type": "paragraph"}, {"sent": "Meta-analysis was performed using the inverse variance method implemented in PLINK v.1.07. We checked that all statistics values (p-values, OR and Disease@None) for each dataset prior the meta-analysis were computed for the same allele. Annotation of the results was done with the RefSeq Genes for the human genome assembly Build 36.3/Hg18 available at the UCSC Table Browser using own Perl scripts (available upon request). In order to consider a SNP inside a gene we defined a threshold of +/- 5,000 bp relative to the transcription start and end sites. The annotated output of the meta-analysis used for the pathway approach is available in Table S1. PRISMA guidelines were followed (showed in Checklist S1)", "type": "paragraph"}, {"sent": "Genetic association values with a cut-off threshold of p<0.05, from either the Meta-analysis or the ADNI replication dataset, were transformed into single-gene associations using two independent approaches: i) Selection of a gene-wise p-value (GW), defined as the single strongest association inside a gene; and ii) Calculation of a gene-based association p-value using the extended Simes procedure (GATES), which extract a gene-level association from the combination of the SNPs p-values within a gene. This approach does not relies on genotype or phenotypic data and has been shown to correct type 1 error rates in both simulated and permuted datasets, regardless of the gene size or LD structure. GATES is an open-source tool named Knowledge-Based Mining System for Genome-wide Genetic Studies (KGG; http://http://bioinfo1.hku.hk:13080/kggweb/)", "type": "paragraph"}, {"sent": "To evaluate single-gene associations in a network context the complete human functional protein association network (FPAN) was retrieved from the STRING 9.0 database (Search Tool for the Retrieval of Interacting Genes/Proteins; http://string-db.org/). FPAN contains highly curated known and predicted interactions emerging from different evidence channels such as: genomic context, co-expression and curated literature. Raw text-formatted protein-protein functional interactions were downloaded from STRING. To avoid redundancy and false positives, alternative proteins and their interactions were consolidated into one gene using own Perl scripts (available upon request). We kept only the interactions with a combined score >0.7 (provided by STRING), which stand for high confidence interactions. The final FPAN generated was composed by 14,793 nodes (genes) and 229,357 edges (interactions) and was introduced as an input to Cytoscape, which is an open source platform for visualizing complex networks that not only allows the integration of additional attribute data (i.e. gene annotations, expression profiles and interactions source and confidence), but also provides a comprehensive set of tools to perform integrated pathways analysis. Thus, the p-values of GW and GATES procedures were introduced as a floating-point attribute into the FPAN (Table S2)", "type": "paragraph"}, {"sent": "SNs search was carried out with the Cytoscape JActive Modules Plug-in with a gene overlap threshold of 50%. JActive modules is designed to detect if a certain group of connected nodes are significantly enriched with a statistical parameter such as the single gene p-value, which in our study comes from either the meta-analysis or the ADNI replication dataset. Briefly, starting from one node a sub-network grows to its connected genes by computing an aggregated score (S) derived from the conversion of the single-gene p-value (if present) into their corresponding z-score (with the inverse normal cumulative distribution function). This score is compared internally with a background distribution created from the scores of 10,000 random modules of the same size in a Monte Carlo procedure. If the aggregated score cease growing above the expected by chance, the algorithm stops and the growing sub-network is reported as a result. As in the original publication, modules with S>3 (3 standard deviation above the mean of randomized scores) and with a size below 50 were considered significant. To acquire a mean S score and standard deviation (SD) for each resulting Gene@10991 and to confirm that the Gene@10991 structure (gene members and interactions) and significance remained consistent and replicable, the search was performed 10 times for each analysis (Meta-GW, Meta-GATES, ADNI-GW and ADNI-GATES). Finally, the same procedure was conducted with their corresponding permuted p-values over the entire genes present in the FPAN (Permuted analysis) and without genome wide significant results (p-values <10-8), in this case with real and permuted data, respectively (WGW analysis). Statistical differences between permuted and non-permuted analyses were assessed through two-sided t-test", "type": "paragraph"}, {"sent": "To examine if the structure of significant sub-networks obtained in the Meta or the ADNI replication dataset were biologically meaningful, gene lists of the first 10 significant modules were tested for pathway enrichment using information from Gene Ontology (GO; http://geneontology.org/) and the Kyoto Encyclopedia of Genes and Genomes database (KEGG; http://www.genome.jp/kegg/). We initially used the ontology structure and annotations using the package Ontologizer, only considering categories with less than 500 members to avoid associations to major categories that are less informative (i.e. signaling) and excluding the ones \"Inferred by Electronic Annotation\" (IEA), from \"Reviewed Computational Analysis\" (RCA) and with \"No biological Data available\" (ND), which are characterized by a high rate of false positives. In this case, we used the parent-child-union algorithm to call for overrepresentation adjusting the p-values with a Westfall-Young Single-Step multiple test correction, to avoid additional false positives, and considering a GO term significantly over-represented when the adjusted p-value was below 0.01. Similarly, to determine overrepresentation, KEGG pathway enrichment was assessed in the complete set of pathways and components, using an hypergeometric test with the phyper function contained in the R statistical package", "type": "paragraph"}, {"sent": "To evaluate the expression pattern of genes of interest from the network-based analysis, human gene expression profiles were downloaded from the Allen Brain Atlas (ABA) website (http://www.brain-map.org). We used the Gene Search web-tool to enter a list of genes arising from the intersection of sub-networks and analyzed their expression profiles through 27 brain regions. We averaged the expression levels from 6 brain donor individuals (ids. H0351.2001, H0351.2002, H0351.1009, H0351.1012, H0351.1015 and H0351.1016) and used the collapseRows R script to generate a gene-wise expression dataset. Expression heatmaps and hierarchical clusters were analyzed using Cluster v.3.0 (http://www.geo.vu.nl/~huik/cluster.htm) and visualized with the aid of JavaTreeView v.1.1.6r2 (http://jtreeview.sourceforge.net). Identification of genes co-expressed and correlation analyses were performed with Cluster v.3.0, using Euclidean distance in conjunction with centroid linkage algorithms, and a correlation coefficient cutoff of r>0.7 to denote highly correlated gene clusters", "type": "paragraph"}, {"sent": "The complete strategy implemented in the present study is shown in Figure 1. General features of the datasets used for the meta-analysis (TGen1, NIA-LOAD/NCRAD and Pfizer) and for the targeted replication sample (ADNI) are described in Table 1. The genetic information of 4,569 individuals (2,540 Disease@MESH:D000544 cases and 2,029 controls) was considered after passing QC thresholds based on MAF, HWE, Disease@None and GENO parameters calculated in PLINK. Additionally, we imputed a total of 1,231,704 and 1,245,964 QC-passing SNPs for the TGen1 and NIA-LOAD/NCRAD datasets, respectively. To account for bias still present after QC procedures, SNP association p-values were further assessed for genomic inflation, which is represented in Q-Q plots (Figure S1). All the datasets yielded an inflation factor (lambda) between the acknowledged margins of 0.9 to 1.1, where the contribution of population structure to the genome-wide association is negligible. Taking into account these considerations, we performed a meta-analysis using the inverse variance method, selecting p-values and ORs from the fixed effects model, assuming that these studies have been conducted under similar conditions and subjects. The combined analysis showed a normal distribution of the p-values with an excess of significant signals seen only at the end of the curve, indicating likely true association events (lambda = 1.05, Figure S1)", "type": "paragraph"}, {"sent": "Genotype imputation was carried out in the Tgen1 and NIA-LOAD/NCRAD datasets (asterisk). The meta-analysis was conducted using the inverse variance method in PLINK, after pruning bad genotypes and samples using standard quality control (QC) tests. The ADNI dataset was included for replication following similar QC procedures at this step. Meta-analysis (dark grey arrows) and ADNI associations (light grey arrows) results were annotated and single gene p-values calculated using the Gene-Wise (GW) method or the more stringent GATES procedure (threshold p<0.05). We next introduced this information to FPAN (from STRING database). Module search was performed 10 times, side by side with the permuted data and without genome-wide-significant (WGW) results, which served as internal controls. Significant sub-networks (white squares) were compared and assayed for gene ontology (GO) term and KEGG pathways enrichment to obtain the final overrepresented pathways associated with Disease@MESH:D000544, inside each sub-network. Equal results between Meta and WGW analysis (\" = \") that could not be obtained with the permuted control (\" \") were expected", "type": "fig_caption"}, {"sent": "Whole-genome meta-analysis results are depicted as a Manhattan plot (Figure 2), with a significance threshold defined above log10 (5x10-8), which marks the beginning of genome-wide significant values. In agreement with current reports, the strongest associations were located in a broad genomic region (>250,000 bp) in the vicinity of the Gene@348 locus in chromosome 19 (Table 2). In particular, highly significant genome-wide associations signals were observed in the coding region of the translocase of the mitochondrial outer membrane gene (Gene@10452: Mutation@rs2075650, p = 8.54x10-116, OR = 4.48; Mutation@rs157580, p = 9.6x10-35, OR = 0.51 and Mutation@rs8106922, p = 1.17x10-25, OR = 0.57), upstream of the apolipoprotein C-I gene (Gene@341: Mutation@rs439401, p = 8.82x10-29, OR = 0.54), inside the poliovirus receptor related 2 isoform delta gene (Gene@5819: Mutation@rs6859, p = 7.87x10-28, OR = 1.7 and Mutation@rs3852861 p = 5.32x10-11, OR = 0.64) and between Gene@10452 and the Gene@348 gene (Mutation@rs405509, p = 2.29x10-27, OR = 0.57). In addition, in the same chromosomal region we observed genome-wide association, downstream of the basal cell adhesion molecule isoform 1 gene (Gene@4059: Mutation@rs10402271, p = 1.98x10-17, OR = 1.46 and Mutation@rs10405693, p = 2.83x10-12, OR = 1.49) and in the region of the Gene@602 gene (Gene@602: Mutation@rs8103315, p = 1.87x10-8, OR = 1.5). We note that the strength of the association signal for some SNPs is derived from the Pfizer and NIA-LOAD/NCRAD datasets only, since these were either not genotyped in the TGen1 sample or poorly imputed due to the intrinsic array density in that particular region of chromosome 19 in the Affimetrix GeneChip 500 K (See \"N\" column, Table 2). Interestingly, among the top 25 associations detected, novel genome-wide marginally significant signals outside chromosome 19 were observed: in chromosome 12 (intergenic: Mutation@rs249153, p = 4.38x10-07, OR = 1.41; intergenic: Mutation@rs249166 and Mutation@rs249167, both with p = 6.91x10-07 and OR = 1.40) and in chromosome 5 (intergenic: Mutation@rs13178362, p = 6.60x10-07, OR = 0.75), followed by trends inside the Gene@932 gene in chromosome 11 (Gene@932: Mutation@rs474951, p = 1.25x10-6, OR = 0.79 and Mutation@rs528823, p = 1.55x10-6, OR = 0.79) and also within the Disease@MESH:D005199 group D2 gene in chromosome 3 (Gene@2177: Mutation@rs1552244, p = 1.63x10-06, OR = 0.76; Mutation@rs9849434, p = 1.88x10-06, OR = 0.71)", "type": "paragraph"}, {"sent": "Manhattan plot showing the p-values obtained in the meta-analysis. The end and beginning of a chromosome is denoted by the change of color pattern of the SNPs (black, grey and brown dots). Genome-wide significance threshold is denoted by a red line (5.0x10-8). The Y-axis has been truncated to show all associated SNPs inside the Gene@348 loci and to improve visualization of suggestive associations", "type": "fig_caption"}, {"sent": "To test the hypothesis that highly-connected sub-networks (SNs) enriched with minor associations might be significantly overrepresented in Disease@MESH:D000544, we performed a gene-oriented pathway analysis by loading meta-analysis results into a high confidence functional protein association network (FPAN), gathered from the STRING database. First, to avoid noise, the analysis was restricted to SNPs with p-value <0.05 (Table S1). Second, we calculated whole-gene association values using two alternative approaches: (i) the extraction of a gene-wise p-value, corresponding to the strongest association signal within a gene (Meta-GW); and (ii) the derivation of a more stringent gene-based p-value using the extended Simes test (Meta-GATES), which combines all association signals within a gene and controls for the bias that could be generated by gene-size or LD structure among markers. Thus, we observed 66,204 SNP association p-values <0.05 tagging 7,527 genes. Of these, we loaded only 4,891 and 4,647 gene p-values (from GW and GATES procedures, respectively) into FPAN (Table S2), which was composed by 14,793 genes having 229,357 non-redundant high-confidence interactions (note that not all genes are informative in the FPAN). Third, we conducted the search for significant SNs in Disease@MESH:D000544 using the information from GW and GATES procedures in comparison with an expected background distribution among the FPAN created from 10,000 permutations (See Methods). Fourth, we repeated the search 10 times in order to explore whether the SNs structure (gene members), interactions and significance was consistent across iterations and not the result of the Monte Carlo procedure. As an example, we observed that the top Gene@10991 had a 97.6% of concordance in gene structure and interactions (see also Table S3). Fifth, the above results were controlled by 2 further module searches, this time including permuted data or results without genome wide (WGW) significance (Figure 1). While in the former search, the p-values were permuted 10 times over the entire FPAN to determine if the Gene@10991 structure and its score could be obtained by chance (Meta-GW-Permuted, Meta-GATES-Permuted); in the latter, we discarded the possibility that the SNs could be the result of bias due to the strong genome-wide significant p-values within the Gene@348 locus", "type": "paragraph"}, {"sent": "The result of the global search for overrepresented modules in Disease@MESH:D000544 is presented in Figure 3. First, the total number of significant SNs obtained in the Meta-GW analysis (average number  = 32.3, SD = 6.14) was significantly higher (p = 2.51x10-7), than those arising from chance (Figure 3A; Meta-GW Permuted; average = 13.7, SD = 4.05). Likewise, the total number of significant SNs in Meta-GATES was similar to Meta-GW (average number  = 34.9, SD = 0.99) and significantly higher (p = 1.35x10-9) than those obtained by chance (Figure 3A; Meta-GATES Permuted; average  = 6.1, SD = 7.99). Second, the Gene@10991 scores in each procedure were always significantly higher among real vs. permuted data (Figure 3B). Third, the number and scores of the modules obtained in the WGW control was similar to the ones obtained with the whole set of associations, indicating that the strongest associations of the meta-analysis did not influence the present observations (Figure 3A and B). Fourth, the modules obtained in the Meta-GW and Meta-GATES searches, remained consistent in significance and structure across iterations, changing only in their respective rank/score. Remarkably, the most significant Gene@10991 detected in each approach (Meta-GW Gene@10991: S = 6.14, p-value  = 8.16x10-8; and Meta-GATES Gene@10991: S  = 5.62, p-value  = 1.77x10-5; Figure 3B and Table 3) was identical in structure differing only in the presence of the guanine nucleotide binding protein (G protein) alpha z polypeptide gene (Gene@2781), which was absent in Meta-GATES Gene@10991 (Table S4). Finally, we note that the list of genes contained in each Gene@10991 was not replicated in the permutation analyses and that only 2 out of 688 permuted genes were also seen either in Meta-GW Gene@10991 or Meta-GATES Gene@10991 (Figure S2). Altogether, these results indicate that the quantity, significance and structure of the modules identified could not be reached by chance, strongly suggesting that these sub-networks could be biologically meaningful in the etiology of Disease@MESH:D000544", "type": "paragraph"}, {"sent": "(A) The number of significant SNs (size <50 and score>3) in Meta-GW (light green) and Meta-GATES (dark green) is shown compared with same values permuted across the FPAN: Meta-GW-Permuted (light grey) and Meta-GATES-Permuted (dark grey). (B) Score comparison of the top 10 SNs obtained in the corresponding module searches presented in (A). (C) The number of significant SNs in the replication step for ADNI-GW (light blue) and ADNI-GATES (dark blue) analysis, in comparison with their corresponding permuted controls: ADNI-GW-Permuted (light grey) and ADNI-GW-Permuted (dark grey). (D) Score comparison of the top 10 SNs obtained for each module searches presented in (C). Caped bar/points denote SD; Significant differences between real and permuted data observed in GW and GATES analysis are denoted by an asterisk and those between real and permuted data observed only in GW analysis are denoted by a plus sign (two-sided Student's t-test; p<0.01)", "type": "fig_caption"}, {"sent": "To examine the above-mentioned hypothesis, gene ontology (GO) term enrichment was assessed in the top 10 SNs identified using the package Ontologizer (see Methods). Table 3 presents the top 3 Meta-GW and Meta-GATES SNs as a function of biological process (BP), cellular component (CC) and molecular function (MF) categories. Meta-GW results indicated that: Gene@10991 was heavily composed by genes acting at the synapse (21/461, p = 2.87x10-18), participating in the glutamate receptor signaling pathway (11/46, 2.67x10-11) and specifically related to glutamate receptor activity (13/24, p = 1.21x10-18); Gene@92745 was mostly over-represented by genes belonging to the axon guidance biological process (33/341, p = 1.20x10-9), located mostly at the cell leading edge (12/245, p = 9.35x10-11); and SN3 was over-represented by the roundabout signaling pathway (3/3, p = 1.6x10-7). On the other hand, the results with the alternative and more stringent Meta-GATES procedure showed that Gene@10991 had identical ontological enrichment patterns as observed for Meta-GW Gene@10991, being glutamate receptor activity the most significant category (13/24, 1.69x10-18). Interestingly, Meta-GATES Gene@92745 contained several genes involved in lipid metabolism including categories such as steroid metabolic process and lipid localization (11/269, p = 2.13x10-9 and 13/221, p = 3.81x10-9, respectively). Finally, Meta-GATES SN3 was composed of genes participating in transmembrane receptor protein kinase activity (12/82, p = 1.18x10-12), growth factor binding (9/99, p = 3.42x10-12), protein autophosphorylation (16/174, 2.30x10-12) and located mainly at the synapse (7/461, 3.28x10-6). Specific SNs features and components are described in Table S4. The complete set of ontologies overrepresented in the first top 10 SNs (Gene@10991) is provided in Table S5", "type": "paragraph"}, {"sent": "Considering that glutamate signaling pathway components were consistently present in significant SNs enriched with minor associations to Disease@MESH:D000544, both in the Meta-GW and Meta-GATES analyses, and since both procedures were originated from a single set of SNP associations, we next interrogated the ADNI dataset under the same pipeline (Figure 1), as an attempt to replicate the results in an independent sample of Disease@MESH:D000544 individuals. This additional dataset was composed of 693 subjects of which 499 were cases and 194 were controls (Table 1). Genetic association values were calculated replicating the quantitative trait locus (QTL) method reported in the original study, which is based on the composite memory score, a measure of the level of Disease@MESH:D008569, reported for each patient (see Methods). Although, the ADNI case cohort includes subjects with mild Disease@MESH:D003072 (MCI), the phenotype is considered a transitional state with significant risk of progression to clinically diagnostic Disease@MESH:D000544, which validates their inclusion. After the corresponding QC procedures, the ADNI dataset showed no significant genomic inflation (lambda = 1.02, Figure S1). According to was described in the original publication, our results indicate that QTL testing yielded 25,785 SNP associations (p-value <0.05), tagging 4,915 genes (Table S6), did not reach genome wide significant levels. Marginal associations were observed within the Gene@54935 (Gene@54935) gene in chromosome 1 (Mutation@rs1129923, p = 1.07x10-6), the Gene@9061 (Gene@9061) gene (Mutation@rs9569, p = 6.84x10-6) and in the phosphatidylinositol-4-phosphate 3-kinase, catalytic subunit type 2 gamma (Gene@5288) gene (Mutation@rs10841025, p = 9.01x10-6), as well as association signals in intergenic regions on chromosome 17 and 3 (Mutation@rs9890008, p = 4.25x10-6 and Mutation@rs4857008, p = 5.88x10-6, respectively)", "type": "paragraph"}, {"sent": "We introduced 3,244 and 3,113 p-values, ADNI-GW and ADNI-GATES respectively (Table S2), into the same FPAN used for the Meta-analysis and module search was carried out with their respective null datasets (ADNI-GW-Permuted, ADNI-GATES-Permuted), since in the absence of genome wide significant results, the WGW control was not necessary. In general agreement with the meta-analysis data, global results indicated that the number of significant modules obtained in either ADNI-GW (average number  = 30.3, SD = 2.00) or ADNI-GATES (average number  = 24.4, SD = 1.7), was significantly higher (p = 7.01x10-3 and p = 1.80x10-5, respectively), than those obtained by chance (Permuted; Figure 3C). Interestingly, when comparing the scores of the first 10 SNs only the ones belonging to the ADNI-GW analysis remained significantly above their respective permuted ones (Figure 3D) and thus were considered for further analysis (Table S4)", "type": "paragraph"}, {"sent": "GO term enrichment in ADNI indicated that genes belonging to categories such as voltage-gated calcium channel complex and ion channel complex were significantly overrepresented in Disease@MESH:D000544 (p = 1.24x10-8 and p = 9.24x10-7, respectively; see also Table S4 and Table S5 for complete ontological results). Moreover, we replicated multiple modules enriched with glutamate signaling genes (Table 4), including modules SN3 (S = 5.23, p = 5.09x10-8), SN4 (S = 4.94, p = 7.14x10-8) and SN7 (S = 4.38, p-value  = 3.40x10-8). Individual sub-network structure is presented in Figure S3", "type": "paragraph"}, {"sent": "KEGG provided information regarding 280 pathways involving 6,733 genes. Although in comparison with the GO database the amount of information provided by KEGG is substantially reduced, the fact that each annotation is manually curated makes any association much more reliable. Notably, throughout this analysis we detected that glutamate signaling was again the main overrepresented biological process in both Meta-GW Gene@10991 (p = 1.10x10-28) and Meta-GATES Gene@10991 (p = 5.94x10-29) sub-networks (Table S7). Glutamatergic synapse, as a KEGG pathway category, was also significantly associated in ADNI sub-networks SN3, SN4 and SN7 (p = 1.20x10-06, p = 1.32x10-06 and p = 8.18x10-10, respectively; Table S7). Finally, logical and structural relationships of all sub-networks enriched with glutamate signaling genes from the meta-analysis and the ADNI-replication dataset allowed us to define a list of genes of interest, which were shared at least by 3 SNs (Figure 4). The list was composed by 20 signaling components, including membrane-anchored ionotropic (Gene@2903, Gene@2904, Gene@2895, Gene@2890 and Gene@2891) and metabotropic glutamate receptors (Gene@2911, Gene@2913, Gene@2917 and Gene@2918), intracellular downstream effectors Gene@815 and Gene@9495, as well as scaffold proteins Gene@50944 and Gene@22941, which are required for proper formation and function of neuronal synapses. The functional relationship of these signaling components in the context of a glutamatergic synapse is shown in Figure 5", "type": "paragraph"}, {"sent": "Gene@10991 gene composition (nodes) and interactions (edges) are shown for: Meta-Gene@10991 in the upper left corner with green edges (which includes GW and GATES modules, Gene@2781 gene only present in GW); ADNI-GW SN3 in the bottom left corner with dark blue edges; ADNI-GW SN4 in the bottom right corner with blue edges and ADNI-GW SN7 in the upper right corner with light blue edges. Genes shared by at least 2 SNs are located at the center in bold font and cross interactions between genes inside each module are denoted by light grey edges. Node color represents the OR behavior in a gradient from green to red values (i.e. green: OR<1; red OR>1; white: OR = 1), denoting protection and risk, respectively. Similarly, node size is proportional to the -log10 p-value obtained from the meta-analysis (if absent, node size is the minimum). Triangle shaped nodes marks genes belonging to the glutamate signaling pathway GO term (GO:0007215); Diamond shaped nodes denotes genes belonging to KEGG Glutamatergic synapse pathway (hsa04724); Squares Square shaped nodes denotes genes belonging to both gene ontology term GO:0007215 and KEGG hsa04724 pathway", "type": "fig_caption"}, {"sent": "The original version of the hsa04724 KEGG pathway (Glutamatergic synapse) is shown. Black arrows denote direct molecular interaction or relation between gene products (green squares) or other types of molecules (unfilled circles), while black arrows with dashed lines denote an indirect effect between the each node. The relationship with other KEGG pathways is shown with the presence of white round rectangles. Gene symbols in components belonging to Meta-GW and META-GATES Gene@10991 are denoted in red", "type": "fig_caption"}, {"sent": "At the physiological level, to explore if there was a transcriptional relationship among the glutamate signaling genes previously identified, we examined their expression profiles in 27 normal human brain regions, using the information from the Allen Brain Atlas, as a reference. Clearly, the expression pattern of these components clustered in brain regions tightly related to Disease@MESH:D000544 pathology, such as the hippocampal formation, Disease@MESH:D007029 and white matter (Figure 6). While it is known that glutamate signaling is active in these brain domains, it was interesting to find out clusters with high- and low-expression levels. For instance, Gene@2890, Gene@2891, Gene@815, Gene@2904 and Gene@2917 were found among highly expressed gene clusters in the hippocampal formation (r = 0.94), particularly in the Gene@760-Gene@761 and Gene@762 region (Figure 6A), while Gene@2913, Gene@23284, Gene@2895 and Gene@285195 were grouped in a low-expression cluster (r = 0.87). Low-expression clusters were also observed in the Disease@MESH:D007029 (Gene@4046, Gene@2913, Gene@2911, Gene@2903, Gene@3708, Gene@9495 and Gene@491; Figure 6B), the dorsal thalamus (Gene@22941, Gene@50944, Gene@577, Gene@8554, Gene@2890, Gene@2895 and Gene@2891; Figure 6C) and also distinguished in the white matter (Gene@2891, Gene@9495, Gene@2903, Gene@2904, Gene@815, Gene@22941, Gene@2918, Gene@2911, Gene@2917, Gene@577, Gene@23284, Gene@3708, Gene@50944 and Gene@491; Figure 6D). Interestingly, there was an inverse relationship in the expression pattern of a subset of these genes, since components highly expressed in the hippocampus were found in low-expression clusters in the white matter, and vice versa (i.e. Gene@2891, Gene@816 and Gene@2904 vs. Gene@2913 and Gene@285195). Altogether these results indicate that glutamate signaling components are differentially expressed in restricted brain domains for proper neuronal or glial functional activity (see also Figure 5)", "type": "paragraph"}, {"sent": "Heatmap and dendrogram of normalized expression levels of the 20 genes of interest displaying significant clustering in: (A) hippocampal formation (Disease@None); (B) Disease@MESH:D007029 (HY); (C) Dorsal Thalamus (DT); and (D) white matter (WM). Heatmaps were generated using normalized Z score gene-wise expression values, which were averaged from 6 brain donor individuals (ids. H0351.2001, H0351.2002, H0351.1009, H0351.1012, H0351.1015 and H0351.1016). Bright red and green color indicates high (Z>2) and low expression (Z<2). Highly correlated gene clusters (Euclidean distance correlation coefficient r>0.7) are denoted by colored lines in the dendrograms: green clusters, indicates low expression patterns; red clusters show high levels of expression of correlated genes. Gene expression patterns in the corresponding substructures are shown for Disease@None: Dentate Gyrus (DG); Cornu Ammonis 1 (Gene@759); Cornu Ammonis 2 (Gene@760); Cornu Ammonis 3 (Gene@761); Cornu Ammonis 4 (Gene@762) and Subiculum (S). For HY: Anterior Hypothalamic Area (AHA); Lateral hypothalamic Area (LHA); Paraventricular Nucleus of the Disease@MESH:D007029 (PVH); Supraoptic Nucleus (SO); Lateral Hypothalamic Area, Mammillary Region (LHM); Mammillary Body (MB); Posterior Hypothalamic Area (PHA); Supramammillary Nucleus (SuM); Tuberomammillary Nucleus (TM); Preoptic Region (PrOR); Arcuate Nucleus of the Disease@MESH:D007029 (Gene@26119); Dorsomedial Hypothalamic Nucleus (DMH); Lateral Hypothalamic Area, Tuberal Region (LHT); Lateral Tuberal Nucleus (LTu); Perifornical Nucleus (PeF); Ventromedial Hypothalamic Nucleus (VMH). For DT: Anterior Group of Nuclei (DTA); Caudal Group of intralaminar Nuclei (ILc); Dorsal Lateral Geneiculate Nucleus (LGd); Lateral Group of Nuclei, Dorsal Division (DTLd); Lateral Group of Nuclei, Ventral Division (DTLv); Medial Geniculate Complex (MG); Medial Group of Nuclei (DTM); Posterior Group of Nuclei (DTP); Rostral Group of Intralaminar Nuclei (ILr). For WM: Cc: Corpus callosum; Gene@93659: Cingulum bundle", "type": "fig_caption"}, {"sent": "In agreement with previous GWAS in Disease@MESH:D000544 our meta-analysis detected strong genome-wide association signals in a 250 kb window of chromosome 19, centered in the coding/regulatory region of the Gene@10452 gene, in close proximity to the Gene@348 locus, and that also included significant signals in the Gene@5819, Gene@341, Gene@4059 and Gene@602 genes. While it has been suggested that the association of such extended region may reflect that other variants in LD with Gene@348 may be of pathogenic importance, particularly a poly-T track in the Gene@10452 gene, recent studies have shown that Gene@348 alleles account for essentially all the inherited risk of Disease@MESH:D000544 associated in this region. Besides the signal in chromosome 19, we detected marginal associations of 2 novel SNPs in the Gene@932 gene, located in a wide LD region containing a cluster of SNPs in the Gene@64231/Gene@643680 loci in the long arm of chromosome 11 (i.e. Mutation@rs610932, Mutation@rs670139, Mutation@rs1562990, Mutation@rs4938933 and Mutation@rs983392), which reached genome-wide significant levels by other recent studies", "type": "paragraph"}, {"sent": "Assuming that the Gene@348 locus is the major genetic hallmark associated with the disease and that it does not explain the entire susceptibility of Disease@MESH:D000544, we conducted a network-based pathway analysis with our meta-analysis results to explore the biology behind variants with minor effect size. Initially, to integrate the whole genetic contribution from the meta-analysis we used a gene-wise p-value (GW, single min p-value method) that has been widely applied in detecting novel associations using GWAS data. Although this approach has a certain bias for pathways enriched with larger genes and does not consider intergenic associations or LD structure, we note that the random permutation of p-values yielded a distribution of results expected by chance from where the actual data could be compared. Likewise, with the search for significant sub-networks with real and permuted data, and additionally with the WGW control, we believe that the actual contribution of the aforementioned problems to the final result is strongly surpassed by the combination of true minor effect size variants. Still, we considered appropriated the introduction of the GATES procedure that is specifically designed to directly address the gene size and LD structure issues and thus we ended up with a more stringent gene-oriented p-value. Notably, through this approach we replicated essentially the same Gene@10991 (i.e. GW and GATES Gene@10991), which was populated by genes related to glutamate signaling, differing only in the absence of Gene@2781 gene whose only association in the meta-analysis (Table S1; Mutation@rs4820537, p = 0.02096) was found not informative in the GATES procedure. Glutamate signaling was further replicated in the ADNI dataset and this time it reached significant association levels in three SNs (ADNI-GW SN3, SN4 and SN7)", "type": "paragraph"}, {"sent": "From a biological point of view, the relationship of these genetic observations with current knowledge about Disease@MESH:D000544 is straightforward. Glutamate signaling has been reported to regulate multiple biological processes, including fast excitatory synaptic transmission, neuronal growth and differentiation, synaptic plasticity, learning and memory. Degenerating neurons and synapses in Disease@MESH:D000544 brains are usually located within regions that project to or from areas displaying high densities of Abeta plaques and tangles and in this regard, glutamatergic neurons located in the hippocampus, as well as in other areas of the brain, are severely affected by these Disease@MESH:D020258. Likewise, it has been established that there is a relationship between glutamate receptor signaling and soluble Abeta oligomers in the hippocampus, affecting their expression and recycling, which leads to long term Disease@MESH:D000275, synaptic loss and ultimately to Disease@MESH:D003072. Moreover, sustained activation of glutamate receptors at the synapse rise Gene@760+ influxes and second messenger levels activating neuronal nitric oxide synthase (NO), increasing reactive nitrogen and oxygen species, thus contributing to Disease@MESH:D009410 independently of the presence of Abeta oligomers. Alternatively, and from a genomic perspective, here we provide strong evidence that common genetic variants within a complete set of genes acting as ionotropic/metabotropic glutamate receptors and its downstream effectors are associated in a network context with Disease@MESH:D000544. Accordingly, it has been recently reported that pathways related to neurotransmitter receptor-mediated calcium signaling and long-term potentiation are similarly associated with mild Disease@MESH:D003072 and Disease@MESH:D000544. In addition we have found that the expression pattern of these glutamate signaling genes cluster in specific brain regions, which are affected during the development of the disease, such as the hippocampal formation and the Disease@MESH:D007029. Therefore, it will be interesting to learn if the genes identified through our network-based pathway approach are spatially and coordinately modulated at the transcriptional or post-transcriptional level as a result of various trophic or toxic stimuli. Finally, our data extends the notion that the remaining genetic risk for complex traits, such as Disease@MESH:D000544, is likely explained by the accumulation of functional genetic variants inside an entire pathway, rather than by punctual independent mutations", "type": "paragraph"}]}