{"sentences": [{"sent": "Despite progress in identifying genes associated with Disease@MESH:D001943, many more risk loci exist. Genome-wide association analyses in genetically-homogeneous populations, such as that of Sardinia (Italy), could represent an additional approach to detect low penetrance alleles", "type": "abstract"}, {"sent": "We performed a genome-wide association study comparing 1431 Sardinian patients with non-familial, Gene@672/2-mutation-negative Disease@MESH:D001943 to 2171 healthy Sardinian blood donors. DNA was genotyped using GeneChip Human Mapping 500 K Arrays or Genome-Wide Human SNP Arrays 6.0. To increase genomic coverage, genotypes of additional SNPs were imputed using data from HapMap Phase II. After quality control filtering of genotype data, 1367 cases (9 men) and 1658 controls (1156 men) were analyzed on a total of 2,067,645 SNPs", "type": "abstract"}, {"sent": "Overall, 33 genomic regions (67 candidate SNPs) were associated with Disease@MESH:D001943 risk at the p < 10-6 level. Twenty of these regions contained defined genes, including one already associated with Disease@MESH:D001943 risk: Gene@27324. With a lower threshold for preliminary significance to Gene@4790, we identified 11 additional SNPs in Gene@2263, a well-established Disease@MESH:D001943-associated gene. Ten candidate SNPs were selected, excluding those already associated with Disease@MESH:D001943, for technical validation as well as replication in 1668 samples from the same population. Only SNP Mutation@rs345299, located in intron 1 of Gene@10451, remained suggestively associated (p-value, 1.16x10-5), but it did not associate with Disease@MESH:D001943 risk in pooled data from two large, mixed-population cohorts", "type": "abstract"}, {"sent": "This study indicated the role of Gene@27324 and Gene@2263 as Disease@MESH:D001943 susceptibility genes in Gene@672/2-wild-type Disease@MESH:D001943 patients from Sardinian population", "type": "abstract"}, {"sent": "The online version of this article (doi:10.1186/s12885-015-1392-9) contains supplementary material, which is available to authorized users", "type": "abstract"}, {"sent": "Disease@MESH:D001943 is the most common Disease@MESH:D009369 in women in western countries, currently accounting for one-third of all female Disease@MESH:D009369 cases. A family history of Disease@MESH:D001943 is the principal risk factor for developing the disease. Linkage studies in families have identified several high-penetrance mutations in Gene@672, Gene@675 and other genes as causative of disease in 5 %-10 % of cases. Additionally, a combined approach of family-based and case-control studies revealed that mutations in several genes encoding proteins involved in DNA repair and functionally interacting with the Gene@672/2 proteins are associated with a moderate risk of Disease@MESH:D001943, contributing to another 10 %-15 % of cases. Genome-wide association (GWA) studies have so far identified at least 72 common lower penetrance alleles associated with Disease@MESH:D001943. A large fraction of these susceptibility alleles are associated with increased risk in persons with a family history of Disease@MESH:D001943 despite the absence of mutations in Gene@672 or Gene@675, accounting for about 30 % of the familial risk of the disease. Other alleles, such as those that map to the Gene@2263 and Gene@27324 genes, act as risk modifiers in Gene@672/2-mutation carriers", "type": "paragraph"}, {"sent": "Results from a meta-analysis of GWA studies suggest that a substantial fraction of the residual familial aggregation cases can be explained by other common single nucleotide polymorphisms (SNPs) not yet identified. In particular, the authors hypothesized that more than 1000 additional loci may be involved in Disease@MESH:D001943 susceptibility. Because of their low penetrance and the small fraction of familial cases, it is unlikely that other susceptibility genes will be identified through additional family-based studies. A promising approach could be to conduct new studies in non-familial cases, such as case-control in populations with less genetic heterogeneity", "type": "paragraph"}, {"sent": "One population with notable genetic inter-relatedness is that of the Mediterranean island of Sardinia (Italy). In Sardinia, Disease@MESH:D001943 represents the principal death-causing Disease@MESH:D009369 among women, with an incidence similar to that observed in other western populations. The Sardinian population (1.67 million in 2010, according to the Italian National Institute of Statistics) is isolated, with considerable inter-relatedness and founder effects for several Disease@MESH:D030342 (e.g. Disease@MESH:D013789). The relatively homogeneous genetic make-up of the Sardinian population offered an opportunity to search for genetic determinants of Disease@MESH:D001943, requiring fewer cases to establish association with a susceptibility locus than do mixed populations. We have conducted such a case-control GWA study for Disease@MESH:D001943 risk in our collection of Sardinian Disease@MESH:D001943 patients who are negative for Gene@672 or Gene@675 mutations", "type": "paragraph"}, {"sent": "From January 1998 to December 2006, we recruited 1698 patients with Disease@MESH:D001943 from the four main oncology units in the Region of Sardinia (Azienda Ospedaliero Universitaria of Sassari, Azienda Sanitaria Locale of Sassari, Businco Oncologic Institute, and University of Cagliari). This cohort includes 1085 patients recruited in 1998-2003. Inclusion criteria were: (i) a histopathological diagnosis of any Disease@MESH:D001943, and (ii) self-reported Sardinian origin, defined as both biological parents and all four biological grandparents born on the island. No exclusion criteria were applied; in particular, patients were not selected for age, gender, grade or stage of Disease@MESH:D009369, or family history of any Disease@MESH:D009369", "type": "paragraph"}, {"sent": "Family history for Disease@MESH:D009369 was evaluated through specific questionnaires during the follow-up visits at the different departments of the participating institutions. Cases were classified as non-familial when less than three (0, 1, or 2) affected members with Disease@MESH:D010051 were present in first- and second-degree relatives. A sample of peripheral blood was obtained for DNA extraction. Pathological Gene@10178 (Disease@MESH:D009369, node, metastasis) classification and immuno-histochemistry profile for estrogen receptors (Gene@2099), progesterone receptors (Gene@5241) and Gene@2064 (Gene@2064) were also obtained, when available", "type": "paragraph"}, {"sent": "Flow chart of the selection of cases and controls throughout the stud", "type": "fig_caption"}, {"sent": "Controls consisted of 2171 healthy persons recruited at community blood donation centers across the island and at the transfusion center of Azienda Ospedaliera Brotzu in Cagliari. Controls were included if at least three out of four grandparents were born in Sardinia and if they reported no type of Disease@MESH:D009369 for their first-degree relatives. Overall, 1503 (69.2 %) were males, in line with the male preponderance among Italian blood donors [CENSIS at http://www.censis.it/] (Fig. 1). Since the present study was aimed at detecting low penetrance alleles at autosomic level, no significant differences were expected by the use of control males. In fact, allelic transmission is identical in males and females as the entire population should comply with the Hardy Weinberg law. As some Disease@MESH:C562757 is expected, we specifically assessed our best SNPs for the impact of males in the controls set, excluding bias. This was added to a genome-wide check of allele frequency distribution between genders. Of note, the same approach of including males among controls has also been adopted by previous studies, all of them reporting a genome-wide check of differences between males and females, with no significant diversity in alleles' distribution. In such latter studies, percentages of male controls were reported to up to 78 %, which is thus consistent with the frequency (69 %) reported in our series", "type": "paragraph"}, {"sent": "Both cases and controls gave written informed consent for their biological samples and clinical data to be used for research purposes. The study protocol was reviewed and approved by the Ethics Committee of the ASL8 Cagliari and the Bioethics Committee of the Sassari Healthcare District", "type": "paragraph"}, {"sent": "From our cohort of 1698 Disease@MESH:D001943 patients, we selected 1452 non-familial cases who were then tested for Gene@672 and Gene@675 germline mutations. The entire coding sequences and intron-exon boundaries of the Gene@672 and Gene@675 genes were screened by denaturing high-performance liquid chromatography (DHPLC) followed by direct sequencing on an automated DNA sequencer (ABI Prism 3100 Genetic Analyzer, Applied Biosystems, Foster City, USA). Protocols for PCR-based amplification and mutation analysis of exons and exon-intron boundaries were as previously reported. Familial cases (N = 246) were excluded on the basis of the presence of at least three family members (the proband and at least two other first- or second-degree relatives) having with either Disease@MESH:D010051. Overall, 21 cases (1.4 %) had a mutation in Gene@672 or Gene@675 and were excluded, leaving 1431 cases for the GWA study. The median age of the 1431 cases at diagnosis was 60 (range, 23-98); 11 cases (0.8 %) were male (Fig. 1)", "type": "paragraph"}, {"sent": "DNA was isolated from peripheral blood and stored at -80  C. Genotyping was performed at the Institute of Genetic and Biomedical Research using Affymetrix technology according to the manufacturer's protocols. At first, 740 cases and 412 controls were genotyped using the GeneChip Human Mapping 500 K Array Set (analyzed from 2005 to 2006). The rest, 691 cases and 1759 controls, were assayed in the same center with the newer Genome-Wide Human SNP Array 6.0 (analyzed from 2007 to 2009) (Fig. 1)", "type": "paragraph"}, {"sent": "Genotypes for individuals assessed with the 500 K Array and the 6.0 array set were called respectively with the BRLMM algorithm and with Birdseed v2. The latter algorithm was applied to a unique cluster containing all cases and controls, given its sensitivity to plate bias. A methodological limitation of the current study came from the use of two different microarray genotyping platforms. This choice was due to the adoption of the larger Array 6.0 (permitting the testing of 900 K SNPs) when it became available, but it was not feasible to retest the initial 740 cases and 412 controls with the larger panel. As a result, we analyzed directly only those SNPs that were represented on both platforms (240742 SNPs). Individuals with a SNP call rate <90 % were excluded from the analysis, as were individuals whose recorded gender was different from that predicted by the genetic data", "type": "paragraph"}, {"sent": "SNPs showing significant (p < 1x10-6) deviation from Hardy-Weinberg equilibrium in controls, minor allele frequency (MAF) <5 % or sample call rate <95 %, were filtered out. Moreover, for SNPs tested on both platforms, those with allele frequencies differing by >10 % in controls were excluded. We then left out all SNPs that were not represented on both platforms. Finally, to ensure that the dataset contained only unrelated persons, we used RELPAIR software to estimate genotype sharing between all possible pairs of individuals based on a subset of 10000 quality-checked SNPs. When two persons were found to be first-degree relatives, we excluded the one with lower call rate, except when the pair consisted of one case and one control, in which we excluded the control", "type": "paragraph"}, {"sent": "To avoid bias introduced by population stratification, we performed principal component analysis (PCA) using Eigensoft 3.0 software. Individuals flagged as outliers in the PCA analyses (>6 standard deviations from the mean) were excluded. The principal component eigenvectors for the remaining individuals were recalculated and the axes were then used as covariates to calculate adjusted p values for association with Disease@MESH:D001943; the genomic control parameter was 1.149 (Additional file 1: Figure S1). For all SNPs with adjusted p < 10-6, we visually inspected the discrimination plots and kept only those with good plots (three distinct data clusters). A PCA supporting the overall homogeneity of our Sardinian sample in respect to general Europeans is showed in Additional file 2: Figure S2", "type": "paragraph"}, {"sent": "To improve coverage of the genome, we increased the set of SNPs tested for association through imputation. MACH software (version 1.0) was used to impute non-genotyped markers based on the phased haplotypes from HapMap Phase II (CEU, release 22) and the set of 270742 quality-controlled markers represented on both platforms. Imputation increased the SNP coverage to a total of 2067645 markers (Additional file 3: Table S1), though without direct scoring of SNPs that might have had higher p-values", "type": "paragraph"}, {"sent": "After imputation, we considered only markers with MAF > 1 % and imputation quality (RSQR) >0.3 (RSQR infers r2 between true and estimated allele counts). These markers were assessed with a likelihood ratio test to identify those with additive effects on modifying the risk of Disease@MESH:D001943; this test was implemented in mach2dat, in the MACH package, using allele dosages and the estimated eigenvectors as covariates in the model. We selected SNPs with p < 1x10-6 and examined the discrimination plots of all the other genotyped SNPs in the surrounding 200 kb genomic region. SNPs residing in genomic regions where all other genotyped SNPs had good discrimination plots were considered candidate markers", "type": "paragraph"}, {"sent": "Validation of the SNPs classified as candidate markers, was done by regenotyping them with custom TaqMan SNP genotyping assays (Life Technologies). This validation step was done using DNA from a subset of the Sardinian cases (1362) and controls (1514) in this study who passed quality control filtering at the sample level in microarray genotyping (SNP call rate >90 % and no error in gender determination)", "type": "paragraph"}, {"sent": "We attempted to replicate promising signals in a wider set of DNAs consisting in additional 201 Sardinian cases and 1467 controls (630 females and 1038 males) collected after December 2006 within the same study protocol and with the same features as the original set", "type": "paragraph"}, {"sent": "Replication analyses were performed using data from a combined analyses of eleven GWAS in other populations of European ancestry, comprising 16,195 cases and 18,980 controls, and data from 45,290 cases and 41,880 controls of European ancestry from 41 studies collaborating in the Disease@MESH:D001943 Association Consortium (BCAC), which were genotyped with a custom array (iCOGS) (; http://gameon.dfci.harvard.edu/gameon)", "type": "paragraph"}, {"sent": "For all studies except BCFR, BPC3 and TNBCC, genotypes were estimated by imputation, using IMPUTE2 and the 1000 genomes March 2012 release as a reference panel, after prephasing with SHAPEIT. Per-allele odds ratios (ORs) and standard errors for individual studies were generated using SNPTEST. BCFR, BPC3 and TNBCC performed imputation using MACH and Minimac. Estimated ORs for the combined analysis were generated using a fixed-effect meta-analysis, using METAL. For the combined analysis of the GWAS and iCOGS, we reanalyzed the iCOGS data to remove samples also included in a GWAS, to generate independent datasets", "type": "paragraph"}, {"sent": "Chi-square and Fisher's exact tests were used to evaluate possible associations between Disease@MESH:D009369 phenotype (Gene@2099, Gene@5241, Gene@2064, pT, pN, M) and the genotypes of candidate SNPs. Statistical tests were performed using SPSS statistical software, version 15.0. All tests were two-tailed and a p < 0.05 indicated significance", "type": "paragraph"}, {"sent": "GWA studies have so far identified at least 72 common lower penetrance alleles associated with a mild increase in the risk of Disease@MESH:D001943. We evaluated index SNPs (when not available, proxies) in all 72 Disease@MESH:D001943 susceptibility loci identified to date in our subset cohort (1367 cases and 1658 controls)", "type": "paragraph"}, {"sent": "Tumor characteristics at the time of diagnosis, for 921 patients (all women) with sporadic, Gene@672-mutation-negative Disease@MESH:D001943", "type": "table_caption"}, {"sent": "To search for new loci associated with Disease@MESH:D001943 risk, we genotyped germline DNA of 1431 Sardinian patients with Disease@MESH:D001943 (Gene@672-mutation-negative) and a set of 2171 healthy blood donor controls. After quality control filtering of genotype data at the sample level, 1367 cases and 1658 controls were analyzed. For 921 cases (67 %), we had data regarding Gene@10178 classification and receptor status (Table 1). Among the 775 patients tested for all three receptors, the predominant molecular subtype was Gene@2099+/Gene@5241+/Gene@2064-, found in 70.3 % of cases. Moreover, the percentage of triple-negative (Gene@2099-/Gene@5241-/Gene@2064-) cases was low, 7.2 %", "type": "paragraph"}, {"sent": "Manhattan plot for this genome-wide association study of Disease@MESH:D001943 in Sardinian population. Data shown are the negative logarithm of the association p-value for each single nucleotide polymorphism. The horizontal line indicates the significance cut-off at p < 10-", "type": "fig_caption"}, {"sent": "Most significant SNPs in 33 genomic regions associating at the p < 10-6 level with sporadic, Gene@672-mutation-negative Disease@MESH:D001943 cases in the Sardinian populatio", "type": "table_caption"}, {"sent": "The genome wide analysis conducted on a set of 2067645 markers (Methods and Additional file 4: Table S6), revealed 33 genomic regions on 20 chromosomes that were suggestively associated with Disease@MESH:D001943 risk at p < 1x10-6 (Fig. 2). In particular, 7 regions reached the genome wide significance threshold (p = 5x10-8; Table 2). The 33 suggestive genomic regions contained a total of 67 SNPs with p < 10-6 (Table 2, Additional file 3: Table S2)", "type": "paragraph"}, {"sent": "One of the identified regions, on chromosome 16q12.1, includes Gene@27324, a gene already associated with Disease@MESH:D001943 risk. For this gene, 19 SNPs had p < 10-6 (Additional file 3: Table S2), supporting a significant susceptibility role for Gene@27324 in the Sardinian as well as other populations", "type": "paragraph"}, {"sent": "For a second gene already associated with Disease@MESH:D001943, Gene@2263 on chromosome 10q26.13, no SNP had p < 10-6 but 11 were associated at a less restrictive Gene@4790 (Additional file 3: Table S2)", "type": "paragraph"}, {"sent": "No additional SNP with p < 1x10-5 lay near a gene already associated with Disease@MESH:D001943. Finally, the four SNPs tested in Gene@672 and those in Gene@675 all had p > 0.05, implying no association with Disease@MESH:D001943 in this series. This negative result is consistent with our study's explicit exclusion of patients with Gene@672 mutations in order to focus on other, low-penetrance loci", "type": "paragraph"}, {"sent": "We then attempted to validate the results for ten candidate SNPs, selected among those in genes not already associated with Disease@MESH:D001943, by regenotyping them by TaqMan Assays in a subset of the Sardinian cases and controls (1362 cases and 1514 controls) (Table 3). These markers included nine SNPs in a known gene in the surrounding 200 kb (Mutation@rs345299, Mutation@rs6661074, Mutation@rs13393791, Mutation@rs17032957, Mutation@rs1928482, Mutation@rs1903974, Mutation@rs11178748, Mutation@rs963950, Mutation@rs857989) and one additional SNP (Mutation@rs10979327) in a desert region but with p = 2.92x10-25. Of these SNPs, only one, Mutation@rs345299 reached an association of p = 5.38x10-5, while it reached p = 9.40x10-7 in the original analysis (Tables 2 and 3). The difference between the two p-values could be partially explained by the call rate, equal to 97 % when using TaqMan. The concordance between genotypes and dosages is consistent with the potential of the signal as a candidate (Table 3). Furthermore, extending the validation to an additional 201 cases and 1467 controls (leading to a total set of 1563 BC cases/2981controls for analyses) the p-value reached p = 1.16x10-5, increasing the robustness of the signal. SNP Mutation@rs345299 resides in intron 1 of Gene@10451, an oncogene that encodes a guanine nucleotide exchange factor. Both microarray and TaqMan assays suggested that the C allele at this position is associated with disease risk", "type": "paragraph"}, {"sent": "To assess further the significance of this result, we tried to replicate the association of Mutation@rs345299 with Disease@MESH:D001943 risk in a combined analysis of eleven GWAS, comprising 16,195 cases and 18,980 controls, together with data from a custom array (iCOGS) genotyped on 45,290 cases and 41,880 controls of European origin. Mutation@rs345299 was present on only one of the GWAS arrays but was well imputed in the other GWAS (r2 = 0.94 to 0.99) and on the iCOGS array with r2 = 0.63. No evidence of association was found in either analyses, nor was there any evidence of association in the iCOGS when analyses were restricted to Gene@2099-positive or Gene@2099-negative disease (Additional file 3: Table S3). Unfortunately, replication failed suggesting that further analyses are necessary to distinguish whether it is a false positive or an effect specific for the Sardinian population. Testing this hypothesis requires a larger set of patients", "type": "paragraph"}, {"sent": "Finally, in a post-hoc analysis, we took advantage of the availability of Gene@10178 classification and receptor status data for 921 cases (Table 1) to look for associations between six Disease@MESH:D009369 phenotypes and the cases' genotypes at 34 candidate SNPs (those in Table 2 plus Mutation@rs11200014 for Gene@2263). In all cases, the statistical tests of association gave p > 0.05, suggesting that the candidate markers for Disease@MESH:D001943 risk are not associated with clinical or molecular subtypes. We also evaluated the association of the 72 Disease@MESH:D001943 susceptibility variants identified so far in population meta-analysis in our Sardinian cohort. We were able to detect only Mutation@rs2981579 (Gene@2263) and Mutation@rs3803662 (Gene@27324) with p-values of 3.5x10-6 and 5.18x10-6, respectively (Additional file 3: Table S4). However, if the effect sizes in Sardinian are similar to those reported in other Europeans our sample size is likely underpowered to find associations in the other known genes", "type": "paragraph"}, {"sent": "In our Sardinian cohort of Disease@MESH:D001943 patients, the predominant molecular subtype was Gene@2099+/Gene@5241+/Gene@2064- and the percentage of triple-negative cases (7.2 % among those tested) was low. Rates of triple-negative Disease@MESH:D001943 have been variably reported in the range of 10 %-20 % in different studies. The somewhat lower rate reported here is in line with findings from two other recent Italian studies: 8.7 % among 2347 patients in Modena and 4.8 % among 2112 patients in Trentino", "type": "paragraph"}, {"sent": "Our study includes males in the control population, who were recruited for parallel projects. While we have demonstrated that their inclusion in the GWAS does not introduce a bias, we acknowledge this as one of the limitations of the study, along with the low number of cases and controls compared to other reported GWAS in Europeans. Nevertheless, we proceeded with GWAS considering that, in addition to its inter-relatedness, the Sardinian population is relatively stable in towns, with a largely shared lifestyle and diet across the island; thus, both epidemiological and genetic factors are less heterogeneous than in cosmopolitan European populations, with an expected increase in the power to detect associations. Furthermore, GWAS has been successfully done in this population to identify disease-associated alleles in another instance with a limited number of cases/controls. Finally, with our sample size we are completely underpowered to detect low penetrance alleles (OR ~1.05) as those recently described by others. We are instead powered to find alleles with moderate effect size (>1.3) that are poorly tagged in other populations by HapMap SNPs but well captured in Sardinians", "type": "paragraph"}, {"sent": "We used SNP genotyping microarrays and identified 33 genomic regions (67 SNPs) associated (at the p < 10-6 level) with the risk of sporadic, Gene@672-mutation-negative Disease@MESH:D001943. Of these genomic regions, 20 contained known genes. However, only one of these genes, Gene@27324, has already been associated with Disease@MESH:D001943 in other population-based studies. When we lowered the criterion for significance to Gene@4790, we also identified 11 SNPs in Gene@2263, another known Disease@MESH:D001943-associated gene", "type": "paragraph"}, {"sent": "The attempt to validate 10 of the 67 SNPs selected as candidate markers by singleplex genotyping for technical validation in the original GWA and then in additional samples one, Mutation@rs345299, that reached a p-value of 10-5 (p = 1.16x10-5). The robustness of the signal is supported by the high concordance and by the increase in significance when additional samples are included. This marker, in intron 1 of Gene@10451, was not confirmed to be associated with Disease@MESH:D001943 in two other mixed-population cohorts, so that further studies are necessary to clarify whether this marker nevertheless represents a susceptibility locus specific to Sardinians. However, involvement of Gene@10451 in Disease@MESH:D063646 is further supported by other recent studies", "type": "paragraph"}, {"sent": "Gene@10451 is a well-characterized guanine nucleotide exchange factor that, upon phosphorylation by receptor tyrosine kinases, participates in signal transduction pathways, resulting in changes in gene expression, cell cycle and cytoskeleton rearrangement. Its activation is thought to be involved in both prostate and Disease@MESH:D001943 development and progression, in some cases through stimulation of androgen and Gene@2099 receptors, respectively. Interestingly, the vast majority (about 75%) of Disease@MESH:D001943 patients in our series was positive for Gene@2099 expression (see Table 1). On the basis of such findings, further studies, such as Gene@10451 gene and protein expression in Disease@MESH:D001943 samples from Sardinian cases in relation to the genotype, will help in better understanding the association of the SNP with the disease", "type": "paragraph"}, {"sent": "Overall, even when the results of analyses in different populations are not mutually confirmatory, they can provide valuable information of wider importance. As an example, Gene@2263 and Gene@27324, which were previously demonstrated to act as risk modifiers in Gene@672/2 mutation carriers, were shown to be associated here in patients without germline mutations in Gene@672;675. In this context, Gene@10451 may possibly lack a range of gene variations significant for Disease@MESH:D009369 risk in other populations. This would be consistent with the common view that Disease@MESH:D001943 patients from different areas may have different genetic backgrounds that influence the impact of low-penetrance susceptibility genes on disease risk", "type": "paragraph"}, {"sent": "In the present study, a case-control GWA study for Disease@MESH:D001943 risk was carried out in a large collection of Sardinian Disease@MESH:D001943 patients negative for Gene@672 or Gene@675 mutations. Among the disease-associated genomic regions, Gene@27324 and Gene@2263 genes have been identified as Disease@MESH:D001943 susceptibility genes in Gene@672/2-wild-type Disease@MESH:D001943 patients from Sardinia. Future functional studies on such candidate genes will provide further details about their role in pathogenesis of Disease@MESH:D001943 in Sardinian population", "type": "paragraph"}, {"sent": "Genetic results can be downloaded in bulk or searched for SNPs or genes at the web site of the Istituto di Ricerca Genetica e Biomedica (IRGB), National Research Council (CNR), Cagliari, Italy (http://www.irgb.cnr.it/facs/facs.php)", "type": "paragraph"}]}