{"sentences": [{"sent": "Genome wide association studies (GWAs) of Disease@MESH:D001943 mortality have identified few potential associations. The concordance between these studies is unclear. In this study, we used a meta-analysis of two prognostic GWAs and a replication cohort to identify the strongest associations and to evaluate the loci suggested in previous studies. We attempt to identify those SNPs which could impact overall survival irrespective of the age of onset", "type": "abstract"}, {"sent": "To facilitate the meta-analysis and to refine the association signals, SNPs were imputed using data from the 1000 genomes project. Gene@1351-proportional hazard models were used to estimate hazard ratios (HR) in 536 patients from the Gene@57630 cohort (Prospective study of Outcomes in Disease@MESH:D001943) and 805 patients from the HEBCS cohort (Disease@MESH:D001943 Study). These hazard ratios were combined using a Mantel-Haenszel fixed effects meta-analysis and a p-value threshold of 5x10-8 was used to determine significance. Replication was performed in 1523 additional patients from the Gene@57630 study", "type": "abstract"}, {"sent": "Although no SNPs achieved genome wide significance, three SNPs have significant association in the replication cohort and combined p-values less than 5.6x10-6. These SNPs are; Mutation@rs421379 which is 556 kb upstream of Gene@57561 (HR = 1.49, 95% confidence interval (CI) = 1.27-1.75, P = 1.1x10-6), Mutation@rs12358475 which is between Gene@79746 and Gene@254427 (HR = 0.75, CI = 0.67-0.85, P = 1.8x10-6), and Mutation@rs1728400 which is between Gene@732275 and Gene@2294", "type": "abstract"}, {"sent": "In a genome wide meta-analysis of two independent cohorts from UK and Finland, we identified potential associations at three distinct loci. Phenotypic heterogeneity and relatively small sample sizes may explain the lack of genome wide significant findings. However, the replication at three SNPs in the validation cohort shows promise for future studies in larger cohorts. We did not find strong evidence for concordance between the few associations highlighted by previous GWAs of Disease@MESH:D001943 survival and this study", "type": "abstract"}, {"sent": "Although the incidence of Disease@MESH:D001943 has been relatively stable since 2003, at 157 new cases per 100,000, it remains the most common Disease@MESH:D009369 in the UK and accounts for 31% of new Disease@MESH:D009369 cases in women. The latest age-standardised survival rate for Disease@MESH:D001943 in England is predicted to be 85% at 5 years, falling to 65% at 20 years. Traditionally prognostic information is derived from Disease@MESH:D009369 phenotypic characteristics including Disease@MESH:D009369 size, stage, and grade. These Disease@MESH:D009369 phenotypes and Disease@MESH:D009369 cell surface receptors such as oestrogen receptor (Gene@2099) and human Gene@2064 (Gene@2064) are also used to guide treatment. Although the Disease@MESH:D001943 survival rate has improved, the response to treatment and longevity of patients is often unpredictable even between those with similar Disease@MESH:D009369 and general health. More recently Disease@MESH:D009369 genomic profiling experiments have suggested Disease@MESH:D009369 molecular signatures may give more accurate prognostic information. These signatures may predict outcome better than conventional histopathology based risk algorithms but are not in routine clinical use", "type": "paragraph"}, {"sent": "Familial studies suggest a genetic component for Disease@MESH:D001943 prognosis. The familial contribution to prognosis may arise as a result of the background genotype affecting acquired Disease@MESH:D009369 characteristics which influence prognosis. Indeed high penetrance predisposition genes which lead to the consistent development of specific Disease@MESH:D001943 sub-types have been identified. Low penetrance risk SNPs tend to be associated with either Gene@2099 positive or Gene@2099 negative Disease@MESH:D001943 but often not both. In addition there may be pharmacogenomic effects of background genotype on response to Disease@MESH:D009369 treatment. It is anticipated that genome wide association studies (GWAs) with sufficient sample size and genetic coverage may lead to novel insights into common inherited genetic variants which influence prognosis", "type": "paragraph"}, {"sent": "In the past few years several GWAs of Disease@MESH:D001943 survival have been reported. These studies have had limited success and none of them have identified variants that are associated at genome wide levels of significance. While small sample sizes are likely to be of one of the main factors responsible for the modest levels of significance and lack of concordance between the GWAs; small effect sizes, incomplete genetic coverage, and phenotypic heterogeneity could also contribute and need to be addressed", "type": "paragraph"}, {"sent": "In this study, we used a meta-analysis to combine evidence from two GWAs consisting of 536 patients from the Gene@57630 cohort (Prospective study of Outcomes in Disease@MESH:D001943) and 805 patients from the HEBCS cohort (Disease@MESH:D001943 Study). A further 1523 patients from the Gene@57630 cohort were used to validate the most significant SNPs. With a combined sample size of 2864 participants, this analysis has 81% power to detect effects of modest sizes (HR>=1.25, p = 0.05) and with relatively rare SNPs (Gene@4094 = 10%). The cohorts used in this analysis have a high incidence of Disease@MESH:D001943 related mortality and well documented Disease@MESH:D009369 and treatment data which make them ideal for the purpose of exploring genetic factors influencing prognosis. In addition, these cohorts are similar in terms of their patient recruitment from regional medical centres, duration of prospective follow-up, and documentation of Disease@MESH:D001943 related mortality", "type": "paragraph"}, {"sent": "All participants from Gene@57630 and Helsinki gave written informed consent, all were female. The Gene@57630 study received approval from the South and West Multi-centre Research Ethics Committee (MREC 00/6/69). The Disease@MESH:D001943 study received approval from the Ethical Committee of the Departments of Oncology and Obstetrics and Gynaecology, Helsinki University Central Hospital", "type": "paragraph"}, {"sent": "Disease@MESH:D001943 cases were selected from the Gene@57630 study and the Disease@MESH:D001943 family Study (HEBCS). Gene@57630 study participants were diagnosed with Disease@MESH:D001943 and were aged forty or younger at diagnosis, the mean age at diagnosis in this cohort is 36 years. Recruitments to the Gene@57630 cohort were made between January 2000 and January 2008 from oncology clinics across the UK and the majority (98%) of patients presented symptomatically. The recruitment, data collection and follow up procedures for the Gene@57630 study participants are described in detail elsewhere", "type": "paragraph"}, {"sent": "The HEBCS samples were collected in Helsinki, Finland and are representative of Disease@MESH:D001943 case series at the recruitment centre during the collection periods (unselected sporadic and familial cases collected between 1997 and 2004). All of the cases used in the meta-analysis had histopathological and survival data. Detailed information on the patient series and data collection has previously been published. The mean age at diagnosis was 56.8 years", "type": "paragraph"}, {"sent": "In stage-1, 574 participants from the Gene@57630 study were selected for the discovery phase of the analysis aimed at hypothesis generation. In keeping with a recent GWAS which identified five new Disease@MESH:D001943 susceptibility loci by enriching cases by recruiting individuals with family history of Disease@MESH:D001943, sample selection for stage-1 utilised an \"extreme phenotype\" approach, this included selection of triple negative cases genotyped in a collaboration aimed at risk associated SNPs in triple negative Disease@MESH:D001943 and a second group enriched for exceptionally short survival genotyped as described previously. We observed 236 Disease@MESH:D001943 specific Disease@MESH:D003643 in the Gene@57630 discovery set patients", "type": "paragraph"}, {"sent": "In HEBCS, 805 cases were selected from the patient series described earlier, including 423 unselected cases collected between years 1997 and 2000 as well as 140 cases collected between years 2001 and 2004, with 242 additional familial cases. The GWAS series was specifically enriched for cases with reduced survival, in the form of distant metastasis or Disease@MESH:D003643 at the time of the initiation of the study in 2008, resulting in 301 Disease@MESH:D001943 specific Disease@MESH:D003643 at the time of analysis", "type": "paragraph"}, {"sent": "A further 1523 Disease@MESH:D001943 patients from the Gene@57630 study unselected for any survival differential were used for replication in stage-2. At stage 2, there were 293 Disease@MESH:D001943 specific Disease@MESH:D003643", "type": "paragraph"}, {"sent": "Genotyping of 574 Gene@57630 phase-1 Disease@MESH:D001943 cases was conducted using the Illumina 660-Quad SNP array. Genotyping was conducted in two separate batches at two locations. The Mayo Clinic (Rochester, Minnesota, USA) genotyped 274 triple negative Disease@MESH:D001943 (negative for ER, PR and Gene@2064). The remaining 300 Gene@57630 patients were genotyped at the Genome Institute of Singapore (GIS), National University of Singapore; these were selected based on either short duration of Disease@MESH:D001943 specific survival (<2 years) or long duration of Disease@MESH:D001943 specific survival (>4 years). In order to ensure complete harmonisation of genotype calling, the intensity data from GIS and MAYO were combined and the genotyping module of Illumina's Genome Studio software was used to generate genotypes. A GenCall threshold of 0.15 was selected and the HumanHap660 annotation file was used. Of the 300 samples genotyped in Singapore, 3 were excluded from analysis because they had sample call rates lower than 95%. No individuals among the two hundred and seventy four triple negative cohort genotyped at the Mayo clinic were excluded from analysis based on poor call rate. The genotyping accuracy for SNPs genotyped by GIS and Mayo were over 99%", "type": "paragraph"}, {"sent": "Genotyping of the HEBCS samples was conducted using the Illumina 550 platform as previously described. SNP quality control (QC) measures were implemented using Plink. The initial sample size of 832 was reduced to 805, following quality control measures to remove patients with; unidentified affectation status and gender discordance (n = 6), familial relationships and poor SNP call rate (<95% n = 18), and missing phenotype information (n = 1). Genotypes were determined using the Genome Studio, a GenCall threshold of 0.15, and the HumanHap550-duo v3 annotation file", "type": "paragraph"}, {"sent": "Further quality control of the genotypic data from Gene@57630 and HEBCS was used to exclude rare SNPs with a Gene@4094 <=0.01, and SNPs with significant deviation from Hardy-Weinberg equilibrium (HWE) p-value<=0.0001. To select SNPs for generation of pairwise identity by state (Disease@MESH:D043183) estimates, we used plink to perform genome wide linkage disequilibrium (LD)-based pruning with an r2 cut-off of 0.5 and a window of 50 SNPs. Multi-dimensional scaling (Disease@MESH:D009190) plots were generated on the basis of a square matrix of Disease@MESH:D043183 values between all pairs of individuals. To act as a reference, individuals with known African, Asian, and Caucasian ancestry from HapMap were also used for the Disease@MESH:D009190 analysis. The Disease@MESH:D009190 analysis excluded 35 cases from Gene@57630 and no cases from Helsinki whose genotypes did not concur with a European ancestry", "type": "paragraph"}, {"sent": "We used GenABEL in R.2.14.0 environment to perform survival analysis using post-QC genome wide SNP data. Follow-up time was calculated as the difference between the date of diagnosis of Disease@MESH:D001943 and the date of Disease@MESH:D003643 due to Disease@MESH:D001943 or the date of last follow-up if still alive and right-censored at 10 years. Distant disease free interval was calculated as the time from diagnosis to occurrence of metastasis. We excluded patients with contralateral or Disease@MESH:D009369 for testing association with distant disease free interval. All the Gene@1351-proportional hazard models were adjusted for Gene@2099-status. Kaplan-Meier plots were generated using STATA v11.0 and IBM SPSS statistics 19. Mantel-Haenszel Fixed effects meta-analysis was performed using the metan module in STATA v11.0. For multivariate models we used Gene@2099-status, metastasis stage (0 or 1), nodal stage (1 = no nodes positive, 2 = 1-3 nodes positive, 3 = more than 3 nodes positive) and Disease@MESH:D009369 size (centimetres) as covariates", "type": "paragraph"}, {"sent": "Cochran's Q-statistic and the resultant p-value was used to detect heterogeneity in association estimates between Gene@57630 and HEBCS. Genome wide meta-analysis was performed using MetABEL", "type": "paragraph"}, {"sent": "We imputed genome wide SNP information in Gene@57630 and HEBCS based on European phase 1 and release version 3 haplotypes. The reference haplotypes are derived from the 1000 genomes project which is the most comprehensive catalogue of human genetic variation including SNP, Indels and CNVs. Quality control measures applied to imputed data included excluding SNPs with HWE p-value<1x10-6, Gene@4094 <5%; and genotyping call rate <90% and individuals call rate <90%. Genome wide survival analysis of imputed information was performed in R-2.14.0 using GenABEL. Meta-analysis of results from GenABEL was performed using MetABEL. For imputing data we used MACH (http://www.sph.umich.edu/csg/abecasis/MACH/index.html). We used VCFtools - v0.1.9.0 to generate plink format files from output files generated by MACH. The reference haplotypes for 1000 genomes project were downloaded from MACH software's download page. We used Phase I version 3 European reference haplotypes for imputation analysis", "type": "paragraph"}, {"sent": "Manhattan and QQ-plots were generated in R using the plot command. Regional plots were generated using LocusZoom", "type": "paragraph"}, {"sent": "Sample size calculations were performed in R.2.14.2 using survSNP package. The event rate used for power calculations was 0.29 and a two-sided alpha of 0.05 was applied", "type": "paragraph"}, {"sent": "We used Genevar 3.2.0 to study variation in expression levels by SNP genotypes available from the MuTHER pilot project while using NCBI Build 36 Ensembl 54 as reference. Twin pairs were divided into two groups of unrelated individuals. Expression data from Lymphoblastoid cell lines are reported here. In addition we used SNP and CNV annotation database (scandb) that uses the lymphoblastoid cell line expression data derived from 90 HapMap CEU samples in trios", "type": "paragraph"}, {"sent": "The putative changes on transcription factor binding sites caused by the variants were predicted in silico with MatInspector within Genomatix software suite v2.5 (Genomatix Software GmbH)", "type": "paragraph"}, {"sent": "Genome wide genotype data were available from 536Caucasian participants of the Gene@57630 study and 805 Caucasian participants of the HEBCS study. A total of 475,141 SNPs with observed genotypes were available for meta-analysis in both the studies after excluding SNPs based on QC criteria. In stage-1 we used fixed-effects meta-analysis to pool hazard ratio estimates from the 536 Gene@57630 and 805 Disease@MESH:D001943 patients (Table 1). In the two study meta-analysis we found five SNPs which were associated at p-values lower than 9.9x10-6 (Table 2, Figure 1). The 25 most associated loci were selected for replication in Gene@57630 stage-2 patients. For loci with more than one SNP associated with survival, the most significant SNP and any other SNP(s) from the same locus which were not in high LD with the lead SNP (r2<0.6) were selected for follow up in stage-2 (Table 3)", "type": "paragraph"}, {"sent": "A total of 18 SNPs with independent association signals were tested for replication in Gene@57630 stage-2 validation samples (n = 1523). One SNP demonstrated high duplicate error rate (>8%) and was excluded from analysis. Of the 18 SNPs which were formally tested for replication, two demonstrated replication signals in the validation cohort. Nine of the eighteen SNPs which were tested for replication were observed to be associated in the same direction as in the Gene@57630 and HEBCS meta-analysis. In the stage-1 and stage-2 meta-analysis the strongest association signal was observed at Mutation@rs421379. The minor allele of Mutation@rs421379 is found to be associated with a higher risk of Disease@MESH:D001943 related Disease@MESH:D003643 (HR (95% CI) = 1.49 (1.27-1.75), p = 1.1x10-6) (Figure 2). The p-value for Cochran's heterogeneity test Q-statistic was not indicative of heterogeneity in meta-analysis estimate (p = 0.09). This variant was previously identified as the most significantly associated variant in a two stage GWAs for Disease@MESH:D001943 survival in early onset cases from Gene@57630. A weak replication signal in HEBCS allowed this SNP to be identified as the most strongly associated variant in this study too (Figure 2). The second most significant variant was located at 10p14, where the minor allele of Mutation@rs12358475 was associated with protective effect on Disease@MESH:D001943 mortality (HR (95% CI) = 0.75 (0.67-0.75), p = 1.8x10-6) (Figure 3). We observed another strong association with Mutation@rs1728400 which is 113.6 kb upstream of the Gene@2294 locus (Table 3). In addition, the three SNPs (Mutation@rs421379, Mutation@rs12358475 and Mutation@rs1728400) were also associated with distant disease free survival in the same direction as those observed for overall survival times, although none of these reached a genome wide level of significance (Table 4)", "type": "paragraph"}, {"sent": "Following quality control of imputed data we had 7105428 SNPs available (Gene@4094 >=5%) in Gene@57630 stage-1 patients and 7353135 SNPs available (Gene@4094 >=5%) in the HEBCS study. In the two study meta-analysis we had close to 6.5 million SNPs available for meta-analysis. We did not identify any novel SNPs as associated with survival at p-values smaller than those observed using genotyped SNPs", "type": "paragraph"}, {"sent": "We queried the Genevar 3.2.0 and SNP and CNV annotation database (scandb) to identify Cis or Gene@7154's eQTL effects resulting from Mutation@rs12358475, Mutation@rs421379 and Mutation@rs1728400. No associations of Mutation@rs12358475 and Mutation@rs1728400 with expression of any nearby genes were noticed in Genevar. In scandb too there were no strong trans-effect associations observed with Mutation@rs12358475 and Mutation@rs1728400. In Scandb we observed that Mutation@rs421379 had impact on expression of Gene@215 (p = 1x10-5) and Gene@83871 (p = 9x10-5)", "type": "paragraph"}, {"sent": "In univariate analysis we did not observe any strong associations of Mutation@rs12358475 with Gene@2099-status, N-stage, M-stage and T-stage. A nominally significant association with N-stage did not survive correction for multiple testing (Table 5). The SNP Mutation@rs1728400 demonstrated weak associations with M-stage and T-stage (Table 5). No significant association of Mutation@rs421379 with any of the clinical variables were observed", "type": "paragraph"}, {"sent": "In pooled analysis involving the discovery and replication samples we observed a slight decrease in the strength of association at the Mutation@rs421379 and Mutation@rs12358475 variants. A prominent decline in association statistics at the Mutation@rs1728400 variant was observed. The HR's for Mutation@rs421379 and Mutation@rs12358475 after adjusting for N-stage, M-stage, Gene@2099-status, and Disease@MESH:D009369 size were 1.41 (1.15-1.72), p = 0.001 and 0.85 (0.75-0.97), p = 0.01. The observed HR for Mutation@rs1728400 was 1.04 (0.94-1.15) p = 0.46", "type": "paragraph"}, {"sent": "In this study we report a genome wide meta-analysis for identifying genetic variants associated with Disease@MESH:D001943 related mortality. In combined meta-analysis involving 2864 individuals the strongest associations that we have identified locate to three SNPs at chromosomes 5, 10 and 16. We have previously discussed the potential biochemical pathways by which Mutation@rs421379 could impact survival times. It is important to note that the previous GWAs study that we had undertaken was performed exclusively in early onset cases alone. As such the findings from the current study are potentially important as these suggest a wider role for this variant in altering survival times in older Disease@MESH:D001943 patients. We did not observe any significant effect of Mutation@rs12358475 and Mutation@rs421379 on clinical factors associated with Disease@MESH:D001943 mortality suggesting that fluctuations in levels of clinical variables could be a by-product of disease rather than being driving factors", "type": "paragraph"}, {"sent": "Mutation@rs12358475 is intergenic between Gene@79746 (64 kb downstream) and Gene@254427 (16 kb upstream), and 113 kb upstream of Gene@26019. Gene@79746 encodes enoyl CoA hydratase domain containing 3 which has been described as a new inhibitor of mitochondrial fatty acid oxidation. Although the clinical significance of this protein is not clear, it has been found to be differentially expressed in different Disease@MESH:D001943 subtypes in mouse models. ECDHC3 has also been shown to be differentially expressed in acute Disease@MESH:D003324. UPG2 is involved in both mRNA nuclear export and mRNA surveillance and initiates nonsense-mediated mRNA decay (NMD). Mutation@rs12358475 is predicted to disrupt a binding site for transcription factors Gene@2113 and NFAT. Gene@2113 is overexpressed in human Disease@MESH:D001943 and this is indicative of poorer prognosis", "type": "paragraph"}, {"sent": "rs1728400 lies close to the Gene@2294 locus which is a putative Disease@MESH:D009369 suppressor gene. This variant has previously been associated with Disease@MESH:D005764 along with other SNPs close to Mutation@rs1728400 which demonstrated even stronger associations. As such if Mutation@rs1728400t has a replicable impact on Disease@MESH:D001943 prognosis then it could act via a different set of transcription factors than those activated in Disease@MESH:D005764", "type": "paragraph"}, {"sent": "Although the study reported here is not the largest study undertaken for identifying common variants associated with Disease@MESH:D001943 mortality, it has several methodological strengths. It is the first study to Meta-analyse associations of common genetic variants with Disease@MESH:D001943 related mortality on a genome wide level across two independent prospective studies of Disease@MESH:D001943 patients. Further both Gene@57630 and HEBCS are prospective studies of Disease@MESH:D001943 patients who were recruited in similar clinical settings and both cohorts have relatively high Disease@MESH:D001943 specific mortality. As such, heterogeneity between causes of Disease@MESH:D003643 is reduced in the meta-analysis. With respect to potential Disease@MESH:D009369 phenotypic heterogeneity both studies were not selected for specific Disease@MESH:D001943 sub-types so this remains a potential methodological problem if the effect of SNPs relates to a Disease@MESH:D007246 or a particular modality of treatment", "type": "paragraph"}, {"sent": "It was encouraging to note that 9 off the 18 SNPs which we had marked for replication testing were associated in the same direction as in the discovery set. Furthermore 4 of the 18 SNPs which were tested for replication had previously been identified as amongst the top 50 associations in GWAs of Disease@MESH:D001943 mortality in early onset patients. Mutation@rs11723068, Mutation@rs11491815, Mutation@rs421379 and Mutation@rs1578790 were the first, fourth, eighteenth and 20th most strongly associated SNPs among the top 50 association", "type": "paragraph"}, {"sent": "Although previous studies have not described any SNPs as irrevocably associated with survival at genome wide levels of significance, we attempted to test associations of the most significant SNPs from these studies. None of the 10 SNPs which Azzato et al tested for replication in the SEARCH study were associated at p-values<=0.05 in the Gene@57630 and HEBCS meta-analysis results. The strongest replication signal we identified was with Mutation@rs17299684 (HR = 1.15, p = 0.07). Similarly the two SNPs highlighted by Shu et al as potentially associated with survival in the Chinese population, were not associated in our meta-analysis (Mutation@rs3784099, HR = 0.94, P = 0.37 and Mutation@rs9934948, HR = 1.09, P = 0.32). The association of SNP Mutation@rs3803662 (Gene@27324), highlighted by Fasching et al, as potentially associated with Disease@MESH:D001943 specific survival did not replicate in our meta-analysis (HR = 0.90, p = 0.09). The lone SNP highlighted by Azzato et al, as associated with survival in Gene@2099-negative patients was not available in the genome wide genotyped or imputed data, further no proxies at r2>=0.6 were identified based on HapMap phase 3 data. So unfortunately replication of this SNP could not be tested in our study", "type": "paragraph"}, {"sent": "Future studies with a similar ascertainment framework but with larger sample size, detailed Disease@MESH:D009369 sub-type phenotyping and similar treatment modalities will be required to allow sub-type specific patient cohorts to be used for discovery and validation. A more detailed search for variants with Gene@4094 <0.05 may be necessary to fully comprehend the extent of intrinsic host genetic factors in determining Disease@MESH:D001943 prognosis", "type": "paragraph"}, {"sent": "The main strengths of this study are the high genetic coverage achieved by using the Illumina 550 K and Illumin660 K chips in the Helsinki and Gene@57630 studies respectively. In addition we have also performed comprehensive imputation of common genetic variation (Gene@4094 > = 5%) based on the LD patterns in the 1000 genomes project. We had sufficient statistical power to detect genetic variants which were associated with survival at HR>=1.23 while studying SNPs with Gene@4094 >=10%. Future studies using well annotated collaborative samples will be needed to perform sub-type specific analysis and replication to detect small effect sizes. Such a strategy has the potential to identify multiple genetic variants which are associated at HRs lower than 1.20. However a trade-off between the increases in effect sizes that may result from studying associations in specific homogeneous sub-groups may mitigate smaller sample sizes", "type": "paragraph"}]}