{"sentences": [{"sent": "Genome-wide association studies (GWAS) have identified ~100 genetic loci associated with Disease@MESH:D011471 risk. Less than a dozen of these loci were initially identified from GWAS in two Asian populations, likely because of smaller sample sizes of these individual GWAS in Asians. Here, we conduct a large-scale meta-analysis of two GWAS from the Japanese population (1,583 cases and 3,386 controls) and the Chinese population (1,417 cases and 1,008 controls), followed by replication in three independent sample sets. We identify two independent susceptibility loci for Disease@MESH:D011471 at 11p15.4 (Mutation@rs12791447, P=3.59 x 10-8; Gene@8495) and 14q23.2 (Mutation@rs58262369, P=6.05 x 10-10; Gene@2100). The mRNA levels of Gene@8495 and Gene@2100 are differentially expressed in Disease@MESH:D011471 and paired normal tissues. Our study adds two new loci to the limited number of Disease@MESH:D011471 risk-associated variants in Asians and provides important insight into potential biological mechanisms of Disease@MESH:D011471", "type": "abstract"}, {"sent": " Genetic variations influence the risk of Disease@MESH:D011471. Here, the authors use a meta-analysis of Genome-wide association studies from Asian populations and uncover new susceptibility loci at 11p15.4 and 14q23.2", "type": "abstract"}, {"sent": "With ~900,000 new cases diagnosed each year, Disease@MESH:D011471 represents the most frequently diagnosed Disease@MESH:D009369 worldwide in men. The incidence of Disease@MESH:D011471 varies widely between countries and regions, with the highest prevalence rate observed in Western developed countries and the lowest incidence rate observed in Asian countries. In addition to age and race, positive family history is also an established risk factor for Disease@MESH:D011471, suggesting that inherited genetics may influence the risk for this disease", "type": "paragraph"}, {"sent": "To date, genome-wide association studies (GWAS) for Disease@MESH:D011471 have identified a more than 100 susceptibility loci, explaining ~30% of the familial risk for this disease. However, most of these GWAS were conducted in men of European descent. Only 10 of these loci were initially identified from GWAS in two Asian populations (Japanese and Chinese), likely because of smaller sample sizes of these individual GWAS in Asians. It has been demonstrated that combining multiple existing GWAS data using a meta-analysis can increase the statistical power to uncover additional risk loci", "type": "paragraph"}, {"sent": "In this study, we performed a large-scale meta-analysis using two existing Asian GWAS data sets to identify novel loci for Disease@MESH:D011471 susceptibility in Asians. In addition, promising single-nucleotide polymorphisms (SNPs) were further evaluated in three independent study populations of Japanese and Chinese descents. We report strong evidence for two Disease@MESH:D011471 susceptibility loci at 11p15.4 and 14q23.2. These results provide additional insight into the inherited genetic basis of Disease@MESH:D011471 and support the presence of considerable genetic heterogeneity between different ethnic groups", "type": "paragraph"}, {"sent": "The overall study design of the meta-analysis GWAS of Disease@MESH:D011471 is depicted in Fig. 1. After quality-control analysis in the two original GWAS, 1,583 cases and 3,386 controls from the Japanese GWAS and 1,417 cases and 1,008 controls from the Chinese GWAS were retained for further meta-analysis. The characteristics of the subjects are summarized in Supplementary Table 1. After exclusion of rare SNPs that have a minor allele frequency (MAF) less than 5%, a total of 4,550,396 autosomal SNPs were available in both GWAS data sets. A quantile-quantile (Q-Q) plot revealed a modest inflation of the test statistics (lambda=1.07; Supplementary Fig. 1). The meta-analysis identified multiple previously known genomic regions, with the strongest signal at 8q24 (Fig. 2). Among the 100 known Disease@MESH:D011471 risk-associated SNPs, 33 were significant at Padditive<0.05 (Supplementary Table 2)", "type": "paragraph"}, {"sent": "To identify novel Disease@MESH:D011471 susceptibility loci, we first filtered out SNPs that had the P>1 x 10-4 from the meta-analysis or had an opposite direction of association in the two GWAS studies. A total of 2,045 SNPs remained in the analysis (Supplementary Table 3). We then applied the following criteria to select promising novel SNPs: (a) had low linkage disequilibrium (LD; r2<0.1) with the 100 known Disease@MESH:D011471 risk-associated SNPs; (b) only one SNP with the strongest evidence for association within each LD block was selected; and (c) had not been previously evaluated in follow-up stages of these two individual GWAS. After these steps, 50 SNPs were identified for further replication analysis (Supplementary Table 4)", "type": "paragraph"}, {"sent": "For replication, we first genotyped these 50 selected SNPs in an independent Chinese population of 1,664 affected subjects and 1,523 control subjects from Shanghai, China (Replication 1). One SNP failed in the assay design and four SNPs failed in the genotyping stage because of poor clusters. Of the remaining 45 SNPs, four SNPs (Mutation@rs4749884 at 10p14, Mutation@rs12791447 at 11p15.4, Mutation@rs75718479 at 12q23.1 and Mutation@rs58262369 at 14q23.2) showed nominally significant associations at Padditive<0.05 and had the same directions of association as in the GWAS meta-analysis (Supplementary Table 5)", "type": "paragraph"}, {"sent": "We next examined the four significant SNPs in two independent Asian Disease@MESH:D011471 case-control populations, including 1,941 Disease@MESH:D011471 cases and 2,396 controls (Replication 2a, 908 cases and 1,354 controls of Chinese from Nanjing, China, and Replication 2b, 1,033 cases and 1,042 controls of Japanese descent from Multiethnic Cohort (MEC)). Three of these four SNPs were confirmed in the Nanjing population (Padditive<0.05) and with an effect in the same direction. However, none of the SNPs was confirmed in the MEC population (Table 1)", "type": "paragraph"}, {"sent": "On the basis of our meta-analysis of all independent populations in this study (GWAS stage and confirmation stages), we found that two SNPs were associated with Disease@MESH:D011471 risk at the genome-wide significance level; Padditive=3.59 x 10-8 for Mutation@rs12791447 at 11p15.4 and Padditive=6.05 x 10-10 for Mutation@rs58262369 at 14q23.2. The odds ratios for Disease@MESH:D011471 were 1.23 and 0.78 for the effect allele C of Mutation@rs12791447 and Mutation@rs58262369, respectively (Fig. 3). We also identified two loci with suggestive evidence for Disease@MESH:D011471 association, Mutation@rs4749884 at 10p14 (Padditive=6.68 x 10-6) and Mutation@rs75718479 at 12q23.1 (Padditive=1.12 x 10-6). No significant heterogeneity for these four SNPs was observed among different sets of study populations (Pheterogeneity>0.05; Table 1)", "type": "paragraph"}, {"sent": "We also investigated the associations of these four SNPs with disease Disease@MESH:D001523 among Disease@MESH:D011471 patients. However, we did not find significant associations with Disease@MESH:D011471 for these four SNPs (Padditive>0.05; Supplementary Table 6)", "type": "paragraph"}, {"sent": "To investigate the association of Disease@MESH:D011471 risk with these identified genetic loci in other ethnicities, we tested the associations in individuals of European descent using data from Cancer Genetic Markers of Susceptibility. No significant association with Disease@MESH:D011471 risk was found for these four SNPs and other SNPs that are in strong LD with these four SNPs (r2>0.70; Supplementary Table 7)", "type": "paragraph"}, {"sent": "In the meta-analysis of GWAS, we identified two novel loci associated with Disease@MESH:D011471, Mutation@rs58262369 at 14q23.2 (Gene@2100; Fig. 4a) and Mutation@rs12791447 at 11p15.4 (Gene@8495; Fig. 4b). The mRNA expression levels of genes at these two loci were analysed in Disease@MESH:D011471 tissues and normal tissues (Supplementary Table 8). Examination of Mutation@rs12791447 using data from Encyclopedia of DNA Elements (ENCODE) revealed significant modification of H3K4me3 (Supplementary Table 9). We also found that Mutation@rs12791447 was an expression quantitative trait locus (eQTL) for Gene@8495. However, Mutation@rs58262369 was not an eQTL for Gene@2100 or other genes at 14q23.2 (Supplementary Table 10)", "type": "paragraph"}, {"sent": "In this large-scale association analysis in Asians, we identified two novel Disease@MESH:D011471 susceptibility loci at 11p15.4 and 14q23.2 that reached genome-wide significance level, as well as two additional loci at 10p14 and 12q23.1 with suggestive evidence for association with Disease@MESH:D011471 risk", "type": "paragraph"}, {"sent": "It is noted that for two of these four SNPs, Mutation@rs58262369 at 14q23.2 and Mutation@rs75718479 at 12q23.1, the genotypes in the two original GWAS were imputed. However, the quality of imputation for these two SNPs was high (see Methods). Furthermore, we genotyped these two SNPs by the TaqMan assay in 1,500 subjects randomly selected from the Chinese GWAS. The concordant rate between imputed and genotyped data was 99.3% for Mutation@rs58262369 and 99.5% for Mutation@rs75718479", "type": "paragraph"}, {"sent": "The SNP Mutation@rs58262369 at 14q23.2 is located in the 3'-untranslated region (3'-UTR) of the Gene@2100 gene (also known Gene@2100), which encodes a member of the family of oestrogen receptors (Fig. 4a). Oestrogen plays a vital role in mammary gland development and is also involved in Disease@MESH:D011471 progression, exerting its biological actions through the oestrogen receptors Gene@2099 and Gene@2100 (refs). Gene@25149, originally discovered in a rat prostate cDNA library, has highest expression in normal prostate epithelial cells. Gene@13983 knockout mice developed Disease@MESH:D011470 during the aging process. It has been shown that Gene@2100 has antiproliferative and pro-differentiation roles in the prostatic epithelium, reducing Disease@MESH:D011471 risk. We also found that Gene@2100 was upregulated in Disease@MESH:D011471 tissues compared with normal prostate tissues in The Disease@MESH:D009369 (TCGA) data (Pt-test=0.028; Supplementary Table 8). However, the magnitude of Gene@2100 mRNA expression was not high, which should be confirmed via analysis of the expression levels of Gene@2100 protein in Disease@MESH:D011471 tissues. Several genetic variants in Gene@2100, including Mutation@rs1256049, have been demonstrated to contribute to Disease@MESH:D011471 risk. However, this SNP (Mutation@rs1256049), which is in weak LD with Mutation@rs58262369 (r2=0.05), showed no association with Disease@MESH:D011471 in the current study (Padditive=0.149). HaploReg prediction revealed that Mutation@rs58262369 disrupted the motifs of Gene@2130-Gene@2313 and STAT, indicating that it would have a regulatory impact on Gene@2100 (Supplementary Table 9). The SNP Mutation@rs58262369 also maps to a highly conserved sequence in the 3'-UTR of Gene@2100, which may disturb the regulation of Gene@2100 by the binding of microRNA-942 predicted by MirSNP. Our eQTL analysis using TCGA data showed no significant association of Mutation@rs58262369 with Gene@2100 gene expression (Padditive=0.482) in Disease@MESH:D011471 tissues, nor with any other genes within 500 kb of Mutation@rs58262369 (Supplementary Table 10). It is possible that this variant in the 3'-UTR of Gene@2100 is related with efficiency of translation of the Gene@2100 protein. Further fine-mapping studies are warranted to elucidate the biological role of this association signal at 14q23.2", "type": "paragraph"}, {"sent": "The SNP Mutation@rs12791447 at 11p15.4 is located in an intron of the Gene@8495 gene (Fig. 4b). This gene encodes the Gene@7204 (Gene@8495), which was differentially expressed in Disease@MESH:D016889. We also found that the expression level of Gene@8495 was significantly lower in Disease@MESH:D009369 tissues than in normal tissues in TCGA data set (Pt-test=1.89 x 10-10; Supplementary Table 8). Several other genes at this locus, including Gene@51700, Gene@8665, Gene@338322, Gene@283298 and Gene@341277, were also found to be significantly expressed in Disease@MESH:D011471 in comparison with normal tissues. In TCGA Disease@MESH:D011471 data, Mutation@rs12791447 acted as an eQTL for Gene@8495 and Gene@338323, which was consistent with the expression levels of blood-related eQTL results for Gene@8495 (Supplementary Table 10). The GM12878 data from ENCODE suggest that Mutation@rs12791447 maps to a strong enhancer region marked by the histone modification of H3K4me3 (Supplementary Table 9). On the basis of above data, we propose that Gene@8495 is the candidate susceptibility gene involved in the association observed at this locus. However, other causal or functional SNPs operating the regulatory mechanisms at this locus cannot be ruled out. It is noted that Mutation@rs12791447 is ~530 kb away from two SNPs (Mutation@rs7126629 and Mutation@rs7127900) at 11p15.4, which were previously reported to be associated with Disease@MESH:D011471 susceptibility in European and Chinese populations, respectively. The association of Mutation@rs12791447 with Disease@MESH:D011471 was not changed after adjusting for either Mutation@rs7126629 or Mutation@rs7127900, indicating that it is independent from these two reported SNPs at 11p15.4", "type": "paragraph"}, {"sent": "The SNP Mutation@rs4749884 at 10p14 is in an intergenic region. ENCODE data indicate that alleles at Mutation@rs4749884 can disrupt the binding of the transcription factor Gene@7975, which suppressed the expression of the Gene@3162) gene induced by transforming growth factor-beta (ref.). The SNP Mutation@rs4749884 is 118 kb away from Mutation@rs7918885, a SNP that was reported to be associated with Disease@MESH:D011471 in a previous GWAS in West African men. The SNP Mutation@rs4749884 is not in LD with Mutation@rs7918885 (r2=0.002). Meanwhile, Mutation@rs7918885 and other SNPs in LD with it were not associated with Disease@MESH:D011471 risk in our meta-analysis, suggesting that multiple causal variants may exist at 10p14 in different ethnicities", "type": "paragraph"}, {"sent": "The SNP Mutation@rs75718479 lies at 12q23.1, a region where DNA gain was commonly found in Disease@MESH:D011471 of Japanese patients. This region contains a gene of Gene@196475 (Gene@196475). Gene@196475 is a newly identified long noncoding RNA, which acts as a transcriptional co-regulator of Gene@6657 and is implicated in neurogenesis. Recent studies in mouse models have revealed that Gene@110333 was differentially expressed in midbrain dopaminergic neurons in the developing mouse brain. However, the role of Gene@196475 in Disease@MESH:D011471 is currently unknown. Further studies are warranted to the correlation between Mutation@rs75718479 and Gene@196475 in the development of Disease@MESH:D011471", "type": "paragraph"}, {"sent": "It should be noted that four SNPs identified in the meta-analysis GWAS were not replicated in the Japanese descent of the MEC study. The inconsistent results might be because of the differences of lifestyle factors and environment between Japanese individuals in Japan and in the United States, as well as different genetic and environmental risk factors between Japanese and Chinese. Lack of confirmation in the Japanese descent from the MEC population was also reported for SNPs identified in GWAS of Japanese individuals in Japan. Moreover, we did not observe any significant relationship between these four SNPs and Disease@MESH:D011471 risk in the European men. The frequencies of these four SNPs varied among different populations (Supplementary Table 11). For example, Mutation@rs58262369 at 14q23.2 was not polymorphic in the European population. Further evaluation in other ethnic groups may be needed", "type": "paragraph"}, {"sent": "In summary, this study identified two novel susceptibility loci at 11p15.4 and 14q23.2, and two novel loci with suggestive evidence at 10p14 and 12q23.1, which is the largest GWAS to our knowledge on Disease@MESH:D011471 among Asian individuals. Further studies of fine-mapping and functional analyses are warranted to identify and characterize the causative variants for prostate tumorigenesis", "type": "paragraph"}, {"sent": "The meta-analysis of GWAS in this study was based on two GWAS on Disease@MESH:D011471 in Japan and China. The Japanese Disease@MESH:D011471 GWAS included 1,583 cases and 3,386 controls from the BioBank Japan, which was established in the Institute of Medical Science at the University of Tokyo. From the BioBank Japan, Disease@MESH:D011471 cases were selected according to the pathological evaluation of biopsy. Among the selected subjects, 229 individuals had a positive family history, and 952 cases had high Gleason grade score. Controls in the Japanese GWAS were also selected from BioBank Japan for other diseases as well as healthy subjects from the Disease@MESH:D009759 (Osaka, Japan). The Chinese Disease@MESH:D011471 GWAS comprised 1,417 Disease@MESH:D011471 cases and 1,008 controls who are part of the ChinaPCa (ref.). All recruited subjects self-reported being Han Chinese. Cases were collected from local hospitals and were newly diagnosed with pathologically confirmed Disease@MESH:D011471. Control subjects were healthy individuals recruited from community-based studies or while receiving a physical examination in the hospital. Control subjects were excluded if they had an abnormal prostate-specific antigen level higher than 4.0 ng ml-1 or positive digital rectal examination", "type": "paragraph"}, {"sent": "Three additional study populations (Replications 1, 2a and 2b) were used to validate the suggestive associations from the meta-analysis of GWAS. Individuals in Replications 1 and 2a were Chinese and consisted of 1,664 cases and 1,523 controls from Shanghai and 908 cases and 1,354 controls from Nanjing. Most subjects have been used in previously published association studies. Cases were histopathologically confirmed as having Disease@MESH:D011471, and the controls were all Disease@MESH:D009369-free males from Shanghai, Nanjing and surrounding areas. Replication 2b was men of Japanese descent from the MEC, a large population-based prospective study including more than 215,000 adults in Hawaii and California. The GWAS of Disease@MESH:D011471 in the MEC study included 1,033 cases and 1,042 controls. The Cancer Genetic Markers of Susceptibility Disease@MESH:D011471 GWAS was a nested case-control study, including 1,172 cases and 1,157 controls, which was part of the Prostate, Lung, Disease@MESH:D010051 Screening Trial. All participants provided informed consent. This study was approved by the institutional review boards of the Fudan University, Nanjing Medical University and the University of Tokyo and RIKEN Yokohama Institute", "type": "paragraph"}, {"sent": "The Japanese GWAS was conducted using the Illumina Human610-Quad BeadChip for cases and HumanHap550v3 BeadChip for controls, and the Chinese GWAS was genotyped using the Illumina Human OmniExpress BeadArray. In addition to quality-control procedures performed in previous studies, SNPs with genotyping rate of<95%, MAF<0.05 or P<0.001 in a Hardy-Weinberg Equilibrium test were further removed before imputation analysis. After exclusion of imputed SNPs with MAF<0.05 or information score (INFO)<0.5, 6,268,427 and 4,575,935 SNPs remained for Japanese GWAS and Chinese GWAS, respectively. A total of 4,550,396 SNPs were available in both studies and used for further meta-analysis. We selected all SNPs with P<1.0 x 10-4 for the Replication 1 study. Genotyping for Replication 1 was conducted using the Sequenom MassARRAY platform, and genotyping for Replication 2a was conducted using the TaqMan assays. The primer and probe sequences are shown in Supplementary Table 12. On each 96-well plate, two negative controls (water) and two blinded duplicates were included as quality-control samples. Genotyping was performed independently by two researchers in a blinded manner. For in silico replication of the MEC study, genotyping of the subjects was conducted using the Illumina Human660W bead array", "type": "paragraph"}, {"sent": "Genomic annotations on the index SNPs and surrogates were identified using the ENCODE data. The threshold of LD was r2>0.80 on the basis of Asians from the 1000 Genomes Project. HaploReg 2.0 (http://www.broadinstitute.org/mammals/haploreg/haploreg.php/) was used to query the histone marks, DNase I Disease@MESH:D004342 the binding of transcription factor and motif instances. RegulomeDB (http://regulome.stanford.edu/) was then used to explore potential functional annotations for the genomic regions surrounding the index SNPs. The high score of RegulomeDB indicated a relatively high degree of evidence for potential regulatory function. Furthermore, SNPs in 3'-UTR of gene were predicted using MirSNP (http://cmbi.bjmu.edu.cn/mirsnp) to test the changes in microRNA-binding sites", "type": "paragraph"}, {"sent": "We downloaded the mRNA expression profiles from TCGA project (http://cancergenome.nih.gov/) by RNA-Seq (level 3). A total of 497 Disease@MESH:D011471 tissues and 115 normal prostate tissues were available on 10 January 2015. The reads per kilobase per million was used to quantify of gene expression levels. The expression levels of mRNA were normalized by using log2 transformation, and genes with zero value or missing data in any sample were removed. Differential expression of genes for each gene was measured between Disease@MESH:D009369 and normal tissues", "type": "paragraph"}, {"sent": "For each individual in the TCGA data, we also obtained level 2 SNP data from Disease@MESH:D011471 tissues, normal tissues and blood, which were genotyped using Affymetrix SNP Array 6.0 chips. SNPs within 500 kb of index SNP were extracted from genotyped or imputed genotypes. The eQTL analysis was measured only in Disease@MESH:D009369 tissues with mRNA expression. We also queried the correlation between variants and candidate gene expression from the Blood eQTL Brower", "type": "paragraph"}, {"sent": "SNPs that passed quality control were imputed on the basis of data from the 1000 Genomes Project (version 3, March 2012 release) using IMPUTE2 (ref.). Only imputed genotypes of high quality (INFO>0.50) were included in further association analysis. The associations in Japanese GWAS and Chinese GWAS were first analysed under an additive model using PLINK1.07. The odds ratio, 95% CI, the corresponding s.e. and P value for each SNP were obtained from the logistic regression model. The meta-analysis of two GWAS data was performed using a fixed-effect model and weighted by the estimated SE using GWAMA (ref.). The heterogeneity of studies was tested by the Cochran's Q statistic and I2. If the test of heterogeneity existed (P<0.01), the random-effect model was provided. The LD structure (r2) was calculated using Haploview 4.2 (ref.). Expressed differences in each gene between Disease@MESH:D009369 and normal samples were measured by the Student's t-test. The relationships of SNP genotypes with gene expression levels were evaluated using a linear regression model", "type": "paragraph"}, {"sent": "How to cite this article: Wang, M. et al. Large-scale association analysis in Asians identifies new susceptibility loci for Disease@MESH:D011471. Gene@6046. Commun. 6:8469 doi: 10.1038/ncomms9469 (2015)", "type": "paragraph"}, {"sent": "The stage 1 included two GWAS from the Japanese Disease@MESH:D011471 GWAS and the Chinese Disease@MESH:D011471 GWAS. The stage 2 consisted of samples from Shanghai. The stage 3 included individuals in two studies from Nanjing and MEC", "type": "fig_caption"}, {"sent": "The x axis shows the chromosomal position and the y axis shows the -log10 Padditive value", "type": "fig_caption"}, {"sent": "(a) Mutation@rs4749884 at 10p14, (b) Mutation@rs12791447 at 11p15.4, (c) Mutation@rs75718479 at 12q23.1 and (d) Mutation@rs58262369 at 14q23.2. The circle and horizontal lines represent study-specific odds ratio (OR) and 95% confidence interval (CI). The diamond shows the summary OR and 95% CI", "type": "fig_caption"}, {"sent": "(a) Mutation@rs58262369 at 14q23.2 and (b) Mutation@rs12791447 at 11p15.4. Top, association results (-log10 P) of meta-analysis for each SNP are shown within 500 kb of the index SNP (purple circle). The recombination rate across each region was estimated from the 1000 Genomes Project Disease@None and JPT populations (version 3, March 2012 release). Bottom, the LD structure (r2) was derived from Han Chinese in Beijing (Disease@None) and Japanese in Tokyo (JPT) genotypes in Haploview 4.2, and the colour intensity of each SNP represents the strength of LD. Physical position are based on the NCBI database, build 37", "type": "fig_caption"}]}