{"sentences": [{"sent": "Disease@MESH:D009437 is defined as Disease@MESH:D010146 arising as a direct consequence of a Disease@MESH:D051437 or a disease affecting the somatosensory system and it affects around 1 in 4 Disease@MESH:D003920 patients in the UK. The purpose of this genome-wide association study (GWAS) was to identify genetic contributors to this disorder. Cases of Disease@MESH:D009437 were defined as Disease@MESH:D003920 patients with a multiple prescription history of at least one of five drugs specifically indicated for the treatment of Disease@MESH:D009437. Controls were Disease@MESH:D003920 individuals who were not prescribed any of these drugs, nor amitriptyline, carbamazepine, or nortriptyline. Overall, 961 Disease@MESH:D003929 cases and 3260 Disease@MESH:D003920 controls in the Genetics of Disease@MESH:D003920 and Research Tayside (GoDARTS) cohort were identified. We found a cluster in the Chr1p35.1 (Gene@7579-Gene@100131451) with a lowest P value of 2.74 x 10- 7 at Mutation@rs71647933 in females and a cluster in the Chr8p23.1, next to Gene@100419978 with a lowest P value of 8.02 x 10- 7 at Mutation@rs6986153 in males. Sex-specific narrow sense heritability was higher in males (30.0%) than in females (14.7%). This GWAS on Disease@MESH:D003929 provides evidence for the sex-specific involvement of Chr1p35.1 (Gene@7579-Gene@100131451) and Chr8p23.1 (Gene@100419978) with the disorder, indicating the need for further research", "type": "abstract"}, {"sent": "The case definition of Disease@MESH:D003929 in this study is matched with those used in epidemiological studies", "type": "abstract"}, {"sent": "We confirmed that Disease@MESH:D003929 is a heritable trait", "type": "abstract"}, {"sent": "We provided new genetic evidence of sex-specific involvement of two chromosome loci with Disease@MESH:D003929", "type": "abstract"}, {"sent": "Using a pragmatic case definition, we identified two new genetic areas that may be involved in Disease@MESH:D003929, a common and debilitating complication of Disease@MESH:D003920. One of these is more significant in males, the other in females. Furthermore, we calculated that the contribution of genes to developing Disease@MESH:D009437 in Disease@MESH:D003920 men is about twice that in Disease@MESH:D003920 women. These findings help to explain why some people are more vulnerable to this complication, and help to elucidate the biological mechanisms of Disease@MESH:D009437. They will inform personalised (gender-specific) approaches to treatment, and the development of new drugs", "type": "abstract"}, {"sent": "Disease@MESH:D009437 is defined by the International Association for the Study of Disease@MESH:D010146 as Disease@MESH:D010146 arising as a direct consequence of a Disease@MESH:D051437 or a disease affecting the somatosensory system. The prevalence of Disease@MESH:D009437 is estimated to be around 7% in a general population while in a Disease@MESH:D003920 population around 1 in 4 patients will suffer from this disorder. The current treatment of Disease@MESH:D009437 is far from satisfactory, with fewer than 30% of patients achieving satisfactory relief of Disease@MESH:D003929. Compared to people without Disease@MESH:D010146 and patients with Disease@MESH:D009437, Disease@MESH:D003929 has a significant negative effect on patients' quality of life. In addition, the disorder represents a significant economic burden to healthcare systems", "type": "paragraph"}, {"sent": "Cross-sectional epidemiological studies have identified multiple risk factors for Disease@MESH:D009437. These include older age, female gender, manual occupation, lower educational attainment, and living in a rural area or in poor accommodation. These risk factors are difficult to modify and are not suitable for clinical intervention, though they are still of academic and political interest. Specifically for Disease@MESH:D003929, modifiable risk factors including smoking, Disease@MESH:D006973, Disease@MESH:D009765, Disease@MESH:D006937 and duration of Disease@MESH:D003920 have been identified. Unfortunately, there are no published clinical trials that suggest a reduction in the incidence or severity of Disease@MESH:D009437 through addressing these modifiable risk factors. Further effort is required in this area. Studies have found that, although glycaemic control can reduce the incidence of Disease@MESH:D003929, there is limited impact in decreasing the incidence of accompanying Disease@MESH:D009437, even with long-term excellent glycaemic control. Epidemiological studies, such as genetic association studies, can identify independent risk factors which are clinically important, and offer these risk factors as covariates for basic research studies, or as new factors to address clinically", "type": "paragraph"}, {"sent": "Disease@MESH:D003929 is considered as a complex trait which is affected by both environmental risk factors and genetic risk factors. Unlike well documented environmental risk factors, the understanding of the genetic contributors to Disease@MESH:D009437 is rather poor, though evidence from animal models and human studies have both confirmed that it is a heritable trait. Studies on animal models have proposed candidate genes for Disease@MESH:D009437 such as Gene@5027, Gene@5025, Gene@7099, and Gene@10369. The first genome-wide association study (GWAS) on Disease@MESH:D003929 in humans reported that Gene@2675 might be associated with a subgroup of this disorder. All these candidate genes need further replications to validate their biological roles", "type": "paragraph"}, {"sent": "We conducted a population-based GWAS of Disease@MESH:D003929 in which our case definition was matched with previous population-based observational studies of Disease@MESH:D003929, seeking candidate genes that might not have been identified using the previous, more exclusive case definition", "type": "paragraph"}, {"sent": "Genetic resources: The Genetics of Disease@MESH:D003920 and Research Tayside (GoDARTS) project recruits Disease@MESH:D003920 patients and Disease@MESH:D003920 matched controls in Tayside, Scotland to identify genetic contributors relating to the susceptibility of Disease@MESH:D003920, the complications of Disease@MESH:D003920, the response to Disease@MESH:D003920 treatment and the prognosis of Disease@MESH:D003920. (http://diabetesgenetics.dundee.ac.uk/). So far, the project has recruited 9439 Disease@MESH:D003920 patients who have provided their DNA samples along with written consent to use their clinical data and biological samples for research. Among these 9434 Disease@MESH:D003920 individuals, 3673 were genotyped by Affymetrix SNP6.0 chips supported by the Wellcome Trust Case Control Consortium 2 (WTCCC2) project (http://www.wtccc.org.uk/ccc2/) and 3254 were genotyped by Illumina OmniExpress chips supported by the Surrogate markers for Micro- and Macro-vascular hard endpoints for Innovative Disease@MESH:D003920 Tools (SUMMIT) project (http://www.imi-summit.eu/). The GoDARTS study was approved by Tayside Committee on Medical Research Ethics (REC reference 053-04)", "type": "paragraph"}, {"sent": "E-health resources: Since 1993, every person registered with the National Health Service (NHS) in Scotland has been assigned a unique Community Health Index (Disease@None) number. This number appears in the records of all personal medical activities within the NHS framework which paves the way for anonymous data linkage. The GoDARTS project includes consent from participants for the genetic data to be anonymously linked with datasets sourced from participants' NHS medical histories, including prescribing data, blood test results, radiology examination results, hospital admissions, and outpatient appointments. The current prescription history dataset used in this study covers from Jan, 1993 to Dec, 2013", "type": "paragraph"}, {"sent": "In this study, we defined a Disease@MESH:D009437 case as a type 2 Disease@MESH:D003920 patient who has a history of multiple usages (minimum twice) of at least one of the following five medicines which are recommended and effective in Disease@MESH:D003929 and prescribed uncommonly for other disorders: duloxetine, gabapentin, pregabalin, capsaicin cream (or patch) and lidocaine patch", "type": "paragraph"}, {"sent": "A control was defined as a type 2 Disease@MESH:D003920 patient who has not been prescribed any of these five drugs before. Individuals who had a prescription history of amitriptyline, carbamazepine, or nortriptyline were not included as controls because these drugs are often used for the treatment of other medical conditions, as well as Disease@MESH:D009437. In other words, Disease@MESH:D003920 individuals using these drugs could be correctly classified as Disease@MESH:D009437 cases or wrongly classified if these drugs were used for treating other disorders such as Disease@MESH:D000275 or Disease@MESH:D004827. It is not possible to differentiate these two situations with certainty based on the available clinical information. To avoid the potential for incorrect phenotyping, those individuals were also removed from the control group", "type": "paragraph"}, {"sent": "We excluded individuals with a history of only one single prescription for any of these five drugs from both cases and controls", "type": "paragraph"}, {"sent": "The quality control steps of the genotype data were applied based on the standard methods that were used for the WTCCC2 studies, and the SUMMIT studies", "type": "paragraph"}, {"sent": "Non-genotyped single nucleotide polymorphisms (SNPs) in the Affymetrix SNP6.0 chips and Illumina OmniExpress chips were imputed by SHAPEIT and IMPUTE2 based on shared reference files from the 1000 genome phase I datasets. An r2 score was used to assess the accuracy of an imputed genotype. It is suggested to adopt an r2 > 0.3 to remove imputed SNPs with poor quality. PLINK was the main GWAS software for genetic data manipulation and standardised quality control steps were frequently performed during analyses (For example, SNPs with over 10% genotyping missing were excluded, SNPs with minor allele frequency less than 1% were removed, SNPs which failed Hardy-Weinberg tests (P < 0.000001) were removed, and individuals with more than 10% genotype data missing were not included). SNPs on the sex chromosomes and mitochondrial SNPs were not included in the analyses since we do not have these data. The detection of individuals with different ancestry was done by the multidimensional scaling method implanted in PLINK. A lambda value generated by this method indicates the level of population stratification. The lambda value should be very close to 1 in a homogeneous population with little ancestry mixture. Related samples were identified by calculating pi-hat values greater than 0.125 in PLINK. Logistic regression analyses were applied to generate P values for SNP association tests. A P value of less than 10- 6 was considered to be a suggestive association, worth further exploration. SNP functional annotation was searched by SNPnexus and Manhattan plots were generated by HaploView. Regional visualisation was achieved by LocusZoom. The Q-Q plot of P values, a tool to assess whether there are confounders and the impact of these potential confounders (different genotyping machines, different genotyping chips, different DNA extraction methods, etc) between cases and controls, was visualised by SNPEVG. The whole workflow is summarised in Fig. 1. Narrow-sense heritabilities of the overall dataset and sex-specific dataset were performed by restricted maximum likelihood analysis using the recognized approach to genome-wide complex trait analysis (GCTA). Narrow-sense heritability represents the ratio of total phenotypic variance which is caused by additive genetic effects of individual SNPs. Comparisons of means of age and BMI between cases and controls were performed using independent t test in SPSS 21 (IBM Corp, New York, USA). The gender difference was evaluated using chi-square (2 x 2 tables)", "type": "paragraph"}, {"sent": "We identified 1043 Disease@MESH:D003920 patients who had a prescription record of minimum twice usage of at least one of the five relevant Disease@MESH:D009437 drugs (Duloxetine, Gabapentin, Pregabalin, Capsaicin cream (or patch) and Lidocaine patch, see Methods section for details) among the genotyped Disease@MESH:D003920 population of the GoDARTS project, representing 15.06% of the cohort. In addition, we found 3759 Disease@MESH:D003920 individuals who were identifiable as controls, as they had not been prescribed any of these five drugs, nor other drugs that can be used (non-exclusively) to treat Disease@MESH:D009437 (amitriptyline, carbamazepine, or nortriptyline). After removing ethnically outlying samples, genetically related samples, type 1 Disease@MESH:D003920 samples and those who had had a single prescription of Disease@MESH:D009437 drugs, the final cohort for analysis comprised 961 Disease@MESH:D009437 cases (male = 470, female = 491) and 3260 controls (male = 2021, female = 1239). We then derived data summarising the age and body mass index (BMI) for the overall dataset, male only dataset and female only dataset (Table 1). In the overall dataset, the average age (mean +- standard deviation, years) and BMI (mean +- standard deviation, kg/m2) in cases were 72.60 +- 10.54, and 27.79 +- 6.01, respectively. The average age and BMI in controls were 75.51 +- 10.79, and 26.91 +- 5.51, respectively. There were statistically significant differences in age and BMI between cases and controls as well as in gender (P < 0.01). In the male only dataset, the average age and BMI in cases were 72.71 +- 9.96, and 27.06 +- 5.01, respectively. The average age and BMI in controls were 74.82 +- 10.69, and 26.83 +- 4.94, respectively. There was no statistical difference in BMI between cases and controls, but the difference in age was statistically significant (P < 0.01). In the female only dataset, the average age and BMI in cases were 72.48 +- 11.08, and 28.49 +- 6.56, respectively. The average age and BMI in controls were 76.63 +- 10.90, and 27.06 +- 6.33, respectively. The differences in age and BMI between cases and controls were statistically significant (P < 0.01)", "type": "paragraph"}, {"sent": "Altogether 6,906,962 genotyped and imputed SNPs survived for analysis, after standardised quality control of genotyping and imputation (r2 > 0.3). Since the lambda value (indicating the level of population stratification) was 1.014 for the cleaned overall dataset, no extra adjustment was adopted based on population stratification. Using logistic regression testing, with age, sex, and BMI as covariates for the overall dataset, there was a peak showing in chromosome 1 on the Manhattan plot (Fig. 2). The associated Q-Q plot is shown in Supplementary File 1. Although none of the SNPs reached formal genome-wide significance (5 x 10- 8), the cluster in Chromosome 1p35.1 (Chr1p35.1), spanning Gene@7579-Gene@100131451 area, still indicated possible associations. The most significant SNP in this region was Mutation@rs35260355 in the Gene@7579 with a lowest P value of 3.84 x 10- 7 and an odds ratio (OR) of 1.66 (95% confidence interval: 1.37-2.02). Similar logistic regression in the female only dataset found that the peak in the Chr1p35.1 still existed and the top SNP Mutation@rs71647933 in the Gene@7579 achieved a lower P value of 2.74 x 10- 7 with an OR of 2.31 (95% confidence interval: 1.68-3.17) (Fig. 3). In the male only dataset, the SNP cluster in the Chr1p35.1 disappeared while a new peak showed in the Chr8p23.1, next to Gene@100419978 and the P value of the top SNP Mutation@rs6986153 was 8.02 x 10- 7 with an OR of 1.67 (95% confidence interval: 1.34-2.08) (Fig. 4). Table 2 summarises all the significant SNPs found in the regions in the three datasets. Fig. 5, Fig. 6 show the regional plots of the identified loci in the female only dataset and the male only dataset, respectively. It was estimated that the narrow-sense heritability of Disease@MESH:D009437 was 14.7% in the overall dataset, but 30.0% among males, compared with 14.7% among females", "type": "paragraph"}, {"sent": "Utilising a genetic dataset and e-health linkage dataset, we performed a GWAS on Disease@MESH:D003929 using case and control definitions matched with previous population-based epidemiological studies and the results suggested two loci that may be involved with Disease@MESH:D003929", "type": "paragraph"}, {"sent": "Standard protocols of the assessment of Disease@MESH:D009437 have been widely agreed for specialist settings and primary care. However, there is no common approach or consensus reached by clinicians or researchers to define Disease@MESH:D009437 in population-based settings or in general cohorts. As GoDARTS participants were recruited through community-based clinics and general hospitals, there is no formal record of Disease@MESH:D009437 status made by specialists. We acknowledge that expert clinical examination would have increased the robustness of the case definition in this cohort. However, without clinical examination evidence, it is reasonable to use an alternative, acceptable definition to represent Disease@MESH:D009437 cases. We adopted a pragmatic approach to define cases using a multiple prescription history of the five main drugs used exclusively or mainly to treat Disease@MESH:D009437 (rather than other disorders) in a Disease@MESH:D003920 population. A combination of diagnostic codes for type 2 Disease@MESH:D003920 and prescription of Disease@MESH:D009437 drugs has been used in previous epidemiological studies to identify patients with Disease@MESH:D003929. Members of our population-based cohort were already identified as having type 2 Disease@MESH:D003920, and so our method of identifying Disease@MESH:D009437 makes this study reasonably consistent with these previous studies. While amitriptyline, carbamazepine, and nortriptyline are also frequently used in Disease@MESH:D009437, we considered that these are relatively likely to be used for indications other than Disease@MESH:D009437 and we did not include individuals who had been prescribed these drugs as either cases or controls. To have a more homogeneous population, we removed individuals with only a single prescription of the five Disease@MESH:D009437 drugs from both cases and controls. It has previously been highlighted that patients in primary care with Disease@MESH:D009437 are often not prescribed any of the specific medications for its treatment. As there is no Disease@MESH:D010146 status recorded in the GoDARTS, no direct assessment of the presence of (Disease@MESH:D012678) Disease@MESH:D010146 can be made among cases or controls. Furthermore, we did not assess whether cases or controls had received any other prescriptions for Disease@MESH:D010146, such as opioid medications, and it is possible that some with Disease@MESH:D009437 were treated with drugs that are not specifically indicated for this. Therefore the definition in our study is possible to have classified some who have Disease@MESH:D009437 as controls but few controls as cases. The subsequent P values and ORs may be underestimated, though we cannot measure the extent of this", "type": "paragraph"}, {"sent": "The most significant SNP cluster in the overall dataset was found in Chr1p35.1 with a lowest P value of 3.84 x 10- 7 at Mutation@rs35260355, spanning Gene@7579-Gene@100131451 area. The function of Gene@7579 (zinc finger and SCAN domain containing 20) gene is not known yet and it has not been noted to be associated with any disorders. One of the proteins it codes contain typical C2H2 zinc finger domain, which enables zinc finger protein to bind other molecules such as RNA and DNA and affect transcription and translation. There have been attempts to use zinc finger proteins to treat Disease@MESH:D009437 since the receptor specific transcription factors of zinc-finger proteins have been developed to target gene repression in cell line models and in vitro. It is worth noting that the top SNP from the female only dataset Mutation@rs71647933 is suggested to be a transcription factor binding site of the zinc interaction domain (SNPnexus). Toll-like receptors (TLRs) are a class of proteins which exist in various cell types in the central nervous system, including neuronal and non-neuronal cells. TLRs share structural and functional similarities. Specifically, the deletion or inhibition of Gene@7097 and Gene@7099 in animal models will impair Disease@MESH:D009437. When using a Gene@21898 antagonist to treat both wild type mice and Gene@21898 knockout mice suffering Disease@MESH:D009437, Disease@MESH:D010146 relief can be achieved in the wild type mice but not in the Gene@21898 knockout mice. Gene@100131451 is a unitary pseudogene with a transcript but there is no protein product of this gene in the human. The function of its homolog in mice is unclear although it is suggested it may be involved in the immune system against pathogens. There is emerging evidence showing that TLRs are involved in the control of (Disease@MESH:D012678) Disease@MESH:D010146 while the mechanisms are still far from being elucidated. In the females only dataset (1730 individuals), the P value of the SNPs in the cluster were lower than in the overall dataset, indicating that the male samples were not contributing so much to the associations in this cluster, and that the identified Gene@7579-Gene@100131451 locus has a gender specific influence on Disease@MESH:D003929. This is consistent with the findings of other TLR genes. Studies have found that variants in TLR genes are gender-specifically linked with multiple situations. The mechanism of sex-specific phenomena is not clear and the evidence for hormone involvement is Disease@MESH:D000309 and controversial", "type": "paragraph"}, {"sent": "We also identified a peak in the Chr8p23.1 next to Gene@100419978 when analysing the male only dataset, and the P value of the top SNP Mutation@rs6986153 was 8.02 x 10- 7 with an OR of 1.67. Gene@100419978 is a pseudogene of Gene@3146 (Gene@3146). It is suggested that the induction of Gene@3146 in the dorsal root ganglion can contribute to Disease@MESH:D010146 Disease@MESH:D004342 after peripheral Disease@MESH:D000080902. In addition, Feldman et al found that the persistent endogenous release of Gene@25459 by sensory neurons contributes to tactile Disease@MESH:D006930 in a Disease@MESH:D009437 rat model. The synthesis and release of Gene@3146 from spinal neurons due to Disease@MESH:D000080902 facilitates the activity of both microglia and neurons which leads to symptoms of Disease@MESH:D009437. It is interesting to know that Gene@3146 signalling and TLR pathways, to some extent, are overlapping together. There is evidence that pseudogenes are involved in the biological process. For example, the low level of Gene@3159 (Gene@3159) was also associated with a high level of Gene@3159 pseudogene (Gene@100130009) mRNA. It was observed that knockdown of Gene@100130009 RNA in the cells of Disease@MESH:D003920 patients led to partially restored Gene@3159 mRNA levels which suggested a competing relationship between the two types of transcripts. It is therefore hypothesised that a competing relationship might also exist between Gene@3146 and its pseudogenes", "type": "paragraph"}, {"sent": "There were no SNPs found with a P value of less than 5 x 10- 8 in the overall dataset, male only or female only datasets. Although a P value of 5 x 10- 8 is generally adopted as the cut-off P value for GWAS significance, it has been suggested that this might be too stringent and risks missing important associations (i.e. false negatives). Using a lower threshold raises the chance of detecting associated SNPs, but also of detecting spurious associations (false positives), and we need to beware of that in interpreting this study. The narrow-sense heritability (variance explained by SNPs, excluding genetic variation due to dominance, epistasis, and environment) of Disease@MESH:D003929 in the overall dataset was estimated to be 14.7%, which is similar to that found in our previous analysis. However when calculated by gender, we found males had a higher heritability (30.0%) than females (14.7%). Sex-specific heritability has been observed in other traits. The reasons behind the different gender-specific heritabilities are unknown although it may result from parent-of-origin effects, interaction with sex chromosomes and the sex-specific hormonal environment. It is worth considering sex-specific genetic effects in future association studies of Disease@MESH:D009437. There are some reports indicating that genetic effects are different between genders in determining Disease@MESH:D010146. Experiments in mice found that the Gene@17199 gene mediates kappa-opioid Disease@MESH:D000699 in female mice only. Correspondingly in a human study, females with two variant Gene@4157 alleles showed greater analgesic responses from the kappa-opioid, pentazocine, than males and females who did not have the variant alleles. In addition, polymorphisms in the Gene@4988 gene have been reported to be associated with pressure-related Disease@MESH:D010146 sensitivity in men but not in women. Sato et al found that there were significant associations between the opioid receptor genes (Gene@4988, Gene@4985 and opioid Gene@4986) and experimental Disease@MESH:D010146 sensitivity. Our results showing genetic differences associated with Disease@MESH:D009437 between genders are consistent with these findings, though the biological mechanisms remain unclear and highlight the need for further research in this area. The heritability of Disease@MESH:D009437 has been calculated as around 30% in rat models, similar to that measured here among men, though twice that found among women.", "type": "paragraph"}, {"sent": "Using an additive model integrated in the CaTS, we had 80% power for the overall dataset (961 cases and 3260 controls), assuming a minor disease allele frequency of 0.20, a genotypic relative risk for this variant of 1.31, a prevalence of Disease@MESH:D009437 in the Disease@MESH:D003920 population of 0.25, and the significance level is 10- 6. In our previous analysis, our case definition also included evidence of Disease@MESH:D009422, based on recorded results of monofilament testing. As we did not consider the results of monofilament testing in this study, our case definition was more inclusive and therefore less specific. Although there are power benefits of including more cases, there is also a possibility that Disease@MESH:D009437 with and without Disease@MESH:D009422 evidence might have separate genetic risk markers, as well as shared genetic mechanisms. No studies have been reported examining whether there is any genetic difference between Disease@MESH:D009437 with and without Disease@MESH:D009422 evidence. The peaks we have identified in this paper could reflect some 'general' genetic mechanisms of Disease@MESH:D009437 while the different peaks identified in our previous GWAS may be specifically associated with Disease@MESH:D009437 with Disease@MESH:D009422 evidence. In other disorders, a phenotype and its subtypes have been shown to have both shared and different genetic risks. Similarly, we did not remove those who were prescribed strong opioid drugs from the control group since opioid drugs are neither indicated first- or second-line treatments, nor commonly used to treat Disease@MESH:D003929. A good phenotype, endophenotype and subgroup definition should aim to reflect the underlying genetic mechanisms", "type": "paragraph"}, {"sent": "There are some recent GWAS published in the field of Disease@MESH:D010146 research. A locus between Gene@22948 and Gene@134145 located at Chr5p15.2 has been proposed to be associated with chronic widespread Disease@MESH:D010146. Gene@51347 was suggested to be associated with morphine requirement and Disease@MESH:D010149 in a retrospective paediatric day surgery population. Mutation@Rs11127292 in the Gene@23040 was found to be associated to Disease@MESH:D005356 with low comorbidities. Another GWAS study suggested Mutation@rs2952768 in the Chr2q33.3 was involved with analgesic requirements in humans. These GWAS have shed light on the elucidation of the genetic pathways for Disease@MESH:D010146 while further research is needed, including replication studies, functional studies, and agreement on feasible, valid and reproducible phenotype ascertainment", "type": "paragraph"}, {"sent": "The limitations of our study include that the P values of tops SNPs are only close to GWAS significance but yet reached; no replication study to confirm the results; though the case definition is matched with those used epidemiological studies, we might misclassify some cases who have Disease@MESH:D009437 but not prescribed medications into controls; we might also misclassify an individual into a control group who uses opioid to treat Disease@MESH:D009437", "type": "paragraph"}, {"sent": "We have provided genetic evidence that SNPs in Chr1p35.1 (Gene@7579-Gene@100131451) and Chr8p23.1 (Gene@100419978) may be involved with Disease@MESH:D009437 in Disease@MESH:D003920. Sex-specific associations are also suggested. Our findings should be treated with caution and, while we have also presented their consistency with known biological factors, they can only guide the nature of future research, which will be based on the findings reported in this paper. Any replication of our findings will help to confirm hypothesised pathways involved in the genetic mechanisms of Disease@MESH:D009437 and provoke research on new potential drug targets for the treatment of Disease@MESH:D010146", "type": "paragraph"}, {"sent": "Q-Q plot expected and observed log10(1/P) values. Only SNPs with P values less than 0.01 were used and P values were multiplied to 100 before plotting", "type": "fig_caption"}, {"sent": "The following is the supplementary data related to this article", "type": "paragraph"}, {"sent": "Supplementary data to this article can be found online at http://dx.doi.org/10.1016/j.ebiom.2015.08.001", "type": "paragraph"}, {"sent": "WM analysed the data and prepared the manuscript. Disease@MESH:D006816 contributed to the imputation dataset. YL contributed to e-health linkage dataset. HC read the paper and provided suggestions to the discussion. NT and CP reviewed the paper and made a contribution to the discussion. BS contributed to the design of the study, and contributed significantly to the manuscript", "type": "paragraph"}, {"sent": "Funding sources did not have any involvement in the study design; the collection, analysis and interpretation of data; writing of the report; or the decision to submit the article for publication", "type": "paragraph"}, {"sent": "Manhattan plot of the GWAS on Disease@MESH:D009437 in the overall dataset", "type": "fig_caption"}, {"sent": "X axis represents 22 autosomes. Y axis means the -log10 of P values. The blue line is the cut-off P value of 10- 6. Cases and controls included 961 and 3260 samples, respectively. (Only SNPs whose P < 0.01 were used to make the plot)", "type": "fig_caption"}, {"sent": "Manhattan plot of the GWAS on Disease@MESH:D009437 in the female only dataset", "type": "fig_caption"}, {"sent": "X axis represents 22 autosomes. Y axis means the -log10 of P values. The blue line is the cut-off P value of 10- 6. Cases and controls included 491 and 1239 individuals, respectively", "type": "fig_caption"}, {"sent": "(Only SNPs whose P < 0.01 were used to make the plot)", "type": "fig_caption"}, {"sent": "Manhattan plot of the GWAS on Disease@MESH:D009437 in the male only dataset", "type": "fig_caption"}, {"sent": "X axis represents 22 autosomes. Y axis means the -log10 of P values. The blue line is the cut-off P value of 10- 6. Cases and controls included 470 and 2021 individuals, respectively", "type": "fig_caption"}, {"sent": "(onLy SNPs whose P < 0.01 were used to make the plot)", "type": "fig_caption"}, {"sent": "Significant SNPs in the overall, female only and male only dataset", "type": "table_caption"}]}