{"sentences": [{"sent": "Advanced glycation end-products (AGEs) are a diverse group of molecules produced by the non-enzymatic addition of glucose to proteins, lipids, and nucleic acids. AGE levels have been associated with Disease@MESH:D006943 and Disease@MESH:D003925, especially in animal models, but less clearly in human studies. We measured total serum AGEs using an enzyme linked immunosorbant assay (ELISA) in 506 subjects from 246 families in the Disease@MESH:D003920 Heart Study (DHS)/Disease@MESH:C566369 Study (n= 399 type 2 Disease@MESH:D003920(T2D)-affected). Single nucleotide polymorphisms (SNPs) in several candidate genes, including known AGE receptors, were tested for their influence on circulating AGE levels. The genetic analysis was expanded to include an exploratory genome-wide association study (GWAS) and exome chip analysis of AGEs ( 440,000 SNPs). AGEs were found to be highly heritable (h2 = 0.628, p=8.96x10-10). While no SNPs from candidate genes were significantly associated after Bonferroni correction, Mutation@rs1035798 in the gene Gene@177 was the most significantly associated (p=0.007). Additionally, Mutation@rs7198427, in Gene@4489, showed a nominally significant p-value (p=0.0099). No SNPs from the GWAS or exome studies were identified after correction for multiple comparisons; however, Mutation@rs17054480 in the PALLD2 gene on chromosome 4 showed the strongest association (p=7.77x10-7). Five SNPs at two loci (Gene@122961/Gene@10577 and Gene@254170) had p-values of less than 2.0x10-5 and three additional SNPs (Mutation@rs716326 in Gene@140733, and Mutation@rs6795197 and Mutation@rs6765857 in Gene@253461) showed a nominal association with p-values of less than 1.0x10-5. These findings provide a foundation for further investigation into the genetic component of circulating AGEs", "type": "abstract"}, {"sent": "Advanced glycation end products (AGEs) are a diverse, heterogenous class of molecules, formed through the non-enzymatic glycation and oxidation of proteins, lipids, and nucleic acids. AGEs have been implicated in a wide range of diseases and phenotypes and are a major pathway of interest in complications of Disease@MESH:D003924 (T2D). AGE formation is accelerated in T2D- Affected individuals due to increased concentration of circulating glucose. Previous investigations in Disease@MESH:D003920 cohorts have associated AGEs with cardiovascular outcomes, Disease@MESH:D003928, Disease@MESH:D012164, and Disease@MESH:D009422. In addition, AGEs have been shown to be associated with a number of clinical measures and behaviors including estimated glomerular filtration rate (eGFR), soluble Gene@7412 [van Eupen, et al. 2013], body mass index (BMI), and smoking", "type": "paragraph"}, {"sent": "While there are numerous association studies investigating the relationship between AGE levels and Disease@MESH:D003925, there are relatively few prior studies investigating the genetics influencing AGE levels. AGEs were previously reported to be heritable and, in addition, single nucleotide polymorphisms (SNPs) in Gene@177 (Gene@177; Receptor for Advanced Glycation End Products) and Gene@4489 (Gene@4489) were observed to be associated with AGE levels. However, there are additional AGE receptors that represent potential candidates for genetic analyses, including Gene@1650 (Oligosaccharyl Transferase-48), Gene@5589 (Gene@5589 Gene@5589), AGE-R3/ Gene@3958, and Gene@4481 (macrophage scavenger receptors type I and type II). We have evaluated heritability of AGEs and then conducted genetic association analyses with AGE levels in the Disease@MESH:D003920 Heart Study (DHS)/DHS Mind Study cohort, an ongoing genetic and epidemiological analysis of families enriched for type 2 Disease@MESH:D003920 with extensive genetic data", "type": "paragraph"}, {"sent": "The DHS is a family-based study examining risk for macrovascular and other complications in T2D. Briefly, the DHS includes siblings concordant for T2D but without advanced Disease@MESH:D051437. When possible, unaffected siblings were also recruited. T2D was clinically defined as Disease@MESH:D003920 developing after the age of 35 years and initially treated with oral agents and/or diet and exercise, in the absence of historical evidence of Disease@MESH:D007662. Diagnoses were confirmed by measurement of fasting blood glucose and glycosylated hemoglobin (HbA1c). Extensive measurements of Disease@MESH:D002318 (CVD) risk factors were obtained during baseline exams, which occurred from 1998 to 2006. Ascertainment and recruitment have been previously described in detail", "type": "paragraph"}, {"sent": "The Disease@MESH:C566369 is an ancillary study to the DHS that included a cognitive testing component and brain magnetic resonance imaging (MRI). The purpose was to investigate the relationships between cognitive function, brain imaging, and Disease@MESH:D000783 in T2D. Participants from the original DHS investigation were re-examined on average 6.7 +- 1.6 years after their initial visit. Participant examinations were conducted in the General Clinical Research Center of the Wake Forest Baptist Medical Center. Study protocols were approved by the Institutional Review Board at Wake Forest School of Medicine and all study procedures were carried out in accordance with the Declaration of Helsinki. All participants provided written informed consent before participation", "type": "paragraph"}, {"sent": "Total serum AGEs were measured using a competitive enzyme linked immunosorbant assay (ELISA) (Lifeome Biolabs; Oceanside, CA). The ELISA was run according to the manufacturer's recommendations using stored serum. The ELISA uses a monoclonal antibody that is specific to AGEs. This ELISA has a minimum detectable dose of AGEs less than 35.2 ng/ml. Intra-assay and inter-assay precision was 2.0% and 22.5%, respectively", "type": "paragraph"}, {"sent": "Additional SNPs, predominately low-frequency and rare coding SNPs, were also captured by the Illumina HumanExome BeadChips v.1.0 (Illumina Inc., San Diego, CA) for which genotype data was available in the DHS. For DHS exome chip data, genotype calling was completed using Genome Studio Software Gene@28811.4 (Illumina). Samples failing to meet a minimum acceptable call rate of 98% (n=3) were excluded from further analyses. An additional 58 samples were included as blind duplicates within the genotyping set to serve as QC samples; the concordance rate for blind duplicates was 99.9 +-0.0001% (mean+- standard deviation (SD)). Exclusion criteria for SNP performance included call rate < 95% (n=972), SNPs with 5 or fewer observances (n=204,273) and Hardy-Weinberg Equilibrium (HWE) p-value <1x10-6 (n=26); 41,961 SNPs were retained for analysis. Additional QC of exome chip data set was completed to exclude samples with poor quality genotype calls, gender errors, or unclear/unexpected sibling relationships", "type": "paragraph"}, {"sent": "Genomic DNA was purified from whole-blood samples obtained from subjects using the PUREGENE DNA isolation kit (Gentra Systems., Minneapolis, MN). DNA was quantitated using standardized fluorometric readings on a Hoefer DyNA Quant 200 fluorometer (Hoefer Pharmacia Biotech, Inc., San Francisco, CA)", "type": "paragraph"}, {"sent": "A genome-wide association study (GWAS) was completed using the Affymetrix Genome-wide Human SNP Array 5.0 (Affymetrix, CA, USA) as reported. Genotype calling was completed using the BRLLM-P algorithm in Genotyping Console v4.0 (Affymetrix). Samples failing to meet an intensity quality control (QC) threshold and those failing to meet a minimum acceptable call rate of 95% were excluded from further analyses (n=7). An additional 39 samples were included as blind duplicates within the genotyping set to serve as QC samples; the concordance rate for these blind duplicates was 99.0 +-0.72% (mean+- SD). Exploratory analyses of genotype data were performed using PLINK v. 1.07 (http://pngu.mgh.harvard.edu/purcell/plink/) and samples with poor quality genotype calls, gender errors, or unclear/unexpected sibling relationships were excluded from further analysis. Exclusion criteria for SNP performance included call rate < 95% (n=11,085), HWE p-value < 1x10-6 (n=332), and minor allele frequency (MAF) < 0.01 (n=57,382); 371,951 SNPs were retained for analysis", "type": "paragraph"}, {"sent": "Heritability estimates for AGEs were assessed in 506 related individuals from 245 families that had AGE measures. The AGE measurements were natural log transformed to approximate the normality assumptions of the analysis. To determine the contribution of genetic factors to AGE levels, the data in family members were analyzed using Sequential Oligogenic Linkage Analysis Routines (SOLAR) v6.3.4 (Texas Biomedical Research Institute, San Antonio, TX, USA). SOLAR performs a variance components analysis of family data where the total phenotypic variation is partitioned into genetic and nongenetic sources of variation. This approach has been used previously in the DHS. To minimize the bias associated with shared environmental factors, the estimates of heritability (h2) were based on all available family data and were controlled for covariates related to AGEs including age, gender, BMI, eGFR, T2D affected status, and smoking status (current or former). Five models were developed that incorporated an increasing number of covariates to determine the extent that genetic factors contribute to variation in AGE levels independent of other confounding variables. The first model was unadjusted. The second model was adjusted for age and gender. The third model was adjusted for age, gender, and BMI. The fourth was adjusted for age, gender, BMI, and eGFR. The fifth model was the fully adjusted model and included age, gender, BMI, eGFR, T2D-affected status, and a history of smoking. The significance of the heritability estimates was obtained by likelihood ratio tests", "type": "paragraph"}, {"sent": "Genetic association was run using SOLAR v6.3.4 (Texas Biomedical Research Institute, San Antonio, TX) which uses variance component methods to account for family structure. AGE measures were natural log transformed prior to analysis to approximate conditional normality. Covariates used in the analysis were age, gender, BMI, T2D affected status, eGFR, and smoking history. All analyses were run using the additive model of inheritance. The Bonferroni corrected p - value for significance for the 121 candidate gene SNPs was set at 0.00041 (alpha=0.05/121). Similarly, the p - value for significance for the GWAS and exome chip associations was set at 1.21x10-7 after correcting for multiple comparisons based upon the number of SNPs (413,912) investigated", "type": "paragraph"}, {"sent": "Demographic characteristics of the 506 individuals included in this study are shown in Table 1. Briefly, the average age was 67 years old and just over half of the participants were female (55.3%). The individuals were on average overweight or Disease@MESH:D009765 with an average BMI of 31.5kg/m2. Approximately 79% of the individuals were affected by T2D with average Disease@MESH:D003920 duration of 16.6 years. The DHS cohort is broadly representative of T2D-affected patients in the general population: older, relatively Disease@MESH:D009765, and with significant risk factors and history of CVD and kidney function decline", "type": "paragraph"}, {"sent": "A heritability analysis was performed on AGEs (Table 2). This analysis was run using a variety of covariates. First, with no covariates included, AGEs were not found to be heritable (h2 =0.045 p=0.291). However, as applicable covariates were added, the heritability estimate became increasingly more significant. When age and sex were included in the analysis as covariates the h2 increased to 0.084 (p=0.167); addition of BMI increased the heritability estimate further to 0.114 (p=0.093). After adjusting for commonly used covariates including age, sex, BMI and eGFR in model 4, heritability reached statistical significance (h2=0.317, p=5.75x10-4). AGE levels were highly heritable in the fully adjusted model when accounting for age, gender, BMI, eGFR, T2D affected status, and current/former smoking status (h2=0.628, p=8.96x10-10) (Table 2)", "type": "paragraph"}, {"sent": "We performed an association analysis using 121 SNPs genotyped on the GWAS and exome chips from known AGE receptor genes including, Gene@177 (Gene@177), Dolichyl-Diphosphooligosaccharide-Protein Glycosyltransferase Subunit (non-catalytic) (Gene@1650), Gene@5589 (Gene@5589), Galactoside-Binding, Soluble, 3 (Gene@3958), and Gene@4481 (Gene@4481) genes. All polymorphic SNPs in the genes (+- 20 kb) from the GWAS and exome chips were included in this analysis. In addition to the receptor genes, Gene@4489 (Gene@4489) was included based upon prior literature that observed an association with AGE levels. We did not find significant associations of any of the candidate SNPs with AGEs after adjusting for multiple comparisons (threshold p < 0.00041) (Table 3). Thirty-three SNPs had a p < 0.25 and are shown in Table 3, including 8 variants with a p < 0.05. The top SNP was Mutation@rs1035798 in the Gene@177 gene (p=0.007). The next most significant variant was a SNP in the Gene@4489 gene, Mutation@rs7198427 (p=0.0099). Gene@1650 contained one SNP with a p<0.05, Mutation@rs113092523. Top SNPs in other candidate genes did not reach p<0.05 (Gene@4481, Mutation@rs10503574, p=0.052; Gene@5589, Mutation@rs17426435, p=0.054; and Gene@3958, Mutation@rs11125, p=0.22)", "type": "paragraph"}, {"sent": "No SNP reached conservative levels of statistical significance (threshold p<1.23x10-7). The top results are shown in Table 4. The most significant SNPs were exonic, missense variants in the Chitinase, acidic (Gene@27159) gene on chromosome 1 (Mutation@rs41282492, p=4.1x10-5; Mutation@rs41282494, p=4.1x10-5; Mutation@rs41282496, p=4.1x10-5) (Table 4). Three additional SNPs had p < 1.0x10-4; Mutation@rs10805470 (intergenic, p=4.9x10-5), Mutation@rs139025377 (DEAD (Asp-Glu-Ala-Asp) box polypeptide Gene@57823 [Gene@55308], p=7.4x10-5), and Mutation@rs147902167 (Gene@127294 [Gene@127294], p=8.1x10-5) (Table 4). Fig. 1 shows a Manhattan plot of the results from the exome chip analysis of AGEs", "type": "paragraph"}, {"sent": "There were no SNPs from the GWAS that reached statistical significance (threshold p < 1.23x10-7). The most significant SNP associated with AGE levels was Mutation@rs17054480 (p=7.77x10-7), an intronic SNP in the cytoskeletal associated protein (Gene@23022) gene on chromosome 4 (Table 5). There were 3 SNPs with p < 1x10-5 surrounding the Gene@10577 (Gene@10577) and iron-sulfur cluster assembly 2(Gene@122961) genes on chromosome 14 (Mutation@rs11159086, p=2.70x10-6; Mutation@rs4899514, p=4.18x10-6; Mutation@rs1029701, p=9.11x10-6) (Table 5). Four additional SNPs showed nominal association with p < 1x10-5 including Mutation@rs4454866 in the Gene@254170 (Gene@254170) gene (p=5.07x10-6), Mutation@rs716316 in the Gene@140733 (Gene@140733) gene (p=7.53x10-6), Mutation@rs679597 (p=8.42x10-6), and Mutation@rs6765857 (p=9.32x10-6) in the zinc finger and BTB domain containing 38 (Gene@253461) gene (Table 5). There were 52 additional SNPs that were nominally associated with a p < 1x10-4 (Table S1). Fig. 2 shows a Manhattan plot of the results from the GWAS analysis of AGEs", "type": "paragraph"}, {"sent": "In this study we evaluated heritability and genetic association between polymorphisms in specific genes and genome wide data with AGEs in a sample with a high prevalence of Disease@MESH:D003920. Only one other study has calculated heritability for AGE levels and that for a specific type of AGE, Nepsilon-carboxymethyl lysine (Disease@MESH:D015464) which was highly heritable (h2 = 0.74). In the study, Leslie et al. observed a higher correlation of Disease@MESH:D015464 levels in monozygotic twins compared to dizygotic twins. Importantly, heritability of fasting glucose and HbA1c did not explain the Disease@MESH:D015464 heritability. The results of the current study are consistent with this; in the fully adjusted model we showed that circulating AGE levels are highly heritable (h2 = 0.628), suggesting that there is a substantial genetic component to not just Disease@MESH:D015464 levels, but also total AGEs quantitated by ELISA", "type": "paragraph"}, {"sent": "Most of the prior genetic association studies for AGE levels have focused on a few candidate genes, most notably the receptor for advanced glycation end products (Gene@177) gene (Gene@177) on chromosome 6. Several previous studies have shown evidence of an association between polymorphisms in Gene@177 and circulating AGE levels. Bansal et al. found that the serine allele of Mutation@rs2070600 (Gly82Ser) and Mutation@rs1800625 (C allele) were associated with increased AGEs. Jang et al., on the other hand, found that the individuals with the G/G genotype at Mutation@rs2070600 had increased levels of AGEs. There are additional AGE receptors including Gene@1650 or Oligosaccharyl Transferase-4 coded by the Gene@1650 (Dolichyl- Diphosphooligosaccharide-Protein Glycosyltransferase Subunit (non-catalytic)) gene, Gene@5589 (80 K-H phosphoprotein (Protein kinase C substrate)) which is coded by the Gene@5589 (Gene@5589) gene, AGE-R3 (Gene@3958) coded by the Galactoside-Binding, Soluble, 3 (Gene@3958) gene, and macrophage scavenger receptors type I and type II (Gene@4481) coded by the Gene@4481 (Gene@4481) gene, none of which, to our knowledge, have shown genetic associations with circulating AGE levels. In addition to Gene@177, Gene@4489 (Gene@4489) contains a SNP (Mutation@rs8052394) that was previously found to be associated with AGE levels; individuals with the G allele had increased levels of AGEs compared to individuals with the AA genotype. Significantly, to date, there are no GWAS or exome chip studies investigating circulating AGE levels", "type": "paragraph"}, {"sent": "In the present study we investigated potential associations with SNPs in and near multiple AGE receptor protein genes and genes suspected of influencing AGE levels. Several nominal associations were observed. Of particular interest is the association (p = 0.0073) of AGE levels with SNP Mutation@rs1035798 located in Gene@177. Although the function of this SNP is unknown, recent studies observed Mutation@rs1035798 to be associated with Disease@MESH:D059345 and Disease@MESH:D002318. Gene@177 is a member of the immunoglobulin superfamily and is the best characterized of the known and suspected AGE receptors. AGE interactions with Gene@177 mediate diverse cellular functions, possibly functioning as a promotion factor for pathologic conditions. Significantly less is known of the other AGE receptors, but it is suggested that they function moreso in AGE clearance and detoxification versus transduction of intracellular signaling", "type": "paragraph"}, {"sent": "With an appreciation of the limited power due to a small sample size, we further expanded our investigation to a full GWAS and exome chip study. The top hit SNP was an intronic SNP in the Gene@23022 gene (Mutation@rs17054480, p-7.77x10-7) (Table 4). Gene@23022 codes for an actin associated protein, Gene@23022, involved in cytoskeleton morphology. Specifically, Gene@23022 is involved in the control of the cell shape, adhesion, and contraction and may play a role in cardiovascular pathology. Other nominal associations highlighted the Gene@10577 and Gene@122961 genes, involved in cholesterol transport and the maturation of mitochondrial sulfur proteins, respectively", "type": "paragraph"}, {"sent": "Further studies need to be performed to investigate AGEs in more depth. This study investigated global AGE levels; however, AGEs are a diverse set of molecules. Directly measuring these individual molecules may lead to an increased understanding of AGE genetics. In conclusion, we found that AGEs are a highly heritable trait, but were unable to identify any specific genetic components of circulating AGE levels. We saw nominal associations between SNPs in candidate genes and AGE levels, but no SNP from either the GWAS or exome chip reached statistical significance. Additional studies with increased sample size and using a more sophisticated measure of AGEs may yield stronger results", "type": "paragraph"}, {"sent": "Manhattan Plot of Exome Chip Association Results for Advanced Glycation End Product Level", "type": "fig_caption"}, {"sent": "Manhattan Plot of Genome-Wide Association Results For Advanced Glycation End Product Level", "type": "fig_caption"}, {"sent": "Association Results for Advanced Glycation Endproduct Receptor Candidate Variants with Advanced Glycation Endproduct Level", "type": "table_caption"}, {"sent": "Most Significant Association Results from Exome Chip Analysis for Advanced Glycation Endproduct Level", "type": "table_caption"}, {"sent": "Most Significant Association Results of Genome-wide Association Study for Advanced Glycation Endproduct Level", "type": "table_caption"}, {"sent": "Advanced glycation end products were found to be highly heritable", "type": "paragraph"}, {"sent": "Genetic analysis of candidate genes showed evidence of genetic influences on AGEs", "type": "paragraph"}, {"sent": "GWAS and exome chip analysis showed nominal association with AGEs", "type": "paragraph"}]}