{"sentences": [{"sent": "Cerebrospinal fluid (CSF) 42 amino acid species of Gene@351 (Abeta42) and Gene@4137 levels are strongly correlated with the presence of Disease@MESH:D000544 (Disease@MESH:D000544) neuropathology including amyloid plaques and Disease@MESH:D019636 and have been successfully used as endophenotypes for genetic studies of Disease@MESH:D000544. Additional CSF analytes may also serve as useful endophenotypes that capture other aspects of Disease@MESH:D000544 pathophysiology. Here we have conducted a genome-wide association study of CSF levels of 59 Disease@MESH:D000544-related analytes. All analytes were measured using the Rules Based Medicine Human DiscoveryMAP Panel, which includes analytes relevant to several disease-related processes. Data from two independently collected and measured datasets, the Knight Disease@MESH:D000544 Research Center (ADRC) and Disease@MESH:D000544 Neuroimaging Initiative (ADNI), were analyzed separately, and combined results were obtained using meta-analysis. We identified genetic associations with CSF levels of 5 proteins (Gene@1636 (Gene@1636), Gene@6347 (Gene@6347), Gene@6351 (Gene@6351), Gene@3570 (Gene@3570) and Gene@4314 (Gene@4314)) with study-wide significant p-values (p<1.46x10-10) and significant, consistent evidence for association in both the Knight ADRC and the ADNI samples. These proteins are involved in amyloid processing and pro-inflammatory signaling. SNPs associated with Gene@1636, Gene@3570 and Gene@4314 protein levels are located within the coding regions of the corresponding structural gene. The SNPs associated with CSF levels of Gene@6351 and Gene@6347 are located in known chemokine binding proteins. The genetic associations reported here are novel and suggest mechanisms for genetic control of CSF and plasma levels of these disease-related proteins. Significant SNPs in Gene@1636 and Gene@4314 also showed association with Disease@MESH:D000544 risk. Our findings suggest that these proteins/pathways may be valuable therapeutic targets for Disease@MESH:D000544. Robust associations in cognitively normal individuals suggest that these SNPs also influence regulation of these proteins more generally and may therefore be relevant to other diseases", "type": "abstract"}, {"sent": "The use of quantitative endophenotypes from cerebrospinal fluid has led to the identification of several genetic variants that alter risk or rate of progression of Disease@MESH:D000544. Here we have analyzed the levels of 58 disease-related proteins in the cerebrospinal fluid for association with millions of variants across the human genome. We have identified significant, replicable associations with 5 analytes, Gene@1636, Gene@6347, Gene@6351, Gene@3570 and Gene@4314. Our results suggest that these variants play a regulatory role in the respective protein levels and are relevant to the inflammatory and amyloid processing pathways. Variants in associated with Gene@1636 and those associated with Gene@4314 levels also show association with risk for Disease@MESH:D000544 in the expected directions. These associations are consistent in cerebrospinal fluid and plasma and in samples with only cognitively normal individuals suggesting that they are relevant in the regulation of these protein levels beyond the context of Disease@MESH:D000544", "type": "abstract"}, {"sent": "Cerebrospinal fluid (CSF) contains promising biomarkers for neurological and Disease@MESH:D001523 such as Disease@MESH:D000544 (Disease@MESH:D000544), Disease@MESH:D012559, and Disease@MESH:D010300. The brain directly and rapidly influences the composition of CSF, and as such, CSF analytes may provide insights into Disease@MESH:D001523 pathways that may not be identifiable using blood or other biological fluids", "type": "paragraph"}, {"sent": "The use of endophenotypes in genome-wide association studies (GWAS) has provided novel insights into pathways and proteins that are associated with Disease@MESH:D000544 onset and progression. We have demonstrated the utility of CSF amyloid-beta (Gene@351), Gene@348 (Gene@348) and Gene@4137 levels as endophenotypes for genetic studies of Disease@MESH:D000544. In our most recent work we used nearly 1,300 samples to conduct a GWAS with CSF Gene@4137 levels. In that study, Cruchaga et al. identified three genome-wide significant loci, including Mutation@rs9877502, which also showed a consistent association with Disease@MESH:D000544 risk, tangle pathology, and global Disease@MESH:D003072 in independent datasets. The success of these and other similar efforts has led to broader efforts to develop and leverage datasets of this type", "type": "paragraph"}, {"sent": "While amyloid plaques and neurofibrillary tangles are the primary pathological features of Disease@MESH:D000544, genetic, clinical, and animal studies demonstrate that endocytosis, cholesterol metabolism, and inflammatory and immune responses also play an important roles in Disease@MESH:D000544 pathogenesis. To further leverage the advantages of the endophenotype based approach, we have sought to use analytes related to these other aspects of Disease@MESH:D000544 pathology. For this work we have obtained data from the Rules Based Medicine, Inc. (Gene@347598) (Austin, TX) Human DiscoveryMAP Panel. This panel includes over 175 analytes selected from the constellation of known cytokines, chemokines, metabolic markers, hormones, growth factors, tissue remodeling proteins, angiogenesis markers, acute phase reactants, Disease@MESH:D009369 markers, Disease@MESH:D007674 markers, and central nervous system biomarkers. Analytes were quantitatively measured in CSF samples from 574 samples (including both cognitively normal and demented individuals) from two independent datasets to identify novel phenotypes that may contribute to the pathogenesis of Disease@MESH:D000544. After careful quality control and evaluation of the literature we selected 59 Disease@MESH:D000544-related analytes for analysis in genome-wide association studies. We identified genome-wide significant associations between putatively functional SNPs and five phenotypes (Gene@1636 (Gene@1636), Gene@6347 (Gene@6347), Gene@6351 (Gene@6351), Gene@3570 (Gene@3570) and Gene@4314 (Gene@4314)). The genetic basis of variance in these important disease-related analytes may provide insights into the mechanisms contributing to Disease@MESH:D000544 and other human diseases", "type": "paragraph"}, {"sent": "From the combined GWAS on 59 phenotypes with connections to Disease@MESH:D000544 in our literature search (table 1) and with 5.8M SNPs (table 1), we identified 335 SNPs associated with five CSF phenotypes where p<1.47x10-10 (Bonferroni correction for 342 million tests) and other filtering criteria (see Methods: Statistical Analysis) were met (Table S1). At least one study-wide significant marker was directly genotyped (not imputed) for each locus that showed association. While there were other genome-wide significant associations with several of the other 54 phenotypes, these signals did not meet the additional filtering criteria. At least one SNP met the study-wide significance level (1.46x10-10) for each of the five phenotypes discussed in detail below (Table 2). All associations were robust to adjustment for Gene@348 epsilon4 genotype and CDR. In addition, all associations were qualitatively stable in clinical case/control strata as well as in strata approximating presence or absence of amyloid deposition based on CSF Abeta42 levels (Table 3). The most significant marker for each phenotype, all SNPs in the associated regions with putative function, and markers with previous records in the National Human Genome Research Institute (NHGRI) catalog of published genome-wide association studies (downloaded November 19th, 2013; http://www.genome.gov/gwastudies/) are listed in Table 2. P-values of all SNPs in the region surrounding each significant association are plotted in Figure 1. Manhattan plots for the five phenotypes can be found in supplementary figures S1-S5. Detailed descriptions of each gene can be found in Text S1", "type": "paragraph"}, {"sent": "A) region of Mutation@rs4968782 (Gene@1636), B) region of rs2228467 (Gene@6347), C) region of Mutation@rs6808835 (Gene@6351), D) region of Mutation@rs61812598 (Gene@3570), E) region of Mutation@rs573521 (Gene@4314). The top SNP for each region is shown in purple. The correlations (r2) of each of the surrounding SNPs to the top SNP are shown in the indicated colors. Recombination rate is shown in blue. SNP annotation is as follows: circle = framestop, square-splice, diamond = nonsynonymous, triangle = coding, inverted triangle = UTR, X = conserved transcription factor binding, square with X = MCS44Placental, star = no annotation, circle with crosshairs = none", "type": "fig_caption"}, {"sent": "We observed a significant association between CSF Gene@4314 and Gene@6347 and gender, where both analytes were lower in females relative to males in cognitively normal samples from both ADNI and the Knight ADRC. We also observed significantly increased Gene@4314 and Gene@6347 levels with increasing age in cognitively normal samples from both ADNI and the Knight ADRC. We failed to detect consistent association in both the ADNI and Knight ADRC samples with plasma levels of these analytes and age or gender. Full results including slopes of the regression models can be found in table S2 (CSF results) and table S3 (plasma results)", "type": "paragraph"}, {"sent": "We identified seven SNPs significantly associated with Gene@1636 levels in CSF (Figure 1A). The minor allele of Mutation@rs4968782 was associated with higher ACE CSF protein levels (p = 3.94x10-12) and explains 11% of the variance in CSF Gene@1636 levels. The signal was consistent in cases/controls and in CSF Abeta42 strata defining presence/absence of Ass pathology and was also observed between this SNP and plasma Gene@1636 levels (p = 7.93x10-16). A synonymous substitution in the Gene@1636 gene, Mutation@rs4343 (Mutation@rs4968782/Mutation@rs4343: r2 = 0.93; D' = 1.0), was also associated with Gene@1636 levels in CSF and plasma (p = 3.71x10-8; p = 1.10x10-8, respectively). CSF and plasma levels of Gene@1636 showed a significant and moderate correlation (Pearson's correlation coefficient = 0.28, p = 4.86x10-6). Another synonymous substitution, Mutation@rs4316 is also in high LD with these markers and shows significant association with CSF and plasma levels of Gene@1636 (see table 3). Both Mutation@rs4343 and Mutation@rs4316 are predicted as \"likely to affect binding transcription factors\" by RegulomeDB. None of these SNPs remained significant after conditioning upon the others. Rs4343 also appears in the NHGRI GWAS catalog associated with increased Gene@1636 activity levels in Gene@325. Association with Disease@MESH:D000544 status was observed (all four SNPs p<0.0075) in 17,008 Disease@MESH:D000544 cases and 37,154 controls from the International Genomics of Disease@MESH:D000544's Project (IGAP) as described by Lambert et al and accessible at http://www.pasteur-lille.fr/en/recherche/u744/igap/igap_download.php . For each of the four Gene@1636 SNPs, Mutation@rs4968782, Mutation@rs4459609, Mutation@rs4316 and Mutation@rs4343, the same allele was associated with increased Gene@1636 levels and decreased risk for Disease@MESH:D000544 (table 3)", "type": "paragraph"}, {"sent": "We identified one SNP, rs2228467, which results in a non-synonymous change (Mutation@rs2228467) in the Gene@1238 (Gene@1238) that is associated with increased Gene@6347 protein levels (CSF p = 3.71x10-18). This marker accounts for 13% of the variance in CSF Gene@6347 levels. Other SNPs in this region with moderate linkage disequilibrium (LD) also showed strong, but not study-wide significant, associations (Figure 1B). The association of rs2228467 with CSF levels of Gene@6347 remained significant in cases/controls and in CSF Abeta42 strata defining presence/absence of Gene@351 pathology and was nominally associated with Gene@6347 levels in plasma (table 3). CSF and plasma Gene@6347 levels were significantly correlated (Pearson's correlation coefficient = 0.23, p = 1.93x10-4). Both SIFT and PolyPhen2 predicted the rs2228467 Mutation@rs2228467 change to be damaging. The IGAP analysis failed to detect association between rs2228467 and risk for Disease@MESH:D000544 (table 3). We failed to detect association between CSF Gene@6347 levels and Disease@MESH:D000544 status (p = 0.90). This SNP was not associated with other phenotypes in the NHGRI GWAS catalog", "type": "paragraph"}, {"sent": "We identified 66 polymorphisms associated with Gene@6351 levels in CSF. This is a trans effect, all associated SNPs are located within a 187 kb region of chromosome 3 surrounding the Gene@9034 (Gene@9034) gene (figure 1C). The most significant association was observed with Mutation@rs6808835 (p = 1.59x10-13). A non-synonymous SNP in the Gene@9034 gene, Mutation@rs6441977 (Mutation@rs6808835/Mutation@rs6441977: r2 = 0.93; D' = 1.0), results in a Mutation@rs6441977 substitution and shows significant association with CSF Gene@6351 levels in the combined sample (p = 7.66x10-11) with Gene@6351 levels decreasing with each copy of the minor allele. This SNP explains 10% of the variance in CSF Gene@6351 levels. Several significant, intergenic markers in this same region are predicted as \"likely to affect transcription factor binding and gene expression\" (Mutation@rs6762266, Mutation@rs11575821, Mutation@rs11574428) and \"likely to affect transcription factor binding\" (Mutation@rs113263161, Mutation@rs3092960) using RegulomeDB. None of these SNPs remained significant after conditioning upon the others. In addition to the association in the total dataset, this SNP shows consistent association in cases/controls, in CSF Abeta42 strata defining presence/absence of Gene@351 pathology and with Gene@6351 levels in plasma (table 3). CSF and plasma levels of Gene@6351 were significantly correlated (Pearson's correlation coefficient = 0.37, p = 6.59x10-10). SIFT and PolyPhen 2 predicted the amino acid change to be benign. No SNPs associated with Gene@6351 showed significant association with Disease@MESH:D000544 in the IGAP analysis (table 3) and no significant SNPs were associated with other phenotypes in the NHGRI GWAS catalog", "type": "paragraph"}, {"sent": "We identified 176 SNPs significantly associated with soluble Gene@3570 (sIL6R) levels in CSF. These significant SNPs were located in the region of chromosome 1 surrounding the Gene@91646, Gene@126669, and Gene@3570 genes (figure 1D). The most significant association was with Mutation@rs61812598 (p = 5.9x10-62). Two non-synonymous SNPs were also associated with increased sIL6R protein levels in both CSF and plasma: rs2228145 (gene = Gene@3570, Mutation@rs2228145, CSF p = 2.70x10-62, plasma p = 4.64x10-67) and Mutation@rs3811448 (gene = Gene@126668, Mutation@rs3811448, CSF p = 3.36x10-15, plasma p = 7.91x10-12). CSF and plasma levels of sIL6R showed a significant correlation (Pearson's correlation coefficient = 0.49, p = 2.20x10-16). In addition, rs2228145 exhibits nearly perfect LD with Mutation@rs61812598 (r2 = 0.99; D' = 1.0). Mutation@Rs3811448 has a high D' with both rs2228145 (D' = 0.96) and Mutation@rs61812598 (D' = 0.96) but its r2 with these SNPs is low (r2 = 0.15 with both SNPs). Another significant SNP in this region, Mutation@rs4129267, has nearly complete LD with both Mutation@rs61812598 and rs2228145 (D'>0.99, r2>0.99 in both cases), and is predicted by RegulomeDB as \"likely to affect transcription factor binding.\" Tests conditioning on any of these SNPs results in no significant associations in this region. Associations with both rs2228145 and Mutation@rs61812598 (essentially the same test as they exhibit nearly perfect LD) remained genome-wide significant when conditioning upon Mutation@rs3811448. Mutation@Rs2228145 accounts for about 40% of variance in CSF sIL6R levels. Neither amino acid change is predicted to affect its respective protein's function by SIFT or Polyphen 2. The IGAP analysis failed to detect association between the markers associated with sIL6R and Disease@MESH:D000544 risk (table 3). We found significant SNPs in our analyses that have been previously reported to be associated with Disease@MESH:D001249, Gene@1401 levels (Mutation@rs4129267), and Disease@MESH:D003324 (Mutation@rs2229238) in the NHGRI GWAS catalog", "type": "paragraph"}, {"sent": "Eighty-five SNPs were significantly associated with Gene@4314 levels (figure 1E). The most significant association was observed with Mutation@rs573521 (p = 2.39x10-44). A non-synonymous mutation in Gene@4314, Mutation@rs679620 (Mutation@rs679620), shows high LD with Mutation@rs573521 (r2 = 0.99; D' = 1.0). Neither of these two SNPs remained significant after conditioning upon the other. Mutation@Rs679620 was also significantly associated with Gene@4314 levels in CSF (p = 4.93x10-44) with Gene@4314 levels increasing with each copy of the minor allele. This SNP accounts for about 30% of the variance in CSF Gene@4314 levels. Association of this marker is consistent in cases/controls and in CSF Abeta42 strata defining presence/absence of Gene@351 pathology and was also observed nominally with plasma Gene@4314 levels (table 3). CSF and plasma Gene@4314 levels were moderately and significantly correlated (Pearson's correlation coefficient = 0.33, p = 2.06x10-5). SIFT and PolyPhen 2 predicted the Mutation@rs679620 Mutation@rs679620 amino acid change to be benign. Mutation@Rs948399 also showed significant association and was predicted by RegulomeDB as \"likely to affect transcription factor binding.\" Three SNPs, Mutation@rs573521, Mutation@rs645419 and Mutation@rs679620 showed nominal significance in the IGAP Disease@MESH:D000544 association analysis (table 3). From the NHGRI GWAS catalog, five SNPs previously reported to be associated with Gene@4312 levels in plasma in a recent genome-wide association study (Mutation@rs7926920, Mutation@rs11225434, Mutation@rs495366, Mutation@rs603050, and Mutation@rs650108) are also significantly associated with Gene@4314 levels in CSF in our data. Gene@4314 and Gene@4312 are located in the same region on chromosome 11 and show strong correlation in their pattern of expression suggesting that there may be coordinated regulation of these two genes. These SNPs are located in the 37 kb region between Gene@4314 and Gene@4312 and show high LD (D'~1) with Mutation@rs573521 and Mutation@rs679620", "type": "paragraph"}, {"sent": "We used Multiphen, to perform a multivariate test of the linear combination of phenotypes most associated with the genotypes at each of our top SNPs. At least one marker from each of the loci in our top hits showed genome-wide significance in the joint models (Table 4). Several SNPs showed strong association with sIL6R and Gene@5617 (Gene@5617). Mutation@Rs2228467, which showed primary association with Gene@6347, also showed association with Gene@2805 (Gene@2805). Full results including p-values and metaanalysis of each of the top SNPs with each phenotype are provided in Table S4", "type": "paragraph"}, {"sent": "We have identified loci significantly associated with levels of five Disease@MESH:D000544-related CSF analytes. Our findings include cis effects (defined as SNPs within 5 kb on either side of the transcribed gene) for Gene@1636, sIL6R and Gene@4314 levels and trans effects for Gene@6347 and Gene@6351 levels. For each of the loci except Gene@1636, a non-synonymous SNP is among the most strongly associated variants. SNPs in all five loci were associated with each of the analytes even after a highly conservative multiple test correction (alpha = 1.46x10-10). All results are consistent when analyses are stratified by clinical status and when stratified by CSF Abeta42 levels that are indicative of Disease@MESH:D000544 pathology, suggesting that these results are relevant in normal conditions, not just in the context of Disease@MESH:D000544. In addition, all of the associated SNPs showed association with their respective plasma analytes, further supporting the robustness of the genetic associations. The Gene@1636, Gene@4314 and Gene@6347 proteins have been previously described to have an impact on Gene@351 processing. The remaining proteins are involved in the pro-inflammatory response. The results of our Multiphen analysis did not provide strong evidence that these SNPs regulate expression of multiple traits in similar pathways", "type": "paragraph"}, {"sent": "Gene@1636 (Gene@1636) is encoded by the Gene@1636 gene (17q23.3) and has been previously implicated in Disease@MESH:D000544 pathogenesis. In vitro, Gene@1636 inhibits Disease@MESH:D001791 in an activity-dependent manner by slowing the rate of fibril formation. Gene@1636 may inhibit Disease@MESH:D001791 by converting the highly amyloidogenic Abeta42 peptide into the more stable Abeta40 peptide. In vivo, inhibition of Gene@11421 activity in an Disease@MESH:D000544 mouse model promotes Abeta42 deposition in the hippocampus. Studies in mouse and human brain homogenate demonstrate that Gene@1636 causes Gene@351 degradation in a two-step process. First, Gene@1636 cleaves Abeta42 into Abeta40 and then Abeta40 undergoes degradation", "type": "paragraph"}, {"sent": "Gene@1636 activity is elevated in the CSF of Disease@MESH:D000544 patients. Disease@MESH:D009447 cells exposed to synthetic Abeta42 oligomers, but not monomeric Abeta42, produce elevated Gene@1636 protein levels and Gene@1636 activity, suggesting that Gene@351 aggregates may stimulate the up-regulation of Gene@1636 in Disease@MESH:D000544 as a mechanism of combatting the accumulation of these protein aggregates", "type": "paragraph"}, {"sent": "Our findings suggest that SNPs within the Gene@1636 locus alter CSF and plasma Gene@1636 levels. Several SNPs in the Gene@1636 gene region have significant associations with increased levels of Gene@1636. Conditional analyses suggest a single signal in this region is responsible for the association. While we are unable to determine the specific functional allele in this region, Mutation@rs4343 and Mutation@rs4316 are in nearly perfect LD with each other (D' = 0.99, r2 = 0.91) and both are inferred to have regulatory function (table 3). Rs4316 has not been studied in Disease@MESH:D000544 or reported to be associated with other phenotypes to date. Rs4343 is a widely studied marker in Gene@1636, and we found a significant association of this SNP with increased CSF Gene@1636 levels. The minor allele \"G\" of Mutation@rs4343 has been previously reported to be significantly associated with increased plasma Gene@1636 activity levels and plasma Gene@1636 protein levels. Our observation of increased CSF Gene@1636 levels with the G allele of Mutation@rs4343 is consistent with these reports", "type": "paragraph"}, {"sent": "In relation to Disease@MESH:D000544, the findings with Mutation@rs4343 have been varied with some studies suggesting association with CSF Abeta42 levels and Disease@MESH:D000544 risk while others do not. Recent data from 1269 samples with CSF and genetic data failed to detect association between CSF Abeta42, Gene@4137 or pTau181 levels and these SNPs in Gene@1636 (table 3). Results from the recent International Genomics of Disease@MESH:D000544's Project provide evidence of association between the SNPs in Gene@1636 we report to be associated with higher CSF Gene@1636 levels and reduced risk for Disease@MESH:D000544. In addition, recent work using 600 samples with CSF Gene@1636 measurements found a significant increase in Gene@1636 levels with increasing ptau/Abeta42 ratio (which was used as a predictor of Disease@MESH:D000544 status), further reinforcing the relationship between Gene@1636 levels and Disease@MESH:D000544 status", "type": "paragraph"}, {"sent": "Our results demonstrate in human subjects that SNPs in the Gene@1636 gene are associated with elevated CSF and plasma Gene@1636 protein levels and that these SNPs are also associated with reduced Disease@MESH:D000544 risk. Taken with in vitro and in vivo studies that demonstrate that Gene@1636 cleaves and clears Gene@351 in an activity-dependent manner, these findings suggest that individuals carrying polymorphisms that increase Gene@1636 protein, and possibly Gene@1636 activity, may be better able to clear accumulating Gene@351 aggregates and are thus at reduced risk for developing Disease@MESH:D000544", "type": "paragraph"}, {"sent": "Matrix metalloproteinase 3 (encoded by Gene@4314; located on 11q22.3) is hypothesized to contribute to endogenous, physiologic clearance of amyloid plaques. Gene@4314 is expressed in neurons, astrocytes, microglia and vascular cells. Gene@4314 is preferentially localized in senile plaques in the parietal cortex of Disease@MESH:D000544, while hippocampal plaques are relatively spared of Gene@4314. Gene@351 treatment causes upregulation of Gene@4314 expression in primary astrocyte cultures and in mixed hippocampal cultures. Gene@4314 also degrades extracellular Gene@351. The closely related Gene@4313 and Gene@4318 proteins have been well studied in the context of Disease@MESH:D000544 pathogenesis. Astrocytes that surround plaques in Disease@MESH:D000544 mouse brains show enhanced Gene@17390 and Gene@17395 expression. Conditioned astrocyte media is sufficient to reduce synthetic Gene@11820 levels, which is abolished with treatment of inhibitors specific to Gene@17390 and Gene@17395. Gene@17395 can degrade fibrillar Gene@11820 in vitro and plaques in hippocampal slice cultures. In an Disease@MESH:D000544 mouse model, knocking out Gene@17390 and Gene@17395 results in increased steady-state Gene@11820. Thus, MMP proteins may contribute to Gene@11820 clearance by promoting Gene@11820 catabolism", "type": "paragraph"}, {"sent": "Supporting the relationship of Gene@4314 with Disease@MESH:D000544, CSF Gene@4314 levels are increased in individuals with a ptau181/Abeta42 ratio indicative of Disease@MESH:D000544. In a previous study, we failed to detect an association between significant SNPs in this study and CSF Abeta42, Gene@4137 or pTau181 levels (table 3). Studies testing the association of Gene@4314 SNPs and haplotypes and risk for Disease@MESH:D000544 have produced mixed results. There appears to be two tiers of association in this locus, one group of SNPs with p-values less than 1E-38, which includes the non-synonymous SNP Mutation@rs679620, and another which p-values between 1E-08 and 1E-12, including several variants with inferred regulatory function. Conditional analyses of our data in this region indicate that the more strongly associated group of variants tags a single association signal and that no independent associations are detected in this region. While we cannot definitively identify the causal variant, Mutation@rs679620, a non-synonymous SNP in the Gene@4314 region, was significantly associated with increased CSF Gene@4314 levels. This suggests a possible protective effect of this variant with respect to Disease@MESH:D000544. We found that Mutation@rs573521, Mutation@rs645419 and Mutation@rs679620 are associated with increased CSF Gene@4314 levels in this study and with reduced risk of Disease@MESH:D000544 in the IGAP study. These associations provide additional support for the role of Gene@4314 in Disease@MESH:D000544 pathology. In addition, the identification of SNPs in the intergenic region between Gene@4314 and Gene@4312 that are associated with both Gene@4314 and Gene@4312 levels suggest a common regulatory locus or close functional relationship between these members of the MMP gene family. The identification of SNPs near Gene@4314 that are associated with increased CSF Gene@4314 protein levels and reduced Disease@MESH:D000544 risk supports the protective role of Gene@4314 in clearing Gene@351 from human brains", "type": "paragraph"}, {"sent": "Gene@6347, also called Gene@6347 or MCP-1, is encoded by the Gene@6347 gene, located on chromosome 17q11.2-q12. It is a chemokine that is involved in immunoregulatory and pro-inflammatory processes. Amyloid plaques in Disease@MESH:D000544 are surrounded by activated immune cells that produce Gene@6347 among other chemokines. In the absence of Gene@20296, amyloid pathology is accelerated in an Disease@MESH:D000544 mouse model, illustrating its important role in amyloid plaque clearance and pointing to a potentially reparative role in Disease@MESH:D000544. However, overexpression of Gene@20296 in an Disease@MESH:D000544 mouse model resulted in marked accumulation of reactive microglia and enhanced diffuse plaque accumulation, suggesting a role in Disease@MESH:D001791. In vitro work suggests that inhibition of Gene@20296 synthesis, reduces Abeta25-35- and Abeta1-42-induced Disease@MESH:D064420 in primary neuronal cultures. Interestingly, treatment of primary astrocyte cultures with synthetic Abeta42 causes astrocytes to increase Gene@20296 synthesis and release and astrocyte migration in response to Gene@20296 is reduced in the presence of Abeta42. Thus, Abeta42 in Disease@MESH:D000544 may stimulate astrocyte-mediated Gene@20296 release and result in increased neuronal susceptibility to Abeta42 Disease@MESH:D064420. The immune system involves a delicate and perfectly coordinated balance to function well; so, it is conceivable that Gene@20296 could play reparative and deleterious roles in Disease@MESH:D000544 pathogenesis", "type": "paragraph"}, {"sent": "A 2006 study evaluated Gene@6347 levels in Gene@325 samples from 48 individuals with Mild Disease@MESH:D003072 (MCI), 94 Disease@MESH:D000544 patients and 24 age-matched controls. Significantly increased plasma Gene@6347 levels were found in MCI and mild Disease@MESH:D000544, but not in severe Disease@MESH:D000544 patients, as compared with controls. It has also been reported that increased CSF Gene@6347 levels at baseline in patients with prodromal Disease@MESH:D000544 correlated with a faster Disease@MESH:D003072 during the study's follow-up period. The largest study to date examined 600 samples with CSF Gene@6347 measurements and observed a significant increase in Gene@6347 protein levels with ptau/Abeta42 ratio indicative of Disease@MESH:D000544. As is the case with most pro-inflammatory cytokines and cytokine receptors, the levels increase in Disease@MESH:D000544 cases", "type": "paragraph"}, {"sent": "Mutation@Rs2228467, located within the Gene@1238 gene, is significantly associated with increased CSF Gene@6347 protein levels. The Gene@1238 gene encodes the Gene@1238 and demonstrates a high affinity for binding to Gene@6347. Conditional analyses suggest that this marker accounts for the entirety of the association signal in this region. Previous studies suggest that chemokine receptors can demonstrate high affinity binding to chemotactic proteins; however, how polymorphisms in one chemokine affect expression and function of associated chemokines is poorly understood. PolyPhen2 and SIFT both predicted this amino acid change to be damaging. A recent study found that rs2228467 is significantly associated with lower circulating monocyte counts in the blood (p = 1.57x10-7). If the rs2228467 polymorphism affects the chemokine function of Gene@1238 or Gene@6347, then this could have downstream effects on the recruitment of macrophages and dendritic cells and, in turn, monocyte development", "type": "paragraph"}, {"sent": "Gene@6347 is known to be a necessary component in monocytes crossing the blood brain barrier. Our findings suggest that increased Gene@6347 associated with variation at rs2228467 may cause a chemotactic response that results in lower levels of circulating monocytes in the blood. While rs2228467 has strong effects on Gene@6347 levels and CSF Gene@6347 levels change in Disease@MESH:D000544, this SNP does not appear to impact risk for Disease@MESH:D000544 or CSF Abeta42 levels (p = 0.45). However, as Gene@6347 has been implicated in the pathogenesis of diseases characterized by monocytic infiltrates, like Disease@MESH:D011565, Disease@MESH:D001172 and Disease@MESH:D050197 further investigation of rs2228467 with regard to these and related diseases is clearly warranted", "type": "paragraph"}, {"sent": "Here we have demonstrated in human subjects that SNPs in the Gene@1238 gene are significantly associated with elevated CSF Gene@6347 protein levels. While, CSF Gene@20296 protein levels are not significantly associated with Disease@MESH:D000544 risk, evidence in mouse and cell models of Disease@MESH:D000544 suggest that increasing Gene@20296 levels increases microgliosis, amyloid plaque accumulation, and Disease@MESH:D009410 associated with Gene@11820. Taken together, these findings implicate Gene@59289 and Gene@20296 as risk factors for Disease@MESH:D000544 pathogenesis", "type": "paragraph"}, {"sent": "The Gene@6351 protein is encoded by the Gene@6351 gene (17q12). Studies evaluating the relationship between Disease@MESH:D000544 and Disease@MESH:D007249 have shown that Gene@6351 is expressed in subpopulations of reactive astrocytes and in microglia. Neuritic plaques in Disease@MESH:D000544 are surrounded by activated microglia and astrocytes, which may produce inflammatory products when stimulated with Gene@351. Macrophages showed an increased secretion of Gene@6351 when treated with Gene@351. Current information concerning Gene@6351 and other plaque-associated chemokines suggests that their production plays a role in the recruitment and accumulation of astrocytes and microglia in senile plaques. These data suggest a possible relationship between Gene@6351 and Disease@MESH:D000544 pathogenesis", "type": "paragraph"}, {"sent": "We identified association between several SNPs, including one non-synonymous SNP, one synonymous SNP and five markers with predicted regulatory effects, and CSF Gene@6351 levels. Conditional analyses suggest that these SNPs tag a single association signal in this region. These SNPs do not show association with Disease@MESH:D000544 in the IGAP dataset or with CSF Abeta42, Gene@4137 or pTau181 levels (table 3). In addition, CSF Gene@6351 levels are not significantly associated with ptau181/Abeta42 ratio, a predictor of Disease@MESH:D000544 status. These results do not indicate a role for Gene@6351 levels in risk for Disease@MESH:D000544. However, Gene@6351 may play a role in HIV Type 1 transmission, Disease@MESH:D000163 disease progression, and Disease@MESH:D058186. Thus it will be important to evaluate the impact of Mutation@rs6441977 (Mutation@rs6441977 polymorphism in Gene@9034; associated with decreased Gene@6351 levels) and other markers with regulatory effects, on these and related diseases", "type": "paragraph"}, {"sent": "The Gene@3570 (Gene@3570) is a protein encoded by the Gene@3570 gene (1q21). Gene@3569 is a potent pleiotropic pro-inflammatory cytokine that regulates cell growth and differentiation and plays an important role in the immune response and may also play a role in hippocampal neurogenesis", "type": "paragraph"}, {"sent": "We identified association with sIL6R levels for several SNPs in the Gene@3570 region. Conditional analyses suggest that this is a single signal is driven by Mutation@rs61812598 and other SNPs in high LD with these markers. Among these, rs2228145, Mutation@rs3811448 and Mutation@rs4129267 have predicted functional effects (see table 3). Mutation@Rs3811448, a non-synonymous marker in the associated region is not significant when conditioning upon Mutation@rs61812598, Mutation@rs4129267 or rs2228145. Conversely, both Mutation@rs61812598 Mutation@rs4129267 and rs2228145 remain highly significant upon conditioning for Mutation@rs3811448. This makes it clear that there is a single signal in this region, tagged by Mutation@rs61812598, Mutation@rs4129267 and rs2228145, which are in complete LD with each other", "type": "paragraph"}, {"sent": "Mutation@Rs2228145 is a non-synonymous polymorphism in the Gene@3570 gene, (Mutation@rs2228145). While both SIFT and Polyphen 2 predict this change to be benign, rs2228145 has recently been shown to significantly increase plasma concentrations of Gene@6491-6R, and reduce concentrations of membrane-bound Gene@3570, resulting in impaired Gene@3569 responsiveness. These results demonstrate that consequential changes in protein levels, likely resulting from the rs2228145 polymorphism, may translate into a functional impairment in Gene@3570 signaling. The rs2228145 polymorphism and other SNPs in this region have previously been shown to be significantly associated with plasma sIL-6 levels Trans-signaling is important for Gene@3569-mediated cellular communication with molecular targets and that blocking trans-signaling lessen the deleterious effects of Gene@3569 signaling. Trans-signaling occurs via sIL6R, which is the proteolyzed product of Gene@3570. Gene@3570 is proteolyzed by gamma-secretase, which also cleaves APP. Thus, polymorphisms in Gene@3570 that modify Gene@3569 signaling may result in modulation of signaling to many downstream targets that directly or indirectly influence Disease@MESH:D000544 pathogenesis", "type": "paragraph"}, {"sent": "Additionally, rs2228145 has been implicated previously as significantly increasing the risk of sporadic Disease@MESH:D000544 in a Chinese Han population in subjects without the Gene@348 epsilon4 allele. While sIL6R levels have been previously reported to decrease in Disease@MESH:D000544 cases, a recent study using a much larger sample found a significant increase in CSF sIL6R levels and increasing ptau181/Abeta42 ratio, suggesting a possible relationship between sIL6R levels and Disease@MESH:D000544 pathogenesis", "type": "paragraph"}, {"sent": "It has been proposed that there is a reciprocal relationship between Gene@3569 and Gene@351. The Gene@3569/Gene@6491-6R complex is reported to enhance APP transcription and expression. Based on these data, rs2228145, which is associated with increased sIL6R levels, would be predicted to alter CSF Abeta42 levels and risk for Disease@MESH:D000544. Unfortunately, we did not detect association of markers in Gene@3570 with Disease@MESH:D000544 risk in the IGAP analysis and association with Disease@MESH:D000544 biomarkers was weak and inconsistent (table 3)", "type": "paragraph"}, {"sent": "Mutation@Rs4129267 is located within the intronic region of Gene@3570. This SNP is inferred to be \"likely to affect binding\" of the Gene@1879 transcription factor using RegulomeDB. Like rs2228145, this marker is associated with sIL6R levels. In addition, this marker has been reported to be associated with levels of Gene@2244 and Gene@1401 in blood as well as Disease@MESH:D001249 and pulmonary function. While it remains unclear what the causal marker is for this association signal due to the high levels of LD, the putative functional effects of both rs2228145 and Mutation@rs4129267 make them top candidates for future investigation", "type": "paragraph"}, {"sent": "Dysregulated production of Gene@3569 and its receptor are implicated in the pathogenesis of many diseases, including multiple Disease@MESH:D009101, Disease@MESH:D001327, and Disease@MESH:D011471. In addition, the association of several significant SNPs in our study with Disease@MESH:D001249, Gene@1401 levels and Disease@MESH:D003324 highlights the relationship between the inflammatory response and these disorders. This information suggests a central role for the Gene@3569/sIL6R complex in these and possibly other diseases and suggests that further characterization of the effects of rs2228145 and Mutation@rs4129267 on human disease phenotypes is warranted", "type": "paragraph"}, {"sent": "In conclusion, we have identified significantly associated SNPs for five different Disease@MESH:D000544-related analytes. These associations are robust across different biological fluids, Disease@MESH:D003704 and inferred presence of Disease@MESH:D000544 pathology both within and between independent sample sets. The SNPs observed to be associated with CSF Gene@1636 and Gene@4314 levels also appear to show association with Disease@MESH:D000544 in the predicted direction, providing support for previous hypotheses of involvement of these genes and their function in amyloid clearance for risk for Disease@MESH:D000544. While Disease@MESH:D007249 is known to play an important role in Disease@MESH:D000544, the pro-inflammatory markers investigated here, and their associated SNPs, do not appear to alter Disease@MESH:D000544 risk or disease progression. However, because the immune system is an exceedingly complex set of signaling cascades that must be perfectly regulated in order to function properly and because this regulation involves constant flux, we may not be able to fully capture the subtle effects in the function of these proteins that have a cumulative effect on Disease@MESH:D000544 pathogenesis over the course of a lifetime. The reproducibility of our findings in cognitively normal individuals and in plasma levels of the respective proteins as well as putative functional effects of these variants suggest that these SNPs may directly affect their respective proteins. Thus, insights into the genetic basis of variance in important pro-inflammatory protein levels are relevant to other diseases that are modulated by those processes. Finally, our findings demonstrate the continued utility of an endophenotype-based approach to finding functional alleles and disease-associated loci", "type": "paragraph"}, {"sent": "Data used in the preparation of this article were obtained from the ADNI database (www.loni.ucla.edu\\ADNI). CSF was collected as described previously. Genetic and phenotypic data for 308 samples was available for this study. Demographics of the samples included in this manuscript are reported in Table 5", "type": "paragraph"}, {"sent": "CSF samples from 266 individuals from the Knight-Disease@MESH:D000544 Research Center at Washington University School of Medicine (Knight ADRC) were used in this study. A detailed description of these samples and CSF collection methods has been published previously. Demographics of these samples are described in Table 5", "type": "paragraph"}, {"sent": "CSF and plasma samples from the Knight ADRC were evaluated for levels of 190 analytes using the Human DiscoveryMAP Panel and a Luminex 100 platform. CSF and plasma samples from the ADNI sample were assessed using the same Human DiscoveryMAP Panel and measurement platform. After filtering each set independently for phenotypes that had valid measurements in at least 90% of the samples, the intersection resulted in 76 analytes. For each of the 76 analytes that passed quality assurance in both datasets we performed a PubMed search on August 11, 2013. The purpose of this literature search was to reduce the phenotype list to those that are relevant to our Disease@MESH:D000544 centered samples from the Knight ADRC and ADNI, thus reducing the dimensionality of the data and concentrating statistical power on the most relevant phenotypes. Search terms included any of the following three terms, the name of the analyte on the chip, the official gene name and the official protein name and the term \"Disease@MESH:D000544\". Analytes with more than 50 search results are considered to be \"Disease@MESH:D000544-related\". For analytes with fewer than 50 search results we inspected the manuscripts manually to determine whether there was evidence for a relationship with Disease@MESH:D000544. A list of all analyte names on the chip along with official gene and protein names and results of the literature search is provided in supplementary Table S5", "type": "paragraph"}, {"sent": "All samples were genotyped using the Illumina 610 or the Omniexpress chip. Prior to statistical analysis, sample data were filtered using rigid quality control (QC) criteria by array: minimum call rate (98%), minimum minor allele frequency (2%), and exclusion of SNPs out of Hardy-Weinberg equilibrium (p<1x10-6). Unanticipated duplicates and related individuals were prioritized after calculating pairwise genome-wide estimates of identity-by-descent. Eigensoft was used to calculate principal component factors for each sample and confirm ethnicity. These calculations were included as covariates in our analysis to adjust for possible confounding effects of population stratification", "type": "paragraph"}, {"sent": "The 1000 genome data (June 2012 release) and the Beagle software were used to impute genotypes in the combined ADNI and Knight ADRC samples. SNPs with a Beagle r2 of 0.3 or lower, a minor allele frequency (MAF) lower than 0.05, out of Hardy-Weinberg equilibrium (p<1x10-6), a call rate lower than 95% or a Gprobs score lower than 0.90 were removed. A total of 5,815,690 SNPs passed the QC process", "type": "paragraph"}, {"sent": "The Kolmogorov-Smirnov goodness-of-fit test was performed to evaluate normality of the 59 phenotypes of interest in the Knight ADRC samples. When deviations were observed, phenotypes were log transformed to approximate a normal distribution. The ADNI data for these samples and phenotypes had already been adjusted to fit normal distribution patterns by the ADNI biomarker core. Associations reported for age and gender were performed in cognitively normal samples only to reduce potential confounds of Disease@MESH:D003704", "type": "paragraph"}, {"sent": "We performed a genome-wide association for each of the 59 phenotypes to identify genetic loci associated with protein levels in CSF. For the initial association analysis in each series we used PLINK to perform linear regression and evaluated the association between the additive model for 5.8M SNPs and each phenotype. Age, gender, and the principal components from Eigensoft analysis were included as covariates. Variance explained by each marker is reported as the difference in the model r2 between full models with and without the SNP included as a variable. Association of SNPs of interest with plasma analyte levels in the ADNI and Knight ADRC samples was calculated using the same approach. Analysis of each sample separately reduces the possible confound of demographic or ascertainment differences between the ADNI and Knight ADRC samples", "type": "paragraph"}, {"sent": "Genome-wide association results from the two datasets were meta-analyzed using the default settings in METAL. Genomic inflation factor scores (Gene@2694) were estimated using the R package GenABEL. We set a strict and extremely conservative study-wide alpha level of 1.46x10-10 for the combined analysis. This was calculated by applying a Bonferroni correction for 5.8 million SNPs and 59 analytes, or 342.2 million tests. SNPs that met the initial significance criteria were further filtered using the following criteria. First, we rejected SNPs where the direction of the effect was different in the Knight ADRC and ADNI datasets. Second, we removed all SNPs where the minor allele frequency was less than 5% (unless they were directly genotyped). Finally, we rejected all associations with phenotypes where the genomic inflation factor was greater than 1.03 (Gene@2694 was calculated without SNPs where MAF is <0.05). Conditional analyses on each of the genome-wide significant SNPs were conducted using the -condition function in PLINK. We also performed additional analyses in the genome-wide significant loci to determine the stability of the results when stratified by clinical Disease@MESH:D000544 status and by CSF AB42 levels. CSF AB42 strata were based on levels that approximate amyloid deposition detected in PET scans using Pittsburgh Compound B (PIB). For the KADRC samples values less than 500 pg/ml indicate PIB retention/Gene@351 deposition, while values greater than 500 pg/ml indicate PIB negativity and the absence of Gene@351 deposition. For the ADNI samples values less than 192 pg/ml indicate retention/Gene@351 deposition, while values greater than 192 pg/ml indicate PIB negativity and the absence of Gene@351 deposition", "type": "paragraph"}, {"sent": "We used the R package Multiphen, which performs a multivariate test of the linear combination of phenotypes most associated with the genotypes at each SNP, to evaluate each of the top hits for joint effects on multiple phenotypes in the study. Analysis was carried out in the KADRC and ADNI samples separately using default settings as described here (http://cran.at.r-project.org/web/packages/MultiPhen/vignettes/MultiPhen.pdf)", "type": "paragraph"}, {"sent": "Initial results of Gene@3570 indicated a Gene@2694 statistic greater than 1.03 suggesting the p-values were inflated by confounding variables. By removing a 500 kb window on either side of the strongest signal we identified that the inflation was due to the large number of highly significant p-values surrounding the Gene@3570 gene (adjusted Gene@2694 = 1.017). We did not remove this phenotype as it appears the inflation is due to a strong and replicable association signal in this single region. We analyzed other phenotypes that failed Gene@2694 quality control using the same strategy and did not observe similar phenomena", "type": "paragraph"}, {"sent": "For each locus where association was detected with the CSF endophenotypes we obtained data from the International Genomics of Disease@MESH:D000544's Project (IGAP) association study of Disease@MESH:D000544 Stage 1 results. IGAP is a large two-stage study based upon genome-wide association studies (GWAS) in individuals of European ancestry. In stage 1, IGAP used genotyped and imputed data for 7,055,881 single nucleotide polymorphisms (SNPs) to meta-analyse four previously-published GWAS datasets consisting of 17,008 Disease@MESH:D000544 cases and 37,154 controls (The European Disease@MESH:D000544 Initiative - Disease@MESH:D000544 Genetics Consortium - ADGC The Cohorts for Heart and Aging Research in Genomic Epidemiology consortium - CHARGE The Genetic and Environmental Risk in Disease@MESH:D000544 consortium - GERAD). In stage 2, 11,632 SNPs were genotyped and tested for association in an independent set of 8,572 Disease@MESH:D000544 cases and 11,312 controls. Finally, a meta-analysis was performed combining results from stages 1 & 2", "type": "paragraph"}, {"sent": "We used ANNOVAR to annotate SNPs of interest with location and functional information. RegulomeDB was used to annotate SNPs within known and predicted regulatory elements", "type": "paragraph"}, {"sent": "We used SIFT and POLYPHEN2 for preliminary assessments of the functional consequences of amino acid changes", "type": "paragraph"}, {"sent": "All data collection was conducted under approval by the appropriate Institutional Review Boards. Analyses presented here were approved by the Institutional Review Board at Brigham Young University (E110252)", "type": "paragraph"}]}