{"sentences": [{"sent": "We performed a multistage genome-wide association study (GWAS) including 7,683 individuals with Disease@MESH:D010190 and 14,397 controls of European descent. Four new loci reached genome-wide significance: Mutation@rs6971499 at 7q32.3 (Gene@378805; per-allele odds ratio [OR] = 0.79; 95% confidence interval [CI] = 0.74-0.84; P = 3.0x10-12), Mutation@rs7190458 at 16q23.1 (Gene@9564/Gene@1504/Gene@440387; OR = 1.46; 95% CI = 1.30-1.65; P = 1.1x10-10), Mutation@rs9581943 at 13q12.2 (Gene@3651; OR = 1.15; 95% CI = 1.10-1.20; P = 2.4x10-9), and Mutation@rs16986825 at 22q12.1 (Gene@84133; OR = 1.18; 95% CI = 1.12-1.25; P = 1.2x10-8). An independent signal was identified in exon 2 of Gene@7015 at the established region 5p15.33 (Mutation@rs2736098; OR = 0.80; 95% CI = 0.76-0.85; P = 9.8x10-14). We also identified a locus at 8q24.21 (Mutation@rs1561927; P = 1.3x10-7) that approached genome-wide significance located 455 kb telomeric of Gene@5820. Our study has identified multiple new susceptibility alleles for Disease@MESH:D010190 worthy of follow-up studies", "type": "abstract"}, {"sent": "Disease@MESH:D010190 is the fourth leading cause of Disease@MESH:D009369-related death in the United States and the fifth leading cause in the European Union. Over 80% of patients have incurable disease at the time of diagnosis, and the majority live for less than 12 months. Rare, moderately- to highly-penetrant mutations account for a small fraction of the Disease@MESH:D010190. In two previous GWAS called PanScan I and PanScan II, we identified common variants at four loci associated with risk of Disease@MESH:D010190 in European populations. Subsequent GWAS demonstrated five distinct susceptibility loci among individuals of Chinese descent and three suggestive loci among individuals of Japanese descent", "type": "paragraph"}, {"sent": "In the current study (designated PanScan III), we performed a multistage GWAS of 7,683 individuals diagnosed with Disease@MESH:D010190 and 14,397 control individuals of European descent (Online Methods, Table 1, Supplementary Table 1 and Supplementary Fig. 1). In stage 1, we newly genotyped 1,582 cases from 13 prospective cohort studies, 2 case series, and 1 case-control study using Illumina OmniExpress Beadchip array. The control population included 5,203 Disease@MESH:D009369-free individuals previously genotyped using second-generation Illumina SNP microarrays (e.g. OmniExpress, Omni 1M or Omni 2.5M) and drawn from PanScan III prospective cohorts and a Spanish case-control study of Disease@MESH:D001749. Of newly genotyped cases, 94% passed quality control criteria (Online Methods, Supplementary Tables 2 and 3), and 712,704 SNPs were included with a minimum call rate of 94%. In stage 2, we used the primary whole genome scan data from the reported PanScan I (1,757 cases and 1,801 controls from 12 cohort studies and 1 case-control study typed on Illumina HumanHap550 array) and PanScan II (1,768 cases and 1,841 controls from 8 case-control studies typed with Illumina Human 610-Quad array) studies. To address differences in typed SNPs across the arrays, we utilized the DCEG Imputation Reference Set to fill in missing genotypes (Online Methods)", "type": "paragraph"}, {"sent": "In a meta-analysis of stages 1 and 2, we observed robust associations for the four previously identified loci in individuals of European descent: Mutation@rs687289 at 9q34.2 (Gene@28, OR = 1.27; 95% CI = 1.20-1.35; P = 1.6x10-16), Mutation@rs9543325 at 13q22.1 (Gene@688/Gene@11278, OR = 1.23; 95% CI = 1.18-1.30; P = 4.3x10-14), Mutation@rs10919791 at 1q32.1 (Gene@2494, OR = 0.79; 95% CI = 0.75-0.85; P = 1.4x10-11), and Mutation@rs31490 at 5p15.33 (Gene@81037, OR = 1.20; 95% CI = 1.14-1.27 P = 2.0x10-11)", "type": "paragraph"}, {"sent": "We observed two new SNPs below genome-wide significance (P<5x10-8) in the meta-analysis of stages 1 and 2, plus 11 additional promising SNPs (P<5x10-5) from distinct regions (Supplementary Table 4). These 13 SNPs were carried forward for replication (stage 3) in 2,576 cases and 5,552 controls, drawn from: (a) cases in stage 1 with DNA quantity insufficient for full GWAS, (b) cases and controls from the PANDoRA consortium, and (c) cases enrolled to CALGB 80303, a U.S. cooperative group clinical trial (Supplementary Table 5). Additional control subjects were selected from Disease@MESH:D009369-free individuals previously genotyped using Illumina HumanHap550 array (Online Methods). Of 13 SNPs advanced to replication, nine SNPs were associated with Disease@MESH:D010190 risk (P <0.05) in the replication stage (Supplementary Table 6)", "type": "paragraph"}, {"sent": "For the complete study of 7,683 cases and 14,397 controls, we applied a fixed-effect meta-analysis to the results from the three stages. Overall, six SNPs had P-values below genome-wide significance: Mutation@rs2736098 at 5p15.33 (a second signal in Gene@7015, P=9.8x10-14), Mutation@rs6971499 at 7q32.3 (Gene@378805, P=3.0x10-12), Mutation@rs7190458 at 16q23.1 (Gene@9564/Gene@1504/Gene@440387, P=1.1x10-10), Mutation@rs9581943 at 13q12.2 (Gene@3651, P=2.4x10-9), Mutation@rs16986825 at 22q12.1 (Gene@84133, P=1.2x10-8) (Table 2 and Figure 1), and Mutation@rs4962153 at 9q34.2 (Gene@11093, P=1.5x10-8). In a subsequent conditional analysis described below, Mutation@rs4962153 in Gene@11093 marked the same signal as Mutation@rs687289 in Gene@28 identified in PanScan I and II. An additional locus at 8q24.21 was close to genome-wide significance (Mutation@rs1561927, P=1.3x10-7) and located in a region previously associated with Disease@MESH:D009369 (Table 2 and Figure 1)", "type": "paragraph"}, {"sent": "The SNP, Mutation@rs6971499, at 7q32.3 maps to an intron in Gene@378805, which is a Gene@7157-induced long intergenic non-protein coding RNA located in a 375 kb region between Gene@4289 (Gene@4289) and Gene@136259 (Supplementary Table 7 and Figure 1). Gene@4289 is an intracellular protein that mediates cell response to the extracellular matrix, particularly influencing cell adhesion and cytoskeleton organization. Gene@136259 is a member of the Kruppel-like family of transcription factors, which have been implicated as Disease@MESH:D009369 suppressors, including in mutant Gene@3845-driven Disease@MESH:D009369. Gene@136259 has also been identified as a regulator of several metabolic phenotypes, including type 2 Disease@MESH:D003920. Notably, the previously established susceptibility locus at 13q22.1 is located in an intergenic region between Gene@688 and Gene@11278, two other members of the Kruppel-like family of transcription factors", "type": "paragraph"}, {"sent": "The SNP, Mutation@rs7190458, at 16q23.1 is a synonymous SNP residing in the last exon of Gene@9564 (also known as Gene@9564) and close to two chymotrypsinogen genes, Gene@1504 (5 kb) and Gene@440387 (23kb) (Supplementary Table 7 and Figure 1). Aberrant expression of Gene@9564 has been linked with transformation and progression of Disease@MESH:D009369 types, and Gene@9564 functions as an adaptor protein that coordinates cell cycle control, cytoskeleton organization, and cell migration. The chymotrypsinogens are members of a family of serine proteases that are secreted by the pancreas into the gastrointestinal tract. Mutations in the related genes Gene@5644 (Gene@5644) and Gene@11330 have been associated with Disease@MESH:C537262, a known risk factor for Disease@MESH:D010190. In addition, a susceptibility locus for types 1 and 2 Disease@MESH:D003920 is located 16 kb centromeric to Mutation@rs7190458 (Mutation@rs7202877, r2=0.32 in 1000G CEU data). Functional analyses indicate that this variant (Mutation@rs7202877) leads to Disease@MESH:C537262 beta-cell function and influences expression of Gene@1504 and Gene@440387 in Disease@MESH:D010195 tissue", "type": "paragraph"}, {"sent": "At chromosome 13q12.2, the newly identified SNP, Mutation@rs9581943, is approximately 200bp upstream of Gene@3651 (Disease@MESH:D010195 and duodenal homeobox1 protein 1) and intronic to Gene@100861550;3651;5729 (Gene@100861550;3651), a recently identified noncoding RNA (Supplementary Table 7 and Figure 1). Gene@3651 is critical for early Disease@MESH:D010195 development, plays a role in differentiation of exocrine pancreas, and regulates beta-cell function in the mature pancreas. Mutations in Gene@3651 have been linked to agenesis of the pancreas and maturity onset Disease@MESH:D003920 of the young (MODY), a dominantly inherited disorder of Disease@MESH:D003922. Furthermore, Gene@3651 has been implicated in glucose-dependent regulation of Gene@3630 gene transcription, and GWAS have identified a SNP (Mutation@rs2293941, r2=0.20 in 1000G CEU data) at the Gene@3651 locus associated with fasting glucose levels", "type": "paragraph"}, {"sent": "The signal at 22q12.1, Mutation@rs16986825, maps to an intron in Gene@84133 (Gene@84133) (Supplementary Table 7 and Figure 1), encoding a cell surface transmembrane E3 ubiquitin protein ligase that is a negative regulator of the Wnt signaling pathway. Additionally, Gene@11200 is located 162 kb centromeric to the marker SNP and encodes a cell-cycle checkpoint kinase that cooperates with Gene@7157, Gene@672 and Gene@472 in response to DNA damage. Alterations in Gene@11200 have been implicated in susceptibility to several Disease@MESH:D009369 types", "type": "paragraph"}, {"sent": "We performed conditional analyses to assess whether the newly identified SNPs at 5p15.33 (Gene@81037/Gene@7015) and 9q34.2 (Gene@28/Gene@11093) were independent from those identified previously. After conditioning on the reported SNP within intron 13 of Gene@81037, the newly identified synonymous SNP within the second exon of Gene@7015 (Mutation@rs2736098) remained statistically significant (P=2.4x10-3) (Table 3). Two strong recombination hotspots lie between the established and new SNPs in 1000G CEU data (likelihood ratios, LR of 27.1 and 261.0), and the two SNPs are in modest linkage disequilibrium (LD; r2=0.22 in 1000G CEU data) (Figure 1)", "type": "paragraph"}, {"sent": "Gene@7015 encodes the catalytic subunit of telomerase reverse transcriptase, a component of the ribonucleoprotein complex that maintains integrity of chromosome ends. Inherited mutations affecting Gene@7015 underlie cases of Disease@MESH:D019871, Disease@MESH:D000741, Disease@MESH:D015470, Disease@OMIM:155600, and Disease@MESH:D011658. Gene@81037 encodes the Disease@MESH:D002971 associated transmembrane 1 like protein involved in mediating apoptosis, Disease@MESH:D000782, cisplatin resistance, and RAS-mediated malignant transformation. Variants across the Gene@7015/Gene@81037 region have previously been associated with risk of Disease@MESH:D009369. Furthermore, independent signals within Gene@7015 and Gene@81037 have been identified for Disease@MESH:D001749, Disease@MESH:D015451, and Disease@MESH:D008175, and fine-mapping studies have identified at least four independent signals across the Gene@7015/Gene@81037 region associated with Disease@MESH:D009369. The new SNP identified in PanScan III (Mutation@rs2736098) is located in a region of LD spanning ~4kb from the promoter region to exon 2 of Gene@7015. This SNP and several correlated SNPs have been associated with telomere length in white blood cells and Gene@7015 promoter activity. The minor allele of Mutation@rs2736098 that is associated with a lower risk of Disease@MESH:D010190 in PanScan was associated with longer telomeres and lower risk of Disease@MESH:D001943. Although further characterization of this region will be necessary, the new SNP in exon 2 of Gene@7015 appears to mark an independent risk locus for Disease@MESH:D010190", "type": "paragraph"}, {"sent": "After conditioning on the established SNP at 9q34.2 in the first intron of Gene@28, the SNP Mutation@rs4962153 in Gene@11093 identified in PanScan III was not statistically significant (P=0.28), indicating that these two SNPs point to the same susceptibility haplotype (Table 3)", "type": "paragraph"}, {"sent": "A promising risk locus was identified at 8q24.21 (Mutation@rs1561927; P = 1.3x10-7) in a nongenic region between Gene@5820 and Gene@728724 (Supplementary Table 7 and Figure 1). 8q24.21 is known to contain multiple Disease@MESH:D009369 susceptibility loci that span over 2Mb. The promising Disease@MESH:D010190 SNP is in LD with a SNP associated with Disease@MESH:D010051 risk (Mutation@rs10088218, r2=0.37 in 1000G CEU data, 24kb upstream), and the closest genes are centromeric to Mutation@rs1561927: Gene@100302281 (406 kb), Gene@5820 (455 kb), and Gene@4609 (814 kb). Several 8q24.21 risk loci have been shown to interact with Gene@4609 or Gene@5820 promoters through long range chromosomal interaction, and allele-specific effects on the expression of both genes have been reported. However, these loci are located more than 1 Mb upstream of Mutation@rs1561927 on 8q24.21 (r2<0.03 in 1000G CEU data)", "type": "paragraph"}, {"sent": "In stratified analyses, no statistically significant heterogeneity was noted by geographic region or smoking status (Supplementary Tables 8 and 9). In a preliminary analysis that included 173 cases and 430 controls of Asian ancestry (Supplementary Table 10), we examined the susceptibility loci identified in individuals of European descent (Table 2). We also assessed previously published Disease@MESH:D010190 risk loci from individuals of Chinese and Japanese ancestry, noting no loci and one locus, respectively, as nominally statistically significant in PanScan (Supplementary Table 11)", "type": "paragraph"}, {"sent": "To pursue the first steps towards understanding the functional underpinnings of the newly identified risk alleles, we conducted bioinformatic analyses using HaploReg (Supplementary Table 12). We also evaluated expression quantitative trait locus (eQTL) effects (Supplementary Table 12). Cis-eQTLs were noted on chr16q23.1 in peripheral blood (Gene@10428), chr13q12.2 in skin and liver (Gene@51371), chr22q12.1 in liver and peripheral blood (Gene@150275) and peripheral blood (Gene@7494), and chr8q24.21 in adipose tissue (Gene@5820). Gene@7494 at chr22q12.1 regulates Disease@MESH:D010195 beta-cell function with effects on systemic glucose control and modulates acinar cell homeostasis. In gene set enrichment analysis of genes within 100 kb of the 10 index SNPs identified in PanScan, the only statistically significant pathway was maturity onset Disease@MESH:D003920 of the young (P=3.3x10-4). Understanding the functional consequences of Disease@MESH:D010190 susceptibility variants will require further laboratory investigation", "type": "paragraph"}, {"sent": "In a linear-mixed model analysis (Online Methods), we estimated that the heritability for Disease@MESH:D010190 due to common SNPs present on GWAS arrays was 13% (95% CI, 4-22%). Furthermore, we estimated that the nine loci identified in individuals of European ancestry account for approximately 9% of total heritability tagged by common SNPs. We also evaluated the cumulative association with Disease@MESH:D010190 of risk alleles at susceptibility loci identified in individuals of European descent. Compared to individuals with the most prevalent number of risk alleles in controls (n=10), those with <=6 risk alleles had an OR of 0.55 (95% CI, 0.44-0.68) and those with >=14 risk alleles had an OR of 2.24 (95% CI, 1.80-2.80) for Disease@MESH:D010190 (Supplementary Figure 2)", "type": "paragraph"}, {"sent": "In conclusion, our multistage GWAS revealed new loci associated with Disease@MESH:D010190 risk, as well as promising loci that merit follow-up. Several of the new loci harbor plausible candidate genes implicated in pancreas development, Disease@MESH:D010195 beta-cell function, and predisposition to Disease@MESH:D003920. Further investigation is warranted to understand the biological underpinnings of these common Disease@MESH:D010190 susceptibility alleles", "type": "paragraph"}, {"sent": "We conducted a GWAS of Disease@MESH:D010190 using case and control subjects from 17 studies (Supplementary Table 1). Disease@MESH:D010190 cases included individuals newly identified from nine cohort studies that participated in PanScan I, as well as those from five new cohort studies, two new case series, and one new case-control study. The new cohort studies included the Agricultural Health Study (AHS), Melbourne Collaborative Cohort Study (MCCS), Multiethnic Cohort Study (MEC), Selenium and Vitamin Disease@MESH:D009369 Prevention Trial (SELECT), and Vitamins and Lifestyle Study (VITAL). The new case-based studies were the Gastrointestinal Disease@MESH:D009369 Clinic of Disease@MESH:D055577 Institute (DFCI-GCC), Spanish Disease@MESH:D010190 Study PANKRAS-II, and PANDoRA-Heidelberg Disease@MESH:D010190 case-control study. Cases were defined as those individuals having primary Disease@MESH:D010190 (ICD-O-3 code C250-C259). Those with non-exocrine Disease@MESH:D010190 (histology types 8150, 8151, 8153, 8155 and 8240) were excluded. Each participating study obtained informed consent from study participants, approval from its institutional review board (IRB) for this study, and IRB certification permitting data sharing in accordance with the NIH Policy for Sharing of Data Obtained in NIH-Supported or NIH-Conducted Genome-Wide Association Studies", "type": "paragraph"}, {"sent": "All samples from Disease@MESH:D010190 cases with sufficient DNA (n=1,894) were genotyped on the Illumina OmniExpress chip at the Disease@MESH:D009369 Genomic Research Laboratory (CGR) (Supplementary Table 2). Genotypes were called using the Illumina GenomeStudio software. Genotype clusters for new cases were estimated using samples with a completion rate of 98% to optimize accuracy. Genotypes for all samples, including those initially excluded, were subsequently called based on the optimized cluster file. Extensive quality-control metrics were applied to the data: SNPs with a call rate <94% or Hardy-Weinberg Proportion p value <1x10-7 were excluded (n=18,765); samples with a call rate <94% (n=78), mean heterozygosity <26% or >33% (n=2) based on autosomal SNPs or gender discordance (>5% heterozygosity based on the X chromosome SNPs for males or <20% heterozygosity based on the X chromosome SNPs for females, n=5) were excluded. Unexpected duplicates (>99.9% concordance, n=3) and first-degree relatives (n=2, on the basis of identity-by-descent sharing with Pi-hat >0.40) were removed. Quality-control duplicate samples in PanScan III (n=38 pairs) showed >99.9% genotype concordance. Duplicates with PanScan I or II were removed (>99.9% concordance, n=21). Ancestry was assessed using the Genotyping Library and Utilities (GLU) struct.admix module. Participants with <80% European ancestry (n=199) were excluded for the primary analysis of individuals of European ancestry (Supplementary Fig. 3). After exclusions, 1,582 cases of European ancestry were available for analysis (Supplementary Tables 2 and 3)", "type": "paragraph"}, {"sent": "Controls of >=80% European ancestry were drawn from ten of the studies included in PanScan III (Alpha-Tocopherol, Disease@MESH:D008175 Prevention Study (ATBC), American Disease@MESH:D009369 Prevention Study-II Cohort (Disease@MESH:D020165), European Prospective Investigation into Disease@MESH:D009369 and Nutrition (EPIC), Health Professionals Follow-Up Study (HPFS), Melbourne Collaborative Cohort Study (MCCS), Multiethnic Cohort Study (MEC), Nurses' Health Study (NHS), Prostate, Lung, Disease@MESH:D015179 Screening Trial (PLCO), Spanish Disease@MESH:D010190 Study (SPCS, PANKRAS-II and Spanish Bladder Disease@MESH:D009369/EPICURO studies) and Women's Health Initiative (WHI)). These controls had no history of Disease@MESH:D009369, were not included in PanScan I or PanScan II, and had been previously genotyped at CGR on the Illumina OmniExpress, Omni1M or Omni2.5M arrays, with extensive quality-control as previously described. In total, 5,203 controls were included in the analysis (Supplementary Tables 2 and 3). A total of 608,202 SNPs with overall completion rate >80% in both cases and controls were advanced to the association analysis. To evaluate population substructure, a principal components analysis was performed using the struct.pca module of GLU, version 1.0, which is similar to EIGENSTRAT. Plots of the first six principal components are shown in Supplementary Figure 4. The estimated inflation of the test statistic, lambda, was 1.02; a Quantile-quantile (QQ) plot is shown in Supplementary Figure 5", "type": "paragraph"}, {"sent": "Association analysis was performed assuming a log-additive genetic model and adjusting for age, sex, geographic region and 6 significant eigenvectors (i.e. EVs that were nominally significant in a baseline risk model adjusting for age, sex, and geographic region). Geographic region was defined as REGION_US (United States): AgHealth, Disease@MESH:D020165, DFCI, HPFS, MEC, NHS, Disease@MESH:D054877, PHS, PLCO, SELECT, VITAL, WHI; REGION_CNE (Central and Northern Europe): ATBC, EPIC, PANDoRA-Heidelberg, MCCS (Melbourne); and REGION_SE (Southern Europe): SBCS (Spain controls), PANKRAS-II (cases). All data analyses and management were conducted using GLU", "type": "paragraph"}, {"sent": "The second stage involved the primary whole genome scan data from the previously reported PanScan I and PanScan II studies. PanScan I and PanScan II were genotyped on the Illumina HumanHap550 Infinium II and the Human 610-Quad chips, respectively, whereas PanScan III was genotyped on the OmniExpress chip. As the number of overlapping SNPs between the three chips is moderate (~300K), imputation of missing genotypes was performed using phased haplotypes from the DCEG Reference Set and IMPUTE2. The DCEG reference set is well-designed for \"filling in\" missing genotypes across chip designs in PanScan since it is based on several of the same studies included in PanScan and the imputation accuracy is improved over 1,000 Genomes and HapMap data. Imputed SNPs with low minor allele frequencies (MAF <0.01) or low-quality scores (IMPUTE2 information score <0.3) were removed prior to association analysis. The same quality thresholds as described above for stage 1 were applied for stage 2. Final numbers of cases and controls included in stage 2 were 1,757 cases and 1,801 controls from PanScan I and 1,768 cases and 1,841 controls from PanScan II", "type": "paragraph"}, {"sent": "To combine data from PanScan I, II, and III, meta-analyses were performed using the fixed-effects inverse-variance method based on the beta estimates and standard errors. No heterogeneity was observed across stages 1 and 2 for the SNPs identified as GWAS significant or suggestive in the full study (P heterogeneity >=0.11; Supplementary Table 4). Manhattan plot for the results of the meta-analysis of stage 1 and stage 2 is shown in Supplementary Figure 6", "type": "paragraph"}, {"sent": "Association analysis was also performed in 173 cases and 430 controls of Asian ancestry from the Shanghai Men's and Women's Health Study (SMWHS) (Supplementary Table 10). This analysis included case and control subjects from stages 1 and 2 of PanScan III and previously genotyped control subjects from SMWHS. Quality control and association analysis were performed as described above for European ancestry subjects", "type": "paragraph"}, {"sent": "Thirteen SNPs (P-value threshold of <5x10-5) were taken forward for de novo replication in an additional 2,576 cases and 5,552 controls. The replication samples were analyzed individually as three groups: (A) CGR: Disease@MESH:D010190 case and control subjects from CARET plus samples from cases that did not have sufficient DNA for full GWAS and control subjects previously genotyped at CGR; (B) PANDoRA: case and control subjects from the PANDoRA Disease@MESH:D010190 case-control consortium (no overlap with the PANDoRA-Heidelberg cases genotyped in stage 1); and (C) CALBG/Alliance 80303: cases from a randomized clinical trial of gemcitabine plus placebo versus gemcitabine plus bevacizumab, and control subjects previously genotyped at CGR (Supplementary Table 5)", "type": "paragraph"}, {"sent": "Genotyping for cases in group A was performed using custom TaqMan genotyping assays (Applied Biosystems) at CGR. Genotyping for cases and controls from PANDoRA (group B) was performed in the same manner but at the German Disease@MESH:D009369 Research Center (DKFZ) in Heidelberg, Germany. Quality-control duplicate samples in the replication (CGR, n=20 pairs; PANDoRA, n=512 pairs) showed >99.9% genotype concordance. Patients enrolled on CALGB/Alliance 80303 (group C) were previously genotyped using the Illumina HumanHap550v3 Genotyping BeadChip array. Control subjects from PLCO previously genotyped at CGR using the Illumina HumanHap550v3 Genotyping BeadChip array were used for groups (A) and (C) (Supplementary Table 5), and did not overlap with control subjects included in PanScan I, II or III. CALBG/Alliance 80303 and control genotypes were imputed to OmniExpress SNP content in the same manner as described above for stage 1. Quality control thresholds and exclusions for sample and loci in the replication are listed in Supplementary Table 5B. Association results for the replication studies were adjusted for age, sex and study, and a meta-analysis of the three replication groups was performed using the fixed-effects inverse-variance method based on the beta estimates and standard errors (Supplementary Table 6). This was followed by a meta-analysis of stages 1, 2 and replication for the 13 SNPs using the same fixed-effects inverse-variance method", "type": "paragraph"}, {"sent": "A comparison of the genotyping calls from the imputation of PanScan I and II into OmniExpress array contents and confirmatory TaqMan assays (n= 511 samples from PanScan I and II) yielded an r2 of 0.74, 0.96, 0.56, 0.99, 0.98 and 1.00 for Mutation@rs2736098, Mutation@rs6971499, Mutation@rs7190458, Mutation@rs9581943, Mutation@rs16986825 and Mutation@rs1561927, respectively", "type": "paragraph"}, {"sent": "To identify recombination hotspots, we used SequenceLDhot, a program that uses the approximate marginal likelihood method and calculates likelihood-ratio statistics at a set of possible hotspots. We tested five unique sets of 100 control samples. The PHASE Gene@28809 program was used to calculate background recombination rates, and LD heat maps were visualized using the snp.plotter program. For estimation of recombination hotspots between loci in Gene@7015 and Gene@81037 on chr5p15.33, we used the 1000G (version 3) CEU data", "type": "paragraph"}, {"sent": "To estimate heritability explained by common SNPs present on GWAS arrays on the liability scale (lifetime disease risk of 0.015), we used GCTA on a set of LD-pruned SNPs (r2<0.5) that passed the following stringent quality control thresholds: MAF>1%, SNP missing rates <5%, subject missing rate <1%, and HWE P-values >10-4. Non-autosomal SNPs and pairs of subjects with genetic relatedness >5% were removed. These analyses were run separately in PanScan I, II and III, adjusting for age, sex, study (or geographic region in PanScan III) and the significant principal components in each study. PanScan III analyses were restricted to participating studies that contributed both cases and controls. PanScan I, II, and III results were combined via meta-analysis. We repeated the analyses restricted to the genome-wide significant SNPs in individuals of European ancestry to estimate the proportion of heritability tagged by these nine SNPs", "type": "paragraph"}, {"sent": "We constructed a genetic risk score for Disease@MESH:D010190, incorporating the susceptibility loci identified in PanScan I, II, and III. For this analysis, subjects could possess zero to 20 risk alleles, based on their genotypes at the 10 identified loci. Odds ratios were calculated using multivariable-adjusted unconditional logistic regression with meta-analysis to combine data from stages 1 and 2, as done in the analyses of individual SNPs. Replication samples were not genotyped for the four susceptibility loci identified in PanScan I and II, and therefore, these subjects could not be included in the risk score analysis. Subjects with missing genotypes for one or more of the 10 SNPs (n=898) were assigned the most common genotype at that SNP among cases or controls. In sensitivity analyses, results were unchanged if these subjects were excluded. Using 1000 Genomes CEU data, we identified SNPs with r2 >0.7 with our lead SNP. We used HaploReg v2, a tool for exploring noncoding functional annotation using ENCODE data, to evaluate the genome surrounding our SNPs (Supplementary Table 12). In addition, we evaluated cis associations between all new and promising SNPs discovered in this study and the expression of nearby genes in skin biopsies, adipose biopsies and non-transformed peripheral blood samples from subjects of European descent from publically available data sets (Supplementary Table 12). Gene set enrichment analysis was also performed for genes in Disease@MESH:D010190 risk loci identified in subjects of European descent (in a window of 100 kb centered on the most significant SNP in each locus) based on KEGG (Kyoto Encyclopedia of Genes and Genomes) annotations using GeneCodis3 with reporting of the corrected hypergeometric P-value", "type": "paragraph"}, {"sent": "Top, association results of GWAS data from the stage 1 (gray diamonds), stage 2 (purple diamonds), replication (blue diamonds) and the combined data from stages 1-3 (red diamonds) plotted against -log10 P values (left y axis). Overlaid are likelihood ratio statistics (right y axis) estimating putative recombination hotspots across the region on the basis of five unique sets of 100 randomly selected control samples. Bottom, LD heat map based on r2 values from the total control populations for all SNPs included in the GWAS. The data are based on a total number of 7,683 individuals with Disease@MESH:D010190 and 14,397 controls of European descent. Shown are results for 5p15.33 (a), 7q32.3 (b), 16q23.1 (c), 13q12.2 (d), 22q12.1 (e), and 8q24.1 (f)", "type": "fig_caption"}, {"sent": "Subject numbers and characteristics of Disease@MESH:D010190 cases and control", "type": "table_caption"}, {"sent": "Association results for five new Disease@MESH:D010190 susceptibility loci and one suggestive locu", "type": "table_caption"}]}