{"sentences": [{"sent": "Medication adherence is generally defined as the extent of voluntary cooperation of a patient in taking medicine as prescribed. Adherence to long-term treatment with Disease@MESH:D002908 is essential for reducing disease comorbidity and mortality. However, medication non-adherence in Disease@MESH:D002908 averages 50%. This study was conducted a genome-wide association study to identify the genetic basis of medication adherence. A total of 235 medication non-adherents and 1,067 medication adherents with Disease@MESH:D006973 or Disease@MESH:D003920 were used from the Korean Association Resource project data according to the self-reported treatment status of each Disease@MESH:D002908, respectively. We identified four single nucleotide polymorphisms with suggestive genome-wide association. The most significant single nucleotide polymorphism was Mutation@rs6978712 (chromosome 7, p = 4.87 x 10-7), which is located proximal to the Gene@79571 gene, which was previously implicated in decision-making capability in drug abusers. Two suggestive single nucleotide polymorphisms were in strong linkage disequilibrium (r2 > 0.8) with Mutation@rs6978712. Thus, in the aspect of decision-making in adherence behavior, the association between medication adherence and three loci proximal to the Gene@79571 gene seems worthy of further research. However, to overcome a few limitations in this study, defining the standardized phenotype criteria for self-reported adherence should be performed before replicating association studies", "type": "abstract"}, {"sent": "Medication adherence is generally defined as the extent to which patient take medications to coincide with the healthcare provider's recommendation. Adherence to long-term treatment in Disease@MESH:D002908, such as Disease@MESH:D006973 and Disease@MESH:D003920, is essential for reducing the risks of disease comorbidity and mortality. Poor adherence to medication can cause worsening of disease, Disease@MESH:D003643, and increased financial burden for society. Most cases of Disease@MESH:D006973 and Disease@MESH:D003920 are inextirpable. The main goal of treatment for these chronic diseases is to Disease@MESH:D006968 progression and to prevent developing complications. Thus, medication adherence is one of the most important factors for success in lifelong treatment. However, medication non-adherence in Disease@MESH:D002908 averages 50%. The World Health Organization reported that non-adherence is a leading cause of preventable Disease@MESH:D003643 and cost. Predictors of poor adherence are a useful indicator for physicians to identify patients who are most in need of interventions to improve adherence. Illness perceptions and self-efficacy are powerful predictors of adherence. These health-related cognitions have associations with personality, and personality traits can be conveniently summarized by a five-factor model of personality (conscientiousness, Disease@None, agreeableness, extraversion, and Disease@MESH:D005597). Several studies have explored the associations between personality and adherence. Among the 12 previous publications exploring associations between personality traits and medication adherence, 7 studies reported that medication adherence has been positively related to conscientiousness, 5 studies reported negative relationships with Disease@None, 2 studies reported about agreeableness with positive associations, and 1 study reported a positive relationship with extraversion. A genetic basis of personality traits has been identified from behavior genetic studies. Twin, adoption, and family studies show that heritability of personality is about 50%. Several studies have attempted to identify candidate genes with five dimensions of personality, but the results were inconclusive. Genetic linkage studies have suggested only a few genomic regions for personality traits. The genetic influences on personality traits are likely attributable to many genes with small effects. Few genome-wide association studies (GWASs) have identified genetic variants associated with personality traits. However, most of the associations with personality traits could not be replicated, except in one study. Unlike the attempts to elucidate the genomic associations of personality, there is no research on the genetic aspect of medication adherence until now. We assumed that medication adherence has a genetic background, as the personality traits that affect medication adherence have a genetic basis for heritability. Therefore, we conducted a GWAS to identify the association between medication adherence and genotype", "type": "paragraph"}, {"sent": "A nested case-control study of medication adherence in chronic diseases (Disease@MESH:D006973 or Disease@MESH:D003920) was conducted within the Korean Association Resource (KARE) project data (which included genotypes from 8,842 participants from the rural Anseong and urban Ansan cohorts as part of the Korean Genome Epidemiology Study). Two groups were extracted from the KARE data, one of medication non-adherents with Disease@MESH:D002908 (cases) and the other of medication adherents with Disease@MESH:D002908 (controls), based on the following procedure (Fig. 1). There were 1,387 and 613 individuals who were diagnosed with Disease@MESH:D006973 and Disease@MESH:D003920, respectively, of a total of 8,842; 1,540 individuals were defined as patients with Disease@MESH:D002908 after excluding 230 patients with comorbid Disease@MESH:D006973 and Disease@MESH:D003920. Among 1,540 patients with Disease@MESH:D002908, a patient who was undergoing treatment for Disease@MESH:D006973 or Disease@MESH:D003920 or who was taking Disease@MESH:D006973 or Disease@MESH:D003920 medicines (including insulin) were classified as the control group (n = 1,072). Patients who was not receiving treatment or taking medicines were classified as the case group (n = 239). Individuals whose information about treatment was not provided were removed (n = 229). Consequently, 235 cases and 1,067 controls were used for the GWAS after excluding 9 patients with comorbid Disease@MESH:D011618 or Disease@MESH:D003072, such as Disease@MESH:D003704", "type": "paragraph"}, {"sent": "The genotyping and quality control procedures for the KARE data have been described previously. Single nucleotide polymorphisms (SNPs) with a high missing gene call rate (>5%), low minor allele frequency (<0.05), and significant deviation from Hardy-Weinberg equilibrium (p <= 0.001) were excluded, leaving a total of 311,493 SNPs to be examined", "type": "paragraph"}, {"sent": "The case-control GWAS was conducted using PLINK software version 1.07. A quantile-quantile (QQ) plot and a Manhattan plot were produced using the R statistics package. A regional plot was generated using LocusZoom 1.1. Student's t-test and Fisher's exact test were used to test differences in basic and clinical characteristics between case and control groups", "type": "paragraph"}, {"sent": "The general and clinical characteristics of the case and control groups are described in Table 1. The case group (non-adherents) consisted of 80 subjects with Disease@MESH:D003920 and 155 individuals with Disease@MESH:D006973, and the control group (adherents) consisted of 240 and 827, respectively. Individuals with Disease@MESH:D003920 tended to adhere less to medication than Disease@MESH:D006973 patients. The mean age of the case group was 54.29 +- 8.10 and 57.66 +- 7.90 years in the control group. Adherents were significantly older than non-adherents. Males were less adherent than females. All results above are consistent with previous studies of factors affecting medication adherence. Among the clinical characteristics, diastolic blood pressure in Disease@MESH:D006973 individuals was higher in the non-adherence group. However, systolic blood pressure in Disease@MESH:D006973 patients and fasting plasma glucose in Disease@MESH:D003920 person were similar between adherence and non-adherence groups. The rates of family history of Disease@MESH:D006973, Disease@MESH:D003920, and their life-threatening complications, such as Disease@MESH:D002561 attack and Disease@MESH:D003324, did not differ between case and control groups", "type": "paragraph"}, {"sent": "The GWAS for medication adherence in 1,067 medication adherents and 235 medication non-adherents showed multiple SNPs with a suggestive association (Fig. 2). The QQ plot showed that most of the observed associations lay close to the expected distribution, conforming to the null hypothesis of no association. The genomic inflation factor was 1.00, indicating no evidence of inflation in the test statistics due to population stratification or other sources. SNPs with a suggestive genome-wide association (p < 1 x 10-5) are shown in Table 2. Although no SNP met the criteria of genome-wide significance (p < 5 x 10-8), four loci (Mutation@rs6978712, Mutation@rs10487488, Mutation@rs7690819, Mutation@rs11973012) with suggestive significance were identified. The most significant SNP was Mutation@rs6978712 (p = 4.87 x 10-7), which is located proximal to the Gene@79571 gene, which was previously implicated in decision-making capability in drug abusers. Three SNPs on chromosome 7 were in close proximity, and Fig. 3 shows a regional association for these SNPs proximal to the Gene@79571 gene", "type": "paragraph"}, {"sent": "Medication adherence averages only 50% among patients receiving treatment for chronic diseases. Poor medication adherence contributes to worsening disease, Disease@MESH:D003643, and increased health care costs. Moreover, if medication adherence is not guaranteed, new therapeutic options, such as personalized medicine that aims to customize healthcare to individual patients based on their genetic background, are merely useless. However, in spite of its importance in personal and social aspects, the genetic background for medication adherence has never been studied. Since personality traits that have a genetic background affect behaviors, including medication non-adherence, this study aimed to explore the genetic basis of medication adherence in chronic diseases for the first time", "type": "paragraph"}, {"sent": "Among the Disease@MESH:D006973 or Disease@MESH:D003920 patients from the KARE cohort study, 235 medication non-adherent individuals (case) and 1,067 medication adherent individuals (control) were extracted according to the self-reported treatment status for the disease from the cohort questionnaire. Patient self-reports are considered a simple and effective method to measure adherence, since a gold standard does not exist. Patients with Disease@MESH:D003072 that can affect adherence were excluded. Defining rigorous phenotype criteria is paramount to the success of a case-control GWAS. Thus, the method of classifying individuals as either case or control in this study was validated by comparing the general characteristics of the case-control subjects. The differences in demographic factors (age and gender) and disease factors for adherence between the two groups were consistent with previous reports (Table 1)", "type": "paragraph"}, {"sent": "Nevertheless, the classification criteria in this study have limitations. First, there is the possibility of misclassification of treatment-adherent individuals as medication non-adherent patients, because the criteria were based exclusively on current medication status for Disease@MESH:D006973 or Disease@MESH:D003920. For example, patients with mild Disease@MESH:D006973 or Disease@MESH:D003920 who follow instructions from the physician to modify their diet or lifestyle as an initial therapy can be classified as medication non-adherent individuals. Second, the different ratio of the number of Disease@MESH:D006973 and Disease@MESH:D003920 patients between the case and control groups can affect the GWAS results. Additionally, the risk of volunteer bias is present, in which individuals who participated in the KARE cohort possibly tended to adhere more to health care services. To overcome these limitations, standardized phenotype criteria for self-reported adherence, such as the five-item Medication Adherence Report Scale-MARS-5, which has already been used in various settings, and the eight-item Morisky Medication Adherence Scale-MMAS-8, which has been validated in over 1,000 individuals with Disease@MESH:D006973, can be applied in the study design. These criteria enable reliable and replicable classification of medication adherence", "type": "paragraph"}, {"sent": "This study identified four loci that were suggestively associated with medication adherence. The most significantly associated SNP was Mutation@rs6978712 (p = 4.87 x 10-7), which is located nearby the Gene@79571 gene on chromosome 7. Two suggestive SNPs were in strong linkage disequilibrium (r2 > 0.8) with Mutation@rs6978712 (Fig. 3). This might be due to the close physical proximity of those three SNPs. Gene@79571 encodes a peripheral membrane protein that may have a role in the organization of the trans-Golgi network subcompartment that is associated with membrane transport. The trans-Golgi network is a major secretory pathway that sorts and directs newly synthesized proteins to subcellular destinations, including neuronal synapses. Increased transcription of Gene@79571 in the brain cortex of drug abusers has been reported in one study. This study indicates that Gene@79571 is involved in decision-making capabilities in drug abusers. Patients with chronic diseases weigh the benefits from adherence with treatment against the constraints on their daily lives and the perceived risks of treatment, such as side effects, time, money, and effort involved, either consciously or subconsciously. Thus, in the aspect of decision-making in adherence behavior, the association between medication adherence and the three SNPs proximal to the Gene@79571 gene identified in this study seems worthy of further research. The personality trait-associated SNPs were not associated with medication adherence in this study. Because of the multivariate association between personality traits and medication adherence, it seems difficult to apply the personality trait-associated SNPs to the medication adherence-associated SNPs directly", "type": "paragraph"}, {"sent": "This study suggests potential evidence for a genetic basis of medication adherence in Disease@MESH:D002908 patients. A complete identification of the genetic influences for medication adherence appears feasible, because medication adherence is complexly influenced by not only personality traits but also many factors, including socio-economic factors, healthcare-related factors, and demographic factors. Nevertheless, identifying genetic associations for poor medication adherence in Disease@MESH:D002908 patients requires further research. It would be helpful for physicians to initiate personalized medication therapy by modifying treatment strategies, such as changing the route of administration, the complexity of treatment, and the degree of behavioral change required, for Disease@MESH:D002908 patients with expected poor medication adherence from their genetic background", "type": "paragraph"}, {"sent": "Summary of the sampling and quality control procedure. KARE, Korean Association Resource project; Disease@None, Disease@MESH:D006973 patients; Disease@MESH:D009223, Disease@MESH:D003920 patients; SNP, single nucleotide polymorphism; GWA, genome-wide association; Gene@4094, minor allelic frequency; HWE, Hardy-Weinberg equilibrium", "type": "fig_caption"}, {"sent": "Quantile-quantile (QQ) plot and Manhattan plot of genome-wide association study (GWAS) for medication adherence. (A) QQ plot shows the differences between the observed and expected -log10 (p-value) of the study results. The red line indicates the expected distributions under the null hypothesis. The gray shaded region represents the 95% confidence interval. (B) Manhattan plot of single nucleotide polymorphisms for medication adherence. X-axis represents chromosomes. Y-axis represents -log10 (p-values) obtained by genome-wide association analysis. The red line indicates the suggestive threshold for genome-wide significance (p < 1 x 10-5)", "type": "fig_caption"}, {"sent": "Regional association plot of the most significant loci associated with medication adherence. Purple circle indicates the strongest association (Mutation@rs6978712) detected in the genome-wide analysis. Other circles indicate SNPs genotyped in this study, and their color reflects the linkage disequilibrium (r2) with Mutation@rs6978712. The blue line represents the recombination rates in the 1000 Genome Mar 2012 ASN population. SNPs, single nucleotide polymorphisms; ASN, super population of the east Asian, which includes Han Chinese in Beijing, China; Japanese in Tokyo, Japan; Southern Han Chinese; Chinese Dai in Xishuangbanna, China; and Gene@3799 in Ho Chi Minh City, Vietnam", "type": "fig_caption"}, {"sent": "SNPs with p < 1 x 10-5 in the GWAS of 235 medication non-adherent cases and 1,067 medication adherent controls from the KARE cohor", "type": "table_caption"}]}