{"sentences": [{"sent": "Genome-wide association studies (GWAS) have identified more than 80 susceptibility loci for Disease@MESH:D003924 (T2D), but most of its heritability still remains to be elucidated. In this study, we conducted a meta-analysis of GWAS for T2D in the Japanese population. Combined data from discovery and subsequent validation analyses (23,399 T2D cases and 31,722 controls) identify 7 new loci with genome-wide significance (P<5 x 10-8), Mutation@rs1116357 near Gene@114800, Mutation@rs147538848 in Gene@58516, Mutation@rs1575972 near Gene@63951, Mutation@rs9309245 near Gene@51130, Mutation@rs67156297 near Gene@57198, Mutation@rs7107784 near Gene@100616126 and Mutation@rs67839313 near Gene@100505573. Of these, the association of 4 loci with T2D is replicated in multi-ethnic populations other than Japanese (up to 65,936 T2Ds and 158,030 controls, P<0.007). These results indicate that expansion of single ethnic GWAS is still useful to identify novel susceptibility loci to complex traits not only for ethnicity-specific loci but also for common loci across different ethnicities", "type": "abstract"}, {"sent": "Here, Imamura et al. conduct meta-analysis of genome-wide association studies to identify novel susceptibility loci for Disease@MESH:D003924 (T2D) in the Japanese population. By doing so, this study shows that both ethnicity-specific and ethnically-shared genetic loci can contribute to T2D risk", "type": "abstract"}, {"sent": "To date, more than 80 susceptibility loci for Disease@MESH:D003924 (T2D) have been identified through genome-wide association studies (GWAS). However, the joint effects of these variants account for <10% of the heritability for T2D. GWAS for T2D have been extensively conducted in populations of European descent and, accordingly, the majority of established T2D susceptibility genetic loci were originally identified by European GWAS. Cumulative evidence suggests that Asian populations may be more genetically susceptible to T2D than populations with European ancestry. In addition, there are significant interethnic differences in the risk allele frequency or in effect sizes at several loci, which may affect the power to detect associations in these populations. On the other hand, both overlap in T2D susceptibility loci among different ancestry groups and coincident risk alleles at lead single-nucleotide polymorphisms (SNPs) across diverse populations have been reported, suggesting that causal variants at many of these loci are shared across different ancestry groups. Moreover, a recently published transethnic GWAS has successfully identified seven novel T2D susceptibility loci by combining the association data from European, South Asian, East Asian and Mexican/Latinos GWAS. Therefore, it is valuable to perform GWAS for T2D using non-European and European populations, to facilitate identification of both ethnicity-specific and common-susceptibility loci among different ethnic groups", "type": "paragraph"}, {"sent": "Four T2D GWAS loci discovered in a Japanese population earlier have been shown to be significantly associated with T2D in the largest European GWAS meta-analysis: Gene@3784 (refs), Gene@7325 (ref.), Gene@145741-Gene@388125 and Gene@286 (ref.), highlighting that there are common loci conferring susceptibility to T2D among the different ethnic groups studied. Three additional loci (MIR129-Gene@3952, Gene@26086 and Gene@162515-Gene@201232) have been identified by a large-scale Japanese GWAS (n=~25,000) based on the imputation of genotypes using the 1000 Genomes Project data as a reference. One of the findings, the association in the Gene@162515-Gene@201232 was also confirmed in the Mexican GWAS study", "type": "paragraph"}, {"sent": "To identify novel loci for susceptibility to T2D, we have expanded the Japanese GWAS data set by incorporating new Japanese GWAS data (9,817 T2D cases and 6,763 controls) with GWAS data in previously reported case-control individuals (5,646 T2D cases and 19,420 controls) followed by a validation study using independent Japanese case-control individuals (7,936 T2D and 5,539 controls) and multi-ethnic replication studies (East Asians: 12,554 T2D and 17,383 controls; Europeans: 38,947 T2D and 121,903 controls; South Asians: 10,587 T2D and 14,378 controls; and Mexian/Latinos: 3,848 T2D and 4,366 controls). As a result, we identify seven novel loci for T2D and the result indicates that expansion of single ethnic GWAS is still useful to identify novel susceptibility loci to complex traits", "type": "paragraph"}, {"sent": "Imputed genotype dosage data for 9,817 T2D cases and 6,763 controls for 7,521,072 autosomal SNPs (Stage-1, Gene@9739) were obtained and combined with an independent GWAS data of previously reported case-control individuals (Stage-1, Gene@29072: 5,646 T2D cases and 19,420 controls; 7,521,072 autosomal SNPs), as shown in Fig. 1a. There was no obvious inflation in the quantile-quantile plots for each study (Stage-1: lambdaGC=1.13 and lambdaGC adjusted for 1,000 cases and controls (lambdaGC-1000)=1.012; Stage-2: lambdaGC=1.082 and lambdaGC-1000=1.009), as shown in Supplementary Fig. 1A,B. SNPs with a low imputation quality (r2<0.7 either in Gene@9739 or Gene@29072) or with an inconsistent direction of effect between the studies were excluded from the analysis. We obtained 42 loci exhibiting a suggestive association with T2D (P<1 x 10-6). The most significant association in this meta-analysis was Mutation@rs2237896 located at intron 15 of Gene@3784 (P=2.81 x 10-70), which was previously identified in Japanese GWAS (Supplementary Fig. 1C). Out of the 42 loci, 25 were previously established T2D susceptibility loci (Supplementary Table 1) and the remaining 17 were further evaluated using an independent Japanese case-control study (Stage-2: 7,936 T2D cases and 5,539 controls, multi-centre) and de novo genotyping (Supplementary Tables 2 and 3)", "type": "paragraph"}, {"sent": "To explore the novel T2D susceptibility loci, we combined the association data for the candidate SNPs from all the Japanese case-control samples (Stage-1 Gene@9739, Stage-1 Gene@29072 and Stage-2) using a meta-analysis (Fig. 1b and Supplementary Table 3) and identified seven T2D susceptibility loci with a significant association (P<5 x 10-8; Table 1, Fig. 2 and Supplementary Table 3): Mutation@rs1116357 near Gene@114800 (P=6.97 x 10-10, odds ratio (OR)=1.09, 95% confidence interval (CI)=1.06-1.12), Mutation@rs147538848 in Gene@58516 (P=7.83 x 10-10, OR=1.11, 95% CI=1.07-1.15), Mutation@rs1575972 near Gene@63951 (P=1.50 x 10-9, OR=1.19, 95% CI=1.13-1.26), Mutation@rs9309245 near Gene@51130 (P=1.25 x 10-8, OR=1.10, 95% CI=1.07-1.14), Mutation@rs67156297 near Gene@57198 (P=1.95 x 10-8, OR=1.14, 95% CI=1.09-1.19), Mutation@rs7107784 near Gene@100616126 (P=2.07 x 10-8, OR=1.14, 95% CI=1.09-1.20) and Mutation@rs67839313 near Gene@100505573 (P=2.42 x 10-8, OR=1.09, 95% CI=1.06-1.12). The effect sizes (OR) of these seven SNPs were similar before and after adjusting for age, sex and body mass index (BMI) (Supplementary Table 4). The Mutation@rs1575972 locus in Gene@63951 was located 170 kbp away from the T2D locus Gene@1029;1030 at 9p21 (refs) and the Mutation@rs7107784 locus near Gene@100616126 was located ~620 kbp upstream of Gene@3784 (refs). The linkage disequilibrium (LD) between Mutation@rs1575972 and Mutation@rs10811661, which was a lead SNP within the Gene@1029;1030 locus, was weak (JPT: r2=0.01, CEU: r2=0.02). The association of Mutation@rs1575972 was significant even after conditioning on Mutation@rs10811661 (P for meta-analysis=2.45 x 10-9, OR=1.19, 95% CI=1.12-1.26; Supplementary Table 5); therefore, we considered the Mutation@rs1575972 locus as a novel T2D susceptibility locus, independent of the Gene@1029;1030 locus. We also observed that the Mutation@rs7107784 locus near Gene@100616126 was not in LD with Mutation@rs2237897 (JPT: r2<0.01, CEU: r2<0.01), which was a lead SNP within the Gene@3784 locus, and the association was similar after conditioning on Mutation@rs2237897 (P for meta-analysis=2.75 x 10-8, OR=1.16, 95% CI=1.10-1.22; Supplementary Table 6)", "type": "paragraph"}, {"sent": "We also examined the association of these seven SNPs with glycaemic traits in Stage-2 control individuals, including fasting plasma glucose, homeostasis model assessment (HOMA) of beta-cell function (HOMA-beta) and HOMA of Gene@3630 resistance (IR). However, we did not detect any significant associations between the T2D risk alleles and these glycaemic traits (P>=0.0024 Supplementary Table 7). We also searched the publicly available European GWAS data (MAGIC, http://www.magicinvestigators.org) and found that the T2D risk allele at the Gene@63951 locus (Mutation@rs11791293-C; proxy for Mutation@rs1575972-T, CEU r2=1) and at the Gene@100616126 locus (Mutation@rs7111341-T; proxy for Mutation@rs7107784-G, CEU r2=0.95) were associated with a decrease in fasting plasma Gene@3630 (FPI) (P=0.0039; Supplementary Table 8) and with an increase in FPI (P=0.0066; Supplementary Table 8), respectively, although these associations were not statistically significant (P>=0.0008=0.05/63 (7 SNPs x 9 traits))", "type": "paragraph"}, {"sent": "We analysed the association of these seven variants with disease susceptibility in populations other than Japanese. We obtained association data for four ethnic groups using de novo genotyping, in silico replication and by examining publicly available GWAS data including East Asian (n=up to 29,937: 12,554 T2Ds and 17,383 controls), South Asian (n=up to 24,965: 10,587 T2Ds and 14,378 controls), European (n=up to 160,850: 38,947 T2Ds and 121,903 controls) and Mexican (n=up to 8,214: 3,848 T2Ds and 4,366 controls) populations (Supplementary Table 9). Meta-analyses of the combined data from the four non-Japanese ethnicities indicated that four SNP loci, namely Mutation@rs147538848 in Gene@58516, Mutation@rs1575972 near Gene@63951, Mutation@rs7107784 near Gene@100616126 and Mutation@rs67839313 near Gene@100505573 were associated with the disease after Bonferroni's correction (P<0.00714=0.05/7; Table 2). The disease association of these four SNPs was further corroborated by combining the Japanese data with the multi-ethnic replication data sets (Supplementary Table 10). The Mutation@rs67156297 locus in Gene@57198 was nominally associated with T2D in the combined meta-analysis for multi-ethnic groups other than the Japanese populations. We did not detect any disease association for the remaining two SNP loci other than in the Japanese population; however, the effect direction for each of the seven loci was consistent with that in the Japanese population", "type": "paragraph"}, {"sent": "We performed BMI-stratified (BMI<25 or>=25) and sex-stratified analyses in the novel and established GWAS loci, to determine whether significant heterogeneity in allelic effects existed between non-Disease@MESH:D009765 and Disease@MESH:D009765 individuals or males and females in the Japanese population. BMI-stratified analysis for 83 previously established loci revealed evidence of significant heterogeneity in the effect size between non-Disease@MESH:D009765 and Disease@MESH:D009765 individuals at Gene@3784 (P for heterogeneity=8.89 x 10-5; Supplementary Table 11). The effect size of Gene@3784 was greater in the non-Disease@MESH:D009765 group than in the Disease@MESH:D009765 group (Supplementary Table 11). In sex-stratified analyses, individual established loci did not show significant heterogeneity in effect sizes between men and women (P>6 x 10-4; Supplementary Table 12)", "type": "paragraph"}, {"sent": "For the seven novel T2D-associated loci identified in this study, no significant heterogeneity was detected in BMI-stratified or sex-stratified analyses (Supplementary Tables 13 and 14)", "type": "paragraph"}, {"sent": "We examined the association data of 83 previously identified T2D susceptibility loci in the Japanese GWAS meta-analysis data (Supplementary Data 1 and Supplementary Fig. 2). Variants at 19 loci were found associated with T2D at a genome-wide level of significance and additional 30 loci were determined to be significantly associated with T2D (P<6.02 x 10-4=0.05/83). Of the above 49 significant associations, Gene@111, Gene@6927 and Gene@9055 were not previously evaluated in the Japanese population, because the lead SNPs within these loci in the European GWAS (Mutation@rs11708067 and Mutation@rs11717195 at the Gene@111 locus, Mutation@rs12427353 and Mutation@rs7957197 at the Gene@6927 locus and Mutation@rs8042680 at the Gene@9055 locus) were monoallelic in the Japanese population. In this study, Mutation@rs79223353 at the Gene@111 locus, Mutation@rs55783344 at the Gene@6927 locus and Mutation@rs79548680 at the Gene@9055 locus were determined to be significantly associated with T2D (P<6.02 x 10-4; Supplementary Data 1 and Supplementary Fig. 3). Meta-analysis combining the GWAS data with de novo genotyping data for Stage-2 individuals revealed that the association of Mutation@rs79223353 within the Gene@111 locus and Mutation@rs79548680 within the Gene@9055 locus reached genome-wide significance in the Japanese population (Supplementary Table 15). We did not detect any disease-associated SNPs within the 16 loci (9 derived from European GWAS, 3 from East Asian, 2 from trans-ethnic, 1 from South Asian and 1 from African American, P>=0.05) using fine mapping analyses (Supplementary Data 1 and Supplementary Fig. 2). We also identified a secondary association signal located at Gene@54536 near the Gene@3416-Gene@3087 locus. The associations of Mutation@rs78627331 and Mutation@rs34773007 within the Gene@54536 locus were significant after conditioning on Mutation@rs1111875 (r2=0.01 for Mutation@rs78627331 and r2=0.04 for Mutation@rs34773007 in JPT), which was a previously reported lead SNP within the Gene@3416-Gene@3087 locus (P=1.49 x 10-8 for Mutation@rs78627331, P=2.20 x 10-8 for Mutation@rs34773007; Supplementary Table 16)", "type": "paragraph"}, {"sent": "We applied the genetic information from previously reported and the present GWAS, to investigate potential drug targets for the treatment of T2D. First, we defined 286 T2D potential risk genes located in any of the 90 T2D risk loci (7 novel T2D loci that were identified in the present study and 83 previously identified T2D loci; see Supplementary Note). Among the 286 genes, by using a previously described scoring system, we selected 40 genes with a score of 2 or higher (Supplementary Note, Supplementary Tables 17-20, Supplementary Data 2 and 3, and Supplementary Figs 4 and 5) as 'biological T2D risk genes' (Fig. 3 and Supplementary Data 4). In brief, we scored each of the 286 biological candidate genes by adopting the following six selection criteria and calculating the number of satisfied criteria as follows: (1) genes for which T2D risk SNPs or any of the SNPs in LD (r2>=0.80) with them were annotated as missense variants; (2) genes for which cis-Gene@67753 genes of any of lymphoblastoid cell lines, adipose tissue or liver tissues were observed for T2D risk SNPs (P<0.05 for lymphoblastoid cell lines and adipose tissues, and P<0.004 for liver tissues); (3) monogenic Disease@MESH:D003920 genes; (4) genes for which at least three out of six associated phenotype labels (homeostasis/metabolism, liver/biliary system, endocrine/exocrine gland, growth/size/body, mortality/ageing and embryogenesis; P<9.2 x 10-5) were observed in knockout mouse; (5) genes prioritized by PubMed text mining genes using GRAIL with gene-based P<0.05; and (6) genes prioritized by protein-protein interaction (PPI) network using DAPPLE with gene based P<0.05", "type": "paragraph"}, {"sent": "As these criteria exhibited weak correlations with each other (r2<0.34; Supplementary Fig. 5), each gene was given a score based on the number of criteria that were met (scores ranged from 0 to 6). Genes with a score of 2 or higher were defined as biological T2D risk genes", "type": "paragraph"}, {"sent": "We searched for overlapping genes between the 871 drug target genes corresponding to approved, in clinical trials or experimental drugs for various human diseases described in the previous report, and the 40 biological T2D risk genes plus 712 genes that are known to have products that have direct PPI with the biological T2D risk gene products. We identified a total of 83 overlapping genes (Supplementary Fig. 6 and Supplementary Table 21). Fourteen drug target genes with approved T2D treatments demonstrated significant overlap with the 40 biological T2D risk genes and 712 genes with direct PPI (4 genes overlapped with 5.6-fold enrichment as determined using permutation analysis, P=0.0042; Supplementary Table 22 and Supplementary Fig. 6). The 871 drug target genes had overlap with the identified 83 genes, which is 1.8-fold more enrichment than would be expected by chance, but this is 3.1-fold less enrichment compared with overlap of the targets of T2D drugs (Supplementary Fig. 6)", "type": "paragraph"}, {"sent": "Of the 83 overlapping genes, 5 were biological T2D risk genes (Gene@5468, Gene@3767, Gene@6833, Gene@2645 and Gene@3832; Fig. 4). Three of these are targets of approved T2D drug treatments: Gene@5468, thiazolidinediones; Gene@3767, sulfonylurea; Gene@6833, sulfonylureas and glinide. Gene@2645 is a target gene of a Gene@2645 activator that was in clinical trials as of August 2014 (Supplementary Table 23). Of the remaining 78 genes, 2 genes exhibit PPI with 3 biological T2D risk gene products. Gene@2932 interacts with Gene@4851, Gene@4853 and Gene@894, whereas JUN interacts with Gene@55294, Gene@3087 and Gene@894. Eight genes interact with 2 biological T2D risk gene products and 68 genes interact with a single biological T2D risk gene product (Supplementary Table 21). A list of therapeutic drugs that are currently under clinical trials targeting Gene@2645, Gene@3832, Gene@2932 and JUN is shown in Supplementary Table 23", "type": "paragraph"}, {"sent": "In this study, we performed a GWAS meta-analysis in the Japanese population followed by validation using an independent Japanese sample. Integration of the results for ~55,000 Japanese individuals identified 7 novel loci associated with T2D that reached genome-wide significance. In a subsequent transethnic meta-analysis, four loci were confirmed and one locus was suggested as common susceptibility loci for T2D in populations other than the Japanese population", "type": "paragraph"}, {"sent": "GWAS have been extensively performed in diverse ethnic groups, including populations of European, East Asian, South Asian and Mexican decent. To this point, the sample size of GWAS for European populations has grown to over 100,000 (ref.) and these studies have identified nearly 50 loci associated with T2D. GWAS on populations of non-European origin and transethnic GWAS meta-analysis have identified more than 30 loci associated with T2D, which were not detected in earlier European GWAS. Among these, several loci have been shown to be associated with T2D in larger European populations, which suggests that further expansion of GWAS for non-European populations could prove useful in identifying additional susceptibility loci associated with T2D", "type": "paragraph"}, {"sent": "Among the seven novel loci identified in this study, Mutation@rs147538848 in Gene@58516, Mutation@rs1575972 near Gene@63951, Mutation@rs7107784 near Gene@100616126 and Mutation@rs67839313 near Gene@100505573 were shown to be common susceptibility loci for T2D across different ethnicities, although the significance of the association differed among individual ethnic groups for several loci", "type": "paragraph"}, {"sent": "Mutation@rs147538848 is located in the intron of Gene@58516, which encodes a subunit of the Gene@25942 deacetylase complex (Gene@25942/Gene@3065) that has been shown to be important for the repression of genes encoding components of the transforming growth factor-beta signalling pathway. Studies using a rat Disease@MESH:D005317 model have suggested that the Gene@25942/Gene@297893 complex may negatively regulate the expression level of pancreatic and duodenal homeobox 1 (Gene@29535), which is known as an important transcription factor for the development of Disease@MESH:D010190 and beta-cell maturation via histone modification of its proximal promoter. A T2D risk allele at the Gene@58516 locus might contribute to disease susceptibility by impairing the transcriptional regulation of genes that are important for glucose metabolism", "type": "paragraph"}, {"sent": "Gene@100505573 encodes Gene@100505573 and has previously been known as Gene@100505573 (Gene@100505573) or long intergenic non-protein coding RNA 984 (Gene@100505573), which is a putative long non-coding RNA. Although the expression of Gene@100505573 has been shown to be upregulated during osteogenesis, the function of Gene@100505573 encoding protein is still unknown. Around Mutation@rs67839313, there are two plausible genes for susceptibility to T2D: Gene@5330 and Gene@85455. Gene@5330 encodes phospholipase C isoform Gene@10383 and phospholipase C is a known regulator of Disease@MESH:D007333 through hydrolysis of islet phosphoinositide pools. Therefore, it is feasible that this locus is associated with Disease@MESH:D044882. Gene@85455 encodes dispatched homologue 2, which is a cell surface marker on Gene@3630-positive cells. Although the functional role of this molecule in Disease@MESH:D018149 is not well understood, it is potentially involved in the maturation of pancreatic beta-cells or it might have a role in already matured pancreatic beta-cells", "type": "paragraph"}, {"sent": "The effect size for the T2D association of Mutation@rs1575972 near Gene@63951 was similar among all populations in this study, except for the Mexican/Latino population (Table 2 and Supplementary Table 10). The risk allele of Mutation@rs1575972 in the Gene@63951 locus was nominally correlated with a decrease in FPI (Supplementary Table 8), which suggests that this locus might contribute to T2D susceptibility through affecting Disease@MESH:D010195 beta-cells. The Gene@63951 encodes doublesex and mab-3-related transcription factor-like family A1, which has been recently reported to be involved in neuronal development by regulating the Gene@5080-Gene@63973 transcriptional cascade. Although the relevance of Gene@63951 to pancreatic development has not been established, Gene@63951 might play a role in beta-cell development, because Gene@5080 and Gene@50674, other member of the neurogenin subfamily, are key transcriptional regulators of Disease@MESH:D010195 cell differentiation", "type": "paragraph"}, {"sent": "INS, Gene@3481 and Gene@7054 are located at approximately Mutation@rs7107784 near the Gene@100616126 locus. Gene@3481 plays a key role in Disease@MESH:D006130 and may also influence body weight in adulthood, and Gene@7054 (Gene@7054) has been shown to play a role in beta-cell development. This locus is known to be associated with risk of Disease@MESH:D003922 (Mutation@rs1004446-C, 45 kbp from Mutation@rs7107784; r2=0.003, D'=0.275). The risk allele of Mutation@rs7107784-G is nominally associated with the increase of FPI levels in the European population (MAGIC data; Supplementary Table 8) and an increase of HOMA-IR in our Japanese data set (Supplementary Table 7). This suggests that the effects of Mutation@rs7107784-G are probably not mediated by an Disease@MESH:D009422 production or secretion, but rather by an Disease@MESH:D009422 sensitivity", "type": "paragraph"}, {"sent": "Mutation@rs67156297 near Gene@57198 was nominally associated with T2D in the transethnic replication meta-analysis (Table 2 and Supplementary Table 10). Gene@57198 encodes a member of the P4 family of ATPases (type 4P-type ATPase), which are multispan transmembrane proteins that have been implicated in phospholipid translocation from the exoplasmic to the cytoplasmic membrane leaflet. The role of Gene@57198 in the pathogenesis of T2D has not been established. However, another member of the P4 ATPase family, Gene@11982, has been shown to be important for the biogenesis and/or membrane-directed trafficking of Gene@20528 receptors, and loss-of-function of Gene@11982 induces IR and Disease@MESH:D009765 in mice", "type": "paragraph"}, {"sent": "The remaining two loci, Mutation@rs1116357 near Gene@114800 and Mutation@rs9309245 near Gene@51130, were not associated with T2D (P>0.05) in the replication meta-analysis for non-Japanese populations, which suggests that the effect of these loci might be specific to the Japanese population. As heterogeneity in effect sizes was observed for Mutation@rs1116357 or Mutation@rs9309245 between Japanese and other ethnic groups, including European, South Asian and Mexican (Supplementary Tables 25 and 27), two possibilities might exist for the two SNP loci: (1) the LD between the causal alleles and the Japanese lead SNPs are consistent across the populations, but the risk alleles have effects only in the Japanese, and (2) the causal alleles are in LD with these SNPs only in the Japanese. By a systematic evaluation for effect sizes and LDs within these loci, we did not identify any SNPs associated with T2D in European populations, which are in LD with our lead SNPs in the Japanese, whereas not in LD in European populations (Supplementary Fig. 8 and Supplementary Tables 26 and 27). Therefore, the causal allele in the two loci might have an effect only in Japanese populations; however, further evaluation is required to elucidate the precise mechanism how these loci contribute to T2D susceptibility in the Japanese", "type": "paragraph"}, {"sent": "While searching for potential drug targets for T2D using a systematic bioinformatics approach, 83 overlapping genes were identified from 752 genes (40 biological T2D GWAS genes and 712 genes that encode products in direct PPI with 40 biological T2D GWAS genes) and 871 drug target genes for various human diseases. Of these, 5 were T2D GWAS genes: Gene@5468, Gene@3767, Gene@6833, Gene@2645 and Gene@3832. Gene@5468, Gene@3767 and Gene@6833 have approved T2D treatment options. In addition, a Gene@2645 activator is currently undergoing clinical trials for the treatment of T2D. Gene@3832, which encodes kinesin family member 11 (also known as Gene@3832), has been shown to be involved in regulating cell Disease@None and inhibitors targeting this gene product have been developed as chemotherapeutic agents in the treatment of Disease@MESH:D009369. Although the role of Gene@3832 in the regulation of glucose metabolism has not been well established, a recent study reported that knockdown of Gene@3832 using small interfering RNA resulted in increased glycogenesis in human primary hepatocytes. Thus, a Gene@3832 inhibitor might ameliorate Disease@MESH:D018149 by suppressing gluconeogenesis from the liver", "type": "paragraph"}, {"sent": "We identified two genes, Gene@2932 and JUN, which directly interact with multiple biological T2D susceptibility genes. Gene@2932 encodes Gene@2932, which is a constitutively active multifunctional serine/threonine kinase and is involved in diverse physiological pathways, including metabolism, cell cycle regulation, gene expression, development, oncogenesis and neuroprotection. Several studies using Gene@56637-modified mouse models have suggested that inhibition of Gene@56637 function may have beneficial effects on glucose metabolism through pancreatic beta-cell preservation or enhancement of Gene@3630-stimulated glycogen synthase regulation and glycogen deposition. Currently, Gene@2932 inhibitors are under clinical trial for the treatment of Disease@MESH:D009369 (Supplementary Table 23), but these compounds could also be potential treatments for T2D", "type": "paragraph"}, {"sent": "JUN encodes the Gene@3725 and the role of Gene@3725 in the pathogenesis of T2D is not well understood. However, Gene@3725 has been shown to decrease the expression of the human Gene@3630 gene by repressing Gene@3630 promoter activity. Gene@3725 is a transactivation component of the heterodimeric transcription factor Gene@3725 and activated through phosphorylation of serines 63 and 73 by Jun N-terminal kinase 2 (ref.), and inhibition of Gene@5599 has been shown to ameliorate glucose intolerance in a mouse model for T2D. Currently, Gene@3725 inhibitor is under clinical trial for the treatment of Disease@MESH:D001172 (Supplementary Table 23) and might also be potential treatments for T2D", "type": "paragraph"}, {"sent": "Although these results suggest that these loci are potential therapeutic targets for treating T2D, the pipeline used to identify these genes has some limitations. As Gene@67753 effects have often been observed for genes far from each locus, it is possible that some biological genes located outside of LD block in each locus were overlooked. In addition, the selection criteria for PubMed text-mining or knockout mouse studies were based on the known functions; therefore, T2D-associated genes whose functions have not been established may have been missed. The number of criteria that were met for individual genes were simply summed for scoring, although the relative impact of the six criteria used here on biological significance may not be equal. We used the previously described scoring method, to prioritize genes in an objective manner; however, it would be worthwhile to refine the pipeline by modifying the selection criteria for genes in future studies. Finally, the potential therapeutic targets or treatments identified through the in silico pipeline have not yet been validated through an experimental approach. Furthermore, in vivo evaluation is essential to clarify the therapeutic effect of these potential T2D treatments", "type": "paragraph"}, {"sent": "In conclusion, we have identified seven novel T2D susceptibility loci using a large-scale Japanese GWAS meta-analysis. The T2D association for four of these was also observed in non-Japanese populations. In addition, we have proposed several new potential pharmacological targets for T2D treatment using a systematic bioinformatics approach. These results indicate that expansion of single ethnic GWAS is still useful to identify novel susceptibility loci to complex traits not only for ethnicity-specific but also for common loci across different ethnicities. Moreover, systematic approaches for integrating the findings of genetic, biological and pharmacological studies could be useful for developing new T2D treatments, although additional pipeline refinement would be required", "type": "paragraph"}, {"sent": "Discovery stage (Stage-1). We selected T2D cases from individuals registered in BioBank Japan as having T2D (Gene@9739 cases, n=9,817). Control groups consisted of individuals registered in BioBank Japan as not having T2D but with diseases other than T2D (Disease@MESH:D002532, Disease@MESH:D009369, Disease@MESH:D016889, Disease@MESH:D011656 or Disease@MESH:D005901) or volunteers from the Disease@MESH:D009759 and Pharma SNP consortium (Gene@9739 controls, n=6,763; Supplementary Table 24). We also used case and control individuals registered in the BioBank Japan that were previously analysed and reported (Gene@29072 cases, n=5,646 and Gene@29072 controls, n=19,420). There was no overlap in individuals in Gene@9739 and Gene@29072", "type": "paragraph"}, {"sent": "Validation analysis (Stage-2). We examined 7,936 T2D cases from the BioBank Japan that were not included in the discovery stage and from subjects with T2D, who visited outpatient clinics at The University of Tokyo, Juntendo University, National Center for Global Health and Medicine, Disease@MESH:D013568, St Marianna University School of Medicine, The Hiroshima Atomic Bomb Casualty Council Health Management Center, Kawasaki Medical School, Toyama University Hospital or Shiga University of Medical Science. We also examined 5,539 controls from individuals that enrolled during an annual health check-up at six institutions: The Hiroshima Atomic Bomb Casualty Council Health Management Center, The National Center for Global Health and Medicine, Keio University, Disease@MESH:D013568, St Marianna University School of Medicine and Toyama University Hospital. T2D was diagnosed according to World Health Organization criteria. We excluded individuals who were positive for antibodies against glutamic acid decarboxylase and those with Disease@MESH:D003920 due to Disease@MESH:D017093, steroids and other drugs that might raise glucose levels, Disease@MESH:D009369 or a monogenic disorder known to cause Disease@MESH:D003920", "type": "paragraph"}, {"sent": "Clinical characteristics of Stage-1and Stage-2 participants are shown in Supplementary Table 24. Genomic DNA was extracted from peripheral leukocytes using the standard procedure. All individuals provided written informed consent to participate in this study. The protocol of this study conformed to the provisions of the Declaration of Helsinki and was approved by the ethical committees at the RIKEN Yokohama Institute and all other institutions", "type": "paragraph"}, {"sent": "Gene@9739 samples were genotyped using the Human Omni Express Exome Bead Chip. There were 535,686 autosomal SNPs that passed quality control, with a call rate >=0.99, for Hardy-Weinberg equilibrium test P >=1 x 10-6 in controls and minor allele frequency (MAF) >=0.01. Gene@29072 samples were genotyped using the Illumina Human 610K SNP array. There were 480,426 autosomal SNPs that passed quality control and were used for further analysis. For sample quality control, we evaluated cryptic relatedness for each sample using an identity-by-state method and removed samples that exhibited second-degree or closer relatedness. We further performed principal component analysis to select individuals within the major Japanese (Hondo) cluster as reported previously, and data for 16,580 individuals (9,817 T2D cases and 6,763 controls) in Gene@9739 and 25,066 individuals (5,646 T2D cases and 19,420 controls) in Gene@29072 were used in subsequent analyses. To evaluate the potential effect of population stratification, we used a quantile-quantile plot of the observed P-values (Supplementary Fig. 1A,B)", "type": "paragraph"}, {"sent": "We performed genotype imputation using MACH and Minimac with individuals from the 1000 Genomes Project (phased JPT, Disease@None and Han Chinese South data n=275, March 2012) as reference populations. We selected SNPs with MAF >=0.01 and a Minimac software quality score (r2)>=0.7. Individual genotype dosage data were used for association studies using mach2dat", "type": "paragraph"}, {"sent": "We genotyped 7,936 individuals with T2D and 5,539 controls using a multiplex PCR-Invader assay, as described previously. Genotyping success rates <95% or concordance rates <99.9% were excluded from further evaluation", "type": "paragraph"}, {"sent": "We obtained follow-up analysis data (n=up to 223,966: 65,936 T2Ds and 158,030 controls) from multiple cohorts or a publicly available database, as described below", "type": "paragraph"}, {"sent": "East Asian populations. We obtained genotype data for up to 29,937 individuals (12,554 T2Ds and 17,383 controls), de novo genotyping from 2 cohorts and in silico replication data from 9 cohorts (Supplementary Table 9)", "type": "paragraph"}, {"sent": "South Asian populations. We obtained in silico genotype data for a total of up to 24,965 individuals (10,587 T2Ds and 14,378 controls) from 6 cohorts (Supplementary Table 9)", "type": "paragraph"}, {"sent": "European populations. We obtained genotype data for up to 160,850 individuals (38,947 T2Ds and 121,903 controls), de novo genotyping data from the Danish case-control study and from a publicly available database (DIAGRAM3 http://diagram-consortium.org/downloads.html). The Danish case-control study consisted of individuals from the Inter99 cohort, Health2006 cohort, Vejle Biobank, T2D cases from the Danish ADDITION screening cohort and a T2D case-control study obtained at Disease@MESH:D003920 (SDC). Two SNPs were genotyped by Illumina MetaboChip in 8,781 individuals from Inter99, Health2006 and SDC, whereas four SNPs were genotyped by LGC Genomics, UK, in individuals from Inter99, Vejle Biobank, ADDITION and SDC samples (Supplementary Table 9)", "type": "paragraph"}, {"sent": "Mexican/Latino population. We obtained in silico genotype data for up to 8,214 individuals (3,848 T2Ds and 4,366 controls) from the Disease@MESH:D003924 Consortium (Supplementary Table 9)", "type": "paragraph"}, {"sent": "Ethnicity was self-reported by the enroled individuals. For each study, approval was obtained from the institutional review boards of the participating institutions and written informed consent was obtained from all participants. We excluded association data obtained by imputed genotyped data with a low quality of imputation (r2<0.7 or info <0.7). Details of the study samples are described in Supplementary Table 9", "type": "paragraph"}, {"sent": "The association between each SNP and T2D was assessed using the logistic regression test with an additive model with or without adjusting for age, sex and log-transformed BMI. We combined data from the each GWAS and our validation analyses using an inverse variance method and examined heterogeneity with a Cochran's Q test using METAL. Regional association plots were generated using LocusZoom", "type": "paragraph"}, {"sent": "We also performed quantitative traits analysis for fasting plasma glucose, HOMA-beta and HOMA-IR using multiple linear regression analysis in an additive association model with or without adjusting for age, sex and log-transformed BMI. The Japanese samples studied here show skewed distribution values for BMI, HOMA-IR and HOMA-beta; therefore, we have analysed the quantitative traits using log-transformed BMI, HOMA-IR and HOMA-beta", "type": "paragraph"}, {"sent": "We performed a search for potential drug targets using genetic information of confirmed T2D susceptibility loci and publicly available bioinformatics tools and databases using a method that has been previously described by Okada et al. (Supplementary Note)", "type": "paragraph"}, {"sent": "Data availability: Summary statistics of 2 Japanese GWAS (study 1: 9,817 cases, 6,763 controls; study2: 5,646 cases, 19,420 controls) for directly genotyped data are available through a NBDC Human Database website (http://humandbs.biosciencedbc.jp/en/", "type": "paragraph"}, {"sent": "How to cite this article: Imamura, M. et al. Genome-wide association studies in the Japanese population identifies seven novel loci for type 2 Disease@MESH:D003920. Nat. Commun. 7:10531 doi: 10.1038/ncomms10531 (2016)", "type": "paragraph"}, {"sent": "(a) GWAS meta-analysis and subsequent validation analysis. (b) Follow-up analyses for seven novel susceptibility loci for T2D in populations other than Japanese. SNP, single nucleotide polymorphism; MAF, minor allele frequency; HWE P, Hardy-Weinberg Equilibrium test P; RSQ, r square", "type": "fig_caption"}, {"sent": "Each plot shows -log10 P-values against the chromosomal positions of SNPs in the specific region. The SNP with the strongest association signal (lead SNP) in each locus is represented as a purple diamond; the other SNPs are coloured according to the extent of LD with the lead SNP. Estimated recombination rates from the hg19/1000 Genomes Project March 2012 East Asian references are shown as light-blue lines. (a) Gene@114800, (b) Gene@58516, (c) Gene@63951, (d) Gene@51130, (e) Gene@57198, (f) Gene@100616126 and (g) Gene@100505573. *Gene position for Gene@100505573 was added manually", "type": "fig_caption"}, {"sent": "The gene score for each gene was calculated by summing up the number of criteria satisfied (filled red box indicates criterion satisfied; 40 genes with a score >=2 out of 286 genes included in the T2D risk loci were defined as 'biological candidate genes'; see Supplementary Data 4). Filled blue boxes indicate the nearest gene to the T2D risk SNP. Filled green boxes indicate overlap with drug target genes", "type": "fig_caption"}, {"sent": "Representative connections between T2D risk SNPs (blue), T2D biological genes (green), drug target genes (purple) and targeted drugs are shown (see Supplementary Table 21). *Compounds under clinical trial; **see Supplementary Table 23", "type": "fig_caption"}]}