{"sentences": [{"sent": "Age-related macular degeneration (Disease@MESH:D006009) is a major cause of Disease@MESH:D001766, but presents differently in Europeans and Asians. Here, we perform a genome-wide and exome-wide association study on 2,119 patients with exudative Disease@MESH:D006009 and 5,691 controls, with independent replication in 4,226 patients and 10,289 controls, all of East Asian descent, as part of The Genetics of Disease@MESH:D006009 in Asians (GAMA) Consortium. We find a strong association between Gene@1071 Asp442Gly (Mutation@rs2303790), an East Asian-specific mutation, and increased risk of Disease@MESH:D006009 (odds ratio (OR)=1.70, P=5.60 x 10-22). The Disease@MESH:D006009 risk allele (442Gly), known to protect from Disease@MESH:D003324, increases HDL cholesterol levels by 0.17 mmol l-1 (P=5.82 x 10-21) in East Asians (n=7,102). We also identify three novel Disease@MESH:D006009 loci: Gene@221416 Ala231Ala (OR=0.78, P=6.19 x 10-18), Gene@80736 Mutation@rs12661281 (OR=1.27, P=1.08 x 10-11) and Gene@55785 Mutation@rs10507047 (OR=0.87, P=2.85 x 10-8). Our findings suggest that some of the genetic loci conferring Disease@MESH:D006009 susceptibility in East Asians are shared with Europeans, yet Disease@MESH:D006009 in East Asians may also have a distinct genetic signature", "type": "abstract"}, {"sent": " Age-related macular degeneration (Disease@MESH:D006009) is a major cause of Disease@MESH:D001766 worldwide. Here, the authors carry out a two-stage genome-wide association study for Disease@MESH:D006009 and identify three new Disease@MESH:D006009 risk loci, highlighting the shared and distinct genetic basis of the disease in East Asians and Europeans", "type": "abstract"}, {"sent": "Age-related macular degeneration (Disease@MESH:D006009) is a progressive, blinding disease affecting millions of elderly individuals worldwide. Several genome-wide association studies (GWAS) have identified common variants associated with Disease@MESH:D006009 in European-ancestry populations, and recently, rare genetic variation at Gene@3075, Gene@3426, C3 and C9 were also shown to strongly associate with Disease@MESH:D006009 in Europeans. However, there are few such studies in Asians. Importantly, Asians appear to have a distinct clinical presentation of the disease (for example, absence of drusen and minimal fibrous scarring in Disease@MESH:D002833, a variant of Disease@MESH:D006009 accounting for 20-55% of Asian patients with exudative Disease@MESH:D006009) and different responses to treatment (for example, poorer response to inhibitors of Gene@7422 (Gene@7422) compared with patients of European ancestry). It remains unclear whether there are differences in underlying genetic characteristics of Disease@MESH:D006009 between patients of Asian versus European ancestry", "type": "paragraph"}, {"sent": "Concurrently, previous GWAS studies provide limited coverage of low-frequency coding variants, which may result in the loss of function and are often ethnic-specific. There is thus interest in genetic studies of Disease@MESH:D006009 and other diseases beyond standard-content GWAS to discover potentially causative coding variants in different ethnic groups", "type": "paragraph"}, {"sent": "To address these questions, the Genetics of Disease@MESH:D006009 in Asians Consortium perform a genome-wide (GWAS) and exome-wide association study (EWAS) of advanced Disease@MESH:D006009 solely on the exudative (neovascular) disease subtype in East Asians. Compared with standard-content GWAS arrays, the exome array has significantly increased marker density across the coding human exome, thus increasing power to detect disease associations located within the coding frame. EWAS of Disease@MESH:D006009 have not been previously conducted in either Europeans or Asians. In this paper, we present data from eight independent Disease@MESH:D006009 case-control collections enrolled across multiple sites in East Asia, totalling 6,345 exudative Disease@MESH:D006009 cases and 15,980 controls. This is the largest sample, to our knowledge, of East Asians ever assembled for genetic studies of Disease@MESH:D006009", "type": "paragraph"}, {"sent": "After genotype imputation, synchronization and stringent quality filters were performed, a total of 4,471,719 SNPs were assessed for the GWAS and 120,027 autosomal coding-frame SNPs for EWAS from 2,119 Disease@MESH:D006009 cases and 5,691 controls (Table 1). Overall genomic inflation was very low (lambdagc=1.031; Supplementary Fig. 1), suggesting minimal confounding of the disease association analysis by population stratification or other systematic study design biases. Data from the discovery stage analysis confirmed previously identified Disease@MESH:D006009 variants in Gene@387715-Gene@5654 Mutation@rs10490924 (P=1.20 x 10-103), Gene@3075 Mutation@rs10737680 (P=7.54 x 10-38), Gene@1071 Mutation@rs3764261 (P=1.66 x 10-12), Gene@56999 Mutation@rs6795735 (P=1.13 x 10-5), Disease@OMIM:217000 Mutation@rs429608 (P=1.06 x 10-4), as well as Gene@3426 Mutation@rs4698775 (P=7.5 x 10-4; Supplementary Table 1 and Supplementary Fig. 2). Our data also showed nominal evidence of replication in the same direction as the initial study for a further three previously reported variants (Gene@7046 Mutation@rs334353, Gene@348 Mutation@rs4420638, and Gene@7422 Mutation@rs943080; P<0.05 for each). The remaining 8 out of 17 previously described SNPs that were non-monomorphic in our East Asian collections did not show evidence of replication in our study (Supplementary Table 1). A recently described rare, functional and highly penetrant genetic mutation within Gene@3426 (Mutation@rs141853578, Mutation@rs141853578) shown to confer markedly elevated risk of Disease@MESH:D006009 in Europeans was observed to be non-polymorphic in our East Asian samples (Supplementary Table 1). Similarly, recently described rare mutations in C3 (Mutation@rs147859257, Mutation@rs147859257) and C9 (Mutation@rs34882957, Mutation@rs34882957) were also shown to be non-polymorphic in our East Asian samples (Supplementary Table 1)", "type": "paragraph"}, {"sent": "Apart from verifying previous observations, our discovery analysis also revealed genome-wide significant association at Gene@221416 (Mutation@rs2295334 encoding for A231A, P=1.41 x 10-8; Table 2, Supplementary Table 2 and Supplementary Fig. 2), a novel SNP marker not previously reported to associate with Disease@MESH:D006009 risk. We observed a further 21 independent SNPs from distinct loci not previously implicated with susceptibility to Disease@MESH:D006009 showing evidence of association surpassing P<1 x 10-4. We then brought forward all the 22 markers (Table 2) for replication genotyping in independent sample collections comprising 4,226 exudative Disease@MESH:D006009 cases and 10,289 controls (Table 1). Replication evidence was compelling for Gene@1071 Mutation@rs2303790 (encoding Mutation@rs2303790; odds ratio (OR)=1.73, P=2.95 x 10-16), as well as for Gene@221416 Mutation@rs2295334 (A231A; OR=0.80, P=5.25 x 10-11), Gene@80736 Mutation@rs12661281 (Mutation@rs12661281; OR=1.22, P=5.13 x 10-6) and Gene@55785 Mutation@rs10507047 (Mutation@rs10507047; OR=0.88, P=7.69 x 10-5), leading to genome-wide significant findings in the meta-analysis of all 6,345 Disease@MESH:D006009 cases and 15,980 controls (P<5.0 x 10-8 for each of the four loci; Table 2 and Supplementary Table 2). Genotyping clusters were directly visualized for the top SNPs and confirmed to be of good quality (Supplementary Fig. 3)", "type": "paragraph"}, {"sent": "Of note, we did not observe any substantial difference in the association signals of the most significant SNPs in the subgroup analysis of our Disease@MESH:D006009 cases by typical Disease@MESH:D006009 (n=1,083 cases) and Disease@MESH:D002833 (n=1,015 cases; Supplementary Table 3). The effect size for each of the top SNPs was similar between the two Disease@MESH:D006009 subgroups", "type": "paragraph"}, {"sent": "The presence of the mutant Gene@1071 442G (Mutation@rs2303790) allele is seen only in East Asians (for example, Chinese, Japanese and Koreans; minor allele frequency (MAF) <5% in our controls) and not in South Asians, Europeans or Africans. This mutation is independent from all previously described common, non-coding polymorphisms near the Gene@1071 locus (r2<0.1; Supplementary Fig. 4). Regional association analysis conditioning on other known common Disease@MESH:D006009 variants in Gene@1071 confirmed the independence of Mutation@rs2303790 from other nearby common variants (Supplementary Tables 4 and 5). We also genotyped and assessed multiple, rare, protein-changing mutations at Gene@1071, including Y74Stop, Mutation@rs5881, Mutation@rs190187567 and Mutation@rs5880 (Fig. 1). None of them showed association with Disease@MESH:D006009 (Table 3). Mutational load and haplotypic analysis considering all amino-acid changes within Gene@1071 confirmed that the Mutation@rs2303790 mutation drove all signals of association between Gene@1071 and Disease@MESH:D006009 (Table 4)", "type": "paragraph"}, {"sent": "Gene@221416 is located ~220,000 base pairs downstream of Gene@7422 and ~150,000 base pairs from Mutation@rs943080, a marker previously shown to strongly associate with Disease@MESH:D006009 in Europeans. In this study of Disease@MESH:D006009 in East Asians, the evidence of association for Gene@7422 Mutation@rs943080 was only nominally significant (P=0.041 in the discovery stage; Supplementary Table 1). Linkage disequilibrium analysis revealed no correlation between Gene@221416 Mutation@rs2295334 and Gene@7422 Mutation@rs943080 (r2=0.0), with both markers separated by significant recombination events (Fig. 2a). Logistic regression adjusting for the allele dosage at Gene@7422 Mutation@rs943080 did not reveal any attenuation of the association signal for Gene@221416 Mutation@rs2295334 (P=1.66 x 10-8; Supplementary Table 6). Regional association analysis including all markers from the genome and exome array data conditioning on Gene@221416 Mutation@rs2295334 also did not reveal any secondary signal of association within its 1 Mb flanking region (Supplementary Table 7), thus pointing to Gene@221416 Mutation@rs2295334 as a novel and uncharacterized genetic risk factor for exudative Disease@MESH:D006009 in East Asians", "type": "paragraph"}, {"sent": "Gene@80736 is located ~116,000 base pairs away from a previously reported Disease@MESH:D006009 locus, Disease@OMIM:217000 (Mutation@rs429608). Nevertheless, Gene@80736 Mutation@rs12661281 has no correlation with Disease@OMIM:217000 Mutation@rs429608 (r2=0.01) and showed the strongest evidence of association with Disease@MESH:D006009 within the genomic region (Fig. 2b), suggesting it to be also a new and uncharacterized risk factor for Disease@MESH:D006009. Logistic regression analysis adjusting for allele dosage at Disease@OMIM:217000 Mutation@rs429608 did not result in any significant change in magnitude of the association either at Gene@80736 Mutation@rs12661281, testifying to their mutual independence (ORunconditioned=1.38, Punconditioned=1.10 x 10-7; ORconditioned for Mutation@rs429608=1.35, Pconditioned for Mutation@rs429608=1.49 x 10-6; Supplementary Table 8)", "type": "paragraph"}, {"sent": "We next proceeded to conduct gene-based tests on mutational load to further investigate the role of low-frequency variants in exudative Disease@MESH:D006009 for all the patient collections in the discovery stage. Gene-based tests are an alternative to single-marker tests for association, which are often underpowered to detect association with rare variants. We performed our tests as previously described. To more directly address the impact of low-frequency, non-synonymous genetic variants, we considered only 109,296 such variants with MAF <5%. As a result, we were able to assess a total of 10,736 genes having at least two such variants using the sequence kernel association optimal (SKAT-O) test. We did not detect significant evidence of association (P<5 x 10-8) between mutational load and Disease@MESH:D006009 at any of the 10,736 genes tested, which are consistent across all three discovery sample collections. Nonetheless, while looking up on previously reported 22 genes within 17 distinct loci (Supplementary Table 1) associated with Disease@MESH:D006009 in European populations, we note nominal evidence of association between genetic load at Gene@1071 (Punconditioned=5.38 x 10-6), whereby the association was almost entirely driven by Mutation@rs2303790 (Pconditioned for Mutation@rs2303790=0.96; Table 4) as well as C2 and Disease@MESH:D006009 (P=1.83 x 10-6, Supplementary Table 9). All the observations exceeding P<1 x 10-4 for gene-based tests on mutational load summarized across the three discovery collections are appended as Supplementary Table 9", "type": "paragraph"}, {"sent": "The mutant Gene@1071 442G allele was shown to result in an abnormally functioning Gene@1071 protein. As Gene@1071 is a critical component of the pathways that regulate high-density lipoprotein cholesterol (HDL-c), we assessed this mutation for associations with serum HDL-c levels using linear regression, with adjustment for age, gender and body mass index, in three population-based cohorts of Singaporean Chinese and Japanese (n=7,102, see details on the study cohorts in Supplementary Methods) where GWAS data were available. We noted a strong association between 442G allele and increased HDL-c levels (beta=0.174 mmol l-1 per copy of 442G allele; reflecting an ~10% shift within the normal HDL range, P=5.82 x 10-21; Table 5). This effect size is at least twice that observed for other Gene@1071 variants reported in European populations (Supplementary Table 10)", "type": "paragraph"}, {"sent": "Due to its strong effect on serum HDL-c, we assessed whether the mutant Gene@1071 442G allele conferred any effect on individual susceptibility to Disease@MESH:D003324 (Disease@None) in East Asians. Using 683 Disease@None cases and 1,281 controls from the Singapore Chinese Health Study (Supplementary Methods), we noted some degree of enrichment of the HDL-increasing, mutant 442G allele in the controls (2.89%) compared with the cases (2.42%, OR=0.83), although this did not reach statistical significance (P=0.39). However, our observations were consistent with a recent study from Japan which analysed Gene@1071 Mutation@rs2303790 in 4,399 Disease@None cases and 7,672 controls whereby enrichment of the 442G allele were also found in the controls (3.4%) compared with the Disease@None cases (2.8%; OR=0.83, P=0.02). We thus performed a meta-analysis of our study and the Japanese study, resulting in a consistent protective effect of this mutation with Disease@None (OR=0.83, P=0.011, I2=0.0%; Supplementary Fig. 5)", "type": "paragraph"}, {"sent": "Our studies of exudative Disease@MESH:D006009 in East Asians identified three novel loci (C6orf233, Gene@80736 and Gene@55785), two of which (Gene@80736 and Gene@55785) harbour coding, non-synonymous variants. These have not been identified in large samples of Disease@MESH:D006009 patients of European descent, thus validating the role of searching for coding variations in diverse ethnic groups to better understand mechanistic basis of complex diseases such as Disease@MESH:D006009", "type": "paragraph"}, {"sent": "Our most interesting findings were the identification of an uncommon East Asian-specific mutation at Gene@1071 (Mutation@rs2303790) associated with exudative Disease@MESH:D006009. The association is the strongest (per-allele OR=1.70) observed outside of the classical Gene@3075 and Gene@387715-Gene@5654 loci in East Asians. A common variant (Mutation@rs3764261) mapping to the intergenic region between Gene@9709 and Gene@1071 was previously linked to Disease@MESH:D006009 in Europeans, yet its effect size was modest (OR=1.15) and independent from the Mutation@rs2303790 association. The mutant 442G allele is known to impair Gene@1071 function with reduction in plasma Gene@1071 mass and activity, and is associated with elevated HDL-c in Japanese families. This allele is absent in European populations and appears to be present only in East Asians, rendering it independent from all other previously described common, non-coding Gene@1071 polymorphisms. We showed that each copy of the dysfunctional 442G allele confers, on average, a rise in HDL-c levels of 0.174 mmol l-1 and confirmed findings from the earlier Japanese studies. Given the mean serum HDL-c concentration is 1.3 mmol l-1, this is a mutation of considerable effect size even from a population-based perspective. Notably, no other amino-acid substitutions within Gene@1071 detected by our GWAS and EWAS showed any evidence of association with Disease@MESH:D006009 (Fig. 1 and Table 3), suggesting that the Mutation@rs2303790 mutation is a possible causative mutation of Disease@MESH:D006009 in East Asians in the Gene@1071 locus. We are not surprised that Gene@1071 Mutation@rs2303790 did not show a clearly significant protective effect against Disease@None as increasing lines of evidence more directly implicate LDL as the driving force for Disease@None susceptibility", "type": "paragraph"}, {"sent": "Gene@221416 is a newly mapped gene with yet unknown functional role. Its A231A synonymous coding change is fivefold rarer in Europeans (MAF=0.03) as compared with Asians (MAF >0.15, Supplementary Table 2). It is thus unsurprising that the European GWAS efforts have yet to detect this locus. Gene@7422 Mutation@rs943080, a marker strongly associated with Disease@MESH:D006009 in European-ancestry populations, is in the vicinity of Gene@221416, but its association with Disease@MESH:D006009 is much weaker in this study of East Asians (Supplementary Tables 1 and 6), possibly reflecting the differences in therapeutic response to anti-Gene@7422 treatment between Asians and Europeans", "type": "paragraph"}, {"sent": "The Mutation@rs12661281 mutation within Gene@80736 is not included in most of the routinely used genotyping arrays, but is now included as part of the exome array used in this study. The genomic region around the Gene@80736 locus is more complex, being located within the broad Gene@3107 region on Chromosome 6 between HLA class I and class II genes. As this region is very polymorphic, and allele frequency differences between cases and controls could be confounded by even minor population stratification, we thus reassessed the associations with Disease@MESH:D006009 by adjusting for the first 10 principal components (PCs) of genetic ancestry. We did not observe any change in the association signals observed from our standard analysis, which adjusted for the first five PCs (analysis adjusting for the top 10 PCs; OR=1.39, P=2.33 x 10-7 in the discovery phase), consistent with previous observations in Asian studies with well-replicated associations within the Gene@3107 region. Gene@80736 encodes for choline transporter protein-4, involved in sodium-dependent choline uptake by cholinergic neurons. Defects in Gene@80736 have been linked to Disease@MESH:D009081, which presents with a spectrum of symptoms including Disease@MESH:D005124", "type": "paragraph"}, {"sent": "Prior studies on the basis of European patient collections have identified a total of four distinct Disease@MESH:D006009-associated loci on Chromosome 6 alone. In this light, the burden of proof for the positive identification of Gene@221416 and Gene@80736 (both are also located on Chromosome 6) is higher than usual due to the need for appropriate considerations of previously reported variants on the same chromosome. It is reassuring to note that both Gene@221416 and Gene@23446 showed the strongest two signals of association with Disease@MESH:D006009 outside of Gene@3075, Gene@387715-Gene@5654 and Gene@1071. Our exhaustive analyses using logistic regression adjusting for allele dosages at previously described SNP markers suggest that both Gene@221416 and Gene@23446 are unrelated to those previously reported, and thus they likely represent Asian-specific genetic associations for Disease@MESH:D006009", "type": "paragraph"}, {"sent": "Neither Gene@55785 nor the genes within its vicinity (Fig. 2c) have ever been previously implicated in any Disease@MESH:D005128. Gene@55785 encodes for Gene@55785, with its functions yet to be characterized. The Mutation@rs10507047 mutation is less than half as common in Europeans (MAF=0.10) compared with East Asians (MAF=0.20-0.30), again possibly explaining the ability of our study to pick up this genetic effect", "type": "paragraph"}, {"sent": "The identified genes were expressed in human retinal pigment epithelium (Supplementary Table 11). Of the three non-synonymous substitutions, the Gene@1071 Mutation@rs2303790 variant was predicted by both PolyPhen and Disease@None to likely be causing damage to the protein structure/function, the Gene@55785 Mutation@rs10507047 variant was predicted only by PolyPhen to be probably damaging but by Disease@None to be tolerated and the Gene@80736 Mutation@rs12661281 variant was predicted by both tools to be benign or tolerated. Although the use of both prediction algorithms has been reported to be moderately sensitive, they suffer from lack of specificity, and thus more evidence should be sought with regards to the FDG6 and Gene@80736 non-synonymous variants", "type": "paragraph"}, {"sent": "Using HaploReg, RegulomeDB and Encyclopaedia of DNA Elements (ENCODE) data, we identified variants within each of the four LD blocks in the 1000 Genomes Project (r2>0.8 and <250 kb from the top SNP) to apply functional annotations relevant to the regulation of transcription (Supplementary Table 12). In addition to their functions on amino-acid substitutions, all of the four identified variants lie within a DNase I Disease@MESH:D004342 site or in a region where modification of histones is suggestive of promoter, enhancer and other regulatory activity, and/or have an influence on binding of transcription factors or effects on a specific regulatory motif. Gene@221416 A231A (Mutation@rs2295334) and Gene@55785 Mutation@rs10507047 could tag genetic variants that lie in potential transcription-factor binding sites (Supplementary Table 13). Examination of a recently available large-scale eQTL mapping database indicates that out of the four novel genome-wide significant SNPs, markers Gene@80736 Mutation@rs12661281 and FDG6 Mutation@rs10507047 could serve as cis-eQTLs. The minor allele at Gene@80736 Mutation@rs12661281 (Mutation@rs12661281) is associated with significantly altered expression of Gene@3304 and CSKN2B, which are located within a 210,000 bp region flanking Gene@80736 Mutation@rs12661281. The minor allele at FDG6 Mutation@rs10507047 (Mutation@rs10507047) is associated with significantly increased expression of the neighbouring Gene@55591 gene (Supplementary Table 14). Given that these findings are based on expression in whole blood in European samples, further work will be needed to elucidate their role in retinal tissue and in Asian samples. Nonetheless, these could suggest possible alternate mechanisms whereby both non-synonymous substitutions potentially affect Disease@MESH:D006009 risk apart from directly affecting the protein structure of their parent genes", "type": "paragraph"}, {"sent": "Our study examined mainly the exudative subtype of Disease@MESH:D006009, and therefore cannot be completely compared with other studies looking at advanced Disease@MESH:D006009 including the choroidal neovascularization and geographic Disease@MESH:D001284. We also note substantial differences in inter-ethnic MAF for most of the previously reported loci associated with Disease@MESH:D006009 in European-ancestry populations (Supplementary Table 1). This could represent genuine differences in genetic architecture in Disease@MESH:D006009 between Asians and Europeans, or that the low allele frequency in either ethnicity could result in Disease@MESH:D000309 power to replicate genome-wide significant hits initially observed in either Asians or Europeans. Overall, out of 21 previously reported SNPs showing strong evidence of association in Europeans, we were able to replicate 9 of them in our study of East Asians at P<0.05. Taken together with the three novel loci and one novel variant in Gene@1071 in East Asians discovered in this study, we postulate that the genetic mechanisms of Disease@MESH:D006009 in Asians could, in part, be somewhat distinct from that in Europeans", "type": "paragraph"}, {"sent": "In summary, our genome-wide and exome-wide study of Disease@MESH:D006009 provides new insights into the genetic mechanisms of Disease@MESH:D006009 in East Asians. Our study highlights the value of searching for low-frequency, ethnic-specific genetic variants on the coding frame of Disease@MESH:D006009 that may inform pathogenesis. Although some of the genetic loci conferring disease susceptibility in East Asians are shared with Europeans (for example, common variation mapping to Gene@3075, Gene@5654 and Gene@1071), we identified significant important differences in the fine-scale genetic architecture of Disease@MESH:D006009, which appear specific to East Asians. Such differences could underpin at least some of the inter-ethnic differences in clinical presentation and response to specific therapies, including the poorer response to anti-Gene@7422 therapy in Asians", "type": "paragraph"}, {"sent": "We performed a GWAS and EWAS on neovascular Disease@MESH:D006009 in East Asians. In the discovery stage, we included and genotyped 2,119 cases and 5,691 controls from three case-control studies from Singapore, Hong Kong and Japan. For replication, five independent case-control studies were conducted in Korea, Japan, and Guangdong, Sichuan and Beijing in China, totalling 4,226 cases and 10,289 controls. All the studies were performed with the approval of their local Medical Ethics Committee, and written informed consent was obtained from all the participants in accordance with the Declaration of Helsinki", "type": "paragraph"}, {"sent": "A detailed description of subject recruitment and phenotyping in each sample collection is provided in Supplementary Methods, and summarized in Table 1. In brief, the diagnosis of exudative Disease@MESH:D006009 was made at each site by retinal specialists, according to standard clinical definitions on the basis of detailed ophthalmic examinations, including dilated fundus photography, fluorescein angiography, indocyanine green angiography and optical coherence tomography (Table 1). Grading of fluorescein angiograms for the presence of choroidal neovascularization were performed using a modification from the Macular Photocoagulation Study. Indocyanine green angiography was performed to diagnose definitive Disease@MESH:D002833, a variant of Disease@MESH:D006009, using the Japanese Study Group guidelines. Cases with other Disease@MESH:D008268 such as Disease@MESH:D056833, Disease@MESH:D009216 and angioid streaks were excluded. Of the 2,119 exudative Disease@MESH:D006009 cases included in the discovery phase, 1,083 (51%) were classified as 'typical neovascular Disease@MESH:D006009', 1,015 (48%) were Disease@MESH:D002833 and 21 (1%) had one eye with typical Disease@MESH:D006009 and the other eye with Disease@MESH:D002833. At each site, controls subjects without any clinical signs of Disease@MESH:D006009 were either recruited from eye clinics or enrolled from population-based studies (Supplementary Methods)", "type": "paragraph"}, {"sent": "For the discovery stage, GWAS genotyping was performed using the Illumina Human OmniExpress or Human Hap610-Quad beadchips, and EWAS was done using HumanExome beadchips (Table 1). For replication, genotyping was performed using the MassArray platform (Sequenom), as well as using Taqman allelic discrimination probes (Applied Biosystems)", "type": "paragraph"}, {"sent": "Stringent quality control filters were used to remove poorly performing samples and SNP markers in both the discovery and replication (de-novo genotyping) phases. For the GWAS, SNPs with a call rate of <95%, MAF of <1%, or showing deviation from Hardy-Weinberg Equilibrium (P<10-6) were removed from further statistical analysis. For the EWAS, SNPs with a call rate of <99%, MAF of <0.1% or showing deviation from equilibrium (P<10-6) were removed. The 99% threshold was used as many SNP markers on the exome array had MAF <5%, and as such, differential genotyping success rates between cases and controls as low as 2% could result in false-positive findings. SNPs which were not monomorphic (whereby at least one heterozygous carrier individual was present) were included for downstream analysis", "type": "paragraph"}, {"sent": "Routine quality control criteria on a per-sample basis were carried out, and poorly performing samples were removed from further analysis. The remaining samples were then subjected to biological relationship verification by using the principle of variability in allele sharing according to the degree of relationship. Identity-by-state information was derived using the PLINK software. For those pairs of first-degree relatives so identified (for example, parent-offspring, full-siblings, as well as monozygous twins), we removed the sample with the lower call rate before performing PC analysis", "type": "paragraph"}, {"sent": "The imputation was carried out using IMPUTE2 version 2.2.2 with ASN population haplotypes from 1000 Genomes as reference, as described elsewhere. Imputed genotypes were called with an impute probability threshold of 0.9 with all other genotypes classified as missing. Additional quality control filters were applied to remove SNPs with >1% missingness should the SNP have a MAF <5% in either cases or controls. For common SNPS with MAF >5%, the filtering criteria were set at >5% missingness", "type": "paragraph"}, {"sent": "For the discovery stage, all exudative Disease@MESH:D006009 cases and controls appear well matched when visualized spatially on PC analysis for each sample collection on a per-country basis for Hong Kong, Japan and Singapore and according to self-reported ethnicity (ethnic Chinese for Hong Kong and Singapore, and ethnic Japanese for Japan; Supplementary Fig. 6), using previously reported criteria, indicating that population stratification is unlikely to confound the association results", "type": "paragraph"}, {"sent": "For both the discovery and replication stages, analysis of association with exudative Disease@MESH:D006009 was carried out using 1-degree of freedom score-based tests using logistic regression. The tests model for a trend-per-copy effect of the minor allele on disease risk. For the discovery stage, we incorporated the top five PCs of genetic stratification into the logistic regression model to minimize the effect of residual population stratification. We could not adjust for population stratification for the replication stage due to limited number of SNPs tested. Meta-analysis was conducted using inverse variance weights for each sample collection, which calculates an overall Z-statistic, corresponding P value and accompanying per-allele OR for each SNP analysed. Gene-based tests on mutational load was performed using the SKAT-O test. The association between Gene@1071 Mutation@rs2303790 and serum HDL-c level was assessed using linear regression assuming an additive model of inheritance as previously described (due to serum HDL-c being distributed normally), with adjustment for age, gender and body mass index", "type": "paragraph"}, {"sent": "Regional association and PC plots were analysed and plotted using the R statistical software package", "type": "paragraph"}, {"sent": "For the discovery stage (2,119 Disease@MESH:D006009 cases and 5,691 controls), power calculations indicated that there is 80% power of detecting loci at P<1 x 10-4 (the threshold of association for bringing forward SNPs to the replication stage) at MAF as low as 10% with per-allele OR of 1.30. For rarer variants of higher penetrance, the discovery stage has 80% power of detecting loci at P<1 x 10-4 at MAF as low as 2% if the per-allele OR is at least 1.70. The entire sample (6,345 Disease@MESH:D006009 cases and 15,980 controls) has 80% power to detect loci at P<5.0 x 10-8 at MAF as low as 2% if the per-allele OR is at least 1.55 or at MAF as low as 9% with per-allele OR of 1.25, in line with the effect sizes being reported in this study. Supplementary Table 15A shows the power calculations to detect SNPs at the threshold of P<1 x 10-4 in the discovery stage for bringing forward to the replication stage. Supplementary Table 15B shows the formal power calculations in the context of the combined discovery and replication stages", "type": "paragraph"}, {"sent": "C.-Y.C., K.Y., L.J.C., J.A., K.-H.P., C.P.P., N.Y., T.Y.W. and C.C.K. designed the study. C.-Y.C., C.M.G.C., M.M., P.D.C., I.Y.Y., A.L., R.M., A.H.K., S.Y.L., D.W., C.M.G.C., B.K.L., Y.S., H.N., Y.A.-K., N.G., A.T., K.M., S.Y., Y.S., H.I., T.I., S.H., T.Y.Y.L., H.C., S.T., X.D., F.W., P.Z., B.Z., J.S., J.-M.Y., W.P.K., R.M.v.D., Y.F., N.W., G.S.W.T., S.J.P., M.B., L.G., T.N., P.M., P.Z., S.-M.S., M.O., T.M., Y.K., S.J.W., H.C., H.-G.Y., J.Y.S., D.H.P., I.T.K., W.C., M.S., S.-J.L., H.W.K., J.E.L., C.K.H., T.H.L., S.-K.Y., T.A. and W.T.Y. gathered clinical data. J.P., S.D., I.N., Y.A.-K., F.M., P.O.S.T., F.L., X.Z., Y.S., B.G., R.D., Y.L., M.L.H., J.N.F., C.H.W., X.X., Jinlong Liang, J.M., X.J., Y.L., Jianjun Liu, K.S., E.N.V., J.X.B., Y.X.Z. and C.C.K. generated genetic data. C.-Y.C., K.Y., L.J.C., J.A., Lulin Huang, Lvzhen Huang, K.S.S., P.C., Jiemin Liao, P.G.O., Y.Y.T. and C.C.K. analysed the data. C.-Y.C., K.Y., L.J.C., J.A., Lulin Huang, Lvzhen Huang, E.S.T., X.X.L., Z.Y., K.H.P., C.P.P, N.Y., T.Y.W. and C.C.K. interpreted the data. C.-Y.C., K.Y., L.J.C., J.A., E.S.T., T.Y.W. and C.C.K. drafted the paper. All the authors contributed to revision of the paper", "type": "paragraph"}, {"sent": "How to cite this article: Cheng, C.-Y. et al. New loci and coding variants confer risk for age-related macular degeneration in East Asians. Gene@6046. Commun. 6:6063 doi: 10.1038/ncomms7063 (2015)", "type": "paragraph"}, {"sent": "The position of five rare (minor allele frequency <0.05) amino-acid changes observed in the discovery samples are shown as indicated by the arrows. Horizontal bars represent the position of exons in the Gene@1071 gene", "type": "fig_caption"}, {"sent": "(a) The Gene@221416 locus (Mutation@rs2295334): Gene@7422 Mutation@rs943080, which is located in the intergenic, non-coding region, was very strongly associated with Disease@MESH:D006009 in Europeans, but this study of exudative Disease@MESH:D006009 in East Asians could not reveal significant association with it (P=0.041 by score-based tests using logistic regression in 2,119 cases and 5,691 controls). The two markers are independent from each other (r2=0.0), as well as separated by strong recombination events in Asians. (b) The Gene@80736 locus (Mutation@rs12661281): Disease@OMIM:217000 Mutation@rs429608 was very strongly associated with Disease@MESH:D006009 in Europeans, but revealed modest evidence of association in our discovery stage (P=1.06 x 10-4). The two markers are independent from one another (r2=0.01). (c) The Gene@55785 locus (Mutation@rs10507047)", "type": "fig_caption"}]}