{"sentences": [{"sent": "Disease@MESH:D000077192 driven by somatic Gene@1956 mutations is more prevalent in East Asians (30-50%) than in European/Americans (10-20%). Here we investigate genetic factors underlying the risk of this disease by conducting a genome-wide association study, followed by two validation studies, in 3,173 Japanese patients with Gene@1956 mutation-positive Disease@MESH:D000077192 and 15,158 controls. Four loci, 5p15.33 (Gene@7015), 6p21.3 (Gene@56244), 3q28 (Gene@8626) and 17q24.2 (Gene@2186), previously shown to be strongly associated with overall Disease@MESH:D000077192 risk in East Asians, were re-discovered as loci associated with a higher susceptibility to Gene@1956 mutation-positive Disease@MESH:D000077192. In addition, two additional loci, Gene@3113 class II at 6p21.32 (Mutation@rs2179920; P =5.1 x 10-17, per-allele OR=1.36) and 6p21.1 (Gene@116113) (Mutation@rs2495239; P=3.9 x 10-9, per-allele OR=1.19) were newly identified as loci associated with Gene@1956 mutation-positive Disease@MESH:D000077192. This study indicates that multiple genetic factors underlie the risk of Disease@MESH:D000077192 with Gene@1956 mutations", "type": "abstract"}, {"sent": "  Gene@1956 mutations in Disease@MESH:D000077192 are more frequent in East Asians compared to other populations. Here, the authors carry out a genome-wide association study in Gene@1956 mutant Disease@MESH:D009369 and identify loci that are associated with risk of developing this molecular subtype of Disease@MESH:D009369", "type": "abstract"}, {"sent": "Disease@MESH:D000077192 (LADC) is the most common Disease@MESH:D008175 worldwide, with incidence and mortality rates increasing in both Asian and Western countries. Recent genome studies have subdivided LADC into several categories, with mutually exclusive activations of responsible driver oncogenes. One subset of LADC is characterized by mutations in the gene encoding Gene@24329 (Gene@24329), a second with mutations in the Kirsten rat Disease@MESH:D012509 viral oncogene homologue (Gene@24525) and a third with Gene@266802, Gene@25346 or Gene@24716 fusion, as well as other subcategories. Gene@1956 mutations are present in 30-50% of LADCs in East Asian patients, a much higher frequency than in Caucasians (10-20%). A high proportion of patients with Gene@1956 mutation-positive LADC are never-smokers and females, making the development of a preventive method critical. Advanced LADCs with Gene@1956 mutations are often inoperable and are treated with tyrosine kinase inhibitors; however, these Disease@MESH:D009369 frequently become drug resistant, leading to disease progress and Disease@MESH:D003643. Understanding the genetic factors underlying the development of LADC with Gene@1956 mutation is required to elucidate disease aetiology and to identify effective methods of prevention", "type": "paragraph"}, {"sent": "Genome-wide association studies (GWASs) on Disease@MESH:D008175 in populations of East Asian and European countries have found that several loci are associated with the risk of LDAC. These include loci at chromosomes 15q25.1 (CHRNAs: cholinergic receptor, nicotinic, alpha), 5p15.33 (Gene@7015: telomerase reverse transcriptase), 3q28 (Gene@8626: Disease@MESH:D009369 protein Gene@8626), 6p21.3 (Gene@56244: Gene@56244), 10q25.1 (Gene@143187: vesicle transport through interaction with t-SNAREs 1A) and 17q24.2 (Gene@2186: bromodomain PHD finger transcription factor). Although a Gene@7015 polymorphism was reported to be associated with the risk of Disease@MESH:D002289 with the Gene@1956 mutation, inherited genetic factors underlying the risk for LADC with the Gene@1956 mutation have not been comprehensively analysed. Here we performed a GWAS, followed by two validation studies, focusing on LADC with Gene@1956 mutations", "type": "paragraph"}, {"sent": "This study enrolled 6,867 LADC patients, all of whom were informative for Gene@1956 mutation status by routine diagnosis or by the methods described in this study (Supplementary Table 1). Of the 6,867 patients, 3,173 (46.2%) were positive for Gene@1956 mutations, a finding consistent with previous results in Japanese patients with LADC. Some case and control subjects/data overlapped with those in our previous GWAS (Supplementary Table 2)", "type": "paragraph"}, {"sent": "Germline DNAs of 663 Gene@1956 mutation-positive LADC cases and 4,367 controls were genotyped using Illumina Omni1-Quad and OmniExpress chips, respectively (Supplementary Table 1). A quantile-quantile plot, generated using the results of a logistic regression trend test (Supplementary Fig. 1A), found that the genomic inflation factor (lambdaGC) was 0.96. The lack of population substructure between these cases and controls was validated by principal component analysis (PCA) of the subjects (Supplementary Fig. 1B). Genotype clusters were visually inspected for the most strongly associated single-nucleotide polymorphisms (SNPs), and the results indicated a low possibility of false-positive associations resulting from genotype misclassification (Supplementary Fig. 2). In this GWAS, no locus reached genome-wide significance for association (that is, a logistic regression trend of P<5 x 10-8) Supplementary Fig. 1C), including loci previously reported to be associated with overall LADC risk (Supplementary Table 2). Five SNPs in the four loci, Gene@8626 at 3q28, Gene@7015 at 5p15.33, Gene@56244 at 6p21.3 and Gene@2186 at 17q24.3, were found to be more strongly associated with risk for LADC with Gene@1956 mutation (PTrend<10-4) than other SNPs identified in GWASs of European and Asian populations", "type": "paragraph"}, {"sent": "To identify susceptibility loci, a validation study was conducted using two independent sample sets; the first validation cohort consisted of 1,275 cases and 6,817 controls, while the second validation cohort consisted of 1,235 cases and 3,974 controls (Supplementary Table 1). Of the 107 SNPs with P<1 x 10-4 by a logistic regression trend test (PTrend) in the GWAS, 43 were selected, with the other 64, located within the same locus (r2 >0.8), excluded. All 43 SNPs were genotyped successfully, using multiplex PCR-based Invader assays, in the germline DNAs of subjects in the first validation set. Ten SNPs showed odds ratios (Ors) in the same direction with PTrend<0.05 (Supplementary Table 3). These 10 SNPs were assayed in the germline DNAs of subjects in the second validation set (Supplementary Table 4). When the results of both validation sets were combined using a fixed-effects model, two SNPs, Mutation@rs2179920 at 6p21.32 and Mutation@rs2495239 at 6p21.1, showed significant associations after Bonferroni correction, in addition to five SNPs at four known LADC susceptibility loci (that is, PTrend<1.1 x 10-3 calculated as 0.05/43) (Table 1). When the results of the GWAS and the validation study were combined, both novel loci showed genome-wide significance (Mutation@rs2179920 at 6p21.32; PTrend=5.1 x 10-17, OR=1.36 and Mutation@rs2495239 at 6p21.1; PTrend=3.9 x 10-9, OR=1.19). ORs were similar between the GWAS and the validation studies with no heterogeneity. Thus, six loci, represented by seven SNPs, consisting of two at previously unidentified loci and four known loci described above, were associated with the risk of LADC with Gene@1956 mutation (Table 1). There were no significant differences in the association of these seven SNPs with gender or smoking status, suggesting that these loci likely affected the risk for Gene@1956-positive LADC, irrespective of gender and smoking status (Supplementary Table 5)", "type": "paragraph"}, {"sent": "To assess the differential associations of these SNPs with LADC risk according to the presence/absence of Gene@1956 mutations in Disease@MESH:D009369 tissues, germline DNAs of 3,694 patients diagnosed with LADC without Gene@1956 mutation were genotyped (Supplementary Table 1). Case-control analysis showed that all seven SNPs showed statistically significant or marginal association with risk for LADC without Gene@1956 mutation, but with lower ORs than those for LADC with Gene@1956 mutation (Supplementary Fig. 3 and Supplementary Table 6). Case-case analysis of Disease@MESH:D009369 with and without Gene@1956 mutations showed statistically significant allelic differentiation for four of the seven SNPs, Mutation@rs2736100, Mutation@rs3817963, Mutation@rs2179920 and Mutation@rs2495239, after Bonferroni correction (Supplementary Fig. 3 and Supplementary Table 7), indicating that these SNPs are significantly more strongly associated with the risk of LADC with than without Gene@1956 mutation (that is, PTrend<7.1 x 10-3 calculated as 0.05/7)", "type": "paragraph"}, {"sent": "Imputation analyses were performed using the GWAS data for the two newly identified loci, Mutation@rs2179920 at 6p21.32 and Mutation@rs2495239 at 6p21.1, which were found to be more strongly associated with Gene@1956-positive than -negative LADC. The former SNP, Mutation@rs2179920, was located in an intergenic region near the Gene@3115, DP beta 1) gene in the human leukocyte antigen (Gene@3113) class II region, and was 630 kb proximal to Mutation@rs3817963, a locus in the Gene@56244 gene at the border between the Gene@3113 class II and class III regions. Therefore, imputation analysis was performed using the Japanese Gene@3113 imputation reference panel that included the Gene@3113 class II genes, Gene@3123, Gene@3119, Gene@3113 and Gene@3115, as described elsewhere. A case-control study of SNPs, including imputed ones, for Gene@1956-positive LADC risk revealed two association peaks (Fig. 1a), one including Mutation@rs2179920 as a top 10 SNP and the other including Mutation@rs3817963 as the top SNP (Supplementary Tables 8 and 9). The associations of both Mutation@rs2179920 and Mutation@rs3817963 SNPs with risk remained after conditioning on Mutation@rs3817963 and Mutation@rs2179920 genotypes, respectively (Fig. 1b,c and Supplementary Table 10). These results indicated that the Gene@3113 class II region contains two independent susceptibility loci. Interestingly, assessments of the linkage disequilibrium of the risk allele of Mutation@rs2179920 with non-synonymous SNP alleles of Gene@3113 class II genes showed that the strongest linkage disequilibrium for Mutation@rs2179920 was with the Asp57 allele at the Mutation@p.E57D SNP, which consists of multiple 4-digit Gene@3115 alleles (r2=0.98 in the binary analysis) (Supplementary Table 11). Gene@3115 genotyping of 255 randomly chosen GWAS cases by the Luminex method validated that the imputation was highly accurate with a concordance rate of 99.1% for the Mutation@p.E57D SNP between imputed and genotyped four-digit alleles. By contrast, Mutation@rs3817963 of Gene@56244 did not show significant linkage disequilibriums with non-synonymous SNPs of any Gene@3113 genes. In the GWAS cohort, the imputed variation at amino-acid residue 57 in Gene@3115 showed a similar association with risk (PTrend=6.0 x 10-4) as Mutation@rs2179920 (PTrend=2.6 x 10-4). On the other hand, none of the imputed Gene@3115 alleles showed weaker associations than the marker SNP, Mutation@rs2179920, and the Mutation@p.E57D SNP (Supplementary Table 12). The amino-acid residue 57, which is located in one of the two extracellular domains of the Gene@3115 protein, does not make contact with antigen peptides. Thus, the mechanism determining how the Gene@3115 variation affects the risk of Gene@1956 mutation-positive LADC should be further investigated, particularly with respect to the possibility that it affects immune responses against Gene@1956-positive Disease@MESH:D009369 cells", "type": "paragraph"}, {"sent": "Imputation analyses was also performed for the other newly identified SNP, Mutation@rs2495239 at 6p21.1, using the EAS population panel from the 1000 Genomes Project database (phase III). Twenty-four imputed and genotyped SNPs showed significant associations with risk of Gene@1956-positive LADC (PTrend<10-4) (Fig. 2 and Supplementary Table 13). Four imputed SNPs showed genome-wide significance for association (Fig. 2). In fact, the Mutation@rs7741164 SNP, the most strongly associated SNP, was also significantly associated with a higher susceptibility to Gene@1956 mutation-positive LADC (Supplementary Table 14), indicating that 6p21.1 is an additional susceptibility locus. Interestingly, the Mutation@rs2495239 SNP was located ~25 kb upstream of the Gene@116113 (Gene@116113) gene, which encodes a member of the FOXP (forkhead transcription factor) family of proteins. FOXP proteins play key roles in cell cycle regulation and oncogenesis. Furthermore, meta-analysis, including those of studies in Japan and five other Asian countries, revealed that the Gene@116113 SNP, Mutation@rs7741164, is associated with a higher risk of Disease@MESH:D008175 risk among never-smoking Asian females, consistent with the aetiology of Gene@1956 mutation-positive LADC. Levels of Gene@116113 mRNA expression in 403 non-Disease@MESH:D008175 tissues, as determined by real-time quantitative PCR, differed according to the Mutation@rs2495239 SNP (P by the linear regression test=0.023) genotype, suggesting high expression from the risk (A) allele (Supplementary Table 15). Therefore, a high level of Gene@116113 mRNA associated with a risk allele may increase the risk of LADC with Gene@1956 mutation by promoting oncogenesis", "type": "paragraph"}, {"sent": "This study has provided evidence for genetic susceptibility to the development of LADC with Gene@1956 mutation by identifying six susceptibility loci showing associations at genome-wide levels. Particularly, two new loci, 6p21.32 (Gene@3115) and 6p21.1 (Gene@116113), and two known loci, 5p15.33 (Gene@7015) and 6p21.3 (Gene@56244), were revealed to be more preferentially associated with risk of Gene@1956-positive than Gene@1956-negative LADC. The re-discovery of the Gene@7015 and Gene@56244 loci is highly consistent with the fact that they these loci show strong associations with overall LADC risk, particularly in East Asians, that is, populations containing LADC cases with Gene@1956 mutations. Further functional studies and genetic studies of other Asian and non-Asian populations are needed to clarify how these loci affect susceptibility to Gene@1956 mutation-positive LADC. Gene@1956-positive LADC is more prevalent in East Asian than in European/American countries. Interestingly, the risk allele frequencies of several of the SNPs identified in this study, such as Mutation@rs2495239 upstream of Gene@116113 (0.38 versus 0.08 in Supplementary Table 16), are different between Asians and Europeans. These differences may help elucidate the aetiology of LADC, including inter-ethnic variations", "type": "paragraph"}, {"sent": "A three-stage GWAS of LADCs with Gene@1956 mutations in the Japanese population was performed using independent samples. The characteristics of each case-control group are shown in Supplementary Table 1. The discovery GWAS samples consisted of 663 cases from the National Disease@MESH:D009369 Center Hospital (NCCH) and 4,367 controls from the BioBank Japan project and the Disease@MESH:D009759 (MRC). The BioBank Japan project (see URLs), started in 2003, is a collaborative network of 66 hospitals throughout Japan that has collected genomic DNA, serum and clinical information from 300,000 patients to date diagnosed with any of 47 diseases to date. The MRC subjects were 988 healthy volunteers. Individuals with any Disease@MESH:D009369 were excluded from the control group", "type": "paragraph"}, {"sent": "The validation study consisted of two independent cohorts. The first validation cohort included 1,275 patients with LADCs with Gene@1956 mutations and 6,817 controls. The case subjects were 1,056 from the NCCH and 219 from Kanagawa Disease@MESH:D009369 Center. All control subjects were from the BioBank Japan project. Individuals with any Disease@MESH:D009369 were excluded from the control group. The second validation cohort included 1,235 patients with LADCs with Gene@1956 mutations and 3,974 controls (Disease@MESH:D009369-free volunteers) from the NCCH, Keio University, Tokyo and the Japan PGx Data Science Consortium (JPDSC). JPDSC subjects were obtained from 10 geographic regions in Japan. Of the case subjects, 900 were from the NCCH, 136 from Akita University Hospital and 199 from Gunma University Hospital. Of the control subjects, 2,823 were from JPDSC, 368 from NCCH and 783 from Keio University. Individuals with any Disease@MESH:D009369 were excluded from the control group", "type": "paragraph"}, {"sent": "In addition, we conducted case-control studies consisting of 3,694 patients with LADCs without Gene@1956 mutations and the same 15,158 controls described above. Case subjects included 3,148 from the NCCH, 117 from Kanagawa Disease@MESH:D009369 Center, 207 from Akita University Hospital and 224 from Gunma University Hospital", "type": "paragraph"}, {"sent": "Smoking history of cases and controls was obtained via interview using a questionnaire. Smokers were defined as those who had smoked regularly for 12 months or longer at any time in their life, whereas non-smokers were defined as those who had not. All LADCs were diagnosed by cytological and/or histological examination according to the WHO classification. NCCH case subjects in the GWAS and first validation sets consisted of cases having sufficient DNA for large-scale SNP analyses. Case subjects in the second validation set consisted of cases with smaller amounts of DNA, because, for example, only small quantities of non-cancerous tissues were available for DNA extraction. Genome-wide typing data of control subjects obtained before and after 2010 were used for the GWAS and the first validation study below, respectively. All the participants provided written informed consent. This project was approved by the ethics committees of all participating institutions, that is, BioBank Japan, the NCCH, JPDSC, Keio University, Kanagawa Disease@MESH:D009369 Center, Gunma University Hospital and Akita University Hospital", "type": "paragraph"}, {"sent": "Genomic DNA was extracted from peripheral blood leukocytes or Disease@MESH:D002289 tissues using QIAmp DNA Blood Maxi/QIAmp DNA Mini kits (Qiagen, Germany), according to the manufacturer's instructions", "type": "paragraph"}, {"sent": "In the GWAS, 678 cases of LADCs with Gene@1956 mutations from the NCCH were genotyped using the Illumina HumanOmni1-Quad Chip. Controls in the GWAS consisted of 4,896 individuals with Disease@MESH:D002532, Disease@MESH:D029424 or Disease@MESH:D005901; these samples were genotyped using the Illumina Human OmniExpress Genotyping BeadChip. The genotype concordance rate between these two genotyping platforms has been shown to be >99% (ref.)", "type": "paragraph"}, {"sent": "In the first validation cohort, 1,275 cases of LADC with Gene@1956 mutation were genotyped using the multiplex PCR-based Invader assay (Third Wave Technologies), as described. Controls consisted of 6,817 individuals with Disease@MESH:D004827, Disease@MESH:D009401, Disease@MESH:D003876, Disease@MESH:D014545 or Disease@MESH:D006111; these DNA samples were genotyped using the Illumina Human OmniExpress Genotyping BeadChip. The same quality control criteria were applied as for GWAS (see below) to confirm that none of the control subjects in the first validation set was an unexpected duplicate or probable relative of a control subject in the GWAS. SNPs subjected to the first validation test were selected by using a cutoff PTrend value <1 x 10-4, because associations of SNPs with ORs >1.3 and minor allele frequencies >0.3 were predicted to be detected with a statistical power >0.6", "type": "paragraph"}, {"sent": "In the second validation cohort, 1,235 cases of LADCs with Gene@1956 mutations and 3,974 controls were genotyped using the TaqMan method or HumanOmni2.5 BeadChip kit, according to the manufacturer's protocol", "type": "paragraph"}, {"sent": "Genotyping of four-digit Gene@3115 alleles was performed on randomly chosen 255 GWAS LADC cases by using a WAKFlow Gene@3113 typing kit (Wakunaga Pharmaceutical, Tokyo, Japan) together with the Luminex Multi-Analyte Profiling system (ThermoFisher Scientific, Waltham, MA) according to the manufacturers' instructions", "type": "paragraph"}, {"sent": "Standard quality control was performed on scans, excluding those of individuals with gender discrepancies, low call rates (<99%) or extremely out of Hardy-Weinberg equilibrium (that is, P<1.0 x 10-6), as previously described. If any first-degree pairs of relatives were apparent, the control was removed from a case-control pair; otherwise, the individual with the lower call rate was excluded. In addition, PCA was performed on the genotype data of the samples and on European (CEU), African (YRI), and east Asian (Japanese (JPT) and Han Chinese (Disease@None)) individuals obtained from the Phase II HapMap database using smartpca. PCA revealed no evident population substructure and identified outliers for exclusion. Most subjects fell into a known main cluster (Hondo) of the Japanese population. The remaining 5,030 subjects, consisting of 663 cases with Gene@1956 mutations and 4,367 control subjects, were used for GWAS. We also selected 631 cases without Gene@1956 mutations based on the same criteria (Supplementary Table 1)", "type": "paragraph"}, {"sent": "DNA samples from Disease@MESH:D009369 tissues were screened for somatic mutations in Gene@1956 exons 19 and 21 by high-resolution melting (HRM) analysis, invader assay, SCORPION-ARMS or the PNA PCR clamp method in this study. Gene@1956 mutation tests were carried out by several methods: PCR-Invader assay by BML Inc. (Tokyo, Japan); PNA-LNA PCR clamp assay by Mitsubishi Chemical Medience Corp. (Tokyo, Japan); Scorpion ARMS assay by SRL Inc. (Tokyo, Japan); and HRM assay by ourselves. The HRM assay was carried out using primer set A for detection of Gene@1956 mutation in exon 19 and primer set B for detection of Gene@1956 mutation in exon 21. The sequences of the primer set A were 5'- AAAATTCCCGTCGCTATC -3' (forward) and 5'- AAGCAGAAACTCACATCG -3' (reverse). The sequences of the primer set B were 5'- AGATCACAGATTTTGGGC -3' (forward) and 5'- ATTCTTTCTCTTCCGCAC -3' (reverse). These primers were designed by the Primer 3 software, UCSC Genome Browser and BLAT analyses. Tumour samples were obtained from cytological specimens, frozen Disease@MESH:D009369 specimens and formalin-fixed, paraffin-embedded tissues", "type": "paragraph"}, {"sent": "We performed two separate imputation analyses; one was imputation of the Gene@3113 region using the Japanese specific reference panel and the other was a regional imputation using EAS references from the 1000 Genomes Project (Phase III)", "type": "paragraph"}, {"sent": "In the Gene@3113 imputation, 939 control subjects were excluded from the GWAS study because they had been used to construct the Japanese reference panel. The imputation included two- and four-digit classical Gene@3113 alleles and amino-acid polymorphisms of class I and class II Gene@3113 genes, as well as additional SNPs", "type": "paragraph"}, {"sent": "Next, imputed data at 6p21.1 were obtained using the 1000 Genomes Phase 3 EAS reference panel. Shapeit2 (version 2.778) was used for pre-phasing and Minimac2 (stamped 2014.9.15) was used for imputation. In this analysis, data of all control subjects from the GWAS study were used. The EAS reference panel was prepared as follows; data for East Asian samples (CDX, Disease@None, Disease@MESH:D002609, JPT and KHV) were extracted from the 1000 Genomes phase 3 v5 reference vcf file. Then, monomorphic or singleton sites, multiallelic sites and sites with P values obtained by the Hardy-Weinberg equilibrium test <10-6 were excluded. After imputation, poorly imputed SNPs defined by RSQR<0.70 were further excluded. Logistic regression analysis was performed by mach2dat software (version 1.0.24) using imputed dosage as an explanatory variable under the additive genetic model. LocusZoom was used to draw regional association plots. HaploReg v4.1 (ref.) was used to examine whether putative functional SNPs are present in the susceptibility loci", "type": "paragraph"}, {"sent": "In GWAS and the validation study Gene@9739, the strength of association between SNPs and Gene@1956 mutation-positive and -negative LADC was measured as ORs adjusted for gender, age (continuous) and smoking status (never or ever smoker) using an unconditional logistic regression analysis. In validation study Gene@29072, ORs adjusted for gender and smoking status (never or ever smoker) were calculated. Combined analysis was performed using a fixed-effects model. Heterogeneity among studies was examined using the Breslow-Day test. The R statistical environment version 2.6.1 (ref.), the JMP version 11.0 or PLINK1.06 (ref.) was used for statistical analyses", "type": "paragraph"}, {"sent": "Genotype status of the Mutation@rs7741164 SNP was imputed on all GWAS cases and controls, and 2,823 of the validation Gene@29072 controls (Supplementary Table 1). The RSQR values, indicating imputation quality, were >0.8. The remaining samples, consisting of 2,510 cases (all validation Gene@9739 cases and Gene@29072 cases) and 7,968 controls (all validation Gene@9739 controls and the remaining 1,151 validation Gene@29072 controls), were genotyped using the invader assay or TaqMan method. These data were subjected to an association analysis, the results of which are shown in Supplementary Table 14", "type": "paragraph"}, {"sent": "In all, 403 Disease@MESH:D002289 tissue samples were obtained from LADC patients undergoing resection at the NCCH. Total RNA was extracted from grossly dissected, snap-frozen tissue samples using TRIzol (Invitrogen, Carlsbad, CA, USA), according to the manufacturer's instructions. cDNA was synthesized using the SuperScript III first-strand synthesis system for reverse-transcription (RT)-PCR (Invitrogen) with random hexamers. Quantitative real-time (RT)-PCR analysis for Gene@116113 was performed on duplicate samples using the ABI PRISM 7900HT (Applied Biosystems, Foster City, CA, USA) with TaqMan primer and probe sets (Assay ID: Hs01055269_m1) from Applied Biosystems. Relative expression levels for each gene were normalized to that of Gene@2597 (catalogue# 4326317E, Applied Biosystems) and digitized according to the mean of two values. Linear trends between expression levels of Gene@116113 mRNA and increases in the number of risk alleles were tested in a multivariate linear regression model using JMP version 11.0 software (SAS Institute Inc., Cary, NC). The variables used for adjustment in each test were age (continuous), gender (male or female) and smoking status (never versus ever). A P value <0.05 by a multivariate linear regression test was considered statistically significant", "type": "paragraph"}, {"sent": "All data in the GWAS analyses are available in Integrative Disease Omics Database (https://gemdbj.ncc.go.jp/omics/docs/others.html), under accession code GWAS031", "type": "paragraph"}, {"sent": "How to cite this article: Shiraishi, K. et al. Association of variations in Gene@3113 class II and other loci with susceptibility to Gene@1956-mutated Disease@MESH:D000077192. Gene@6046. Commun. 7:12451 doi: 10.1038/ncomms12451 (2016)", "type": "paragraph"}, {"sent": "Plots show results of association studies of (a) nominal analysis, (b) conditioned analysis on Mutation@rs3817963 and (c) conditioned analysis on Mutation@rs2179920. Red line shows the level of genome-wide significance for association (PTrend<5 x 10-8). Genes within the region of interest are annotated and are indicated by arrows. The physical positions of the variants in the Gene@3113 class II region are shown at the bottom. Circles represent the location and -log10 (PTrend values) of each variant. The -log10PTrend values of the marker SNPs are shown for the GWAS (G), the combined validation study (CV) and the total combined study (CA)", "type": "fig_caption"}, {"sent": "The marker SNP is shown in purple and the r2 values for the other SNPs are indicated by different colours. Correlations were estimated using data from the 1000 Genomes Project. Genes within the region of interest are annotated and are indicated by arrows. The blue lines indicate the recombination rates in centimorgans (cM) per megabase (Mb). Circles represent the location and -log10 (PTrend values) of each variant. The -log10PTrend values of the marker SNPs are shown for the GWAS (G), the combined validation study (CV) and the total combined study (CA)", "type": "fig_caption"}]}