{"sentences": [{"sent": "Although most Gene@2099 (Gene@2099)-positive Disease@MESH:D001943 patients benefit from endocrine therapies, a significant proportion do not. Our aim was to identify inherited genetic variations that might predict survival among patients receiving adjuvant endocrine therapies", "type": "abstract"}, {"sent": "We performed a meta-analysis of two genome-wide studies; Disease@MESH:D001943 Study, 805 patients, with 240 receiving endocrine therapy and Prospective study of Outcomes in Disease@MESH:D001943, 536 patients, with 155 endocrine therapy-patients, evaluating 486,478 single nucleotide polymorphisms (SNPs). The top four associations from the endocrine treatment subgroup were further investigated in two independent datasets totalling 5011 patients, with 3485 receiving endocrine therapy", "type": "abstract"}, {"sent": "A meta-analysis identified a common SNP Mutation@rs8113308, mapped to 19q13.41, associating with reduced survival among endocrine treated patients (hazard ratio (HR) 1.69, 95% confidence interval (CI) 1.37-2.07, P = 6.34 x10-7) and improved survival among Gene@2099-negative patients, with a similar trend in Gene@2099-positive cases not receiving endocrine therapy. In a multivariate analysis adjusted for conventional prognostic factors, we found a significant interaction between the Mutation@rs8113308 and endocrine treatment indicating a predictive, treatment-specific effect of the SNP Mutation@rs8113308 on Disease@MESH:D001943 survival, with the per-allele HR for interaction 2.16 (95% CI 1.30 - 3.60, Pinteraction = 0.003) and HR=7.77 (95% CI 0.93 - 64.71) for the homozygous genotype carriers. A biological rationale is suggested by in silico functional analyses", "type": "abstract"}, {"sent": "Our findings suggest carrying the Mutation@rs8113308 rare allele may identify patients who will not benefit from adjuvant endocrine treatment", "type": "abstract"}, {"sent": "Disease@MESH:D001943 is the most common Disease@MESH:D009369 among women worldwide and a leading cause of Disease@MESH:D009369-related deaths. Disease@MESH:D001943 can be divided into two major types by the Gene@2099 (Gene@2099) status; Gene@2099-positive Disease@MESH:D001943 is driven by the female hormone estrogen whereas Gene@2099-negative Disease@MESH:D001943 does not depend on estrogen. Endocrine therapies target the Gene@2099-positive type, which accounts for about 70% of all Disease@MESH:D001943. Currently available endocrine therapies aim to either selectively block the Gene@2099 by binding ER (tamoxifen), decrease ovarian estrogen production (ovarian ablation, luteinising hormone releasing hormone (Gene@2796) agonists) or, in post-menopausal women, blocking the conversion of androgen to estrogen in peripheral fat (Gene@1588 inhibitors) or selectively down-regulating Gene@2099 (e.g. fulvestrant). Randomized controlled trials have demonstrated that Disease@MESH:D001943 recurrence and Disease@MESH:D003643 may be reduced by approximately one third by endocrine adjuvant treatments in patients with Gene@2099-positive Disease@MESH:D001943. However, approximately 30% of Gene@2099-positive Disease@MESH:D001943 do not respond to endocrine therapies (de novo resistance) and in addition, the majority of Disease@MESH:D009369 that initially respond to treatment develop resistance over time (acquired resistance)", "type": "paragraph"}, {"sent": "There are several potential mechanisms of resistance to endocrine therapy (reviewed in) including e.g., as the most important mechanism, loss of expression of Gene@2099 (due to an emerging subclone of ER-negative Disease@MESH:D009369). Beside mechanisms related to Gene@2099, resistance to endocrine therapy may also occur due to increased growth factor signalling and Disease@MESH:D008659 of hormonal agents. As an example, patients carrying inactive alleles of Gene@1565 (approximately 7-10% of Caucasian women) fail to convert tamoxifen to its primary active metabolite, endoxifen, and may consequently be less responsive to tamoxifen. However, the association with endocrine treatment outcome remains currently controversial. Presently, aside from ER status, no unequivocal biomarkers have been identified to determine whether a patient will benefit from adjuvant endocrine therapy", "type": "paragraph"}, {"sent": "Germline genetic variations, such as single nucleotide polymorphisms (SNPs), have been assessed as potential predictors of survival for Disease@MESH:D001943 patients in general and in different subgroups including those defined by endocrine therapies. A majority of these studies have applied a candidate gene approach focusing on SNPs within pre-specified genes of interest. These studies have provided some indicative results, but further studies will be needed to validate the findings. Recently, genome-wide association studies (GWASs) have been performed with the aim of identifying genetic variants influencing the outcome of Disease@MESH:D001943, including our previous studies that identified Gene@57561 locus influencing prognosis in especially early-onset Disease@MESH:D001943. Further, a GWAS conducted in subgroup of patients receiving adjuvant tamoxifen therapy in a Japanese population detected significant associations with recurrence-free survival at 10q22", "type": "paragraph"}, {"sent": "The availability of GWA data from the patient population in our Disease@MESH:D001943 Study (HEBCS) study together with GWA data from Prospective study of Outcomes in Disease@MESH:D001943 (Gene@57630) study enables an agnostic genome-wide approach to identify common genetic variants associated with survival for Disease@MESH:D001943. In the present study, we focus on Gene@2099-positive Disease@MESH:D001943 treated with adjuvant endocrine therapy in order to identify putative genetic markers for endocrine treatment outcome. We implemented a two-stage study design with 1341 Disease@MESH:D001943 patients from the two above mentioned GWAS in stage I and then a further 5011 patients from the two in stage II validation datasets", "type": "paragraph"}, {"sent": "Samples included in stage I discovery dataset came from participants of the HEBCS and Gene@57630 studies. For HEBCS GWS, 805 cases were included. Of these, 563 cases originated from a prospective patient series of unselected, incident Disease@MESH:D001943 patients while 242 cases were obtained from additional familial patient series. All cases were ascertained at the Helsinki University Hospital; see Supplementary Methods for the details of the collection. Of the 805 samples, 240 samples were recorded to have received endocrine therapy (Table 1)", "type": "paragraph"}, {"sent": "The Gene@57630 GWS consisted of 574 participants from the Gene@57630 study. Prospective early onset Disease@MESH:D001943 cases were included in the Gene@57630 study, with participants diagnosed with Disease@MESH:D001943 aged 40 years or younger. Details of the patient selection are provided in the Supplementary Methods. Gene@57630 GWS included 155 patients that had received endocrine therapy (Table 1). All participants of both studies provided written informed consent before participating in the study", "type": "paragraph"}, {"sent": "A further 1415 Disease@MESH:D001943 patients from the Gene@57630 study unselected for any differential survival were included in the stage II validation dataset. Gene@57630 validation included 1027 patients that had received endocrine therapy (Table 1)", "type": "paragraph"}, {"sent": "As an additional independent validation dataset in stage II we used a series of 3596 patients from the prospectively randomized SUCCESS-A trial. Details of the collection are provided in the Supplementary Methods. A total of 2458 cases of the 3596 cases had received endocrine treatment", "type": "paragraph"}, {"sent": "The age and Disease@MESH:D009369 characteristics of study participants from HEBCS GWS, Gene@57630 GWS, Gene@57630 validation and SUCCESS-A are presented in Table 1. The flow of samples through the various stages of the study has been summarized in Supplementary Fig. S1", "type": "paragraph"}, {"sent": "Genotyping of the Helsinki samples was conducted using the Illumina 550 platform and Gene@57630 GWS using the Illumina 660-Quad SNP array as previously described. To ensure the harmonisation of genotype calling between HEBCS and Gene@57630 GWS, the HEBCS GWS intensity files were processed with Illumina's Genome Studio software to call genotypes consistently with the Gene@57630 genotypes using a GenCall threshold of 0.15. Rare SNPs were excluded from analysis based on a Gene@4094 cut-off of 0.01, a genotyping call rate <95% and Hardy-Weinberg equilibrium P value <0.0001. The detailed description of harmonized quality control is in", "type": "paragraph"}, {"sent": "For replication genotyping we selected the top four associations from the genome wide meta-analysis of HEBCS and Gene@57630 GWS in the Gene@2099-positive endocrine treatment subgroup that fulfilled the following criteria: most significant independent associations with meta-P < 1.0 x 10-4 within the Gene@2099-positive endocrine treatment subgroup, showing significant (Pheterogeneity < 0.01) heterogeneity by endocrine treatment evaluating Gene@2099-positive endocrine treated subgroup and Gene@2099-positive subgroup not treated with endocrine therapy, and having significant interaction with endocrine treatment (likelihood ratio test P-value per allele < 1.0 x 10-3) in a pooled dataset of HEBCS and Gene@57630 GWS Gene@2099-positive cases. These four SNPs were genotyped in the 1415 additional young onset cases from the Gene@57630 stage II validation study. SNPs were genotyped by KBiosciences using the KASPar chemistry, which is a competitive allele-specific PCR SNP genotyping system. The SUCCESS-A GWAS was genotyped on the Illumina HumanOmniExpress-12v1 G FFPE array", "type": "paragraph"}, {"sent": "The imputation of genome wide SNP information in HEBCS and Gene@57630 GWS was performed based on 1000 Genomes Project phase 1 and release version 3 European reference haplotypes. Quality control measures applied to imputed data included excluding SNPs with HWE P value < 1 x 10-6, Gene@4094 < 5%, and imputed genotype call rate <=90% and individuals call rate <=90%. The detailed description of imputation is in", "type": "paragraph"}, {"sent": "See Supplementary Methods for a detailed description of the statistical analyses. In stage I, Gene@1351's proportional hazards models were used to derive hazard ratios (HR) for Disease@MESH:D001943 specific mortality in association with each SNP. Follow-up time was calculated from the date of diagnosis to the date of last follow-up or Disease@MESH:D001943 related Disease@MESH:D003643 and right-censored at 10 years", "type": "paragraph"}, {"sent": "In stage II, the follow-up time was calculated from the date of diagnosis to the date of last follow-up or Disease@MESH:D001943 related Disease@MESH:D003643 for Gene@57630 validation dataset. For SUCCESS-A the follow-up time was calculated from the date of diagnosis to the date of last follow-up or Disease@MESH:D003643 from any cause, due to lack of cause-of-Disease@MESH:D003643 information. The meta-analysis in stage I as well as the meta-analysis of stage I and stage II was performed with R package MetABEL. The Gene@1351's proportional hazard models were performed with R package GenABEL", "type": "paragraph"}, {"sent": "For HEBCS GWS, Gene@57630 GWS and Gene@57630 validation we had cause-of-Disease@MESH:D003643 information that enabled us to evaluate the Disease@MESH:D001943 specific survival. For SUCCESS-A the only outcome information was overall survival (endpoint: all-cause mortality) and progression free survival (endpoints: local or metastatic recurrence or Disease@MESH:D003643). In order to assess differences in survival when using different endpoints, we further conducted a sensitivity analysis. In the sensitivity analysis we analysed the survival across all the four studies using a common endpoint; either 10 year overall survival or 5 year progression free survival", "type": "paragraph"}, {"sent": "In order to test for interaction between endocrine treatment and a given SNP of interest, SNP genotype data was fitted into two multivariate Gene@1351's proportional hazards models including also clinically relevant covariates: one with both endocrine treatment and the SNP represented as individual covariates, and one that included an interaction term between the two. A likelihood ratio test between models was then conducted to examine whether the interaction model is a better fit for the prognostic data. The interaction tests, specifying Disease@MESH:D001943 related Disease@MESH:D003643 as the endpoint, were conducted in a pooled dataset of Gene@2099-positive cases only and were stratified by study", "type": "paragraph"}, {"sent": "In order to analyse the correlation between the loci of interest and gene expression we utilized the Disease@MESH:D001943 sample data generated by the METABRIC project. The expression data was obtained from the European Genome-Phenome Archive, which is hosted by the European Bioinformatics Institute, under Disease@MESH:D007674. See Supplementary Methods for the details of the data preparation for eQTL analysis. The analysis was conducted with R-package Matrix eQTL using linear regression and ANOVA models. In addition we utilized online results of the peripheral blood eQTL meta-analysis and lymphoblastoid exon expression QTL in Geuvadis project", "type": "paragraph"}, {"sent": "In order to investigate whether the loci of interest harbour known or predicted regulatory elements, we explored the ENCODE data using HaploReg2 and RegulomeDB. To assess gene expression-based survival we utilized BreastMark that integrates gene expression and survival data from 26 datasets on 12 different microarray platforms corresponding to ~17,000 genes in up to 4,738 samples. The genes that were identified by eQTL analysis were analysed at the protein level by exploring the protein-protein interaction network with STRING program", "type": "paragraph"}, {"sent": "We performed a fixed-effects meta-analysis to combine HR estimates from HEBCS and Gene@57630 stage I GWS studies including 805 and 536 study subjects. In the two datasets altogether 486,478 SNPs were common and passed the QC process. The meta-analysis was performed including all cases and in the subgroup of endocrine treated patients; combining anti-estrogen, Gene@1588 inhibitor and Gene@2796 agonist treatments totalling 240 endocrine treated patients in HEBCS GWS and 155 in Gene@57630 GWS. After LD-pruning, the top four associations (Mutation@rs8113308, Mutation@rs4082843, Mutation@rs4767413, and Mutation@rs11085098 in chromosomes 19, 4, 12, and 19, respectively; Supplementary Table S1) were selected from the genome-wide meta-analysis of HEBCS and Gene@57630 GWS in the Gene@2099-positive endocrine treatment subgroup for genotyping in the stage II Gene@57630 validation samples. The selected SNPs fulfilled the following criteria: the most significant independent associations with meta-P < 1.0 x 10-4 within the Gene@2099-positive endocrine treatment subgroup, showing significant (Pheterogeneity < 0.01) survival heterogeneity by endocrine treatment and having significant interaction with endocrine treatment (likelihood ratio test P-value per allele < 1.0 x 10-3) in a pooled dataset of HEBCS and Gene@57630 GWS Gene@2099-positive cases. All the SNPs were identified under an additive inheritance model", "type": "paragraph"}, {"sent": "Of the four SNPs which were formally tested for replication, all were successfully genotyped and two SNPs demonstrated nominal replication signals in the same direction as in the stage I (HEBCS and Gene@57630 GWS) patients. As an additional independent validation dataset in stage II we used SUCCESS-A. Since SUCCESS-A was genotyped in a different version of Illumina genotyping chip, there were no exact SNP matches for two of the SNPs. For SNP Mutation@rs8113308 we utilized the genotype information of a tag SNP Mutation@rs8108525 (r2 = 0.81). For SNP Mutation@rs4082843 no tag SNP could be found with r2 > 0.80. For remaining SNPs an exact SNP match was present in SUCCESS-A genotyping data", "type": "paragraph"}, {"sent": "In the meta-analysis of stage I and stage II, the strongest replication and meta-analysis signal was observed at Mutation@rs8113308 under the additive inheritance model. The minor allele was found to consistently associate with poor survival specifically after adjuvant endocrine therapy among Gene@2099-positive patients (HR = 1.69; 95% confidence interval (CI), 1.37-2.07, P = 6.34 x 10-7). The most common endocrine treatment regimen in all the four datasets was tamoxifen (Table 1), and a similar effect was found within the tamoxifen-treated subgroup (HR = 1.65; 95% CI, 1.35 - 2.03; P = 1.44 x 10-6). However, the minor allele associated with improved Disease@MESH:D001943 outcome in Gene@2099-negative patients (HR = 0.71; 95% CI, 0.56 - 0.91; P= 6 x 10-3), with a similar trend in Gene@2099-positive patients not receiving endocrine therapy (HR = 0.66; 95% CI, 0.40 - 1.07; P= 9.32 x 10-2), (Table 2), suggesting a treatment specific effect. The Kaplan-Meier plots of cumulative 10-year survival of Mutation@rs8113308 genotypes among Gene@2099-positive endocrine treated patients in pooled stage I (HEBCS and Gene@57630 GWS), Gene@2099-positive non-treated (available only for HEBCS) and Gene@2099-negative patients in pooled stage I (HEBCS and Gene@57630 GWS) are presented in Fig. 1. The Kaplan-Meier plots separately for all the four studies are presented in Supplementary Fig. S2 and S3", "type": "paragraph"}, {"sent": "We further investigated the survival association of Mutation@rs8113308 in all patients and in phenotype- and treatment-based subgroups separately in each of the four studies (Fig. 2). The association of the SNP in Gene@2099-positive patients receiving endocrine therapy was found consistent throughout the four studies (Fig. 2 and Table 2", "type": "paragraph"}, {"sent": "Based on the sensitivity analysis where we analysed the survival across all the four studies using also 10 year overall survival or 5 year progression free survival, very similar association was seen as in the main meta-analysis, regardless of the used endpoint (Supplementary Fig. S4)", "type": "paragraph"}, {"sent": "In addition to the SNP Mutation@rs8113308, one further SNP, Mutation@rs4767413, showed a consistent association across all four studies among Gene@2099-positive endocrine treated patients, however, the result was not significant in stage II studies (Gene@57630 validation and SUCCESS-A). SNP Mutation@rs4767413, located in an intergenic region in chromosome 12, was found to associate with poor survival among Gene@2099-positive patients receiving endocrine treatment with HR = 1.39; 95% CI, 1.15 - 1.67; P = 5.86 x 10-4, but not among Gene@2099-positive patients not treated with endocrine therapy (HR = 0.91; 95% CI, 0.56 - 1.48). No consistent association was seen among the four studies in Gene@2099-negative subgroup. The remaining two SNPs from stage I included in the meta-analysis of stage I and stage II did not show concordant association in stage II (Table 2)", "type": "paragraph"}, {"sent": "Given that endocrine treatment is predominantly administered to Gene@2099-positive cases, it is possible that an apparent interaction between Mutation@rs8113308 and endocrine treatment actually indicates an interaction between the SNP and Gene@2099 status instead of a predictive, treatment-specific effect. In order to address this possibility, the interaction test, specifying Disease@MESH:D001943 related Disease@MESH:D003643 as the endpoint, was conducted in a pooled dataset of Gene@2099-positive cases only, including HEBCS GWS, Gene@57630 GWS and Gene@57630 validation datasets - due to lack of cause-of-Disease@MESH:D003643 information, SUCCESS-A study was not included. In the multivariate Gene@1351's proportional hazards model including the SNP Mutation@rs8113308 and endocrine treatment separately along with the following covariates; progesterone receptor status, Disease@MESH:D009369 size, lymph node metastasis, distant metastasis at diagnosis, age at diagnosis, and Disease@MESH:D009369 histologic grade, we found both the SNP and the endocrine treatment to be independently prognostic; per allele HR = 1.27, 95% CI 1.02 - 1.59; P = 0.036 and endocrine treatment HR = 0.59; 95% CI, 0.44 - 0.80; P = 6.76 x 10-4. In contrast, when an interaction term (SNP * endocrine treatment) was added to the model, the SNP lost its independent prognostic value and the interaction between SNP Mutation@rs8113308 and endocrine treatment associated significantly with poor Disease@MESH:D001943 survival, HR for per-allele Mutation@rs8113308:endocrine treatment = 2.16; 95% CI, 1.30 - 3.60; P = 3.13 x 10-3 (Table 3). The interaction model is a better fit for the prognostic data than the model without an interaction term (likelihood ratio test P value = 0.0021). When using a co-dominant model, the interaction remained statistically significant despite the loss of power introduced by the additional genotype covariate (likelihood ratio test P value = 0.0078) (Table 3), while the effect size depended on allele dose: the hazard ratio for the interaction between endocrine treatment and the heterozygous AG genotype is HR = 1.95; 95% CI, 1.08 - 3.49, and HR = 7.77; 95% CI, 0.93 - 64.71 for the interaction between endocrine treatment and rare homozygous GG genotype", "type": "paragraph"}, {"sent": "We assessed the association of SNP Mutation@rs8113308 and Mutation@rs4767413 with clinical predictors of Disease@MESH:D001943 prognosis in a pooled set of HEBCS and Gene@57630 GWS and Gene@57630 validation (Supplementary Tables S2 and S3). There were no significant associations between SNP Mutation@rs8113308 or Mutation@rs4767413 and clinical features", "type": "paragraph"}, {"sent": "We next examined the Mutation@rs8113308 LD region (r2>=0.2) for stronger associations conducting a meta-analysis of HEBCS and Gene@57630 imputed data of 869 SNPs. We identified an association with HR= 3.40; 95% CI, 2.04 - 5.66 (P = 2.64 x 10-6) for one imputed SNP, Mutation@rs10410393 (r2 = 0.2). However, it did not show concordant direction of association in the SUCCESS-A data. Additionally, the minor allele frequency for this SNP in European population is 0.036, being very rare. Subsequently, the Mutation@rs8113308 remained the strongest associated variant in the region (Supplementary Fig. S5). Similarly, we investigated the LD region (r2>=0.2) of SNP Mutation@rs4767413 and found stronger associations for four imputed SNPs in the HEBCS and Gene@57630 data sets, with Mutation@rs11611797 (r2 = 0.87) being strongest (HR= 2.05; 95% CI, 1.76 - 2.57 (P = 1.76 x 10-6). However, none of the four imputed SNPs were significant in SUCCESS-A data", "type": "paragraph"}, {"sent": "In order to test for correlation of the SNP Mutation@rs8113308 genotypes and RNA expression, we performed an eQTL analysis in 821 Gene@2099-positive and 321 Gene@2099-negative Disease@MESH:D001943 in the METABRIC project. We conducted the analysis both in cis and in trans. For cis-eQTL analysis we included all the genes within 100kb of the SNP Mutation@rs8113308; Gene@79898, Gene@59348, Gene@284370 and Gene@65251. The re-annotation of Illumina probes by Barbosa-Morais and colleagues classified the probes for Gene@284370 and Gene@65251 as unreliable and probes for Gene@79898 and Gene@59348 as reliable; the eQTL was only considered for reliable probes. The appliance of a linear regression model did not reveal any significant cis or trans eQTLs. The cis-eQTL analysis utilizing the ANOVA model, allowing genotype to have both additive and dominant effects, indicated an association between Mutation@rs11881650 (a tag SNP for Mutation@rs8113308; r2 = 0.81) and expression of Gene@59348 (P = 3.85 x 10-3) in Gene@2099-positive Disease@MESH:D001943 whereas no association was seen in Gene@2099-negative Disease@MESH:D001943 (Supplementary Table S4). The cis eQTL for Gene@59348 remains significant also after Bonferroni adjustment (adjusted P = 9.22 x 10-3). The high Gene@59348 mRNA expression level was linked to SNP Mutation@rs11881650 rare homozygote genotype compared to the common homozygote and heterozygote genotypes, P = 0.018 and P = 0.015, respectively (Fig. 3A) in Gene@2099-positive Disease@MESH:D001943; no difference was seen among Gene@2099-negative Disease@MESH:D009369. Concordant supportive evidence was seen in peripheral blood tissue where Mutation@rs7246064 (a tag SNP for Mutation@rs8113308; r2 = 1) and Gene@59348 mRNA expression were correlated (P = 3.27 x 10-3) (Supplementary Table S5), no significant correlation between SNP Mutation@rs8113308 and Gene@59348 mRNA expression was seen in lymphoblastoid cell lines. The trans-eQTL analysis of the METABRIC data utilizing ANOVA model with Bonferroni adjusted P of < 0.05 and applied to the reliable probes revealed association with expression of the Gene@54869 and Gene@84671 genes in 19q13 locus and Gene@1592 in 10q23 in Gene@2099-positive Disease@MESH:D001943, with no significant eQTL for these genes among Gene@2099-negative Disease@MESH:D009369 (Supplementary Table S6). The eQTL analysis for SNP Mutation@rs4767413 did not reveal any statistically significant cis- or trans-eQTL correlations", "type": "paragraph"}, {"sent": "We searched BreastMark database to analyse and visualize survival differences based on mRNA expression differences in public mRNA expression data. In the BreastMark the only endocrine treatment group available is tamoxifen, and no other information for endocrine treatment is given. Gene@59348 showed gene expression-based survival difference in Gene@2099-positive tamoxifen treated patients with high Gene@59348 expression associating with poor survival with HR 1.61 (1.14 - 2.27), logrank P = 0.006, whereas no survival difference by different Gene@59348 expression levels was seen in Gene@2099-positive tamoxifen non-treated patients or in Gene@2099-negative tamoxifen non-treated patients (Fig. 3B-D). No survival difference by gene expression level was seen for Gene@284370, nor for Gene@54869, Gene@84671 or Gene@1592. For genes within 100kb of the SNP Mutation@rs4767413 (Gene@643246 and Gene@100616309) survival difference by gene expression could not be analysed due to lack of the probe data for these genes in BreastMark", "type": "paragraph"}, {"sent": "In order to assess the functional role of the Mutation@rs8113308 locus we explored ENCODE data with designated tools HaploReg2 and RegulomeDB for regulatory elements and protein binding sites residing in the region. The Encode data indicates that the Mutation@rs11879758, a tag SNP for Mutation@rs8113308 (r2 = 0.85) locates in the site where there are promoter histone marks in nine cell lines and, based on the regulatory chromatin states, one active promoter in mammary epithelial cells with the closest annotated gene being Gene@59348. Protein-protein interaction networks were searched by STRING program (Supplementary Fig. S6) demanding a high confidence score for interactions (0.700) derived from experimental studies, databases and text mining and it showed Gene@26994, Gene@6311, Gene@672 and Gene@1647 proteins interacting with Gene@59348", "type": "paragraph"}, {"sent": "Gene@2099-positive Disease@MESH:D001943 is commonly treated with adjuvant endocrine therapies. Adjuvant endocrine treatment has been shown to increase overall survival and in light of recent studies is likely to be recommended for even longer duration in the adjuvant setting. However many patients do not benefit from these therapies and predictors for response or resistance to endocrine treatment are urgently needed. In this study we report a meta-analysis of two genome wide studies and two validation datasets for identifying genetic variants associated with Disease@MESH:D001943 related mortality specifically after adjuvant endocrine treatment. In a meta-analysis involving individuals treated with adjuvant endocrine therapy we identified SNP Mutation@rs8113308 specifically and significantly predicting outcome after endocrine treatment. We were further able to show that among patients with Gene@2099-positive Disease@MESH:D009369, there is a significant interaction between the Mutation@rs8113308 and endocrine treatment indicating a predictive, treatment-specific effect on survival, independent of conventional prognostic markers. In addition, SNP Mutation@rs4767413 showed a consistent association across all four studies among Gene@2099-positive endocrine treated patients and a significant interaction result with endocrine treatment in stage I. However, the survival association was not significant in stage II studies (Gene@57630 validation and SUCCESS-A), and no further supportive evidence could be obtained from the eQTL and gene expression survival analyses. These results thus remain inconclusive and warrant further studies", "type": "paragraph"}, {"sent": "Our primary interest in this study was to evaluate the Disease@MESH:D001943 specific survival. In stage I studies (HEBCS GWS and Gene@57630 GWS) and stage II Gene@57630 validation the analyses were performed using Disease@MESH:D001943 specific mortality as the endpoint. A randomized clinical trial, SUCCESS-A, with data available via dbGAP was added to further validate our stage I findings. Since the only outcome data available for SUCCESS-A was overall or progression free survival, we used overall survival as the endpoint for SUCCESS-A in the stage II main meta-analysis but further performed also a sensitivity analysis assessing alternative endpoints throughout all four studies which showed very similar association, regardless of endpoint", "type": "paragraph"}, {"sent": "Various endocrine therapies work by different mechanisms to antagonize the growth-promoting activity of estrogen and different endocrine therapies are administered to pre-menopausal and post-menopausal women. In our study we combined anti-estrogen, Gene@1588 inhibitor and Gene@2796 agonist treatments in order to gain more statistical power. However, the most common endocrine treatment regimen in all the three datasets was tamoxifen and a similar result was found specifically within the tamoxifen-treated subgroup", "type": "paragraph"}, {"sent": "The direction of the association was consistent across the studies and remained statistically significant in the study-stratified pooled analyses even though patients in HEBCS GWS had relatively later onset Disease@MESH:D001943 and Gene@57630 GWS contains only early-onset Disease@MESH:D001943 patients. Furthermore, the age-adjusted multivariate analysis suggests that the treatment interaction was not affected by the patients' age. In stage I we could specifically assess also the Gene@2099-positive patients not treated with endocrine therapy which allowed us to elucidate whether the association is linked to Gene@2099 positivity or endocrine treatment. The significant interaction between endocrine treatment and Mutation@rs8113308 among Gene@2099-positive patients provided strong evidence that the identified association links specifically and significantly to endocrine treatment subgroup", "type": "paragraph"}, {"sent": "Based on HapMap, 27% of the population carries at least one allele of this SNP and 3% carry the homozygous genotype. In HEBCS GWS, Gene@57630 GWS and Gene@57630 validation, 26%, 22% and 25% of the cases carried at least one allele (HR = 2.16) and 2.11%, 2.06%, 2,35% were homozygous carriers, respectively, (HR = 7.17). Previously, Kiyotani and colleagues performed a GWAS to assess the genetic factors influencing survival among patients receiving adjuvant tamoxifen therapy in Japanese population. They reported significant association with recurrence-free survival for SNP Mutation@rs10509373 at 10q22 utilizing 240 patients in GWAS and 105 and 117 patients in the replication phase. We did not find any significantly associated SNPs on chromosome 10, but because of the differences in allele frequencies comparison between the two studies is difficult", "type": "paragraph"}, {"sent": "The SNP Mutation@rs8113308 is located on the long arm of the chromosome 19, in intron five of a gene Gene@79898 encoding for Gene@79898. The 100kb flanking region harbours a multitude of zing finger genes. The cis-eQTL analysis indicated an association between Mutation@rs11881650 (a tag SNP for Mutation@rs8113308; r2 = 0.81) and mRNA levels of Gene@59348 (also known as Gene@59348) as well as trans eQTL associations to Gene@54869, Gene@84671 and Gene@1592. However, a tag SNP (r2 = 0.85) for Mutation@rs8113308 locates in an active promoter site which is specifically active in mammary epithelial cells with the closest annotated gene being Gene@59348; only Gene@59348 showed gene expression-based survival difference among Gene@2099-positive tamoxifen-treated patients, with the high Gene@59348 expression associating with poor survival. When investigating the correlation of the tag SNP Mutation@rs11881650 genotypes and RNA expression in Gene@2099-positive Disease@MESH:D009369 breast tissue we found that the rare allele correlated with increased Gene@59348 mRNA expression levels. Together these data indicate that the Mutation@rs8113308 rare allele associates with increased expression of Gene@59348 and poor survival of Disease@MESH:D001943 patients after endocrine treatment", "type": "paragraph"}, {"sent": "In a network analysis with a high confidence score we saw an interplay with Gene@59348, Gene@26994, Gene@1647 and Gene@672, with the two latter interacting with Gene@2099 (Supplementary Fig. S6). Gene@59348 expression is altered in different human Disease@MESH:D002277 including Disease@MESH:D001943. Gene@59348 can bind Gene@1647 in a Gene@672-dependent manner as well as via binding sites located in the Gene@1647 promoter region, suggesting that Gene@59348 represses Gene@1647 expression via multiple binding sites. The overexpression of Gene@59348 has been shown to cause a decrease in both Gene@1647 transcripts and protein. Gene@1647 takes part in several cellular processes, including cell cycle Disease@MESH:D006323 and apoptosis. Functional assays on Gene@1647 family proteins, including Gene@1647, have shown that they bind to nuclear hormone receptors including Gene@2099 and act as nuclear co-activators. Recently it has also been found that high level of Gene@1647 protein expression correlates with ER-positivity and low level with ER-negativity in Disease@MESH:D001943. Since aberrant expression of cell cycle regulators has been suggested to contribute to tamoxifen resistance it could be hypothesised that altered expression of Gene@1647 might have an effect on endocrine treatment response. Moreover, the role of Gene@1647 as co-activator of Gene@2099 could affect the antagonist effect of endocrine treatments that block the Gene@2099 binding, e.g. tamoxifen. The biological rationale behind the identified association of Mutation@rs8113308 and Disease@MESH:D001943 outcome after endocrine treatment might thus be the altered Gene@59348 expression levels and subsequent alterations in the expression and activity of Gene@1647 and its interacting partners, including Gene@2099, but further studies are required to elucidate the actual mechanism", "type": "paragraph"}, {"sent": "To our knowledge, this is the first meta-analysis of two genome-wide studies and two validation sets to assess the genetic factors influencing survival for Disease@MESH:D001943 patients receiving adjuvant endocrine treatment among women of European descent. It should be noted that our findings do not reach genome-wide significance as such, despite our use of GWAS as a starting point. However, the results are supported by the significant statistical interaction between the Mutation@rs8113308 and endocrine treatment among patients with Gene@2099-positive Disease@MESH:D009369, indicating a predictive, treatment-specific effect on survival, independent of conventional prognostic markers, as well as by consistent in silico functional findings and a biological rationale. Pending further validation in other large datasets, our findings may potentially influence personalized treatment by identifying patients who would not benefit from endocrine treatment. Further fine mapping studies will help to identify the causative and most significant variants responsible for the observed associations, while functional studies will be necessary to fully elucidate the underlying biological mechanism", "type": "paragraph"}, {"sent": "Endocrine therapies target Gene@2099-positive Disease@MESH:D001943, which accounts for the majority of all Disease@MESH:D001943. However, approximately 30% of Gene@2099-positive Disease@MESH:D001943 do not respond to endocrine therapies. We identified a common Mutation@rs8113308 SNP variation that was found to associate with poor Disease@MESH:D001943 outcome after adjuvant endocrine therapy and improved Disease@MESH:D001943 outcome in Gene@2099-negative patients, with a similar trend in Gene@2099-positive patients not treated with endocrine therapy. In addition we found a significant interaction between the Mutation@rs8113308 and endocrine treatment among patients with Gene@2099-positive Disease@MESH:D009369 indicating a predictive, treatment-specific effect on survival, independent of conventional prognostic markers. A biological rationale is suggested by in silico functional analyses. Pending further validation in additional datasets, this may have significant impact on personalized Disease@MESH:D001943 treatment for identification of patients for whom adjuvant endocrine treatment would be ineffective and who could therefore be selected for clinical trials of alternative therapies", "type": "paragraph"}, {"sent": "Kaplan-Meier plots of cumulative Disease@MESH:D001943 specific 10-year survival of Mutation@rs8113308 genotypes A) in a pooled stage I (HEBCS + Gene@57630 GWS) data among Gene@2099-positive patients receiving endocrine therapy, B) in HEBCS GWS data among Gene@2099-positive patients not receiving endocrine therapy, C) in a pooled stage I (HEBCS + Gene@57630 GWS) data among Gene@2099-negative patients. Number of patients at risk is presented under each Kaplan-Meier -plot", "type": "fig_caption"}, {"sent": "Forest plots of HRs and their CIs for the SNP Mutation@rs8113308 in the entire sample set and within phenotype- and treatment-based subgroups separately in each of the four studies. Gene@1351's proportional hazards models were used to derive hazard ratios (HR) for Disease@MESH:D001943 specific mortality in HEBCS GWS, Gene@57630 GWS and Gene@57630 validation and for all-cause mortality for SUCCESS-A", "type": "fig_caption"}, {"sent": "Gene@59348 mRNA levels by genotype using Metabric data (A) and gene expression-based disease-free survival of Gene@59348 using online web-based service BreastMark (B-D). A) Boxplot of Gene@59348 mRNA levels by SNP Mutation@rs11881650 (a tag SNP for Mutation@rs8113308; r2 = 0.81) genotype (0=common homozygote, 1=heterozygote, 2=rare homozygote). * Wilcoxon rank sum test for common homozygote vs. rare homozygote, P = 0.018 in Gene@2099-positive Disease@MESH:D009369. Survival in B) Gene@2099-positive patients receiving tamoxifen treatment (N = 614, events = 149), C) Gene@2099-positive patients not receiving tamoxifen treatment (N = 1376, events = 451) and D) Gene@2099-negative patients (N = 423, events = 197). The cut-off for expression level was set to high, i.e. the top 25% expression level based on the inter quartile range. The follow-up time was not adjustable", "type": "fig_caption"}, {"sent": "Gene@1351's proportional hazards models to test for interaction between endocrine treatment and Mutation@rs8113308 in the pooled dataset of HEBCS and Gene@57630 GWS and Gene@57630 validation. The model was stratified by study and adjusted by age and used 10y Disease@MESH:D001943 specific survival and included Gene@2099-positive cases only; per allele model assuming no interaction and per allele model including per allele SNP:endocrine interaction term. Likelihood ratio test P= 0.0021. Codominant model assuming no interaction and codominant model including per genotype SNP:endocrine interaction term. Likelihood ratio test P = 0.0078", "type": "table_caption"}]}