{"sentences": [{"sent": "The majority of Disease@MESH:D001943 are driven by the female hormone oestrogen via oestrogen receptor (ER) alpha. ER-positive patients are commonly treated with adjuvant endocrine therapy, however, resistance is a common occurrence and aside from ER-status, no unequivocal predictive biomarkers are currently in clinical use. In this study, we aimed to identify constitutional genetic variants influencing Disease@MESH:D001943 survival among ER-positive patients and specifically, among endocrine-treated patients. We conducted a meta-analysis of three genome-wide association studies comprising in total 3,136 patients with ER-positive Disease@MESH:D001943 of which 2,751 had received adjuvant endocrine therapy. We identified a novel locus (Mutation@rs992531 at 8p21.2) associated with reduced survival among the patients with ER-positive Disease@MESH:D001943 (P = 3.77 x 10-8). Another locus (Mutation@rs7701292 at 5q21.3) was associated with reduced survival among the endocrine-treated patients (P = 2.13 x 10-8). Interaction analysis indicated that the survival association of Mutation@rs7701292 is treatment-specific and independent of conventional prognostic markers. In silico functional studies suggest plausible biological mechanisms for the observed survival associations and a functional link between the putative target genes of the Mutation@rs992531 and Mutation@rs7701292 (Gene@23221 and Gene@9366, respectively). We further explored the genetic interaction between Mutation@rs992531 and Mutation@rs7701292 and found a significant, treatment-specific interactive effect on survival among ER-positive, endocrine-treated patients (hazard ratio = 6.97; 95% confidence interval, 1.79-27.08, Pinteraction = 0.036). This is the first study to identify a genetic interaction that specifically predicts treatment outcome. These findings may provide predictive biomarkers based on germ line genotype informing more personalized treatment selection", "type": "abstract"}, {"sent": "Oestrogen receptor (ER) positive Disease@MESH:D001943 is driven by oestrogen signalling and accounts for approximately 70% of all Disease@MESH:D001943. ER-positive Disease@MESH:D001943 can be successfully treated with endocrine therapies, but approximately one third do not respond to these treatments at all and the majority of Disease@MESH:D009369 that initially respond to treatment will develop resistance over time. No biomarkers that identify such non-responders are currently in clinical use", "type": "paragraph"}, {"sent": "Both somatic mutations and germ-line variants are likely to contribute to Disease@MESH:D001943 survival, e.g. by influencing Disease@MESH:D009369 progression, Disease@MESH:D009369 interactions, or pharmacogenomical mechanisms. Genome-wide association studies (GWASs) have investigated single nucleotide polymorphism (SNPs) associating with Disease@MESH:D001943 survival, including our previous research investigating 10-year disease free survival among all Disease@MESH:D001943 cases based on a meta-analysis of two GWAS studies. Previous studies have also identified variants associating with survival in Disease@MESH:D001943 subgroups defined by ER status, or by particular anticancer treatments. We have previously investigated association of genetic variants with 10-year overall survival among chemotherapy-treated patients, and based on a two-study GWAS meta-analysis, we identified a locus 19q13.41 associating with 10-year Disease@MESH:D001943 specific survival after endocrine treatment. Our earlier studies, albeit including partly the same data sets as in the current analysis, have had different approaches on study design and sample selection. Here, our goal was to identify prognostic and predictive SNPs among patients with Disease@MESH:D009369. To this end, we conducted a meta-analysis of SNP data from three independent GWAS studies", "type": "paragraph"}, {"sent": "This analysis included 3,136 patients with ER-positive Disease@MESH:D001943 (HEBCS 513, Gene@57630 165, SUCCESS-A 2,458) (Supplementary Figure 1 and Supplementary Table 1). The fixed-effects meta-analysis of the three study GWASs analysis was carried out using five-year follow-up for first event as defined by a combined survival endpoint of local recurrence, distant metastasis or Disease@MESH:D003643. Our sensitivity analysis indicated that this combined survival end-point is robust in this study (Supplementary Figures 2 and 3). In the three data sets, together 275,827 SNPs were common and passed the QC process. We conducted the analysis under additive, dominant and recessive inheritance models. The strongest meta-analysis result indicated an association with survival at a genome-wide significance level (P < 5 x 10-8) under a dominant inheritance model (Supplementary Figure 4A and 4C). The minor allele of Mutation@rs992531 was associated with poor survival among ER-positive patients (hazard ratio (HR) 1.85; 95% confidence interval (CI), 1.63-2.07, P = 3.77 x 10-8) (Table 1). Two imputed SNPs, Mutation@rs2314686 and Mutation@rs4996307, with high LD (r2 = 1) had a slightly stronger signal (P = 1.70 x 10-8 and P = 3.58 x 10-8, respectively) (Supplementary Table 2 and Supplementary Figure 5A). The haplotype analysis of the three SNPs (Mutation@rs992531, Mutation@rs2314686 and Mutation@rs4996307) showed that the haplotype with rare alleles for each of the SNPs had the strongest association HR = 1.71; 95% CI, 1.40-2.07, P = 1.91 x 10-7) (Supplementary Table 3). No association with survival was seen among 1,706 ER-negative patients: HR = 0.97; 95% CI, 0.74-1.28; P = 0.833 for the genotyped SNP Mutation@rs992531 (Table 1). In a study-stratified multivariate analysis of the pooled ER-positive data set, adjusted for standard prognostic factors, Mutation@rs992531 remained statistically significant (HR = 1.60; 95% CI, 1.28-2.02; P = 5.09 x 10-5) (Supplementary Table 4)", "type": "paragraph"}, {"sent": "The survival association of Mutation@rs992531 was consistent between studies in all patients and in Disease@MESH:D009369 phenotype and treatment-based subgroups (Supplementary Figure 6)", "type": "paragraph"}, {"sent": "A total of 2,751 cases had received adjuvant endocrine therapy (HEBCS 227, Gene@57630 122, SUCCESS-A 2,402) (Supplementary Figure 1 and Supplementary Table 1). The meta-analysis accepted all endocrine treated patients, combining anti-oestrogen, aromatase inhibitor and LHRH agonist treatments. The minor allele of Mutation@rs7701292 was associated with poor survival after adjuvant endocrine therapy among ER-positive patients (per-allele HR = 1.79; 95% CI, 1.59-1.99, P = 2.13 x 10-8) (Table 1 and Supplementary Figures 4B, 4D and 5B). A similar effect was seen in the tamoxifen-only subgroup (HR = 1.71; 95% CI, 1.51-1.92; P = 2.75 x 10-7). No effect was seen among ER-positive patients not receiving endocrine therapy, nor among ER-negative patients (Table 1). No stronger association signals at this locus were detected in imputed genotype data (Supplementary Figure 5B). The effect of the SNP in ER-positive patients receiving endocrine therapy was consistent throughout the three studies (Table 1 and Supplementary Figure 7)", "type": "paragraph"}, {"sent": "Next, we performed an interaction test between Mutation@rs7701292 and endocrine treatment in a pooled data set of all ER-positive cases, adjusted for adjuvant chemotherapy and standard prognostic factors. In both the co-dominant and additive models, assuming no interaction, the SNP and endocrine treatment were both independently prognostic. In the co-dominant model, the effect size depended on allele dose: AG genotype HR = 1.44 (95% CI 1.15-1.80, P = 0.0015); GG genotype HR = 3.22 (95% CI 1.70-6.13, P = 0.0004) (Table 2). The additive model estimated the per-allele hazard at HR = 1.52, 95% CI 1.25-1.86; P = 3.09 x 10-5) (Table 2). In the models with an interaction term, a statistically significant interaction was detected between Mutation@rs7701292 and endocrine treatment: the per-allele HR for Mutation@rs7701292:endocrine treatment was 1.92; 95% CI, 1.11-3.31, likelihood-ratio test Pinteraction = 0.0157 (Table 2)", "type": "paragraph"}, {"sent": "We have previously identified a SNP Mutation@rs8113308 at locus 19q13.14 to associate with poor survival in endocrine treated patients based on two-study meta-analysis using 10-year Disease@MESH:D001943 specific survival. In the current analysis Mutation@rs8113308 did not reach genome wide significance. Additionally, we inspected whether the identified SNPs remain significant when adjusting for the SNPs found in the previous survival studies utilizing partly the same data sets as in the current analysis. The results for the identified SNPs remain similar after adjustment (data not shown)", "type": "paragraph"}, {"sent": "The analyses for SNP Mutation@rs7701292 and SNP Mutation@rs992531 were carried out using five-year follow-up for first event as defined by a combined endpoint of local recurrence, distant Disease@MESH:D009362 (any cause) that was the only endpoint available for SUCCESS-A study with adequate analytic power (mean follow-up 4.0 years). However, since follow up for patients in HEBCS and Gene@57630 data sets is considerably longer (HEBCS mean follow-up 14.7 years, Gene@57630 mean follow-up 5.3 years), and also distant disease-free survival (DDFS) information is available, we carried out a sensitivity analysis for each SNP using also alternative endpoints of five year DDFS in HEBCS and Gene@57630 data sets and 10 year overall survival in all three studies (Supplementary Figures 2 and 3). The results were very similar for both SNPs for DDFS. In ER-positive patients results for Mutation@rs992531 were HEBCS, HR = 1.98; 95% CI, 1.65-2.29 and Gene@57630, HR = 2.21; 95% CI, 1.69 - 2.72, and in the subgroup of ER-positive patients who received endocrine treatment results for Mutation@rs7701292 were, HEBCS, HR = 2.32; 95% CI, 1.83-2.81 and Gene@57630, HR = 2.07; 95% CI, 1.57-2.56. (Supplementary Figures 2 and 3). The same trend was also seen for the less powered 10 year overall survival analysis in the subgroup of ER-positive patients for Mutation@rs992531 and among ER-positive endocrine treated patients for Mutation@rs7701292 (Supplementary Figures 2 and 3)", "type": "paragraph"}, {"sent": "The SNP Mutation@rs992531 was associated with M-status (metastasis at diagnosis) in the ER positive subgroup: carriers of the rare allele had more Disease@MESH:D009362 at diagnosis than carriers of the common homozygote genotype (P = 0.004) (Supplementary Table 5). The rare homozygote of Mutation@rs7701292 also associated with a higher rate of metastasis at diagnosis, but only among ER-negative cases (P = 0.003) (Supplementary Table 6)", "type": "paragraph"}, {"sent": "Neither of the SNPs were associated with ER-status (Mutation@rs99253: chi2 = 0.31, P = 0.58 and Mutation@rs7701292: chi2 = 0.44, P = 0.80)", "type": "paragraph"}, {"sent": "In order to test whether SNP Mutation@rs992531 in chromosome 8 or Mutation@rs7701292 in chromosome 5 or their tag SNPs in the linkage disequilibrium region (r2 > 0.1) associate with mRNA expression, we performed a quantitative expression trait (eQTL) analysis in 1142 Disease@MESH:D009369 in the METABRIC project. We conducted the analysis both in cis, defined as eQTL within +-1 Mb from any SNP in the LD region, and trans, defined as any eQTLs outside these regions", "type": "paragraph"}, {"sent": "SNP Mutation@rs992531 resides in a gene-dense region with 55 genes. The analysis utilizing a linear model identified two cis-eQTL genes, Gene@64236 and Gene@23221, which remained statistically significant after multiple testing correction (Supplementary Table 7). No trans-eQTLs were observed at this locus", "type": "paragraph"}, {"sent": "In the cis-region of Mutation@rs7701292, the SNP Mutation@rs2061968 (a tag SNP for Mutation@rs7701292; r2 = 1) associated with the expression of Gene@9366 (P = 3.55 x 10-2) (Supplementary Table 8). Low Gene@9366 mRNA expression level was associated with the Mutation@rs2061968 rare homozygote genotype. Mutation@Rs7701292 and its tag SNPs were also associated with seven statistically significant trans-eQTL genes (Supplementary Table 9)", "type": "paragraph"}, {"sent": "In the Mutation@rs992531 locus, the SNP Mutation@rs4996307 (r2 = 1) is located in the binding motif of the transcription factor Gene@3727, a predicted regulator of Gene@23221. The genomic region spanning the binding motif is active in several cell lines including human mammary epithelial cell line and Disease@MESH:D001943 cell line indicated by the histone modification data. Inspection of haplotypes at the Mutation@rs992531 locus revealed that the survival-associated haplotypes contain the rare alleles of Mutation@rs992531 and Mutation@rs4996307 (Supplementary Table 10). In the Mutation@rs7701292 locus, we found a binding motif for Disease@MESH:D000860-inducible factor 1beta (HIF-1beta) that is affected by Mutation@rs1712662 (tag SNPs for Mutation@rs7701292, r2 = 0.79 D' = 1). As indicated by the histone modification data, the genomic region spanning the binding motif for HIF-1beta is active in several cell lines including Disease@MESH:D001943 cell line. HIF-1beta targets Gene@9366 in Disease@MESH:D001943 cells", "type": "paragraph"}, {"sent": "According to Kaplan-Meier Plotter, one of the two cis-eQTL genes associating with Mutation@rs992531, Gene@23221, was associated with survival consistently with the association seen in the eQTL analysis. Low expression of the Gene@23221 gene was associated with poor prognosis among ER positive patients (HR = 1.17; 95% CI 1.05-1.31; P = 0.0038) whereas among ER-negative patients the effect was opposite (HR = 0.87; 95% CI 0.77-0.98; P = 0.02) (Supplementary Figure 8). This is consistent with the results of the cis-eQTL analysis: the heterozygote and rare homozygote genotypes of Mutation@rs1550281 (a tag SNP for Mutation@rs992531, r2 = 0.414, D' = 1) were associated with decreased Gene@23221 expression, which in turn was associated with poor survival", "type": "paragraph"}, {"sent": "The only identified cis-eQTL association in the 5q21.3 locus was Gene@9366. In line with the eQTL result, high Gene@9366 expression was associated with better survival (HR = 0.80, 95% CI 0.71-0.91, P = 8.1 x 10-4). The effect was similar in ER-positive cases, HR = 0.75; 95% CI 0.61-0.92, P = 5.7 x 10-3 and in ER-negative cases, HR = 0.73; 95% CI 0.56-0.97, P = 0.028, indicating that the association between Gene@9366 expression and survival is not specific to the ER-positive subgroup. Since the cis-eQTL Gene@9366 gene is a pseudogene, and a pseudogene may affect the function of its cognate protein coding gene, we also investigated its parent gene, Gene@9367. In the Kaplan-Meier plotter analysis, high Gene@9367 expression was associated with poor survival among patients with ER-positive Disease@MESH:D009369 who received endocrine treatment (HR = 2.05 (1.48-2.83), P = 8.6 x 10-6) whereas an opposite effect was seen among ER-negative cases (HR = 0.70 (0.53-0.94), P = 0.015) (Supplementary Figure 9)", "type": "paragraph"}, {"sent": "Finally, in order to evaluate a possible biological connection between the two loci (see Discussion), we performed an exploratory interaction test between the minor allele of Mutation@rs992531 and the rare homozygote of Mutation@rs7701292, and found a statistically significant interaction specifically within the ER-positive endocrine treated group (interaction term HR 6.97, 95% CI 1.79-27.08, Pinteraction = 0.036) (Supplementary Table 11)", "type": "paragraph"}, {"sent": "We have identified one new locus (Mutation@rs992531 at 8p21.2) associated with poor survival in the ER-positive subgroup and a second locus (Mutation@rs7701292 at 5q21.3) that is prognostic specifically among endocrine-treated patients. In a multivariate analysis adjusted for adjuvant chemotherapy and conventional prognostic factors, we found an interaction between Mutation@rs7701292 and endocrine treatment indicating a predictive, treatment-specific effect of the SNP on Disease@MESH:D001943 survival", "type": "paragraph"}, {"sent": "In the Mutation@rs992531 locus, the statistically most significant imputed SNP (Mutation@rs4996307) resides in the binding motif of the transcription factor Gene@3727, predicted to be the main transcriptional regulator of Gene@23221. Our results indicate that the Mutation@rs992531 minor allele associates with decreased expression of Gene@23221 which, in turn, associates with poor survival in ER-positive Disease@MESH:D001943 patients. Gene@23221 has been implicated as a Disease@MESH:D009369 suppressor gene associated with Disease@MESH:D001943 survival. Its growth-inhibitory effect may be mediated via down-regulation of Gene@595 which binds the oestrogen receptor and has been shown to associate with poor prognosis in ER-positive Disease@MESH:D001943. Gene@595 and its associated cyclin-dependent kinases (Gene@1019;1021) are potential therapeutic targets: improved survival has been achieved with a combination therapy of Gene@1019;1021 inhibitor palbociclib and fulvestrant, an ER antagonist, compared to fulvestrant alone. The molecular mechanism behind SNP Mutation@rs992531 and poor Disease@MESH:D001943 outcome in ER-positive cases may therefore involve altered Gene@23221 expression and its interplay with Gene@595 and the oestrogen receptor (Figure 1A)", "type": "paragraph"}, {"sent": "Putative biological mechanism of (A) SNP Mutation@rs992531 and (B) Mutation@rs7701292", "type": "fig_caption"}, {"sent": "In the Mutation@rs7701292 locus, the minor allele was found to associate with decreased expression of Gene@9366. Mutation@Rs1712662, a tag SNP for Mutation@rs7701292 (r2 = 0.79 D' = 1), disrupts a binding motif for HIF-1beta, a regulator of Gene@9366 in the ER-positive MCF-7 Disease@MESH:D001943 cell line. Gene@9366 is a pseudogene that shares high sequence homology with its parent/cognate protein coding gene Gene@9367, and may influence its function. Rab GTPases have central roles in Disease@MESH:D009369 progression and the development of drug resistance, and are dysregulated in many Disease@MESH:D009369, including Disease@MESH:D001943. Rab GTPases, including Gene@9367, are also involved in the regulation of autophagy, a biological process known to facilitate the progression of ER-positive Disease@MESH:D001943 cells to anti-oestrogen resistance. In KM-plotter data, high expression of Gene@9367 was associated with poor survival in the ER-positive subgroup, and the ER-positive endocrine treated subgroup, whereas an opposite effect was seen in the ER-negative subgroup. The biological rationale for the Mutation@rs7701292 association might thus be that under-expression of Gene@9366, possibly due to Disease@MESH:D009422 mediated regulation, may upregulate Gene@9367 expression or activity, leading to anti-oestrogen resistance and consequent poor survival (Figure 1B)", "type": "paragraph"}, {"sent": "There appears to be a possible functional link between the Mutation@rs992531 and Mutation@rs7701292 loci and their putative target genes Gene@23221 and Gene@9367. Gene@23221 belongs to the RhoBTB family and Gene@9367 binds another member of the same family, Gene@22836. Gene@23221 and Gene@22836 are capable of dimerizing through the BTB domain region. Both proteins participate in vesicle transport and interact with Gene@8452, a ubiquitin E3 ligase that co-activates ER. Downregulation of Gene@23221 and Gene@22836 is common in Disease@MESH:D001943. Based on this connection, we further explored the SNPs in the two identified loci, Mutation@rs992531 and Mutation@rs7701292, and found an interaction on survival between minor allele of Mutation@rs992531 and the rare homozygote genotype of Mutation@rs7701292 specifically within the ER-positive endocrine treated patient group. Certain caution is advisable in the interpretation of this result, however, as ER-positive endocrine-treated patients carrying the interacting genotypes represent only 0.2% of cases in the study", "type": "paragraph"}, {"sent": "In conclusion, we have identified two SNPs associated with survival at genome wide significance level, one among patients with ER positive Disease@MESH:D001943 (Mutation@rs992531) and one associated with outcome specifically after endocrine treatment (Mutation@rs7701292), independently of conventional prognostic factors and consistently across the studies. If validated in other large studies, these findings help identify patients unlikely to benefit from current approaches to adjuvant endocrine treatment. This is also the first study to detect a possible genetic interaction on patient survival that may specifically predict treatment outcome with potentially major clinical consequences for the patients", "type": "paragraph"}, {"sent": "GWAS data was obtained from three studies with well characterized patient series: HEBCS, Gene@57630 and SUCCESS-A", "type": "paragraph"}, {"sent": "The HEBCS GWS consisted of 805 cases, of which 563 originated from a prospective patient series of unselected, incident Disease@MESH:D001943 patients and 242 from an ongoing collection of familial cases. The Gene@57630 GWS consisted of 536 participants from the prospective Gene@57630 study in which participants were diagnosed with Disease@MESH:D001943 aged 40 years or younger. SUCCESS-A is a sub-study of the Simultaneous Study of Gemcitabine-Docetaxel Combination adjuvant treatment, as well as Extended Bisphosphonate and Surveillance-Trial. The sample set used here consisted of 3,596 samples. All participants of the three studies provided written informed consent as part of the original study. Ethical approval was obtained from institutional review boards of the contributing centers. See Supplementary Table 1 for details on patient and Disease@MESH:D009369 characteristics and Supplementary Materials and Methods for a detailed description of case recruitment, genotyping, quality control, and genotype imputation", "type": "paragraph"}, {"sent": "Gene@1351's proportional hazards models were used to analyse survival until first event as defined by a combined endpoint of local recurrence, distant Disease@MESH:D009362 (any cause), and adjusted for Gene@672;675 and age. The additive, dominant, and recessive genetic models were analysed. For the endocrine treatment subgroup, we combined anti-oestrogen, aromatase inhibitor and LHRH agonist treatments. Follow-up time was calculated from the date of diagnosis to the date of last follow-up or local recurrence, distant Disease@MESH:D009362 (any cause) and right-censored at five years. Patients with distant Disease@MESH:D009362 near the time of diagnosis (M1) were excluded from the treatment-specific analyses", "type": "paragraph"}, {"sent": "Likelihood ratio tests were used to test for interaction between genotype and endocrine treatment in a pooled data set of all three studies, stratified by study. Clinically relevant covariates (Disease@MESH:D009369 size [T], lymph node metastasis [N], Gene@5241 [Gene@5241] status, age at diagnosis, Disease@MESH:D009369 grade, and adjuvant chemotherapy treatment) were included in these Gene@1351 models. The interaction analyses were performed using both co-dominant (genotype-specific) and additive (per-allele) genetic models. Association between genotypes and clinical features was evaluated using chi-square tests", "type": "paragraph"}, {"sent": "To detect eQTL genes likely to be affected by variants discovered in this study, we utilized Disease@MESH:D001943 data from METABRIC. HaploReg4 was used for regulatory element prediction. To assess gene expression-based survival we utilized the online database Kaplan-Meier -Plotter. See Supplementary Materials and Methods for more details", "type": "paragraph"}]}