{"sentences": [{"sent": "The prevalence of Disease@MESH:D003928 varies according to ethnicity. Environmental as well as genetic factors contribute to the heterogeneity in the presentation of Disease@MESH:D003928. Our objective was to evaluate this heterogeneity within the Caucasian population", "type": "abstract"}, {"sent": "The geo-ethnic origin of the 3409 genotyped Caucasian type 2 Disease@MESH:D003920 (T2D) patients of Action in Disease@MESH:D003925: Preterax and Diamicron MR Controlled Evaluation was determined using principal component analysis. Genome-wide association studies analyses of age of onset of T2D were performed for geo-ethnic groups separately and combined", "type": "abstract"}, {"sent": "The first principal component separated the Caucasian study participants into Slavic and Celtic ethnic origins. Age of onset of Disease@MESH:D003920 was significantly lower in Slavic patients (P = 7.3 x 10-20), whereas the prevalence of Disease@MESH:D006973 (P = 4.9 x 10-31) and Disease@MESH:D000419 (5.1 x 10-9) were significantly higher. Age of onset of T2D and Disease@MESH:D000419 appear to have an important genetic component as the values of these traits were also different between Slavic and Celtic individuals living in the same countries. Common and geo-ethnic-specific loci were found to be associated to age of onset of Disease@MESH:D003920. Among the latter, the Gene@5629/Gene@5629-Gene@5729 genes (Mutation@rs340841) had the highest impact. Single-nucleotide polymorphism Mutation@rs340841 CC genotype was associated with a 4.4 year earlier onset of T2D in Slavic patients living or not in countries with predominant Slavic populations", "type": "abstract"}, {"sent": "These results reveal the presence of distinct genetic architectures between Caucasian ethnic groups that likely have clinical relevance, among them Gene@5629 gene is a strong candidate of early onset of Disease@MESH:D003920 with variations depending on ethnicity", "type": "abstract"}, {"sent": "The incidence of Disease@MESH:D003924 (T2D) is increasing even in younger study participants in both industrialized and economic transition countries totaling 415 million study participants worldwide in 2015. The major increased risk of mortality associated with both type 1 Disease@MESH:D003920 and T2D arises from Disease@MESH:D003928, which is estimated to affect about one-third of individuals with Disease@MESH:D003920", "type": "paragraph"}, {"sent": "Different genetic architectures, such as variations in allele frequencies and linkage disequilibrium structure have long been noted between populations of different racial origins and the ability of this hidden population structure to confound genome-wide association studies (GWAS) findings has been well documented. Moreover, it is known that GWAS using populations of differing racial backgrounds may help identify different sets of associated genes for complex diseases and drug responses. Differences in genetic risks have been shown among Caucasians, Africans, and Asians for T2D and for Disease@MESH:D051436 (CKD). Evidence exists for population substructure within Caucasian samples as well", "type": "paragraph"}, {"sent": "It is also well established that both environmental and genetic factors contribute to the occurrence of Disease@MESH:D006973, Disease@MESH:D003920, and CKD. To distinguish the effects of environmental and lifestyle factors from genetic effects in explaining phenotypic differences in the development of renal complications of T2D, we studied T2D study participants of Caucasian origin and European descent from the Action in Disease@MESH:D003925: Preterax and Diamicron MR Controlled Evaluation trial (ADVANCE). Study participants were recruited from a range of European countries as well as from countries of European settlements such as Canada, Australia, and New Zealand. Using principal component analysis (PCA), we identified two main ethnic genetic profiles (Celtic and Slavic) within the ADVANCE Caucasian study participants. To assess the relative effects of genetic and environmental factors, we compared study participants with a Slavic genetic profile living in countries with predominantly Celtic populations with individuals with a Slavic genetic profile living in predominantly Slavic countries of Europe. Significant differences between Slavs living in Slavic and Celtic countries would suggest an environmental/lifestyle effect, whereas no differences between Slavs living in Celtic or Slavic countries would support an impact of genetic influence", "type": "paragraph"}, {"sent": "As age of onset of T2D appears to be more dependent on genetic than environmental factors, we performed GWAS for 'age of onset of T2D' within the two ethnic groups separately and for the combined sample", "type": "paragraph"}, {"sent": "In total, 11 140 participants recruited from 215 centers in 20 countries who were 55 years or older and had T2D since the age of 30 years or older were enrolled in ADVANCE, a factorial randomized controlled clinical trial of blood pressure (BP) lowering and intensive glucose control. All participants were ascertained for high outcome risk according to one of the following criteria: a history of major Disease@MESH:D017566 or diagnosis of T2D 10 years prior to entry in study or presence of another major risk factor for Disease@MESH:D000783, including smoking, Disease@MESH:D050171, or being 65 years or older. Detailed study methods have been published elsewhere", "type": "paragraph"}, {"sent": "Approval to conduct the trial was obtained from the ethics committee of each study center, and all participants provided written informed consent for the study conduct and a specific, separate consent for genetic substudy. Genotyping was performed only in patients who consented to the genetic substudy", "type": "paragraph"}, {"sent": "Several phenotypes associated with Disease@MESH:D003920 and its complications were determined at baseline in each study participants by the ADVANCE study team. These included age at baseline, age at diagnosis of T2D, duration of Disease@MESH:D003920 at baseline, BMI, blood glucose, glycated hemoglobin, treatment for Disease@MESH:D006973, heart rate, and Gene@8991 and Gene@1628. Renal phenotypes included estimated glomerular filtration rate (eGFR), in ml/min per 1.73 m2, estimated from serum creatinine levels using the CKD-Epidemiology Collaboration formula and Disease@MESH:D000419, expressed as a ratio of urinary albumin and creatinine in mug/mg [urinary albumin-creatinine ratio (UACR)]", "type": "paragraph"}, {"sent": "In this study, we have genotyped 3629 Caucasian study participants using the Affymetrix Genome-Wide Human SNP Arrays 5.0 or 6.0 (Affymetrix, Santa Clara, California, USA) following standard protocols recommended by the manufacturer. A quality control filtering step was applied to the genotype calls. The microarray data was analyzed using the Affymetrix power tools and individuals with a quality control call rate lower than 86% were filtered out. Additional quality control steps included coarse-grain stratification to ensure a Caucasian population ratio more than 0.8 (STRUCTURE software), a genetic relatedness check to ensure independent samples (PLINK) and a sex check to ensure genetic accuracy and database integrity. Quality control was also performed on the final genotypes to remove any single-nucleotide polymorphism (SNPs) with more than 4% of missing values across the entire cohort and any sample with more than 2% of missing SNP genotypes. A more stringent threshold was used for any SNPs with between 1 and 5% minor allele frequencies (MAF). Any of these low MAF SNPs with more than 1% of missing values was removed prior to the imputation; nonetheless, only SNPs with MAF higher than 5% were retained after imputation for use in the GWAS. After completion of the quality control process, a total of 3409 genotyped individuals remained available for analysis", "type": "paragraph"}, {"sent": "A subset of 139 186 independent SNPs was selected from the set of common genotyped SNPs from 5.0 and 6.0 arrays using the linkage disequilibrium pruning application subroutine from PLINK. This set of SNPs was used to perform a PCA for the ADVANCE study participants of Caucasian origin using the EIGENSOFT 3.0 package. The first principal component (Gene@5167) was used to characterize the ethnic profiles of individuals form this Caucasian population that was sampled in European countries ranging east to west from Russia to Ireland and also from countries with populations of European descent, including Canada, Australia, and New Zealand", "type": "paragraph"}, {"sent": "Two sets of imputation were performed separately for the individuals genotyped on Affymetrix arrays 5.0 and 6.0 using SHAPEIT and IMPUTE2 software and the 1000 genome project phased 3 data set as reference. Only those SNPs with a MAF greater than or equal to 5% and with an imputation quality score greater than or equal to 0.80 were kept as has been proposed in previous studies", "type": "paragraph"}, {"sent": "Analyses of the differences in phenotype values (mean values for quantitative traits and numbers of individuals affected for qualitative traits) between groups (between individuals with Celtic and Slavic genetic profiles; between individuals with Slavic profiles living in predominantly Germano-Celtic European or European descent countries (Celtic region) and individuals with Slavic profiles living in predominantly Slavic European countries (Slavic region); and between individuals with Slavic genetic profiles living in predominantly Germano-Celtic European countries and individuals with Celtic profiles living in those countries were performed using general linear models included in the R statistical package", "type": "paragraph"}, {"sent": "Differences in age of onset of Disease@MESH:D003920 and duration of Disease@MESH:D003920 were tested using sex as a covariate. All other phenotype differences were tested using age and sex as covariates so that the significance of these differences are age and sex adjusted. Mean phenotype values were also adjusted for sex and age where appropriate using the epicalc library of the R statistical package. When appropriate, adjustment for treatment for such traits as Gene@8991, UACR, and eGFR were done using nonparametric adjustment as described", "type": "paragraph"}, {"sent": "GWAS were performed for age of onset of T2D separately for individuals with a Celtic or Slavic genetic profile as determined by their value for Gene@5167 and for the combined Celtic and Slavic sample using linear regression with an additive genetic model and sex as well as the two respective first principal components of population stratification as covariates", "type": "paragraph"}, {"sent": "Association analyses were performed separately on the two imputed datasets for individuals that were genotyped on the different arrays (5 986 672 SNPs for 1015 individuals genotyped on chip 5.0 and 6 442 695 SNPs for 2394 individuals genotyped on chip 6.0) and results were merged using a fixed effects meta-analysis routine in the PLINK software to avoid the possibility of any bias that might have arisen from uneven phenotype distributions across different genotyping chip technologies. The combined meta-analysis data set contained a total of 5 045  527 SNPs that passed all previous quality control steps in both data sets and also passed a combined test for Hardy-Weinberg equilibrium using a critical P value of 1 x 10-3 (P < 10-3)", "type": "paragraph"}, {"sent": "The relative effect sizes (gammaj) for each SNP, weighted by the size of the beta coefficient of regression (betaj), the standard error of betaj (Sebetaj), and the MAF of the SNP (MAFj) were estimated by the following equation:", "type": "paragraph"}, {"sent": "PCA of 3409 genotyped ADVANCE study participants using EIGENSOFT 3.0 package identified two major principal components. The first Gene@5167 divided the individuals of Europe along an east-west region, whereas principal component 2 separated individuals of Europe into a north-south gradient (Fig. 1a). Gene@5167 clearly separated countries with populations of predominantly Germano-Celtic ethnic background ('Celtic', Gene@5167 < 0) from those with a Balto-Slavic ethnicity ('Slavic', Gene@5167 >= 0) with Germany aligned in the center of the distribution (Fig. 1b and c). When recruitment centers of the ADVANCE trial were ordered by values of Gene@5167, we noted a pivot point between Gene@5167 threshold values of 0.0 and 0.01 that separated Germany into Celtic (Munich) and Slavic (Dresden) origins (Fig. 1d)", "type": "paragraph"}, {"sent": "Distribution of genotyped ADVANCE study participants (n = 3409) according to principal components of genotype structure using EIGENSOFT 3.0 package. (a) ADVANCE individuals are plotted against the first two principal components Gene@5167 (west-east gradient) and Gene@3854 (north-south gradient), (b) frequency distribution of study participants by value of Gene@5167. (c) Distribution of principal component values by countries of recruitment of patients in ADVANCE. (d) ADVANCE recruitment centers ordered by mean value of Gene@5167", "type": "fig_caption"}, {"sent": "Table 1 shows the main demographic and clinical characteristics of the two geo-ethnic groups at the entry of ADVANCE trial. The most striking difference between the two ethnic groups was the mean age of onset of Disease@MESH:D003920. Individuals with Slavic profiles had T2D at a younger age (P = 7.3 x 10-20), had higher Gene@8991 and Gene@1628 (P = 4.5 x 10-22 and P = 5.3 x 10-29, respectively) despite the fact that a larger number of them were treated for Disease@MESH:D006973 and that they had a higher UACR at baseline (P = 5.1 x 10-9) even after adjusting for age, sex, and medication", "type": "paragraph"}, {"sent": "We then determined the effect of ethnic origin (Celtic vs. Slavic) and environment (Celtic region vs. Slavic region) on the most divergent phenotypes between Slavic and Celtic patients namely age of onset of T2D, BP, and renal function", "type": "paragraph"}, {"sent": "To assess the relative effects of genetic and environmental factors on the differences between individuals with Celtic and Slavic profiles, we compared study participants with a Slavic genetic profile living in countries with predominantly Germano-Celtic populations with individuals with a Slavic genetic profile living in predominantly Slavic countries of Europe. Significant differences between Slavs living in Slavic and Celtic countries would suggest an environmental/lifestyle effect, whereas no differences between Slavs living in Celtic or Slavic countries would support an impact of genetic influence. As shown in Fig. 2a, the highly significant earlier age of onset of T2D observed in individuals of Slavic origin was also present among the 175 Slavic study participants living in countries of predominantly Celtic populations, suggesting a genetic drive for this trait. Similarly, UACR was higher in Slavic individuals living in either Slavic or Celtic regions (Fig. 2c). This contrasted with eGFR that was higher in Celtic than Slavic individuals after adjustment of age, sex, and medication but was not different between Celtic and Slavic individuals living in the same environment (Fig. 2d). Gene@8991 is another good example of environmental effect as Gene@8991 was higher in Slavic than Celtic individuals but not different between Slavic and Celtic individuals living in Celtic countries (Fig. 2b)", "type": "paragraph"}, {"sent": "Effect of ethnic origin (Celtic vs. Slavic) and environment (Celtic region vs. Slavic region) on age of onset of T2D, Gene@8991, UACR, and eGFRCKD-EPI. Age of onset of T2D (a) and UACR (c) are more linked to genetics whereas Gene@8991 (b) and eGFRCKD-EPI (d) are more impacted by environmental factors. Age of onset of T2D is adjusted for sex whereas all other traits are adjusted for sex, age, and treatment (nonparametric adjustment). eGFRCKD-EPI, estimated glomerular filtration rate calculated using Disease@MESH:D051436 Epidemiology Collaboration equation; PC, principal component; UACR, urinary albumin-creatinine ratio; T2D, type 2 Disease@MESH:D003920", "type": "fig_caption"}, {"sent": "As age of onset of T2D showed strong genetic differences between Slavic and Celtic geo-ethnic groups, we performed GWAS of this phenotype in Slavic, Celtic, and the two combined populations. All SNPs with association of nominal significance of P values below 10-5 from GWAS analysis are presented in Table 2. Associations that are nominally significant in each of the two independent Celtic and Slavic GWAS and that increase in significance in the combined Celtic and Slavic GWAS are considered to be replicated in two independent subcohorts, that is, Celtic and Slavic genetic profile populations. These SNPs are indicated in boldtype for combined sample in Table 2. Seven independent SNPs (not in linkage disequilibrium with each other) were found to be associated with age of onset of Disease@MESH:D003920 at P < 10-5 having the most significant P value for the combined Celtic and Slavic cohorts, and thus considered replicated by the above criteria. Other SNPs were associated specifically to one or the other ethnic group. Nine independent SNPs were significant only for the Celtic group and a different set of nine independent SNPs were significant only for the Slavic group. Two SNPs within the same locus were associated with age of onset of Disease@MESH:D003920 in the two different groups. SNP, Mutation@rs35372009, near the Gene@161198 gene was the most significantly associated for the combined Celtic and Slavic cohort (P = 3.3 x 10-6; Fig. 3a) and SNP, Mutation@rs1754680, was the most significantly associated for the Slavic only group (P = 8.3 x 10-6). The SNPs are 65 662 bp apart on chromosome 14q21.1 and are in high linkage disequilibrium. These two SNPs, which lie within a region that is 5' of the Gene@161198 gene, are representing the same association (Fig. 3a and b)", "type": "paragraph"}, {"sent": "Regional association plots (1Mb window) of the Gene@161198/Gene@283547 locus (chromosome 14) identified by GWAS of age of onset of T2D in the combined (a) and Slavic only cohorts (b), respectively. -log10 (P values) are plotted against genomic position (build 37, hg19). The lead SNPs (Mutation@rs35372009 and Mutation@rs1754680) are indicated in purple diamonds. The SNPs surrounding the lead SNPs are color coded based upon their linkage disequilibrium with the lead SNPs (taken from pairwise r2 values from the 1000 Genome EUR Database): red (r2 with lead SNP 0.8-1.0), orange (0.6-0.8), green (0.4-0.6), light blue (0.2-0.4), and dark blue (<0.2). The recombination rates (cM/Mb) are plotted in blue to reflect local linkage disequilibrium structure. Genes, exons, and direction of transcription from UCSC genome browser (genome.ucsc.edu) are noted. Plots are generated using LocusZoom (http://csg.sph.umich.edu/locuszoom). GWAS, genome-wide association studies; SNP, single-nucleotide polymorphism; T2D, type 2 Disease@MESH:D003920", "type": "fig_caption"}, {"sent": "The most interesting association is within the Gene@5629/Gene@5629-Gene@5729 gene locus (Mutation@rs340841) that is characterized by one of the highest effect sizes for age of onset of T2D. The homozygous CC genotype for Mutation@rs340841 is associated with 4.4 years earlier onset of T2D in Slavic patients living either in Slavic countries or in Celtic countries (Fig. 4). Furthermore, the C allele is the major allele in Slavic individuals (Table 2). This locus is also associated with eGFR decline in Slavics, with Disease@None and Disease@MESH:D006973 in all ADVANCE study participants of Caucasian origin and with Gene@3569 levels at baseline (data not shown). A literature search indicated that the Gene@5629 gene has been associated with Disease@MESH:D044882 and risk of Disease@MESH:D003920 with ethnically specific individual polymorphisms", "type": "paragraph"}, {"sent": "Distribution of the CC genotype frequencies for Mutation@rs340841 located at the Gene@5629 locus in Celtic (a) and Slavic (b) study participants separately. Histograms of means of age of onset of T2D vs. genotype of Mutation@rs340841 (inserts). Regional association plots (1Mb window) of the Gene@5629 locus (chromosome 1) identified by GWAS of age of onset of T2D in Celtic (c) and Slavic (d) study participants, respectively. -log10 (P values) are plotted against genomic position (build 37, hg19). The lead SNP (Mutation@rs340841) is indicated in purple diamond. The SNPs surrounding Mutation@rs340841 are color coded based on their linkage disequilibrium with the lead SNP (taken from pairwise r2 values from the 1000 Genome EUR Database): red (r2 with lead SNP 0.8-1.0), orange (0.6-0.8), green (0.4-0.6), light blue (0.2-0.4), and dark blue (<0.2). The recombination rates (cM/Mb) are plotted in blue to reflect local linkage disequilibrium structure. Genes, exons, and direction of transcription from UCSC genome browser (genome.ucsc.edu) are noted. Plots are generated using LocusZoom (http://csg.sph.umich.edu/locuszoom). GWAS, genome-wide association studies; SNP, single-nucleotide polymorphism; T2D, type 2 Disease@MESH:D003920", "type": "fig_caption"}, {"sent": "The global burden of cardio-metabolic risk factors adjusted for age and sex has been shown to be greater in Eastern than in Western European countries. We have recently reviewed the importance of lifestyle behavior in gene-environment interactions analysis. The current study is adding the notion that analysis of migration of a population within a distinct population even before its admixture may help dissect environmental from genetic contributions", "type": "paragraph"}, {"sent": "There is some debate as to the original homeland of the Balto-Slavs. One hypothesis holds that modern Baltic and Slavic populations descend from a proto-Slavonic parental group most likely located in a homeland roughly corresponding to the modern western Ukraine and then expanded by the sixth and seventh centuries A.D. as the Prague-Penkov-Kolochin complex of cultures to an area defined by the Baltic Gene@6395 in the north, approximately the Volga river in the east, the area defined by the modern day Czech Republic and the Elbe River in modern Germany in the west and the Danube basin in the south", "type": "paragraph"}, {"sent": "The area of north eastern Germany between the Oder and Elbe rivers was occupied by the Polabian Slavic ethnic group by the sixth century. By the ninth century conflicts between Christian Germanic people and these western pagan Slavs began. The conflicts eventually resulted in the incorporation of the area into the Holy Roman Empire by the thirteenth century and the linguistic germanification of the populations. Therefore, it is reasonable to hypothesize the surviving presence of genetic evidence for an ethnic divide between a Germano-Celtic group (here referred to as simply 'Celtic') and a Balto-Slavic group (here referred to simply as 'Slavic') centered roughly along the Elbe river and the border of Czech republic in northern Europe. We have demonstrated that evidence of this ancestral Celtic-Slavic genetic divide still exists in the modern European population and that it is reflected in differences in genetic-phenotype correlations", "type": "paragraph"}, {"sent": "Noticeably, the Caucasian populations of the non-European countries involved in ADVANCE have founding populations that are principally of Germano-Celtic origin as a result of British Empire expansion. Slavic migration is more recent in these countries and therefore represents a minor ethnic component", "type": "paragraph"}, {"sent": "The principal difference between the Celtic and Slavic ethnic groups is age of onset of T2D, which is also correlated with other phenotypes such as Disease@MESH:D000419. We have previously introduced the concept of accelerated aging as being a primary cause of many complex Disease@MESH:D030342. It is a strong possibility that individuals with a Slavic genetic profile, despite their environment, are genetically more susceptible to accelerated aging resulting in earlier onset of T2D and associated Disease@MESH:D000419. In addition, our results from ADVANCE demonstrated that in contrast to Disease@MESH:D003925 that are strongly age dependent with an added risk conferred by duration of Disease@MESH:D003920, the adverse effects of duration of Disease@MESH:D003920 on microvascular events were observed in the youngest age group, which is also compatible with observations of the Treatment Options for Disease@MESH:D003924 in Adolescents and Youth trial. Although the ADVANCE trial amply demonstrated, the decrease of renal events and total mortality by intensification of BP as well as of blood glucose control, a finding that is confirmed for glycemic control in the Disease@MESH:D003920 and Action to Control Cardiovascular Risk in Disease@MESH:D003920 trials, the current study suggests that further specific functional benefits on eGFR and UACR should be analyzed with respect to geo-ethnicity", "type": "paragraph"}, {"sent": "Gene@5629 encodes the Gene@5629 protein, a human homologue of the Drosophila Gene@41363 gene. This protein is a homeobox transcription factor involved in developmental processes such as cell fate determination, gene transcriptional regulation, and progenitor cell regulation in a number of organs. It plays a critical role in embryonic development. Gene@5629 has been shown to be associated with Disease@MESH:D003920 and its complications in a number of studies. Here, we present evidence that the genetic influence of Gene@5629 on age of onset of Disease@MESH:D003920 is different within Caucasian ethnic groups. It is of interest that several polymorphisms at this locus are associated with Gene@3630 levels and its control in adolescence, selected for a lesser impact of environmental determinants at this age by Lecompte et al.. As we have mentioned, the ADVANCE trial demonstrated that earlier onset of Disease@MESH:D003920 has more impact on micro than macrovascular complications. We propose that earlier onset of T2D in context of genetic x environmental influences and ethnicity deserves further attention as a potential new target for early detection and intervention in T2D", "type": "paragraph"}, {"sent": "In conclusion, genetic analyses have to consider geo-ethnic characteristics even within Caucasians, demonstrated here for cardinal features of T2D. Our data suggest that understanding of distinct genomic architectures is important to ascertain clinical utility", "type": "paragraph"}, {"sent": "The authors acknowledge the support of grant OPTI-THERA, a private-public initiative of Government of Quebec in 'Optimization of Therapeutic Approaches in Personalized Primary Care.", "type": "paragraph"}, {"sent": "The project is financed by the 'Fond de Partenariat pour un Quebec Innovant et en Sante' from the Ministry of Economic Development, Innovation and Export Trade with additional funding from Canadian Institutes of Health Research, Genome Quebec, Servier Canada and Les Laboratoires Servier, Paris, France", "type": "paragraph"}, {"sent": "Demographic and clinical characteristics at baseline of Caucasian ADVANCE genotyped study participants stratified by ethnic origi", "type": "table_caption"}, {"sent": "Summary statistics for association of age of onset of T2D for 25 independent single-nucleotide polymorphisms in Caucasians study participants from ADVANCE. Genome-wide association studies were done for all study participants (n = 3409 combined group) and separately for Celtic (n = 2307) and Slavic (n = 1102) individuals stratified by ethnic origin, which is determined by principal component analysis. Selected single-nucleotide polymorphisms for all groups are associated to age at diagnosis of Disease@MESH:D003920 with P value less than 1 x 10-", "type": "table_caption"}]}