{"sentences": [{"sent": "Metformin is the first-line Disease@None drug with over 100 million users worldwide, yet its mechanism of action remains unclear. Here the Metformin Genetics (MetGen) Consortium reports a three-stage genome wide association study (GWAS), consisting of 13,123 participants of different ancestries. The C-allele of Mutation@rs8192675 in the intron of Gene@6514, which encodes the facilitated glucose transporter Gene@6514, was associated with a 0.17% (p=6.6x10-14) greater metformin induced HbA1c reduction in 10,577 participants of European ancestry. Mutation@rs8192675 is the top cis-eQTL for Gene@6514 in 1,226 human liver samples, suggesting a key role for hepatic Gene@6514 in regulation of metformin action. In Disease@MESH:D009765 individuals C-allele homozygotes at Mutation@rs8192675 had a 0.33% (3.6mmol/mol) greater absolute HbA1c reduction than T-allele homozygotes.This is about half the effect seen with the addition of a Gene@1803 inhibitor, and equates to a dose difference of 550mg of metformin, suggesting Mutation@rs8192675 as a potential biomarker for stratified medicine", "type": "abstract"}, {"sent": "Metformin was commercialized before the modern era of target-based drug discovery. It typically reduces Gene@3039c by 1~1.5% (11~16mmol/mol) and has an excellent safety record, but considerable variation exists in how well patients respond to metformin. We have recently established that genetic factors influence glycaemic response to metformin, with many common variants across the genome together explaining a significant proportion of the variation, ranging from 21% to 34%, depending on how glycaemic response was measured. Hypothesis-driven studies of pharmacokinetic variants have shown no consistent results. The only GWAS published to date revealed an association with Mutation@rs11212617 near the Gene@472 locus, which has been further replicated", "type": "paragraph"}, {"sent": "Here we extended the previous GWAS by an additional 345 samples to a screening set of 1,373 participants. As in our previous report, Mutation@rs11212617 remained the top signal with no other genome-wide significant hit (Supplementary Figure 1). A systematic three-stage replication was undertaken, with the work flow shown in Supplementary Figure 2. Only Mutation@rs8192675 in the intron of Gene@6514 was replicated through the first two stages with a combined p=1x10-7 derived from 3,456 participants (Supplementary Dataset 1 and Supplementary Table 1)", "type": "paragraph"}, {"sent": "The final replication of Mutation@rs8192675 was performed as a meta-analysis by the MetGen Consortium. Measures of glycaemic response to metformin were aligned across the cohorts as the absolute HbA1c reduction (expressed as reduction in %HbA1c). Within each cohort, associations with Mutation@rs8192675 were tested with two multiple linear models with or without the adjustment of baseline HbA1c, in addition to other available clinical covariates (Supplementary Table 2). In the meta-analysis of 10,557 participants of European ancestry (Figure 1), each copy of the C-allele was associated with a greater Gene@3039c reduction of 0.07% (p=2x10-8, phet=0.35) when adjusting for baseline HbA1c; whilst without adjustment the allelic effect of C-allele was 0.17% (p=6.6x10-14, phet=0.52). There was no effect of Mutation@rs8192675 on the efficacy of metformin in delaying progression to Disease@MESH:D003920, or on metformin efficacy in a Disease@MESH:D007333 treated cohort (Supplementary table 3)", "type": "paragraph"}, {"sent": "We tested the pharmacogenetic effect of Mutation@rs8192675 in 2,566 participants of non-European ancestries (Supplementary Table 4). The meta-analysis showed the C-allele was associated with a 0.08% greater HbA1c reduction (p=0.006, phet=0.63) when adjusting for baseline HbA1c; whilst the allelic effect of the C-allele was 0.15% (p=0.005, phet=0.95) without the baseline adjustment. In the meta-analysis of 13,123 participants of any ancestry (data not shown), no genetic heterogeneity (phet>0.29) was observed between different ethnic groups despite the C-allele frequency ranging from 24% in Latino to around 70% in African Americans", "type": "paragraph"}, {"sent": "We examined whether Mutation@rs8192675 had an impact on baseline HbA1c, because the effect sizes of its association with glycaemic response to metformin differed depending on whether adjusting for the baseline HbA1c. In the 10,557 participants of European ancestry, the C-allele was associated with a 0.13% (p=2.6x10-8) higher baseline HbA1c but a 0.04% (p=0.007) lower on-treatment HbA1c, which together contributed to the observed 0.17% (p=6.6x10-14) pharmacogenetic impact on HbA1c reduction in the model without baseline adjustment (Supplementary Figure 3)", "type": "paragraph"}, {"sent": "Given the association of Mutation@rs8192675 with HbA1c prior to treatment with metformin, we assessed whether this variant was marking a general ability to respond to any antihyperglycaemic treatment. Therefore we studied the pharmacogenetic impact of Mutation@rs8192675 in 2,654 participants treated with sulfonylureas (Supplementary Table 5), another commonly used class of Disease@None drug. As in metformin users, the C-allele was also associated with a higher baseline HbA1c in these sulfonylureas users (beta=0.15%, p=3.1x10-4). However, in contrast to metformin, the C-allele remained associated with a higher on-treatment HbA1c (beta=0.09%, p=0.006) in these sulfonylureas users, which resulted in no net pharmacogenetic impact (beta=0.04%, p=0.44) on sulfonylurea induced HbA1c reduction. These data suggest that Mutation@rs8192675 is marking a Disease@MESH:D030342 in Disease@MESH:D003924 that is ameliorated by metformin treatment but not by sulfonylurea treatment. The fact that Mutation@rs8192675 is not associated with sulfonylurea response strongly supports a specific role for this variant on glycaemic response to metformin, rather than simply reflecting the higher pre-treatment (baseline) HbA1c seen within carriers of this C-allele. In addition, the association with metformin induced HbA1c reduction remain significant after adjustment for baseline HbA1c, corroborating a specific effect on response beyond its effect on baseline Disease@None", "type": "paragraph"}, {"sent": "Metformin is particularly recommended for the treatment of Disease@MESH:D009765 individuals due to its beneficial effect on body weight. Therefore, we explored whether the pharmacogenetic impact of Mutation@rs8192675 varied by BMI in the MetGen cohorts (n=7581). BMI is associated with HbA1c reduction (beta=-0.01%; p=1.7x10-4) but not Mutation@rs8192675 genotype (p=0.52). Adjusting for BMI does not attenuate the observed pharmacogenetic effect of Mutation@rs8192675 (Supplementary Table 6). When participants were stratified into non-Disease@MESH:D009765 (BMI<30 kg/m2) and Disease@MESH:D009765 groups (BMI>=30kg/m2), there was a significant (p=0.02) gene by BMI group interaction (Figure 2). The pharmacogenetic effect size of the C-allele was 0.13% (SE=0.04%, p=0.001) in the non-Disease@MESH:D009765 participants as compared to that of 0.24% (SE=0.04%, p=5.0x10-11) in the Disease@MESH:D009765 participants", "type": "paragraph"}, {"sent": "We performed a locus-wise meta-analysis to narrow down the candidate causal gene and variant list. Variant Mutation@rs8192675 and its proxies showed the strongest association with HbA1c reduction (Figure 3). The linkage disequilibrium block covers three genes, of which Gene@6514 encodes the facilitated glucose transporter Gene@6514, whilst Gene@56648 and Gene@200916 have little known functionality. Previous GWAS studies showed the nonsynonymous Mutation@rs5400 in Gene@6514 is the main variant associated with glycaemic traits such as fasting glucose and HbA1c. Because Mutation@rs8192675 and Mutation@rs5400 are in partial LD (D'=1; r2=0.35), here Mutation@rs5400 was also associated with metformin response (beta=0.13%, p=5.2x10-4). However, when conditioning on Mutation@rs5400, Mutation@rs8192675 remains strongly associated with metformin response (beta=0.21%, SE=0.04%, p=2.3x10-9); when conditioning on Mutation@rs8192675, Mutation@rs5400 is non-significant (p=0.29). These results suggest the pharmacogenetic impact of Mutation@rs8192675 is unlikely to be via the amino acid change of Gene@6514 at Mutation@rs5400", "type": "paragraph"}, {"sent": "Given that liver is the most established site of metformin action, we examined whether Mutation@rs8192675 is an eQTL in 1,226 liver samples of European ancestry. Figure 3 shows Mutation@rs8192675 as the top cis-eQTL for Gene@6514, with the C-allele associated with decreased (p=4.2x10-12) expression level. In the 48 tissues examined by GTEx, Gene@6514 was sufficiently expressed in 7 tissues (Supplementary Table 7). Mutation@rs8192675 showed a significant (p=5.7 x10-4) impact on Gene@6514 expression in the 271 transformed fibroblasts samples, but no other significant associations. Beyond GTEx, we sought additional eQTL evidence for other tissues that have been implicated in metformin action or Disease@MESH:D018149. Directionally consistent and supportive evidence of Mutation@rs8192675 or its proxies being Gene@6514 cis-eQTLs was found in 118 islets (Mutation@rs8192675, p = 0.0025), 173 intestinal samples (Mutation@rs5398, p = 0.007), and 44 kidney samples (Mutation@rs1905505, p = 0.04) (Supplementary Table 7)", "type": "paragraph"}, {"sent": "Patients with Disease@MESH:D005198 (OMIM#227810), who carry rare loss-of-function variants of Gene@6514, can provide useful insight into the role of Gene@6514 in Disease@MESH:D018149 and into the differing impact of common Gene@6514 variants in different physiological states (Figure 4). Patients with Disease@MESH:D005198 exhibit low fasting glucose but high post-prandial glucose. In parallel, the C-allele of Mutation@rs8192675 that is associated with reduced Gene@6514 expression is associated with lower fasting glucose and HbA1c among individuals of Disease@MESH:C537354. Here we report that in patients with Disease@MESH:D003924 the expression-decreasing C-allele of Mutation@rs8192675 was associated with a higher HbA1c prior to treatment with either metformin or sulfonylureas. This deleterious genetic effect of Mutation@rs8192675 on HbA1c was reversed with metformin treatment (C-allele associated with lower on-treatment HbA1c and therefore better response to metformin), but not by sulfonylurea treatment", "type": "paragraph"}, {"sent": "In humans, Gene@6514 is a facilitative glucose transporter highly expressed in the liver, kidney, small intestine and islets, and to a lesser extent in certain brain regions and other tissues. Genetic defects in Gene@6514 could potentially alter Disease@MESH:D018149 at any or all of these sites. Metformin's main site of action is widely believed to be the liver, primarily acting to suppress hepatic glucose production. In mice with Gene@20526 inactivation, glucose and glucose-6-phosphate accumulated in the cytoplasm due to reduced Disease@MESH:D018149, resulting in increased expression levels of nuclear Gene@58805, L-pyruvate kinase and lipogenic genes. Our eQTL data in liver samples (Figure 3) and corresponding reporter assays (Supplementary Figure 4) showed that the C-allele at Mutation@rs8192675 is associated with lower expression levels of Gene@6514. This suggests that the variant may lead to similar effects on hepatic gene expression in humans, which will be potentially modulated by metformin's well-described effect on hepatic glucose production and lipogenesis. An alternative explanation could be that reduced Gene@6514 expression due to Mutation@rs8192675 is associated with reduced glucose mediated glucose clearance (Disease@MESH:D018149) due to a decreased ability for glucose to enter the liver. This is seen in mice lacking Gene@20526 in the liver, and is an effect that is improved by metformin treatment, although the mechanism for this is not understood", "type": "paragraph"}, {"sent": "Metformin is also increasingly believed to exert some of its beneficial effects by acting on the intestines to increase gut glucose uptake and non-oxidative glucose disposal, as well as increasing bile acid reabsorption, Gene@2740 secretion and altering the microbiome. In ob/ob mice, metformin has been shown to increase translocation of Gene@20526 to the apical surface resulting in improved Disease@MESH:D018149. Interestingly, in light of the interaction we report between Mutation@rs8192675 and BMI on metformin response, Disease@MESH:D009765 humans are reported to have altered Gene@6514 localisation in the fasting state compared to non-Disease@MESH:D009765 humans, suggestive of dysregulation of glucose sensing and transport in Disease@MESH:D009765 individuals. If reduced Gene@6514 expression due to Mutation@rs819265 were to result in reduced apical Gene@6514, metformin could potentially overcome this by restoring Gene@6514 transport in the enterocytes and improving Disease@MESH:D018149", "type": "paragraph"}, {"sent": "Finally, given that metformin is transported into different tissues by several organic cation transporters, including OCTs, MATEs and Gene@379156, we examined whether Gene@432042 is able to transport metformin in X. laevis oocytes. Our results suggest that metformin is not a substrate or an inhibitor of Gene@6514 (Supplementary Figure 5). Detailed human physiological studies, as well as functional exploration in animal and cellular model systems, are required to fully elucidate the role of Gene@6514 in metformin response, and whether this is mediated via a hepatic, intestinal or other mechanism", "type": "paragraph"}, {"sent": "We examined the potential clinical impact of Mutation@rs8192675. An unbiased (from the non-discovery cohorts) estimate of its allelic effect is a 0.15% absolute reduction in %HbA1c. This is equivalent to the pharmacological impact of taking 250mg extra metformin per day, which is 26% of the average daily dose. More clinical potential is seen in Disease@MESH:D009765 patients as the C-allele homozygote carriers had a 0.33% (SE=0.09%, p=6.6x10-4) greater reduction in %HbA1c than those carrying the T-allele homozygotes; this equates to 24% of the average glycaemic reduction seen with metformin treatment in the MetGen cohorts and is equivalent to the impact of 550mg extra metformin. Given that newer agents such as Gene@1803 inhibitors only reduce Gene@3039c by 0.6-0.8% on average, this genetic effect is large and has potential to be of clinical utility. C-allele homozygotes could be treated with lower doses, and be exposed to less side effects; conversely T-allele carriers could be treated with doses higher than normally recommended to achieve a response. This may be of particular importance in African Americans where 49% of the population are C-allele homozygotes, in contrast to only 9% in European Americans. Stratified clinical trials, in different ethnic groups, are required to evaluate the potential for this pharmacogenetic variant to impact on clinical care", "type": "paragraph"}, {"sent": "In conclusion, we have established a robust association between Mutation@rs8192675 and metformin-induced Gene@3039c reduction with a large multi-ethnic cohort. Mutation@rs8192675 was the top cis-eQTL for Gene@6514 in the liver and potentially islets, kidney and intestine. Reduced Gene@6514 expression resulted in a defect in Disease@MESH:D003924 before initiation of therapy, which could be ameliorated by metformin. The clinically appreciable impact in Disease@MESH:D009765 patients suggests Mutation@rs8192675 has the potential to be a biomarker for stratified medicine", "type": "paragraph"}, {"sent": "Both GWAS screening and the first-stage replication analysed participants with type 2 Disease@MESH:D003920 of European ancestry from the GoDARTS cohort. The current GWAS screening used 1,373 participants, which included data from 345 samples released after our initial GWAS report on 1,028 participants. The first-stage replication included up to 1,473 from the remaining GoDARTS participants depending on the call rate and genotyping assay. The second-stage replication consisted of 1,223 participants of European ancestry from the UKPDS study. The final replication and meta-analysis was conducted within the MetGen Consortium which included an extra 6,488 participants of European ancestry and 2,566 participants of non-European ancestry. Detailed information on the MetGen participants is provided in Supplementary Table 2. Of note, about 50% of the MetGen cohort is from PMT, which represents ethnically diverse U.S. populations. These cohorts were used extensively in our multi-ethnic analysis for replication purposes. Participants from the largest PMT cohort, PMT2, were selected from the Genetic Epidemiology Research on Adult Health and Aging (GERA) cohort, a subsample of the Kaiser Permanente Research Program on Genes, Environment, and Health (RPEGH). Three MetGen cohorts, GoDARTS, UKPDS and DCS also provided data on response to sulfonylureas. All human research was approved by the relevant institutional review boards, and all participants provided written informed consent", "type": "paragraph"}, {"sent": "Genotyping for the GWAS screening and the first-stage CardioMetabochip replication in GoDARTS cohort has been described before by WTCCC2 and DIAGRAM. Standard quality control procedures were applied to both data sets to filter SNPs with minor allele frequency (MAF)<1% or call rate <98% or Hardy-Weinberg Equilibrium (HWE) deviation (p<10-4). Samples with call rate <98% or extra heterozygosity (more than 3 standard deviation away from the mean) or correlated with another sample (identity by descent [IBD]>0.125) were filtered out. In-house genotyping of the GoDARTS samples in the first-stage replication were performed with Sequenom MassArray for 66 SNPs and TaqMan based Allelic Discrimination assays for 9 SNPs. Details of the SNP selection procedure is described in Supplementary Dataset 1. All 75 SNPs had call rate >90% and no deviation from HWE (p>0.005). The second-stage genotyping of the UKPDS sample was carried out in duplicate runs using standard TaqMan assays. All the SNPs were in HWE (p>0.05) and only samples with concordant genotypes from both runs were analysed. The third-stage replication used high quality genotypes from either TaqMan assay or GWAS imputed data on Mutation@rs8192675 (Supplementary Table 2)", "type": "paragraph"}, {"sent": "As with our previous GWAS, two correlated measures of glycaemic response to metformin were used in the current GWAS screening and the first-stage replication. A quantitative measure of HbA1c reduction (baseline minus on-treatment HbA1c) and a categorical measure of whether achieving a target of treatment Gene@3039c<=7% were used for genetic association tests. Therefore only participants with Disease@MESH:D003924 and a baseline Gene@3039c>7% were included. Baseline HbA1c was measured within 6 months prior to metformin start whilst on-treatment HbA1c was taken as the minimum achieved within 18 months after metformin start", "type": "paragraph"}, {"sent": "In the second-stage replication and the meta-analysis in the third-stage replication, we opted to maximize the sample size by synchronizing the measurement of metformin efficacy in a wider spectrum of participants with Disease@MESH:D003924 (including those with baseline Gene@3039c<7%) across the MetGen. Therefore only the quantitative outcome of HbA1c reduction was used to assess the glycaemic response to metformin. To maintain relative clinical homogeneity, only participants with type 2 Disease@MESH:D003920 on metformin monotherapy or using metformin as an add-on therapy to another oral agent were included", "type": "paragraph"}, {"sent": "Data from two MetGen cohorts, which used alternative measures of glycaemic response, were not included in the current meta-analyses, but the results are shown in Supplementary Table 4. In the DPP cohort of pre-Disease@MESH:D003920 participants, Cox proportional hazards regression was used to evaluate the genetic impact on the time to Disease@MESH:D003920 incidence. In the HOME cohort, a multiple linear regression was used to test the genetic association with the difference in daily dose of Gene@3630 because metformin was used in conjunction with Gene@3630 in these participants", "type": "paragraph"}, {"sent": "Assessment of glycaemic response to sulfonylureas adopted a similar approach as the quantitative outcome of metformin response in the MetGen. Baseline HbA1c and on-treatment HbA1c were captured in a similar manner as those in defining metformin response. Only participants with type 2 Disease@MESH:D003920 who were on sulfonylureas monotherapy or using sulfonylureas as an add-on therapy to metformin were included. All participants had a baseline Gene@3039c>7%", "type": "paragraph"}, {"sent": "In the GWAS screening and first-stage replication, each SNP was tested for association with the continuous measure and categorical measure of glycaemic response to metformin separately with PLINK software using linear and logistic regression respectively. Baseline HbA1c, adherence, metformin dose, creatinine clearance and treatment scheme (whether on metformin monotherapy or dual therapy of metformin add-on to sulfonylureas) and the first 10 principle component from EIGENSTRAT were used as covariates. Statistical evidence of the two associations at each SNP was averaged by taking the geometric mean of the two p-values in cases in which the direction of effect was consistent (for example more HbA1c reduction and more likely to achieve the treatment target both indicate better response)", "type": "paragraph"}, {"sent": "In the second and third stage replications, association with HbA1c reduction was tested with multiple linear regression. Within each cohort, two linear models were fitted either with or without adjustment for baseline HbA1c. Baseline HbA1c has been shown as the strongest predictor of metformin induced HbA1c reduction in pharmaco-epidemiological studies. Adjusting for baseline Gene@3039c could reduce the confounding of measurement error in baseline Gene@3039c and increase the statistical power for pharmacogenetic studies. However, if a variant is associated with baseline HbA1c, adjusting for baseline HbA1c would lead to a reduced estimate of its pharmacogenetic effect compared to a model that did not adjust for the baseline HbA1c. Therefore we presented both models in the current study. Other clinical factors such as creatinine clearance (or other measurement of kidney function) and treatment scheme were included as covariates where available (Supplementary Table 2). Combining the association results from individual cohort was conducted by a fixed-effect inverse-variance-weighted meta-analysis as applied in GWAMA. Cochran's heterogeneity statistic's p-value was reported as phet", "type": "paragraph"}, {"sent": "For the genetic association tests with response to sulfonylureas, multiple linear regression was used to assess the association between Mutation@rs8192675 and baseline HbA1c, on-treatment HbA1c, HbA1c reduction and baseline adjusted HbA1c reduction. Treatment scheme (whether on sulfonylureas monotherapy or using sulfonylureas as add-on treatment to metformin) was included as a covariate when modelling sulfonylureas induced HbA1c reduction. Association test results from the three cohorts were combined with fixed-effect inverse-variance-weighted meta-analysis in GWAMA", "type": "paragraph"}, {"sent": "Locus-wise association was performed with GWAS imputed data of 7,223 participants available in the GoDARTS and PMT2-EU. Software IMPUTE2 was used to impute the post quality control GWAS data at 1Mb flank of Mutation@rs8192675 against the 1000 Genomes reference panel. Only SNPs with high imputation quality (info>0.9 and MAF>0.02) in both cohorts were tested for association with SNPTEST. Summary statistics from GoDARTS and PMT2-EU were combined with fixed-effect inverse-variance-weighted meta-analysis in GWAMA", "type": "paragraph"}, {"sent": "To evaluate the translational potential of Mutation@rs8192675, we derived an unbiased estimate of its allelic effect by excluding the discovery cohort in the meta-analysis. This effect size was aligned to the clinical impact observed in the PMT2-EU which was the biggest replication cohort and used the median average daily dose in the MetGen. The average daily dose and dosing impact in PMT2-EU were 962mg/day and an extra 0.6% HbA1c reduction per gram metformin respectively. The evaluation of Mutation@rs8192675 genotype by BMI group interaction was performed with linear regression by adjusting for treatment group, sex and study cohort", "type": "paragraph"}, {"sent": "We used four liver eQTL datasets comprising a total number of 1,226 livers samples from individuals of European ancestry (Supplementary Table 8). Tissue procurement, gene expression analysis, genotyping and eQTL analyses have been described previously for three of the datasets. The forth dataset was contributed by Dr. Eric Schadt (unpublished data by Schadt, Molony, Chudin, Hao, Yang et al.). Genotypes were imputed to the 1000 Genome reference panel with IMPUTE2. Expression probe sequences were mapped to ENSEMBL genes and only the common genes across all datasets were included for subsequent analyses. Within each dataset, the genome-wide eQTL analysis was run with an additive genetic model including dataset specific covariates to examine cis-associations within a 100kb flanking window. Results from the four datasets were then combined with a modified meta test statistic which was calculated using the following approach: tmeta=(Sigmawiti)/ (Sigmawi2), w= (n-(#covariates)-1) where i=data sets 1-4 and n=sample size. This method Generation of p-values was accomplished by assuming the meta test statistics were normally distributed; a Benjamini-Hochberg multiple testing correction was applied to the p-values. For the current study, we extended the cis-association tests to all SNPs within 1Mb window of Gene@6514 and report the locus-wise p-values of the meta test statistic", "type": "paragraph"}, {"sent": "We investigated whether Mutation@rs8192675 is a cis-QTL in other tissues in the GTEx data release V6. Due to the sample size limitation, Mutation@rs8192675 is not a genomewide significant cis-eQTL for Gene@6514 in any of tissues examined. However, given the strong evidence of the variant being a cis-eQTL in the large liver samples reported in this study, we considered a directionally consistent association with p<0.05 as supportive evidence. The eQTL data for islet and intestine were acquired through contacting the authors of the original publications. The eQTL data for kidney were obtained by quantitative real-time PCR of 44 kidney samples genotyped with the Affymetrix Axiom array. Sample acquirement and tissue preparation was described previously. The transcript levels of Gene@6514 were determined using TaqMan probe (ID Hs01096908_m1). The relative expression level of Gene@6514 transcript was calculated by the comparative method (DeltaDeltaCt) normalized to the housekeeping gene Gene@2597, as described previously", "type": "paragraph"}, {"sent": "The forest plot shows meta-analyses of association test results for metformin induced change in HbA1c in a total number of 10,557 participants from 10 MetGen cohorts. The two panels present the results from linear regression models with (left) and without (right) adjustment for baseline Gene@3039c respectively. HbA1c was measured in percentage", "type": "fig_caption"}, {"sent": "Participants were stratified into Disease@MESH:D009765 (BMI>=30 kg/m2) and Disease@MESH:D009765 groups (BMI<30 kg/m2). The error bars are for the standard error of the mean HbA1c reduction", "type": "fig_caption"}, {"sent": "SNPs are plotted by position on the chromosome 3 against association with meta-analysis of HbA1c reduction without baseline adjustment (-log10P) in 7,223 participants (left panel) and meta-analysis of Gene@6514 expression (-log10P) in 1,226 liver samples (right panel). In both plots Mutation@rs8192675 (purple circle) and its proxies are the top signals. The non-synonymous SNP Mutation@rs5400 (pointed by arrow) is also nominally associated with HbA1c reduction. Estimated recombination rates (cM/Mb) are plotted in blue to reflect the local LD structure. The SNPs surrounding the most significant SNP, Mutation@rs8192675, are color coded to reflect their LD with this SNP. This LD was taken from pairwise r2 values from the HapMap CEU data. Genes, the position of exons and the direction of transcription from the UCSC genome browser are noted", "type": "fig_caption"}, {"sent": "In patients with the monogenic Disease@MESH:D005198 (Disease@MESH:D005198), the loss-of-function variants led to lower fasting glucose but higher post-prandial glucose; the reduced expression C-allele at Mutation@rs8192675 was associated with lower Gene@3039c in normal Disease@None state but higher HbA1c in Disease@None state (before pharmacological treatment was indicated in patients with Disease@MESH:D003924); metformin, but not sulfonylurea treatment reverses the genetic impact on HbA1c", "type": "fig_caption"}]}