{"sentences": [{"sent": "Clustering of Disease@MESH:D015179 has been observed within some families and cannot be explained by chance or known high-risk mutations in major susceptibility genes. Potential shared genetic susceptibility between breast and Disease@MESH:D015179, not explained by high-penetrance genes, has been postulated. We hypothesized that yet undiscovered genetic variants predispose to a Disease@MESH:D015179 phenotype", "type": "abstract"}, {"sent": "To identify variants associated with a Disease@MESH:D015179 phenotype, we analyzed genome-wide association study (GWAS) data from cases and controls that met the following criteria: cases (n = 985) were women with Disease@MESH:D001943 who had one or more first- or second-degree relatives with Disease@MESH:D015179, men/women with Disease@MESH:D015179 who had one or more first- or second-degree relatives with Disease@MESH:D001943, and women diagnosed with both Disease@MESH:D015179. Controls (n = 1769), were unrelated, breast and Disease@MESH:D015179-free, and age- and sex- frequency-matched to cases. After imputation, 6,220,060 variants were analyzed using the discovery set and variants associated with the Disease@MESH:D015179 phenotype at P<5.0E-04 (n = 549, at 60 loci) were analyzed for replication (n = 293 cases and 2,103 controls)", "type": "abstract"}, {"sent": "Multiple correlated SNPs in intron 1 of the Gene@6091 gene were suggestively associated with the Disease@MESH:D015179 phenotype in the discovery and replication data (most significant; Mutation@rs7430339, Pdiscovery = 1.2E-04; Mutation@rs7429100, Preplication = 2.8E-03). In meta-analysis of the discovery and replication data, the most significant association remained at Mutation@rs7429100 (P = 1.84E-06)", "type": "abstract"}, {"sent": "The results of this exploratory analysis did not find clear evidence for a susceptibility locus with a pleiotropic effect on hereditary Disease@MESH:D015179 risk, although the suggestive association of genetic variation in the region of Gene@6091, a potential Disease@MESH:D009369 suppressor gene, merits further investigation", "type": "abstract"}, {"sent": "Population-based studies have revealed a strong clustering of Disease@MESH:D015179 within some families. This clustering has given rise to speculation that there are \"Disease@MESH:D001943 susceptibility genes for which there are variants that predispose to co-occurrence of breast and Disease@MESH:D015179. While co-occurrence of these two common Disease@MESH:D009369 in some families could be due to chance, there is evidence that members of families with segregating germline mutations in Gene@672, Gene@675 and Gene@11200 genes (which are associated with Disease@MESH:D001943) are also at moderately increased risk of Disease@MESH:D015179. Similarly, families with germline mutations in the Gene@4292 or Gene@4436 genes responsible for Disease@MESH:D003123, or with mutations in the Gene@6794/Gene@6794 gene responsible for Disease@MESH:D010580 are known to cosegregate the two Disease@MESH:D009369. However, these relatively rare syndromes cannot explain all the observed familial clustering of Disease@MESH:D015179", "type": "paragraph"}, {"sent": "Daley et al., using a sib-pair analysis of a genome-wide linkage scan of 33 families with a Disease@MESH:D015179 phenotype, detected multiple linkage peaks, one of them in the region of Gene@675. They also detected other novel linked regions, including D17S1308 on chromosome 17p, in close proximity to the candidate gene hypermethylated in Disease@MESH:D009369 1 gene, Gene@3090. Two recent population based studies have also found suggestive evidence for a positive genetic correlation between Disease@MESH:D015179 and Disease@MESH:D001943. Lindstrom and colleagues quantified genetic correlation between different Disease@MESH:D009369 types and found shared heritability of 0.22 for Disease@MESH:D015179 (P = 0.01). Similarly, Yu and colleagues used the vast Swedish Family-Disease@MESH:D009369 Database, to identify a modestly increased risk of Disease@MESH:D001943 among families of probands affected with Disease@MESH:D015179, after excluding cases with a known hereditary predisposition. Further evidence to support the hypothesis that there are additional susceptibility genes is the observation that many families/persons fit our definition of a Disease@MESH:D015179 phenotype (clustering of Disease@MESH:D015179 in at least two first- or second-degree relatives in a family, or persons affected with Disease@MESH:D009378 or metachronous Disease@MESH:D015179), but do not have mutations in the known breast or Disease@MESH:D015179 genes. These families/persons, however, often exhibit features of an inherited predisposition, such as Disease@MESH:D009369 diagnosis at a young age, a Mendelian inheritance pattern, and presence of Disease@MESH:D009369 such as both breast and Disease@MESH:D015179 in the same person. Such families/persons are suggestive of yet undiscovered susceptibility genes for Disease@MESH:D015179 and continue to be a challenge for clinical geneticists and their patients because of the difficulty in estimating Disease@MESH:D009369 risk for relatives and defining strategies for future surveillance", "type": "paragraph"}, {"sent": "The identification of genetic markers associated with the risk of a Disease@MESH:D015179 phenotype has clinical implications for prevention and screening/surveillance guidelines. Further, it could aid in identifying families/persons who are at high-risk of an inherited predisposition for Disease@MESH:D015179, but do not have any of the known high-penetrance mutations. Therefore the aim of this study was to identify novel susceptibility markers for this understudied phenotype using a genome-wide association study (GWAS) that included discovery and replication phases. We hypothesized that this phenotype is clinically distinct from known Disease@MESH:D015179 predisposition syndromes and that unique susceptibility genes influence genetic predisposition to a Disease@MESH:D015179 phenotype, putting some families and persons at increased risk of both Disease@MESH:D015179", "type": "paragraph"}, {"sent": "The primary sources were the Disease@MESH:D015179 Family Registry (CCFR) and the Disease@MESH:D001943 Family Registry (BCFR) both established to support studies on the etiology, prevention, and clinical management of Disease@MESH:D015179, respectively. The CCFR is an international consortium of six sites in North America and Australia for which recruitment of Disease@MESH:D015179 case families and controls occurred between 1998 and 2012. The BCFR is a collaboration of six sites in North America and Australia for which recruitment commenced in 1996. Both CFRs used standardized protocols to collect blood and tissue samples, and questionnaires to collect information about family history, personal and environmental risk factors. By design, both registries are enriched for families with multiple Disease@MESH:D009369-affected family members", "type": "paragraph"}, {"sent": "Three separate GWASs were undertaken by the CCFR and BCFR from which data for our study were sourced. All subjects were non-Hispanic white. For the CCFR GWASs, 1189 population-based Disease@MESH:D015179 cases and 986 unrelated population-based controls were genotyped in Phase 1 in 2009, and 825 cases and 825 same-generation family controls were genotyped in Phase 2 in 2010. The CCFR Phase 1 samples were genotyped on an Illumina Human1M v1 and/or Illumina Human 1M-Duo v3.0 single nucleotide polymorphism (SNP) array, and the Illumina HumanOmni1-Quad v1.0 array for Phase 2 (~50% overlap with the 1M array used in Phase 1). The BCFR GWAS consisted of population-based case women diagnosed with Disease@MESH:D001943 before age 51 years, and women controls between the ages of 20 and 51 years with no history of Disease@MESH:D001943. Genotyping was performed using Illumina 610 Quad and Illumina Cyto12 SNP BeadChip arrays. All GWAS studies excluded cases with a known or likely hereditary predisposition syndrome. The CCFR GWASs excluded Disease@MESH:D015179 cases with Disease@MESH:D011125; with Disease@MESH:D053842; with Disease@MESH:D009369 for which immunohistochemistry revealed loss of DNA mismatch repair protein; with an Gene@4595 mutation; or with a known deleterious mismatch repair gene mutation. The BCFR GWAS excluded Disease@MESH:D001943 cases with known Gene@672 or Gene@675 gene mutations", "type": "paragraph"}, {"sent": "The data were accessed by submitting a proposal and obtaining approval from the CCFR/BCFR Data Access Committees (CCFR: http://www.coloncfr.org/collaboration; BCFR: http://www.bcfamilyregistry.org/for-researchers/initiate-collaborations). The CFR data can be similarly accessed by researchers with appropriate approvals", "type": "paragraph"}, {"sent": "All cases and controls for the Discovery Phase were selected from the CCFR or BCFR GWASs and included data from five CCFR and three BCFR sites (Table 1). Cases were defined as: 1) women diagnosed with Disease@MESH:D001943 who had one or more first- or second-degree relatives with Disease@MESH:D015179; or 2) persons diagnosed with Disease@MESH:D015179 who had one or more first- or second-degree relatives with Disease@MESH:D001943; or 3) persons diagnosed with both Disease@MESH:D015179, irrespective of which Disease@MESH:D009369 was diagnosed first and the time between the two Disease@MESH:D009369 diagnoses. The BCFR GWAS included only women younger than 51 years. Controls were sex- and age-matched (within 5 years) to the cases, unrelated to cases, and not known to have a personal or family history of Disease@MESH:D015179. Based on these criteria 1,078 cases and 2,001 controls were used in the Discovery Phase", "type": "paragraph"}, {"sent": "The study was approved by the MD Anderson Institutional Review Board (IRB) and by the respective IRBs of the data providing CFR sites where written informed consent was obtained from all participants prior to collecting the data", "type": "paragraph"}, {"sent": "Standard quality control (QC) measures were implemented on the CCFR and BCFR GWAS datasets. For our study the CCFR dataset consisted of 1,528,306 SNPs (612 cases and 999 controls), and the BCFR dataset consisted of 1,265,521 SNPs (391 cases, 788 controls). For each independent dataset, we applied filters to exclude SNPs with >0.05 missing genotype, minor allele frequency <0.01 and deviation from Hardy Weinberg equilibrium (P<1.0E-05) using PLINK v1.07. For the BCFR data, 1,214,531 SNPs were retained after the initial QC (1790 SNPs failed the Hardy-Weinberg Equilibrium test, and 49,200 SNPs failed the minor allele frequency filter). For the CCFR data, 465,717 common SNPs from two SNP array platforms were retained after the initial QC (998,821 SNPs failed the missing genotype filter, and 579,054 SNPs failed the minor allele frequency filter). The number of CCFR SNPs decreased substantially after removing the SNPs with >0.05 missing genotypes because the CCFR samples were genotyped on two different SNP platforms with ~50% overlap between the platforms", "type": "paragraph"}, {"sent": "After filtering, 465,717 CCFR SNPs and 1,214,531 BCFR SNPs remained for a sample of 1,003 cases and 1,787 controls. The datasets from both CFRs were merged and the combined BCFR and CCFR data had 433,277 common SNPs. Additional QC filters were applied for relatedness (a first- or second-degree relative inferred by pairwise allele sharing estimates of identity by descent), mismatch between called and phenotypic sex. There were no sex-discrepant individuals but two cases and four controls were removed due to relatedness (PI HAT > 0.15 after the PLINK IBS test). For this filtered dataset, principal components analysis was performed to remove population outliers using PLINK v1.07 (detailed documentation of the PLINK commands can be found at http://zzz.bwh.harvard.edu/plink/strat.shtml#cluster); 16 cases and 12 controls were removed because they were 4 or more standard deviations from the centroid ( Z  > 4), and 2 additional controls were removed as outliers after running the smartpca script in Eigenstrat. Finally we had 985 cases and 1787 controls. After removal of the outliers, the PC eigenvectors were recalculated, and the first 6 principal components were included in the association analyses", "type": "paragraph"}, {"sent": "The imputation of un-typed SNPs was performed on the merged dataset from 1000 Genomes CEPH data reference panels (Phase 1 Version 3, NCBI build 37 [hg19]) using MaCH 1.0.16 and MiniMac (2012-05-29 release) from 1000 genomes Phase I V3 20101123 release EUR reference panel of 1092 samples. SNPs with quality scores of <0.8 were removed. After imputation, filtering on minor allele frequency>0.01, and imputation quality r2>0.8, there were 6,220,060 total imputed SNPs", "type": "paragraph"}, {"sent": "Genome-wide association analyses to identify genetic loci associated with a Disease@MESH:D015179 phenotype were computed by logistic regression, in an additive genetic model (per allele additive trend test), adjusting for study (CCFR or BCFR), age, sex and six PCs. The analyses for the imputed data were performed using ProbABEL (version 0.4.1; release data August 29, 2013). We generated quantile-quantile plots and calculated genomic inflation factors to estimate the inflation in test statistics arising from any systematic causes of bias", "type": "paragraph"}, {"sent": "The top 549 SNPs associated with the Disease@MESH:D015179 phenotype at P<5.0E-04 across 18 chromosomes in the Discovery Phase were selected for replication using the Disease@MESH:D015179 GWAS studies that are part of the Genetics and Epidemiology of Disease@MESH:D015179 Consortium (GECCO). Details regarding studies participating in GECCO, GWAS genotyping, imputation, and QC have been described elsewhere. Using the same case and control definitions as in the Discovery Phase, 293 cases and 2,103 controls from three GWAS datasets (Women's Health Initiative [WHI] 1, WHI 2, and VITamins And Lifestyle cohort [VITAL]) were eligible for inclusion in the Replication Phase (Table 1). All cases had a diagnosis of Disease@MESH:D015179 with a family history of Disease@MESH:D001943 in a first-or second-degree relative. Moreover, all cases and controls were non-Hispanic white women because both WHI cohorts consisted of women only, and family history of Disease@MESH:D001943 for men in the VITAL cohort was not reported", "type": "paragraph"}, {"sent": "Replication analysis was performed using a marginal logistic regression model for each study, followed by a meta-analysis of the study level results. Age, center and three PCs were included in the model", "type": "paragraph"}, {"sent": "Association P-values of the discovery data (CCFR and BCFR) and replication data (GECCO) were meta-analyzed using the Genome-wide Association Meta-Analysis Software, GWAMA (v. 2.1), which uses an inverse variance method", "type": "paragraph"}, {"sent": "Published GWAS SNPs associated with Disease@MESH:D001943 (n = 99) and with Disease@MESH:D015179 (n = 39) for Europeans/ non-Hispanic whites were extracted from HaploReg version 3 [accessed on 3/20/18]. We examined results of association analysis for these GWAS SNPs in our Discovery Phase dataset", "type": "paragraph"}, {"sent": "Encyclopedia of DNA Elements data were queried to assess overlap with potentially functional genomic characteristics such as DNase I Disease@MESH:D004342 sites, transcription factor regulatory regions and enhancer elements. Similarly, RegulomeDB and HaploReg version 4 were queried to assess overlap of the SNPs with regulatory genomic regions", "type": "paragraph"}, {"sent": "Data for 985 cases and 1769 controls from 5 CCFR sites and 3 BCFR sites were analyzed in the Discovery Phase (Table 1). The CCFR dataset consisted of 589 cases of Disease@MESH:D015179 with a family history of Disease@MESH:D001943 and 13 cases with Disease@MESH:D015179 (n = 602 cases). Similarly, the BCFR dataset included 378 Disease@MESH:D001943 cases with a family history of Disease@MESH:D015179 and 5 women with Disease@MESH:D015179 (n = 383 cases). All cases and controls were non-Hispanic whites. Most participants were women (72.9% of cases and 73.2% of controls). The controls were older than the cases in the overall sample (mean ages 51.5 versus 49.4 years) although the BCFR cases and controls were younger than the CCFR cases and controls (Table 1). The genomic inflation factor was lambda = 1.02 (see quantile-quantile plot, S1 Fig)", "type": "paragraph"}, {"sent": "The most significant association signal from the genome-wide association analysis was for Mutation@rs12548629 on chromosome 8q22.3 (P = 2.5E-07), an intronic SNP in Gene@79870 (Table 2, and S2 Fig). We found no genome-wide significant variants (at P<5.0E-08). Using a lower threshold (P<5.0E-04), we identified 60 suggestive regions/loci across the genome, on multiple chromosomes (chromosomes 1-12 and 16-20). The most significant SNP associations at each locus are listed in Table 2. A majority of the associated variants were in non-coding or intergenic regions. SNPs likely to affect binding or gene expression are indicated by a low score from RegulomeDB. Two potentially functional SNPs, Mutation@rs11666622 (3'UTR) and Mutation@rs1468348 (RegulomeDB score 1f) were annotated because they were in linkage disequilibrium (r2>0.9) with the SNP with the smallest P-value in the region. We investigated these loci further using the replication dataset for potential association with a Disease@MESH:D015179 phenotype. Results of association testing for SNPs with a P<5.0E-04 are provided in S1 Table", "type": "paragraph"}, {"sent": "Replication of the most significant SNP associations (n = 549 SNPs) in 60 regions on 18 chromosomes was performed using 293 cases and 2,103 controls, from 3 studies in GECCO. All cases and controls were women and the mean ages were 66.4 and 67.7 years, respectively (Table 1). The replication analysis of the 549 SNPs revealed multiple correlated SNPs in the 3p12, 9p13.3, and 18q12.2 regions that were significantly associated at P<0.05 (most significant SNP, Mutation@rs7429100, P = 2.8E-03) along with three independent SNPs on 5p13.3, 9p22.2 and 20p11.23 (Table 3). The signal on chromosome 8 around the Gene@79870 gene did not replicate (P = 0.54)", "type": "paragraph"}, {"sent": "The meta-analysis of discovery and replication results did not identify a genome-wide significant signal (smallest meta P was for Mutation@rs7429100 on chromosome 3p12.3, P = 1.84E-06; Table 3). The strongest suggestive association from the combined dataset (on 3p12.3) was for several highly correlated SNPs in the region of the Gene@37603 guidance receptor 1 gene, Gene@6091 (P ranging between 1.8-9.6E-06; Table 3). The Gene@6091 signal was driven by 53 highly correlated SNPs (r2: 0.78-1.0) in intron 1", "type": "paragraph"}, {"sent": "Association results for the published GWAS hits for Disease@MESH:D015179 were nominally significant at P <0.05 for 4/39 Disease@MESH:D015179-associated SNPs and 5/99 Disease@MESH:D001943-associated SNPs (S2 Table and S3 Table). The nominally significant SNPs included Disease@MESH:D015179 GWAS SNPs in Gene@4092, Gene@120376, Gene@6447, and Gene@466, and Disease@MESH:D001943 SNPs related to Gene@100048912, Gene@2263, Gene@2665, Gene@124359 (S2 Table and S3 Table)", "type": "paragraph"}, {"sent": "The in silico functional analysis of the Gene@6091 SNPs displayed a range of altered binding motifs: Mutation@rs9878764 had protein binding activity with Gene@1051 (Gene@1051), but no breast or Disease@MESH:D015179 tissue specific expression quantitative trait loci (eQTL) were associated with any of the Gene@6091 SNPs (S4 Table). However, Gene@6091 gene expression is fairly ubiquitous across multiple human tissues (S3 Fig), and Gene@6091 is frequently mutated across almost all Disease@MESH:D009369 types (S4 Fig), including breast and colon", "type": "paragraph"}, {"sent": "In this study, we analyzed GWAS data from the Disease@MESH:D001943 Family Registries in cases enriched for family history of Disease@MESH:D015179, and controls, to agnostically identify novel markers of genetic susceptibility for the Disease@MESH:D015179 phenotype. Our cases were diagnosed at a younger age (mean age, 49.4 years), which coupled with their Disease@MESH:D009369 family histories, favors the likelihood of a genetic predisposition. Our main findings include a suggestive association of a cluster of SNPs in Gene@6091 with the Disease@MESH:D015179 phenotype, although none of the SNPs were genome-wide statistically significant", "type": "paragraph"}, {"sent": "There has been long interest and debate around possible genetic susceptibility to a distinct Disease@MESH:D015179 phenotype. The clustering of Disease@MESH:D015179 in families was described as early as in 1972 by Lynch et al. who found that some families where many members had Disease@MESH:D001943 also had a high predisposition to Disease@MESH:D015179. Subsequently, the idea of a distinct hereditary Disease@MESH:D015179 phenotype (HBCC) was proposed by Meijers-Heijboer and colleagues, when they found a significant association of the Gene@11200 Mutation@rs555607708 mutation with HBCC using a subset of Disease@MESH:D001943 families that did not carry the Gene@672 or Gene@675 mutations. However, a larger study did not confirm the Disease@MESH:D013577 as a separate entity linked to the Gene@11200 Mutation@rs555607708 mutation, suggesting that HBCC could be due to chance or yet undiscovered genes. A similar message was conveyed in a commentary by Lipton and colleagues, who suggested that other than the known clinical syndromes, many Disease@MESH:D015179 families probably result from chance clustering of two common Disease@MESH:D009369 or through a genetic predisposition to one of the Disease@MESH:D009369 and chance co-occurrence of the other. However, they acknowledged that there are families that present with evidence of Disease@MESH:D030342 not accounted for by known genes or chance. They also posited that it may be difficult to identify potential Disease@MESH:D015179 genes, suggesting a candidate gene analysis approach as the most suited (at the time, in the pre-GWAS era). GWAS data has now allowed us to look beyond candidate genes to use genetic variation across the genome to try to identify Disease@MESH:D015179 susceptibility loci", "type": "paragraph"}, {"sent": "In the present study, no genome-wide significant loci were detected in the Discovery Phase but we found some suggestive associations, across multiple chromosomes, the most promising on chromosome 8q22.3, overlying the Gene@79870 gene. However, of the 549 SNPs at 60 loci tested for replication, Gene@79870 SNPs did not replicate but P-values <5.0E-03 were found for several correlated SNPs in the region of chromosome 3p12.3; the Gene@6091 gene. Although suggestive, the association signal did not meet the Bonferroni multiple testing threshold, (P<9.1E-05 for testing 549 SNPs, or <8.3E-04 if considering 60 loci) but the cluster of SNPs in intron 1 of the Gene@6091 gene also had the smallest P-values from meta-analysis of the discovery and replication datasets (Psmallest = 1.84E-06; Mutation@rs7429100)", "type": "paragraph"}, {"sent": "Gene@6091 merits follow-up as it may have a potential functional role in Disease@MESH:D063646. A transmembrane receptor of the immunoglobulin family, Gene@6091interacts with Gene@9353 (Gene@9353) to regulate many biological functions, is differentially expressed in human Disease@MESH:D009369, and has a possible role as a Disease@MESH:D009369 suppressor gene. Studies have found that low Gene@6091 expression is an adverse prognostic factor for Disease@MESH:D001943 and might play a role in the pathogenesis of Disease@MESH:D015179", "type": "paragraph"}, {"sent": "Evidence in support of Gene@6091 as a susceptibility gene for a hereditary Disease@MESH:D015179 (HBCC) phenotype comes from a study by Villacis and colleagues. The aim of their study was to identify genomic alterations (copy number variations, CNVs) related to Disease@MESH:D009369 predisposition in patients with a suggestive HBCC phenotype who did not carry high risk mutations in the major genes known to be implicated in Disease@MESH:D015179 (i.e., patients who met HBCC criteria as defined by Naseem et al.). The authors identified a Gene@6091 germline deletion in intron 4, spanning 37.470 kb (chr3:78,990,568-79,028,038 hg18), in three unrelated cases out of 113 HBCC patients. Pathogenicity of the deletion was supported by familial co-segregation with disease, its rarity in public CNV databases, and in silico evidence of the deletion having a functional role due to the presence of several enhancers and a histone marker in the deleted region. Notably, the authors reported that direct sequencing did not reveal any pathogenic point mutations in Gene@6091. From our data and analyses, the association signal for Gene@6091, comprised a cluster of 53 SNPs in intron 1, spanning 87.866 kb (79,703,548-79,791,414 hg 18) and the SNP closest to the deletion was located 675.51 kb away from the deletion. Furthermore, unlike the rare deletion identified by Villacis and colleagues, these were common SNPs with a minor allele frequency ranging between 0.39-0.46", "type": "paragraph"}, {"sent": "Of the published GWAS SNPs associated with Disease@MESH:D015179 risk and Disease@MESH:D001943 risk, our analysis of the combined Disease@MESH:D015179 dataset found that only a few SNPs were nominally significant at P<0.05. The Gene@4092 SNP Mutation@rs4939827, identified as a Disease@MESH:D015179 risk SNP was the most significantly associated SNP in our Disease@MESH:D015179 data (P = 1.85E-04) with a consistent direction of association for the risk allele (T). To our knowledge, there is no published evidence of association of this SNP with Disease@MESH:D001943 risk, although a role of Gene@4092 in the modulation of Disease@MESH:D009369 growth and progression has been suggested for many Disease@MESH:D009369, including Disease@MESH:D001943. Among the GWAS SNPs known to be associated with Disease@MESH:D001943 risk, notable were two Gene@2263 SNPs (Mutation@rs298175 and Mutation@rs2981582) that were nominally significant in our Disease@MESH:D015179 data. Genetic alternations in Gene@2263 have been found to be associated with Disease@MESH:D009369 other than breast but we have not found any association of Gene@2263 SNPs with Disease@MESH:D015179 in the published literature", "type": "paragraph"}, {"sent": "Unlike the present study, which used a familial clustering approach used to identify cases, other studies have applied a meta-analysis approach to large GWAS datasets to identify common genetic susceptibility variants across Disease@MESH:D009369. For example, using Disease@MESH:D015179 and Disease@MESH:D016889 genome-wide data for ~13,000 cases unselected for age of disease onset or family history, and ~40,000 controls, Cheng and colleagues identified two novel polymorphisms, Mutation@rs3184504 in the Gene@10019 gene and Mutation@rs12970291 near the Gene@10194 gene with evidence for a shared Disease@MESH:D015179 and Disease@MESH:D016889 predisposition. Another study by Hung and colleagues reported that the same Gene@10019 SNP on chr12q24 was associated with lung, Disease@MESH:D015179. In our study, however, we did not find an association of Mutation@rs3184504 or any other variant in the chr12q24 region, with the Disease@MESH:D015179 phenotype. Furthermore, a recent comprehensive analysis of pleiotropic associations across five Disease@MESH:D009369 using 61,851 cases and 61,850 controls did not find any evidence of pleiotropy across breast and Disease@MESH:D015179, which suggests that these two Disease@MESH:D009369 may not have a common genetic susceptibility mechanism", "type": "paragraph"}, {"sent": "The strengths of the present study include using an agnostic approach to identify genetic susceptibility loci, and its enrichment for genetic susceptibility through the incorporation of early Disease@MESH:D009369 onset (for Disease@MESH:D001943) and family history to define the Disease@MESH:D015179 phenotype. Furthermore, any Disease@MESH:D015179 was less likely to be due to syndromic cases since all cases carrying Gene@672 or Gene@675 or known Disease@MESH:D015179 susceptibility gene mutations were excluded from the GWAS. Despite this, our study could have had limited statistical power to detect alleles with small true effect sizes especially if they are rare. Our study was powered to detect risk alleles with a frequency greater than 10% and a per-allele odds ratio of 1.7. Although this detectable odds ratio is high for a GWAS, we reasoned that because the cases had a family history, the frequency of the risk allele could be higher than it would be for unselected cases. Study power could also have been reduced because data were from different GWAS platforms, however, imputation of genetic variants after merging datasets allowed us to maximize genetic markers for our analyses. Another potential limitation was that the Disease@MESH:D001943 cases being younger had less time to be diagnosed with CRC and similarly, the relatives had fewer person-years at risk for CRC, than cases that had incident CRC and were older. Furthermore, although the cases were identified based on family history, the inclusion criteria regarding the number of relatives affected or case subjects' age at Disease@MESH:D009369 onset were not stringent. This is in contrast to the HBCC criteria suggested by Naseem and colleagues, which included age of Disease@MESH:D015179 onset <50 years as a defining feature for the affected or relative. We used the relaxed criteria to obtain a larger sample size and increase the power to detect an association, as this was an exploratory analysis, however power may be reduced due to smaller effect sizes. Future studies of affected families with stronger clustering of Disease@MESH:D015179, might reveal a specific genetic signal. There is also the possibility of recall bias in the capture of family history between cases and controls, however, if the controls had unreported Disease@MESH:D015179-affected first- or second-degree relatives, it may lead to type 2 (false-negatives) rather than type 1 error. Finally, the study was limited by the lack of availability of a large dataset for replication. While many thousands of people have been genotyped in the GWASs, these studies provide only limited phenotype data, and most notably, lack data on Disease@MESH:D009369 family history. Lack of replication could also be because the replication data did not closely resemble the discovery data due to the inclusion of only women with a higher mean age in the replication series, in contrast to the discovery data which included both men and women who were relatively younger", "type": "paragraph"}, {"sent": "This analysis, aimed at elucidating genes/regions associated with a pleiotropic effect for Disease@MESH:D015179 risk, did not show a clear susceptibility locus for this phenotype. This raises the possibility that aggregation of these Disease@MESH:D009369 within families may be due to chance co-occurrence of two common Disease@MESH:D009369. However, since germline variation in the region of Gene@6091 was suggestive of an association with Disease@MESH:D015179 risk, and given mounting evidence for the role of Gene@6091 as a Disease@MESH:D009369 suppressor gene, further investigation of this association may be warranted", "type": "paragraph"}]}