{"sentences": [{"sent": "Genome-wide association studies (GWAS) have identified common Disease@MESH:D010190 susceptibility variants at 13 chromosomal loci in individuals of European descent. To identify new susceptibility variants, we performed imputation based on 1000 Genomes (1000G) Project data and association analysis using 5,107 case and 8,845 control subjects from 27 cohort and case-control studies that participated in the PanScan I-III GWAS. This analysis, in combination with a two-staged replication in an additional 6,076 case and 7,555 control subjects from the Disease@MESH:D010182 ReseArch (PANDoRA) and Disease@MESH:D010190 Case-Control (PanC4) Consortia uncovered 3 new Disease@MESH:D010190 risk signals marked by single nucleotide polymorphisms (SNPs) Mutation@rs2816938 at chromosome 1q32.1 (per allele odds ratio (OR) = 1.20, P = 4.88x10-15), Mutation@rs10094872 at 8q24.21 (OR = 1.15, P = 3.22x10-9) and Mutation@rs35226131 at 5p15.33 (OR = 0.71, P = 1.70x10-8). These SNPs represent independent risk variants at previously identified Disease@MESH:D010190 risk loci on chr1q32.1 (Gene@2494), chr8q24.21 (Gene@4609) and chr5p15.33 (Gene@81037-Gene@7015) as per analyses conditioned on previously reported susceptibility variants. We assessed expression of candidate genes at the three risk loci in histologically normal (n = 10) and Disease@MESH:D009369 (n = 8) derived Disease@MESH:D010195 tissue samples and observed a marked reduction of Gene@2494 expression (chr1q32.1) in the Disease@MESH:D009369 (fold change -7.6, P = 5.7x10-8). This finding was validated in a second set of paired (n = 20) histologically normal and Disease@MESH:D009369 derived Disease@MESH:D010195 tissue samples (average fold change for three Gene@2494 isoforms -31.3 to -95.7, P = 7.5x10-4-2.0x10-3). Our study has identified new susceptibility variants independently conferring Disease@MESH:D010190 risk that merit functional follow-up to identify target genes and explain the underlying biology", "type": "abstract"}, {"sent": "Although relatively rare, Disease@MESH:D010190 are highly lethal. Over 80% of patients present with advanced disease at the time of diagnosis and the five year survival is only 7%. This disease is currently the third leading cause of Disease@MESH:D003643 in the United States, sixth in Europe and seventh worldwide. In contrast to most other Disease@MESH:D009369, mortality rates for Disease@MESH:D010190 are not improving. In the U.S., it is predicted to become the second leading cause of Disease@MESH:D009369-related Disease@MESH:D003643 by 2030. Disease@MESH:D010190 risk has been associated with smoking, Disease@MESH:D009765, Disease@MESH:D003920 and Disease@MESH:D010195. A small fraction of the Disease@MESH:D010190 can be accounted for by rare, moderately or highly penetrant mutations. Furthermore, genome-wide association studies (GWAS) have identified common variants at 13 loci associated with risk of Disease@MESH:D010190 in European populations and at 5 loci in Asian populations (at the GWAS threshold of P < 5.0x10-8), or a total of 18 loci", "type": "paragraph"}, {"sent": "Imputation has proven to be a powerful tool in genome-wide association studies (GWAS) by facilitating investigation of variants not directly assessed on genotyping arrays, the merging of GWAS datasets genotyped on different arrays, and fine-mapping of risk loci. To discover additional Disease@MESH:D010190 susceptibility loci for individuals of European ancestry, we imputed three GWAS datasets including a total of 5,107 cases and 8,845 controls (PanScan I-III, Stage I). For replication of promising signals, we first genotyped an additional 1,912 cases and 3,763 controls (PANDoRA; Replication 1), and then further assessed promising signals in a second set of 4,164 cases and 3,792 controls (PanC4; Replication 2). We identified three new susceptibility signals that achieved genome-wide significance for Disease@MESH:D010190 risk", "type": "paragraph"}, {"sent": "We conducted imputation of three published Disease@MESH:D010190 GWAS datasets performed in individuals of European ancestry, PanScan I, II and III using the 1000G (Phase 1, version 3) reference dataset. We included 9,132,527 genotyped or imputed SNPs with an imputation information (INFO) score >0.5 and minor allele frequency (MAF) >0.01, and performed a fixed effects meta-analysis to combine association results for a total of 5,107 Disease@MESH:D010190 cases and 8,845 control subjects. Little evidence of systematic inflation due to population stratification was observed (lambda = 1.02 for PanScan I+II and lambda = 1.07 for PanScan III). We attempted replication of promising findings in two stages. In the first replication stage, we genotyped 15 promising variants in 1,912 Disease@MESH:D010190 cases and 3,763 control subjects from the Disease@MESH:D010182 ReseArch (PANDoRA) consortium, a case-control consortium including studies from eight European countries. In the second replication stage, we assessed the three most significant variants based on the meta-nanalyses results for PanScan I+II, PanScan III and PANDoRA using 4,164 Disease@MESH:D010190 cases and 3,792 controls from the Disease@MESH:D010190 Case-Control Consortium (PanC4), including studies from the U.S., Canada, Europe and Australia. In total, the discovery and replication stages included 11,183 cases and 16,400 controls (Supplementary Table 1)", "type": "paragraph"}, {"sent": "In the meta-analysis of PanScan I-III (Stage I), two new variants were identified at genome-wide significance (P < 5.0x10-8), one on chromosome 1q32.1 (Mutation@rs2816938: P = 1.71x10-10, OR = 1.23 95% CI 1.15-1.31) and one on 8q24.21 (Mutation@rs10094872, P = 3.55x10-8, OR = 1.18 95% CI 1.11-1.25) (Table 1, Supplemental Table 2). After adjusting the analysis on 1q32.1 for the previously reported GWAS SNP Mutation@rs3790844 (r2 = 0.097 in 1000G EUR populations), the association for Mutation@rs2816938 remained statistically significant (PConditional = 3.06x10-6, OR = 1.17). This was also true for the signal at 8q24.21, marked by Mutation@rs10094872, after adjusting for the GWAS SNP Mutation@rs1561927 (r2 = 0.01 in 1000G EUR) (PConditional = 1.09x10-7, OR = 1.16). The signal at 1q32.1 is located ~11 kb upstream of Gene@2494, a gene that encodes a nuclear transcription factor known to play important roles in multiple aspects of Disease@MESH:D010195 development and function. The SNP at 8q24.21 is located ~28 kb upstream of Gene@4609, in a susceptibility locus previously reported for Disease@MESH:D001749 (tagged by Mutation@rs9642880; r2 = 0.64 in 1000G EUR) and ~850 kb upstream of a previously reported Disease@MESH:D010190 susceptibility locus", "type": "paragraph"}, {"sent": "A total of 15 promising variants (P < 5.0x10-6) were selected for replication in 1,912 Disease@MESH:D010190 cases and 3,763 control subjects from the European PANDoRA case-control consortium. After a meta-analysis of PanScan I, II and III and PANDoRA results, the three most promising variants (Supplemental Table 2) were carried forward to replication in PanC4. The meta-analysis of PanScan I-III with PANDoRA and PanC4 confirmed the signals on chr1q32.1 (P = 4.88x10-15, OR = 1.20 95% CI 1.15-1.25) and chr8q24.21 (P = 3.22x10-9, OR = 1.15 95% CI 1.10-1.20). In addition, a new signal in the multicancer region on chr5p15.33, upstream of Gene@7015, was detected (Mutation@rs35226131, P = 1.70x10-8, OR = 0.71 95% CI 0.63-0.80) (Table 1). After conditioning the analysis in PanScan I, II and III on the two reported Disease@MESH:D010190 susceptibility loci at 5p15.33, Mutation@rs36115365 (tagging the fine-mapped signal for Mutation@rs401681 in Gene@81037) and Mutation@rs2736098 (tagging the signal in Gene@7015), the signal was still near GWAS significant (PUnconditional = 1.80x10-7, OR = 0.64; PConditional = 3.43x10-7, OR = 0.66). This SNP (Mutation@rs35226131) is located ~200bps upstream of the transcriptional start site (TSS) of Gene@7015, and marks the least common of the three loci with a MAF of 0.036 in the 1000G EUR populations. The LD between Mutation@rs35226131 and the previously reported signals is low (r2 = 0.009 for Mutation@rs36115365 and r2 = 0.011 fo Mutation@rs2736098) in 1000G EUR", "type": "paragraph"}, {"sent": "The -log10(P value) (Y left axis) for Stage I (PanScan I-III, in gray), PANDoRA (purple) and PanC4 (light blue) was plotted on the genomic coordinates (X axis; NCBI genome build 37). Superimposed blue lines depicts likelihood ratio statistics (right Y axis) estimating putative recombination hotspots in the region. This was performed 5 times, each time utilizing 100 random EUR samples from the 1000 Genomes population (EUR, n = 503) (Y right axis). The combined data for Stage I, PANDoRA and PanC4 for three regions: panel A. Mutation@rs2816938 (1q32.1), panel B. Mutation@rs10094872 (8q24.21), and panel C: Mutation@rs3226131 (5p13.33) are shown in red", "type": "fig_caption"}, {"sent": "In order to take the first steps towards understanding the functional ramifications at these three new susceptibility signals, we conducted in silico bioinformatic analyses using HaploReg and RegulomeDB. Supporting evidence for putative regulatory function on gene expression was seen for the three loci, particularly for chr1q32.1 and 5p15.33, with open chromatin, modified histones and transcription factor binding in multiple tissues, including those derived from the pancreas and other gastrointestinal tissues (Supplemental Table 3). At chr5p15.33, one of the four variants highly correlated with Mutation@rs35226131 is a missense variant in the second exon of Gene@7015 (Mutation@rs61748181: r2 = 1, D' = 1 in 1000G EUR) whereby the minor allele, associated with reduced risk of Disease@MESH:D010190, changes amino acid Mutation@rs61748181 (Mutation@rs61748181)", "type": "paragraph"}, {"sent": "We assessed expression quantitative trait loci (eQTL) for the three variants in GTEx and the nearest genes (Gene@2494 for 1q32.1; Gene@7015 and Gene@81037 for 5p14.33; Gene@4609 and Gene@5820 for 8q24.21; Supplementary Table 4) in histologically normal post-mortem Disease@MESH:D010195 tissue samples (n = 149). The minor allele of the SNP that marks the signal on 8q24.21 (Mutation@rs10094872) and was associated with increased risk of Disease@MESH:D010190, was associated with decreased Gene@5820 expression (beta = -0.23, P = 0.0053) (Supplemental Figure 1). Nominally significant eQTLs (P < 0.05) were not seen for Gene@4609 (P = 0.29) or for the SNPs on chr5p15.33 (P = 0.91 for Gene@81037; Gene@7015 was not expressed) or 1q32.1 (P = 0.68 for Gene@2494). We furthermore assessed differential expression of the same genes in Disease@MESH:D010195 cell lines (n = 9) and Disease@MESH:D021441 (PDAC) samples (n = 8) as compared with histologically normal Disease@MESH:D010195 tissue samples (n = 10) by RNAseq (Supplemental Tables 5-7). The most notable differences were seen for Gene@2494 on chr1q32.1 where mRNA expression was markedly lower in Disease@MESH:D010190 samples (average fold change -7.6, P = 5.7x10-8) and cell lines (average fold change -32.7, P = 1.5x10-14) than in histologically normal Disease@MESH:D010195 tissue samples (Supplemental Table 7). We further validated this finding in an independent set of paired histologically normal and Disease@MESH:D009369 derived (PDAC) Disease@MESH:D010195 tissue samples from 20 individuals by RT-qPCR for three Gene@2494 isoforms and noted decreased expression in Disease@MESH:D009369 for the majority of pairs (average fold change for paired samples was -78.5 for isoform 1, P = 2.0x10-3; -95.7 fold for isoform 2, P = 7.5x10-4; -31.3 fold for isoform 3, P = 1.5x10-3) (Figure 2)", "type": "paragraph"}, {"sent": "Blue bars indicate expression in histologically normal samples and red in Disease@MESH:D009369 derived samples. A. Gene@2494 isoform 1, B. Gene@2494 isoform 2 and C. Gene@2494 isoform 3. Note that no expression was seen for isoform 1 in either the normal or Disease@MESH:D009369 derived sample from Subject 3. Error bars represent standard deviation from four replicates", "type": "fig_caption"}, {"sent": "To assess imputation quality, we performed TaqMan genotyping in 678 samples from PanScan I and III (see Materials and Methods). The correlation (r2) between the imputed genotypes and those measured by TaqMan was 0.98 for Mutation@rs2816938 (1q32.1), 0.90 for Mutation@rs10094872 (8q24.21) and 0.37 for Mutation@rs35226131 (5p15.33). Due to the lower correlation between imputed and directly assayed genotypes for Mutation@rs35226131, we performed a second validation in an additional 875 samples, including both Mutation@rs35226131 as well as the perfectly correlated coding SNP on 5p15.33 mentioned above, Mutation@rs61748181. The imputed-genotyped r2 for Mutation@rs35226131 improved to 0.44 in the second validation set, and was 0.55 for Mutation@rs61748181. Genotype concordance for the most likely imputed genotypes and directly assayed genotypes (see Materials and Methods) for Mutation@rs35226131 improved from 86.4% in the first validation set to 94.4% in the second set, and was 96.2% for Mutation@rs61748181 in the second set. Since Mutation@rs61748181 was directly genotyped in one of the replication studies (PanC4), we performed a meta-analysis of PanScan I-III (OR = 0.62 95% CI 0.52-0.75, P = 5.37x10-7) and PanC4 (OR = 0.67 95% CI 0.55-0.85, P = 1.91x10-4) data. This revealed a highly significant association for Mutation@rs61748181 (OR = 0.64 95% CI 0.56-0.74, P = 1.28x10-10) that was stronger than that seen for Mutation@rs35226131 (OR = 0.68 95% CI 0.59-0.79, P = 1.91x10-8). These results suggest that the association results at this potentially new Disease@MESH:D010190 risk locus are reliable", "type": "paragraph"}, {"sent": "In this study, we performed imputation across three Disease@MESH:D010190 GWAS datasets, namely PanScan I, II and III, using 1000G reference data. Through replication of promising variants in individuals from two independent Disease@MESH:D010190 case-control consortia, PANDoRA and PanC4, we identified three new GWAS significant risk signals for Disease@MESH:D010190. They are independent signals in previously established Disease@MESH:D010190 risk loci on chromosomes 1q32.1, 5p15.33 and 8q24.21, as per conditional analysis, supporting their importance for Disease@MESH:D010190 risk", "type": "paragraph"}, {"sent": "The signal on 1q32.1 is located in Gene@2494, a gene that encodes Gene@2494 (Gene@2494), a transcription factor important for Disease@MESH:D010195 development and adult function in the pancreas, liver, intestine and ovary, where it regulates cholesterol synthesis, bile acid homeostasis and steroidogenesis. Gene@2494 is an important regulator of exocrine function in the adult pancreas where it maintains homeostasis and promotes regeneration of acinar cells after Disease@MESH:D007249 caused by chemically induced Disease@MESH:D010195, and protects the pancreas from Gene@3845 driven pre-neoplastic changes. Other studies have indicated a growth inducing role for Gene@2494 in Disease@MESH:D010190. Highly correlated variants (r2>0.7) span ~25 kb on chr1q32.1 from ~11 kb upstream of the TSS to within the second intron of the gene. We observed significantly lower mRNA expression of Gene@2494 in the majority of Disease@MESH:D010190 and cell lines tested compared with histologically normal Disease@MESH:D010195 tissue samples, indicating a possible role for reduced Gene@2494 expression in Disease@MESH:D010190. Although an expression QTL was not observed in GTEx data, the relationship between the two currently known Disease@MESH:D010190 risk loci on 1q32.1 and Gene@2494 expression remains to be studied in greater detail", "type": "paragraph"}, {"sent": "The tag SNP on 8q24.21 is located ~28 kb upstream of Gene@4609 at an established Disease@MESH:D001749 risk locus that is ~850 kb upstream of our previously reported Disease@MESH:D010190 susceptibility locus. Multiple independent susceptibility loci on 8q24.21, distributed over a 2 Mb region, are known to influence risk of bladder, breast, prostate, Disease@MESH:D010190, Disease@MESH:D005910 and Disease@MESH:D015451 (CLL). Deregulated expression of Gene@4609, a transcription factor that regulates multiple aspects of cell growth and proliferation, occurs in a broad range of human Disease@MESH:D009369. Although the proximity of Mutation@rs10094872 to Gene@4609 indicates that it may be the most likely target gene, 8q24.21 is known for long range chromosomal interactions, and additional candidate genes, including Gene@5820 (183 kb), Gene@5462 (290 kb), Gene@101805488 (305 kb) and Gene@100302161-Gene@100302281 (253-442 kb), could be involved. Several of the 8q24.21 risk loci interact with the Gene@4609 and Gene@5820 promoters through long range chromosomal interaction, and allele-specific effects on gene expression have been reported for both genes. An expression QTL for Gene@4609 has been described for the Disease@MESH:D001749 risk locus in histologically normal bladder samples from Chinese subjects, albeit from a very small set, but not in adipose or blood tissue samples from European subjects. We noted an eQTL for Mutation@rs10094872 and Gene@5820 expression in Disease@MESH:D010195 tissue samples in GTEx, indicating that Gene@5820 may be a target gene for this locus. Replication of these findings is required in independent sample sets. Gene@5820 encodes a long noncoding RNA that is often amplified and upregulated along with Gene@4609 across Disease@MESH:D009369. Recently, it has been shown to increase Gene@4609 protein levels and potentiate its activity. In Disease@MESH:D010190, Gene@5820 expression is associated with gemcitabine sensitivity in human Disease@MESH:D010190 cells and may be associated with poor prognosis", "type": "paragraph"}, {"sent": "The signal on chr5p15.33 lies in another multicancer susceptibility region reported by GWAS for Disease@MESH:D001749, Disease@MESH:D001943, Disease@MESH:D015451, Disease@MESH:D005910, Disease@MESH:D008175, Disease@MESH:D008545, Disease@MESH:D012878, Disease@MESH:D010051, Disease@MESH:D010190, Disease@MESH:D011471 and Disease@MESH:D009373. For the 6 independent susceptibility loci that have been identified in the Gene@7015-Gene@81037 gene region, the same alleles are associated with an increased risk for some Disease@MESH:D009369 but decreased risk of others. Two independent Disease@MESH:D010190 susceptibility loci have previously been identified on chr5p15.33 through GWAS. The first one, described in PanScan II was marked by an intronic SNP (Mutation@rs401681) in Gene@81037 that has since been fine-mapped to Mutation@rs451360 (and a set of highly correlated variants including Mutation@rs36115365). A second independent signal on 5p15.33 was identified in PanScan III, tagged by a synonymous SNP (Mutation@rs2736098) in the second exon of Gene@7015. Recently, a third risk locus, marked by Mutation@rs2853677, was identified in this genomic region through a candidate gene analysis of the Gene@7015 and TERC genes; however this variant did not attain GWAS significance in our study (PanScan I-III, P = 4.2x10-4). The Gene@7015 gene encodes the catalytic subunit of telomerase, known for its critical role in maintaining telomere ends and the increased telomerase activity frequently seen in human Disease@MESH:D009369. Telomere-independent functions for Gene@7015 include regulation of gene expression, cell survival, epithelial to mesenchymal transition (EMT) and mitochondrial function. The neighboring gene encodes Disease@MESH:D002971 associated transmembrane 1 like (Gene@81037) protein that promotes growth and survival in Disease@MESH:D010190, respectively, and is overexpressed in some Disease@MESH:D009369. The SNP (Mutation@rs35226131) that marks the new risk signal on 5p15.33 reported here, and highly correlated variants, are located in the Gene@7015 promoter (~200-500 bp upstream of the TSS) and could potentially influence its expression. Additionally, it is perfectly correlated with a nonsynonomous variant in Gene@7015 (Mutation@rs61748181, Mutation@rs61748181) that was recently reported as a novel Disease@MESH:D000077192 risk locus by deep sequencing and direct genotyping of 5,164 cases and 5,716 controls of European ancestry. The threonine substitution at this amino acid in Gene@7015 negatively influences telomere length and proliferation in Disease@MESH:D004938 cell lines compared with alanine, and leads to reduced Wnt signaling through destabilization of complexes containing Gene@7015, Gene@6597 and Gene@1499. As the TERT-279T variant is protective for Disease@MESH:D010190 in our study, and for Disease@MESH:D008175, the underlying mechanism at this locus may relate to increased Gene@7015 activity via canonical and/or non-canonical Gene@7015 pathways. This hypothesis needs to be formally investigated by future molecular studies", "type": "paragraph"}, {"sent": "In conclusion, through imputation of three existing GWAS datasets and replication in two independent case-control consortia, we identified three new susceptibility signals for Disease@MESH:D010190 in populations of European ancestry. They are located in genomic regions previously reported by GWAS of Disease@MESH:D010190, further supporting their importance for Disease@MESH:D010190 risk. Further work is required to identify target genes and explain the underlying biological mechanisms", "type": "paragraph"}, {"sent": "Participants were drawn from the Disease@MESH:D010190 Cohort Consortium and the Disease@MESH:D010190 Case-Control Consortium (PanC4) and include individuals from 17 cohort and 11 case-control studies genotyped in three previous GWAS phases, namely PanScan I, PanScan II and PanScan III. Two replication cohorts were included, the PANDoRA consortium (Replication I) and the Disease@MESH:D010190 Case-Control Consortium (PanC4) (Replication 2). Cases were defined as individuals diagnosed with Disease@MESH:D010190", "type": "paragraph"}, {"sent": "Each study obtained informed consent from study participants and approval from its Institutional Review Board (IRB) including IRB certification permitting data sharing in accordance with the NIH Policy for Sharing of Data Obtained in NIH Supported or Conducted Genome-Wide Association Studies (GWAS). The PanScan and PanC4 GWAS data are available through dbGAP (accession numbers phs000206.v5.p3 and phs000648.v1.p1, respectively)", "type": "paragraph"}, {"sent": "GWAS genotyping was performed at the Disease@MESH:D009369 Genomics Research Laboratory (CGR) of the National Disease@MESH:D009369 Institute (NCI) of the National Institutes of Health (NIH) using the Illumina HumanHap series arrays (Illumina HumanHap550 Infinium II, Human 610-Quad) for PanScan I-II, and the Illumina Omni series arrays (OmniExpress, Omni1M, Omni2.5 and Omni5M) for PanScan III. The 1000 Genomes (1000G) Phase 1, Release 3 reference dataset was used to impute the PanScan I-III GWAS datasets using IMPUTE2 as previously described. Due to the large overlap of variants on genotyping arrays for PanScan I and II, these datasets were imputed and analyzed together. The PanScan III data was imputed and analyzed separately. For quality control, variants were excluded based on: 1) completion rate < 90%; 2) MAF < 0.01; 3) Hardy-Weinberg Proportion P value < 1x10-6; 4) low quality imputation score (IMPUTE 2 INFO score < 0.5). After quality control, 9,132,527 SNPs in 5,107 Disease@MESH:D010190 cases and 8,845 controls of European ancestry were included in the analysis. The association analysis was performed using SNPTEST based on probabilistic genotypes from IMPUTE2 using the same adjustments for study, geographical region, age, sex and population substructure as were used in PanScan. The score test of the log additive genetic effect was used. A meta-analysis of data from PanScan I & II with PanScan III was performed using the fixed-effects inverse-variance method based on beta estimates and standard errors. Heterogeneity was not observed for the SNPs identified as GWAS significant or suggestive in the combined study (Pheterogeneity >=0.30", "type": "paragraph"}, {"sent": "The estimated inflation of the test statistic, lambda, was 1.02 for PanScan I+II and 1.07 for PanScan III, respectively (using variants with MAF>0.01 and INFO>0.5)", "type": "paragraph"}, {"sent": "Fifteen variants giving promising signals (P < 5.0x10-6) were selected for replication in the PANDoRA consortium (Replication 1). Genotyping was performed by custom TaqMan genotyping assays (Applied Biosystems) at the German Disease@MESH:D009369 Research Center (DKFZ) in Heidelberg, Germany in 3,343 Disease@MESH:D010190 cases and 4,998 controls, of which 2,820 cases and 3,909 controls had complete demographic and clinical data and did not overlap with other study samples. Duplicate quality control samples (n = 541 pairs) showed 99.67% genotype concordance. Samples on a few plates were not genotyped for all variants. Unfortunately these plates contained more cases than controls. We excluded 908 cases and 146 controls, either with low genotyping completion rate (< 80%) or not genotyped, resulting in a total of 1,912 cases and 3,763 controls in the final analyses. The association analysis for PANDoRA was adjusted for age, gender and study in the same manner as previously described", "type": "paragraph"}, {"sent": "Three variants from the meta-analysis of PanScan and PANDoRA were then selected for a second replication in the Disease@MESH:D010190 Case-Control Consortium (PanC4) (Replication 2). Genotyping for PanC4 had previously been performed at the Johns Hopkins Center for Inherited Disease Research (CIDR) using the IlluminaHumanOmniExpressExome-8v1 array followed by imputation using 100G Phase 3, version 1 and IMPUTE2. Association analysis was performed in 4,164 Disease@MESH:D010190 cases and 3,792 control subjects of European ancestry as previously described. Variants at 3 chromosomal locations were extracted from the results and meta-analyses conducted as described above. Heterogeneity between studies was assessed using the Cochran's Q-test. IMPUTE2 information scores were 0.78 (Mutation@rs2816938), 0.96 (Mutation@rs10094872) and 0.87 (Mutation@rs35226131) for the three reported variants", "type": "paragraph"}, {"sent": "Recombination hotspots for association plots were generated as previously described using SequenceLDhot (10-12). The recombination hotspot inference was performed 5 times, each time utilizing a hundred random sampled EUR from the 1000 Genomes (EUR, n = 503). The linkage disequilibrium heatmap was prepared using the 1000 Genomes Phase 3 EUR data (n = 505, CEU+FIN+GBR+IBS+TSI), and snp.plotter R software package", "type": "paragraph"}, {"sent": "Imputation accuracy was assessed by direct TaqMan genotyping or Sanger sequencing. TaqMan genotyping assays (ABI, Foster City, CA) were optimized for three SNPs (Mutation@rs2816938 on 1q32.1, Mutation@rs35226131 on 5p15.33 and Mutation@rs10094872 on 8q24.21) in the independent regions. In an analysis of 678 samples from PanScan I and III, the allelic r2 measured between imputed and assayed genotypes were 0.98, 0.37 and 0.90, respectively. A second validation in an additional 875 samples from PanScan I included two perfectly correlated SNPs on 5p15.33, Mutation@rs35226131 and Mutation@rs61748181; the allelic r2 in this set was 0.44 and 0.55, respectively. We also assessed concordance between the most likely imputed genotypes and directly measured genotypes as follows: samples with imputed allelic dosage ranging from 0-0.5 were designated as being of the homozygous common genotype; samples ranging from 0.51-1.5 as being of the heterozygous genotype and samples ranging from 1.51-2.0 as being of the rare homozygous genotype", "type": "paragraph"}, {"sent": "HaploReg Gene@28783 (http://www.broadinstitute.org/mammals/haploreg/haploreg.php) was used to annotate functional and regulatory potential of the most significant germline variants at each locus as well as highly correlated variants (r2>0.7) that mark each of the regions identified. RegulomeDB (http://regulomedb.org/) was used to assess and score regulatory potential of variants in each locus. Expression quantitative trait locus (eQTL) effects were assessed using the Genotype-Tissue Expression Project (GTEx) database (http://www.gtexportal.org/home/) for Disease@MESH:D010195 tissues (n = 149 samples)", "type": "paragraph"}, {"sent": "Gene expression was assessed for five genes that are closest to the reported variants on chromosomes 1q32.1 (Gene@2494), 5p15.33 (Gene@7015 and Gene@81037), and 8q24.21 (Gene@4609 and Gene@5820). We first assessed differential expression of these genes in Disease@MESH:D010190 samples (PDAC, n = 8), histologically normal (non-malignant) Disease@MESH:D010195 tissue samples (n = 10), and Disease@MESH:D010195 cell lines (n = 9) by RNA-sequencing as described previously. We compared gene expression in Disease@MESH:D009369 and cell lines to histologically normal Disease@MESH:D010195 tissue samples by EdgeR analysis. P-values represent an exact test of the differential expression of each gene in histologically normal and Disease@MESH:D009369 derived samples using normalized read counts in EdgeR", "type": "paragraph"}, {"sent": "We also assessed the expression of one of these genes (Gene@2494) in a second independent tissue sample set that included 20 fresh frozen paired histologically normal Disease@MESH:D010195 samples (adjacent to Disease@MESH:D009369) and Disease@MESH:D021441 (PDAC) Disease@MESH:D009369 samples. RNA samples were isolated from fresh frozen tissues and reverse transcribed to cDNA as previously described. Three Gene@2494 isoforms (isoform 1: NM_205860, isoform 2: NM_003822, and isoform 3: uc009wzh.3) were tested using TaqMan gene expression assays (Thermo Fisher Scientific, isoform 1: Hs00894632_m1, isoform2: Hs00892375_m1 and a custom assay, for isoform 3 forward primer: 5'CTTTTCGCCGGAGTTGAAT3'; reverse primer: 5'GTCCGGAAGCCCAGCA3'; probe: 5' CTGTGCTGCCCGTGTCC3') and a 7900HT system (ABI). Each reaction was run in triplicate and analyzed according to the DeltaDeltaCt method using B2M (Hs99999907_m1), Gene@2597 (Hs99999905_m1) and Gene@5478 (Hs99999904_m1) as housekeeping genes. P-values represent two-sided T-tests of the difference in expression between histologically normal and Disease@MESH:D009369 derived samples", "type": "paragraph"}, {"sent": "All tissue samples were obtained from the Mayo Clinic in Rochester, MN. The project was approved by the Institutional Review Boards of the Mayo Clinic and the NIH. Nine Disease@MESH:D010190 cell lines (AsPC-1, BxPC-3, Hs766T, SU.86.86, SW1990, CFPAC-1, Capan-1, PANC-1, MIA PaCa-2) were purchased from ATCC and cultured as recommended (http://www.ATCC.com). The cell lines were tested for authentication with a panel of short tandem repeats (STR) using the Identifiler kit (Life Technologies) and compared with the ATCC and the DSMZ (German Collection of Microorganisms and Cell Cultures) STR Profile Databases. All cell lines matched the listed profiles", "type": "paragraph"}]}