{"sentences": [{"sent": "MicroRNAs (miRNAs) regulate gene expression and influence Disease@MESH:D009369. Primary transcripts of miRNAs (pri-miRNAs) are poorly annotated and little is known about the role of germline variation in miRNA genes and Disease@MESH:D001943 (BC). We sought to identify germline miRNA variants associated with BC risk and Disease@MESH:D009369 subtype among African-American (AA) women", "type": "abstract"}, {"sent": "Under the African American Disease@MESH:D001943 Epidemiology and Risk (AMBER) Consortium, genotyping and imputed data from four studies on BC in AA women were combined into a final dataset containing 224,188 miRNA gene single nucleotide polymorphisms (SNPs) for 8350 women: 3663 cases and 4687 controls. The primary miRNA sequence was identified for 566 miRNA genes expressed in Encyclopedia of DNA Elements (ENCODE) Tier 1 cell types and human Disease@MESH:D010195 islets. Association analysis was conducted using logistic regression for BC status overall and by Disease@MESH:D009369 subtype", "type": "abstract"}, {"sent": "A novel BC signal was localized to an 8.6-kb region of 17q25.3 by four SNPs (Mutation@rs9913477, Mutation@rs1428882938, Mutation@rs28585511, and Mutation@rs7502931) and remained statistically significant after multiple test correction (odds ratio (OR) = 1.44, 95% confidence interval (CI) = 1.26-1.65; p = 3.15 x 10-7; false discovery rate (FDR) = 0.03). These SNPs reside in a genomic location that includes both the predicted primary transcript of the noncoding miRNA gene Gene@100422915 and the first intron of the gene for Gene@10458 (Gene@10458). Furthermore, miRNA-associated SNPs on chromosomes 1p32.3, 5q32, and 3p25.1 were the strongest signals for Gene@3164, luminal versus basal-like, and Gene@2064 enrichment status, respectively. A second phase of genotyping (1397 BC cases, 2418 controls) that included two SNPs in the 8.6-kb region was used for validation and meta-analysis. While neither Mutation@rs4969239 nor Mutation@rs9913477 was validated, when meta-analyzed with the original dataset their association with BC remained directionally consistent (OR = 1.29, 95% CI = 1.16-1.44 (p = 4.18 x 10-6) and OR = 1.33, 95% CI = 1.17-1.51 (p = 1.6 x 10-5), respectively)", "type": "abstract"}, {"sent": "Germline genetic variation indicates that Gene@100422915 may play an important role in BC development and heterogeneity among AA women. Further investigation to determine the potential functional effects of these SNPs is warranted. This study contributes to our understanding of BC risk in AA women and highlights the complexity in evaluating variation in gene-dense regions of the human genome", "type": "abstract"}, {"sent": "The online version of this article (10.1186/s13058-018-0964-4) contains supplementary material, which is available to authorized users", "type": "abstract"}, {"sent": "MicroRNAs (miRNAs) are small noncoding RNAs that were formally recognized in 2001 as one of the largest classes of gene regulators in eukaryotes. miRNAs undergo a complex, multistep process of biogenesis summarized by Lin and Gregory in 2015. Briefly, within the nucleus, a primary miRNA transcript (pri-miRNA):usually several hundred nucleotides (nt) to greater than 1 megabase (Mb) in length:is cleaved to create a precursor miRNA (pre-miRNA) approximately 70 nt in length which folds to form a stem-loop intermediate. This intermediate is exported from the nucleus and further processed to a miRNA duplex, approximately 22 nt in length. One strand of the miRNA duplex is loaded onto the RNA-induced silencing complex (RISC) to form a functional mature miRNA. Cleavage and processing of the pri- and pre-miRNA require sequence and secondary structure recognition by several RNA-binding proteins and their partners. Approximately 30% of mature miRNAs are processed from introns or exons of coding genes, while the remaining miRNAs are intergenic and expressed from independent transcription units. Mature miRNAs bind to the 3' untranslated region (UTR) of target genes to silence them by either translational repression or messenger RNA (mRNA) degradation. There are over 2500 identified human miRNAs and each may bind to hundreds or even thousands of different target genes, coordinating expression of a large number of mRNAs; this makes them key players in gene regulatory networks", "type": "paragraph"}, {"sent": "miRNAs have been shown to influence numerous molecular pathways and pathological conditions, including Disease@MESH:D009369, and can function as both oncogenes and Disease@MESH:D009369 suppressors depending on the context. Furthermore, oncoproteins such as Gene@4609 bind to the promoters of key miRNAs, activating oncogenic miRNAs (oncomiRs) and downregulating Disease@MESH:D009369 suppressor miRNAs. In Disease@MESH:D001943 (OMIM #114480), miRNAs have been implicated in the regulation of genes involved in pathways critically relevant to disease etiology and severity including apoptosis, cell cycle checkpoints, cell migration, invasion, and metastasis. To a large extent, the miRNA repertoire that is present in normal and paired Disease@MESH:D009369 tissue from the same organ is quite similar; however, specific miRNAs are often aberrantly elevated or suppressed in the Disease@MESH:D009369. In 2011, Persson et al. performed one of the first comprehensive characterizations via next-generation sequencing (NGS) of miRNAs in paired normal and Disease@MESH:D009369 breast tissue and identified 361 new miRNAs. While the functionality of some of the miRNAs identified by deep sequencing remains unknown, about two-thirds of these newly identified miRNAs were expressed in other tissues, and nearly half were associated with components of the RISC and were found in Gene@2099-positive, Disease@MESH:D018270 cells. Germline single nucleotide polymorphisms (SNPs) in critical regions of miRNA genes including the promoter and primary transcripts may contribute to the dysregulation in miRNA biogenesis and expression differences common in Disease@MESH:D001943", "type": "paragraph"}, {"sent": "Over the last decade there has been tremendous progress made in the field of miRNAs and Disease@MESH:D009369, particularly centered on miRNA expression patterns that are emerging as promising diagnostic tools and predictive markers because of their correlation with Disease@MESH:D009369 progression and patient survival. However, little is known about the role of germline variation in miRNAs and susceptibility to Disease@MESH:D009369", "type": "paragraph"}, {"sent": "Currently, known germline genetic variation primarily from studies of European women explains only 50% of the Disease@MESH:D001943 (BC), suggesting that numerous other susceptibility gene variants have yet to be uncovered. Several molecular epidemiologic studies have assessed the association of common germline miRNA gene variation in mature and precursor miRNA sequences with disease risk, including BC. Few epidemiologic studies have evaluated the association between a large number of germline genetic variants in the promoter and primary sequences of miRNAs and BC risk, particularly among African-American (AA) women. We sought to identify large numbers of germline miRNA gene variants associated with BC risk and subtype among women participating in a large AA BC consortium", "type": "paragraph"}, {"sent": "This research was conducted using data from the African American Disease@MESH:D001943 Epidemiology and Risk (AMBER) Consortium, a collaboration of two case-control studies of BC in AA women (the Disease@MESH:D001943 Study (CBCS) and the Women's Circle of Health Study (WCHS)) and two cohort studies (the Black Women's Health Study (BWHS) and the Gene@56477). AMBER has been described previously. All study participants provided written informed consent and all studies obtained Institutional Review Board approval", "type": "paragraph"}, {"sent": "This analysis utilizes data from 3663 cases and 4687 controls in AMBER who provided either blood or saliva for DNA analysis. For the case-control studies, controls were identified either through Division of Motor Vehicles lists (age < 65 years) and Health Care Financing Administration lists (age >= 65) (CBCS), or random digit dialing and community controls (WCHS). For BWHS and Gene@56477, controls were chosen from among women without BC, and were frequency matched to cases on geographical region, sex, race, and 5-year age group. Eligible cases were AA women with incident invasive BC or Disease@MESH:D002285 (DCIS). Gene@2099 (Gene@2099), Gene@5241 (Gene@5241), Gene@2064 (Gene@2064) receptor, and invasive status for cases was determined using pathology data from hospital or Disease@MESH:D009369 registry records", "type": "paragraph"}, {"sent": "Genotyping of DNA from participants in the BWHS, CBCS, and WCHS was performed by the Center for Inherited Disease Research (CIDR) using the Illumina Human Exome BeadChip v1.1. This array includes > 200,000 coding variants, as well as tag SNPs for genome-wide association study (GWAS) hits, a grid of common variants, and ancestry informative markers (AIMs). A description of the exome chip design is available from http://genome.sph.umich.edu/wiki/Exome_Chip_Design. In addition to the standard BeadChip, the chip included approximately 159,000 SNPs of custom content focused on BC pathways (e.g., steroid hormone metabolism, Gene@3630 and Gene@3630-like growth factors, inflammatory and immune factors, and vitamin D)", "type": "paragraph"}, {"sent": "A total of 405,555 SNPs were genotyped, and 300,008 SNPs remained after excluding variants that failed technical filters imposed by CIDR, or QC filters recommended by the University of Washington. Briefly, genotypes with a GenCall score < 0.15 were classified as missing, and SNPs were removed if they were monomorphic, had poor cluster properties (ex. cluster separation < 0.2 or < 0.3 depending on allele frequency), call rates < 0.98, Hardy-Weinberg Equilibrium p < 1 x 10-4, > 1 Disease@MESH:D012030 in trios from HapMap, or > 2 discordant calls in duplicate samples. Mitochondrial and Y chromosome SNPs were also removed. Genotypes were attempted for 6936 participants from the BWHS, CBCS, and WCHS, and were completed with a call rate > 98% for 6828 participants, which included 3130 cases (963 Gene@2099 negative, 1674 Gene@2099 positive, 493 Gene@2099 unknown) and 3698 controls. Imputation was performed by the University of Washington using the IMPUTE2 software and the 1000 Genomes Phase I reference panel (5/21/2011 1000 Genomes data, December 2013 haplotype release)", "type": "paragraph"}, {"sent": "Genetic data from 533 cases (135 Gene@2099 negative, 309 Gene@2099 positive, and 89 Gene@2099 unknown) and 989 controls in the Gene@56477 were available from a previous GWAS on the Illumina Human 1 M-Duochip. SNPs from Gene@56477 were imputed to the same release of 1000 Genomes and combined with the genotype data from the Illumina Human Exome BeadChip v1.1. Additional exclusion criteria applied to the four-study merged dataset were: variants with mismatching alleles or allele frequencies that were different by more than 0.15 in Gene@56477 when compared with the other three studies; variants with allele frequencies < 0.5%; and variants with imputation score INFO < 0.5 in either Gene@56477 or any of the other three studies. The final merged dataset included genotypes from 8350 women, 3663 cases (1983 Gene@2099 positive, 1098 Gene@2099 negative, 582 unknown), and 4687 controls", "type": "paragraph"}, {"sent": "Among the genotyped and imputed SNPs, miRNA variants were defined as those within promoter, pri-miRNA, pre-miRNA, mature, or downstream regions of a known human miRNA. Mature and pre-miRNA sequence locations were identified from the miRNA database, miRBase release 21 . Pri-miRNAs were identified by integrative analysis of chromatin immunoprecipitation and massively parallel DNA sequencing (ChIP-seq) data from the Encyclopedia of DNA Elements (ENCODE) project using an algorithm described previously. Five hundred and sixty six miRNA genes with pri-miRNA sequence expressed in six cell lines and tissue types (all ENCODE Tier 1 cell types plus human Disease@MESH:D010195 islets) were the focus of this analysis. We extended the pri-miRNA 5 kilobases (kb) upstream of the 5'-end (putative promoter) and 1 kb downstream of the 3'-end (additional putative regulatory region). Variants that could be defined as having multiple miRNA locations were defined by their most unique location with the following priority: mature > precursor > primary > promoter > downstream. For example, a variant in the mature miRNA sequence is also by default in the pri-miRNA; however, according to our prioritization it would be defined as a mature miRNA sequence variant. SNPs were restricted to those variants with minor allele frequencies (MAF) >= 1%. Annotation defined a total of 224,188 miRNA gene SNPs, with MAF >= 1%, from the following miRNA gene regions: 10,435 promoter, 182,593 primary, 272 precursor, 158 mature, and 2150 downstream variants. The impact of genotype platform was evaluated by quantile-quantile plots both with and without Gene@56477 genotypes, both yielding a lambda = 0.991", "type": "paragraph"}, {"sent": "Single variant analyses were conducted using logistic regression as implemented in PLINK version 1.07. Models were adjusted for age group (by ~ 10-year intervals), study site, geographic group of residence, DNA source, and ancestry by including principal components 5, 6, and 8 in the model given their association with BC at p < 0.1. Models were run for all cases versus all controls and for all Gene@3164 subtyped (Gene@2099, Gene@5241, and Gene@2064) cases versus controls, respectively. Additional models were run for case-only subtype analyses (n = 3663, eligible cases with biomarker and covariate information) using Gene@2099, Gene@5241, and Gene@2064 receptor marker status. Specifically, the following three case-only subtype analyses were performed: 1) Gene@3164 positive (Gene@2099 positive or Gene@5241 positive, n = 2081) versus Gene@3164 negative (Gene@2099 negative and Gene@5241 negative, n = 997); 2) luminal (Gene@2099 positive or Gene@5241 positive, n = 1613) versus basal-like (Gene@2099 negative, Gene@5241 negative, and Gene@2064 negative, n = 405); and 3) Gene@2064 enriched (n = 1356) versus Gene@2064 negative (n = 344). P values were corrected within subtype analyses for multiple comparisons using the false discovery rate (FDR) at 5%. In all analyses, both invasive and in situ cases were combined", "type": "paragraph"}, {"sent": "A second phase of genotyping (1397 BC cases, 2418 controls) conducted in three of the four studies within AMBER (CBCS, WCHS, and BWHS) on the Illumina's Infinium Multi-Ethnic Genotyping Array (MEGA) Chip that included study-specific content and SNPs Mutation@rs4969239 and Mutation@rs9913477 was used for validation and meta-analysis. Similar to the association analysis, logistic regression implemented in PLINK version 1.07 was used and models were adjusted for age group (by ~ 10-year intervals), study site, DNA source, and ancestry by including principal component 1 in the model given its association with BC at p < 0.1. Validation for each variant was evaluated for directional consistency and tested at the p < 0.05 level. In the meta-analysis, both the original and the second phase of genotyping were combined and the p value corrected for multiple comparisons using an FDR at 5%", "type": "paragraph"}, {"sent": "Power was calculated for detecting an odds ratio (OR) of 1.44 and an OR of 1.30 (a 10% reduction in effect estimate assuming the original OR is an overestimate of the actual effect) using a two-sided, p = 0.05 significance, log-additive mode of inheritance, allele frequency of 0.06 (the same as Mutation@rs9913477 MAF in the study population), control to case ratio of 1.7 with 1397 cases, and prevalence of disease of 10%", "type": "paragraph"}, {"sent": "Table 1 provides a distribution of key characteristics of the study population by case or control status and includes age at diagnosis, study site, DNA source, as well as clinical parameters (Disease@MESH:D009369 stage and receptor status). The study population originates from a broad geographical region of the United States with most cases from the Northeast and South. Overall, the vast majority of the cases have known Gene@2099 or PR receptor status; however, over half do not have known Gene@2064 receptor status. Among cases with known receptor status for all three markers, approximately 20% are triple negative", "type": "paragraph"}, {"sent": "Manhattan plot of miRNA SNP and Disease@MESH:D001943 risk in the four-site AMBER Consortium (n = 8350, with 3663 cases and 4687 controls). The green line represents a significant p value threshold of 1 x 10-6 at a false discovery rate (FDR) of 5", "type": "fig_caption"}, {"sent": "Association of the top seven miRNA SNPs with p < 5 x 10-6 and Disease@MESH:D001943 ris", "type": "table_caption"}, {"sent": "The main case-control association analysis identified seven SNPs (five imputed and two genotyped) in a 16.5-kb region on chromosome 17q25.3 (Fig. 1 and Table 2), with imputed Mutation@rs9913477 (INFO r2 = 0.99; MAF = 0.06; OR = 1.44, 95% confidence interval (CI) = 1.26-1.65; p = 3.15 x 10-7; FDR = 0.03) emerging as the top hit. Following FDR correction, four of the seven remained significantly associated with BC risk, spanning an 8.6-kb region (Table 2). All four SNPs reside in a genomic region that includes the first intron of the Gene@10458 (Gene@10458), as well as the predicted primary transcript for Gene@100422915. Linkage disequilibrium (LD) between the top hit (Mutation@rs9913477) and the other three statistically significant SNPs was high (r2 = 0.94) for two (Mutation@rs1428882938 and Mutation@rs28585511) and perfect (r2 = 1.0) for the third (Mutation@rs7502931), suggesting they are all tagging the same signal in this population. Subsequently, Gene@2099/Gene@5241 subtype analysis was conducted for all seven SNPs with p < 5 x 10-6 in the full analysis (Additional file 1: Table S1) and identified that the signal and pattern of association in this region was statistically significant based on FDR in Gene@2099+ versus controls, most likely because it had the largest sample size. While the other subtype analyses versus controls were not significant, the magnitude of the odds ratio was similar to that observed in Gene@2099+ versus controls. However, when we look at the case-only subtype analyses (e.g., Gene@2099+ versus Gene@2099-, Gene@5241+ versus Gene@5241-) we see a reduction in the magnitude of the odds ratio suggesting that this region is more likely to be associated generally with the development of Disease@MESH:D001943 rather than a particular subtype. Additionally, in a subanalysis of Gene@2099 positive cases (n = 1983) versus controls (n = 4687) and Gene@5241 positive cases (n = 1580) versus controls (n = 4687) the same 17q25.3 locus top hit (Mutation@rs9913477) emerged, but was statistically significantly associated with BC after FDR correction only for the largest subgroup of ER positive cases (INFO r2 = 0.99, MAF = 0.58; OR = 1.53, 95% CI = 1.30-1.81; p = 4.29 x 10-7; FDR = 0.027). The variant Mutation@rs9913477 was also the second most significant SNP in the Gene@2099 positive plus Gene@5241-positive case group versus control analysis but did not reach statistical significance after FDR correction (data not shown). In the Gene@2099 negative, Gene@5241-negative, and Gene@2099 negative plus Gene@5241-negative cases versus control analysis, Mutation@rs80339298 located in the primary sequence of Gene@100313892 on chromosome 1 emerged as the top SNP but did not reach statistical significance after FDR correction (data not shown)", "type": "paragraph"}, {"sent": "Top SNPs identified in each of the three subtype analyses are provided in Table 3. These top SNPs were located on chromosomes 1p32.3 (Mutation@rs80339298, Gene@114883 intron 11, NT_032977.10), 5q32 (Mutation@rs147821319, Gene@133522 intron 7, NM_001172698), and 3p25.1 (Mutation@rs116367195, intergenic between Disease@MESH:D028921 and Gene@26287, NM_001195099) from the GRCh38.p2 assembly for Gene@3164, luminal versus basal-like, and Gene@2064 enrichment status, respectively. All three SNPs were low frequency (MAF < 5%) and none were statistically significant after FDR correction", "type": "paragraph"}, {"sent": "Stages 1 and 2 and meta-analysis of Mutation@rs9913477 and Mutation@rs4969239 located in the primary transcript of Gene@220972-306", "type": "table_caption"}, {"sent": "A stage 2 analysis of Mutation@rs4969239 (OR = 1.07, 95% CI = 0.83-1.39; p = 5.78 x 10-1 and Mutation@rs9913477 (OR = 0.86, 95% CI = 0.62-1.18; p = 3.56 x 10-1) failed to validate their association with BC at a nominal p value. However, when meta-analyzed with the original dataset, the association of Mutation@rs4969239 (OR = 1.29, 95% CI = 1.16-1.44); p = 4.18 x 10-6) and Mutation@rs9913477 (OR = 1.33, 95% CI = 1.17-1.51; p = 1.60 x 10-5) with BC remained directionally consistent (Table 4)", "type": "paragraph"}, {"sent": "Power calculations for the detection of a SNP associated with BC at ORs of 1.44 and 1.30 at a significance of p <= 0.05 indicated that validation among the study set undergoing the second phase of genotyping was 97% and 77%, respectively", "type": "paragraph"}, {"sent": "In a combined analysis of four large studies of BC in AA women, we identified and annotated a novel genomic region on chromosome 17q25.3 significantly associated with BC and extended its functional interpretation with a comprehensive evaluation of miRNA gene sequence. Specifically, we have localized the BC association signal to an 8.6-kb region on chromosome 17 marked by four tightly linked, significantly associated SNPs, with Mutation@rs9913477 demonstrating the strongest association. Using a second phase of genotyping we were unable to validate the association of either Mutation@rs4969239 or Mutation@rs9913477 with BC; however, in a meta-analysis these SNPs remained directionally consistent (OR = 1.29 and 1.33, respectively). Power calculations indicate that the validation analysis was well powered (97%) at an OR of 1.44 (our original finding and likely an overestimate of effect size) and slightly underpowered (77%) at an OR of 1.3, which represents an effect estimate 10% less that the original OR. No statistically significant miRNA SNP associations were identified in the subanalyses of Gene@3164-negative Disease@MESH:D009369. Additionally, a case-only analysis that encompassed comparisons of Gene@3164 status, luminal versus basal-like subtypes, and Gene@2064 enrichment status did not identify any statistically significant associations with BC after FDR correction. The most strongly associated miRNA-associated SNPs for each subtype analysis identified regions on chromosomes 1p32.3, 5q32, and 3p25.1, respectively. None of these regions or SNPs have been previously implicated in BC GWAS according to the GWAS Catalog (release dated 12 June 2016)", "type": "paragraph"}, {"sent": "Chromosome 17 position GRCh37/hg19: 79,008,947-79,105,748, encompassing Disease@MESH:D001943-associated SNPs, defined promoter, primary, precursor, mature and 3'-UTR, Gene@100422915 gene regions and other overlapping coding genes. Note: Gene@10458 and Gene@9625 are transcribed in opposite directions. Additionally, Gene@9625 contains three more miRNAs in close proximity to Gene@100422915: Gene@724027, Gene@442906 and Gene@220972-125", "type": "fig_caption"}, {"sent": "Given their genomic location within the intron of Gene@10458 and pri-Gene@100422915 sequence, these four SNPs have the potential to impact Gene@10458 expression, Gene@10458 gene intron 1 binding proteins, and/or Gene@100422915 biogenesis. Mature Gene@100422915 resides in a gene adjacent to Gene@10458 known as apoptosis-associated tyrosine kinase (Gene@9625) where it is located in the seventh intron and is transcribed in the opposite direction from its host gene. In this gene (Gene@9625) and miRNA-rich region, mature Gene@100422915 and mature Gene@442906 share the same genomic location but are transcribed from opposite DNA strands (Fig. 2). This critical miRNA sequence region is highly conserved across species", "type": "paragraph"}, {"sent": "To better understand the implications of inherited susceptibility to BC that may involve Gene@10458, we examined expression of this gene in human tissues using data from the Genotype-Tissue Expression (GTEx) project portal version 6. Human Gene@10458 (Gene@10458) demonstrates a range of expression across various human tissues including brain and breast (Additional file 2: Figure S1). Using data from the Human Protein Atlas project that includes immunochemistry results on 83 different normal cell types from 44 tissue types, we note that moderate Gene@10458 protein expression is observed in human breast tissue when compared with other normal tissue types. Furthermore, when examining RNA sequencing gene expression of Gene@10458 in 47 Disease@MESH:D018270 cell lines from the Disease@MESH:D009369 Cell Line Encyclopedia, we note differential expression with the highest levels (10-fold or more) of Gene@10458 occurring in four cell lines: EFM-192A, HCC1937, HCC202, and ZR-75-30. Of these four cell lines, two are derived from metastatic sites, with one of these from an African-American woman, the other Caucasian. Of the remaining two cell lines (HCC1937, HCC202), both are from Caucasian women, from primary Disease@MESH:D044584, are Gene@2099 and Gene@5241 negative, Gene@7157 mutation negative, and positive for EFP2 and Gene@3880 expression; however, they differed in Gene@672 mutation and Gene@2064 status", "type": "paragraph"}, {"sent": "The 17q25.3 region containing the top four BC-associated SNPs is extensively marked in the human mammary epithelial cell (HMEC) line by regulatory chromatin states from DNase and histones H3K27ac and H3K4me1, reflecting a number of active promoter and enhancer sequences in the region. Furthermore, a number of regulatory sequence motifs (e.g., sequence-specific binding sites for transcription factors) located within intron 1 of Gene@10458 are altered by these SNPs. Specifically Mutation@rs9913477 alters regulatory motifs for Gene@1523 and Gene@6658 binding while Mutation@rs7502931 alters a regulatory motif for Gene@7702. No expression quantitative trait loci (eQTL) were identified in GTEx for any of the four top SNPs", "type": "paragraph"}, {"sent": "Several epidemiological studies, including both admixture mapping and association analysis of the Gene@3630-related pathway, have examined the 17q region for association with BC in AMBER. A recently published genome-wide case-only admixture scan using 2624 AIMs in the AMBER consortium identified a novel region of excess African ancestry associated with BC risk at 17q25.1 (confirmed in a case-control admixture analysis in the same consortium). In this admixture scan, AIM Mutation@rs496948172 provided the largest Z score and marked a wide 17q25.1 region of approximately 4.6 Mb where Z scores remained above 3.7 indicating excess African ancestry associated with BC. Elevated Z scores of 2.4 for this case analysis extend into the 17q25.3 region, where the top hit for the current association analysis (Mutation@rs9913477) is approximately 1 Mb from the top admixture hit (Mutation@rs4969481), although LD between these variants is limited (D' = 0.19, r2 = 0.0009) based on AFR 1000 Genomes reference panel. Thus, the region of excess African ancestry associated with BC marked by an AIM at 17q25.1 could include the more distal 17q25.3 region as well, providing evidence that variation in this genomic region associated with BC may contribute to disparity in risk. A second AMBER gene-based analysis of 184 genes in the Gene@3630/Gene@3630-like growth factor, leptin, and Gene@2688 pathways identified BAIP2 and Gene@805, and AIAP2 and Gene@1457 as the most significant gene associations (gene-based p <= 0.01) with both overall and Gene@2099 positive BC, respectively. Thus, both admixture and Gene@3630 pathway-specific association analyses in AMBER provide suggestive evidence of an association with overall and Gene@2099-positive BC in the 17q21-25 region. However, due to the relatively less dense SNP set used to evaluate this genomic region in the admixture scan and the less granular nature of the gene-based Gene@3630 pathway analysis, neither identified the specific set of four miRNA-associated SNPs localizing a statistically significant association with BC reported here. Additionally, each study strategy for multiple test correction varied in accordance with its statistical methods, with the admixture analysis using a more conservative Bonferroni correction, the gene-based method utilizing a gene-level correction factor, and our current study using a false discovery rate", "type": "paragraph"}, {"sent": "A recently published epidemiological study examining miRNA genes and BC among women of African ancestry found fourteen miRNA SNPs associated with overall BC risk at the significance level of 0.05. Included among these SNPs was Mutation@rs73410309 within the precursor sequence of Gene@100616170 located on chromosome 17q25.3 (OR = 1.1; p = 0.039), which is approximately 1.5 Mb from our top hit in Gene@100422915 (Mutation@rs9913477) and not in high LD with this SNP (D' = 0.007 and R2 = 0.0) based on AFR 1000 Genomes reference panel. This study was restricted to SNPs within miRNA precursor and mature sequences and thus would not have included the SNP in the primary miRNA sequence identified in our study, but highlights the potential role for miRNA SNPs in BC risk among women of African ancestry in this genomic region", "type": "paragraph"}, {"sent": "While no GWAS hits have been reported in the 17q25.3 region, this region has been implicated in several studies of BC tissues where recurrent gain of this genomic region is associated with subtype and recurrence. Gene expression studies of 17q25.3 have identified significant overexpression of 17q25.3 genes in Gene@672 mutated triple-negative Disease@MESH:D001943 (TNBC) as compared with Gene@672 nonmutated TNBC, highlighting the important role that overexpressed sets of genes in this region may play in BC. Given the major role that miRNAs play in global gene regulation it is possible that, even in the absence of a copy number gain, abnormal expression of miRNA genes intended to suppress expression across multiple oncogenes could lead to similar upregulation of sets of genes in this region with similar BC effect. Studies of higher-order chromatin organization have identified regional epigenetic regulation (RER) in Disease@MESH:D001943 and BC cell lines that are independent of copy number, where 26 regions of coordinate expression were identified between Disease@MESH:D001943 and BC cell lines with nine RER showing upregulated gene expression relative to normal breast tissue. Included among these upregulated regions was a 0.9-Mb 17q25.1 region with correlated expression of Gene@23510, Gene@23163, Gene@51081, and Gene@2885, and a 0.58-Mb 17q25.3 region (approximately 900 kb from the four associated SNPs reported here) with correlated expression of Gene@201254, Gene@5986, Gene@1453, and Gene@6398", "type": "paragraph"}, {"sent": "Perhaps the most compelling support implicating Gene@100422915 and BC comes from a recent study by Perrson et al. in which NGS expression analysis in paired normal and Disease@MESH:D001943 tissue demonstrates a strikingly disparate expression pattern for Gene@100422915. Among the 361 newly NGS identified miRNA precursors, Disease@MESH:D009369 identity was defined by differences in expression level of a large and common set of miRNAs rather than tissue specific expression. While tissue Gene@100422915 expression was highest in Disease@MESH:D001943 in a panel of nine human tissues, both lung and placenta demonstrated the next highest expression levels. Similar to previous studies, through BAC array comparative genomic hybridization (CGH), Gene@100422915 was also identified as a gene encoded in a region with high-level genomic amplification in luminal B, Gene@2064/Gene@2064-positive, Gene@2099 positive, and Gene@2099 negative subtypes. Among TargetScan's (release 6.2, June 2012) Gene@100422915 gene top 15 predicted gene targets are the top hit AT-rich interaction domain 4B, Gene@51742 (Disease@MESH:D001943 antigen epitope-1) and Gene@57403, a member of the RAS oncogene family of small GTPases involved in signal transduction. Immunohistochemically, Gene@51742/Gene@51742 was expressed in 65% of BC specimens but not in noncancerous tissues. and expression was closely associated with Gene@2099- and Gene@5241-positive status. BC patients also had significantly higher titers of this epitope than healthy donors (p < 0.001). Given that two of the top predicted targets are likely oncogenes, it is possible that the role of Gene@100422915 is to suppress expression of these oncogenes. It is also possible that the pri-Gene@100422915 SNP associated with BC (or a SNP in LD) impairs Gene@100422915 processing, leading to lower levels of mature Gene@100422915 and reduced inhibition of these oncogenes. Of course, specific gene targets of this new miRNA are not yet fully known and new information may emerge as target prediction algorithms improve and functional data become available. For example, in addition to supporting the potential role of Gene@100422915 in BC, Perrson et al. also uncovered a new miRNA in a very well-studied region within the intron of Gene@2064/Gene@2064, a major predictive marker in BC. This discovery highlights the importance of evaluating genomic regulation beyond the protein coding gene level to examine the major role that noncoding genes, such as miRNAs, may play in Disease@MESH:D009369 development and heterogeneity. These insights will prove invaluable in our understanding of disease development, identifying at-risk populations and providing targets for Disease@MESH:D009369 treatment", "type": "paragraph"}, {"sent": "Although this study was limited in scope to miRNAs with SNPs represented or imputed from the Illumina Human Exome BeadChip v1.1 and AMBER custom content (and thus only surveys one-third of all SNPS in the miRBase), as well as by miRNAs with predicted primary sequence from six cell lines, this study is one of the largest evaluations of miRNAs for association with BC. Moreover, it is the largest investigation among African-American women with BC annotated for subtype. Furthermore, predicted boundaries of primary transcripts at both 5' and 3' ends were extended from the start of the H3K4me3 peak at the 5' end (which is often upstream from the actual transcription start site (TSS)) and through the end of the H3K79me2 or H3K36me3 signal (which may or may not be downstream of the transcription termination site). Thus, SNPs defined as retained within the primary transcript may reside just upstream in the miRNA promoter region or may reside just downstream beyond the 3' end of the primary transcript, thus potentially altering our interpretation of function. Specifically, we predicted that the BC-associated SNPs identified may affect miRNA processing; however, if in fact they reside in the promoter regions, they may influence miRNA expression through other mechanisms. More experimental validation of discrete TSS and end sites is needed for the majority of known miRNAs. Additionally, while this is one of the largest populations of African-Americans with BC examined for miRNA gene association, the subtype analyses remain underpowered for the genetic effect sizes anticipated", "type": "paragraph"}, {"sent": "Despite these limitations, this study provides valuable new information about the relationship between numerous miRNA genes and BC in an understudied population, African-American women. It emphasizes the complexity of SNP association analyses and interpretation of function in gene-dense regions, and also the complex interplay of evidence from studies of coding genes, copy number variation, epigenetic regulation, and admixture mapping in an important chromosomal region associated with BC. Functional assessment of the BC-associated SNPs in Gene@10458 and Gene@100422915 are needed to identify the potential molecular mechanism behind their association with BC risk, in particular the risk of Gene@2099 positive BC, the most common subtype. Larger studies of African-American women are needed to address subtype-specific biology and genetics, including those related to miRNAs", "type": "paragraph"}, {"sent": "This study reports a novel BC signal within an 8.6-kb locus on chromosome 17q25.3, where germline genetic variation is associated with overall and Gene@2099 positive BC risk among African-American women. This complex and gene-dense region contains Gene@10458, a protein-coding gene, and Gene@100422915, an important nonprotein coding regulatory gene, which may play key roles in BC development and heterogeneity among AA women. An understanding of the potentially functional implications of variation in these genes is necessary and may uncover important genetic risk factors and mechanisms for BC in general and, more specifically, for Gene@2099 positive BC, the most common subtype. Understanding risk factors and mechanisms for BC may lead to improved screening, risk stratification, and novel treatments", "type": "paragraph"}, {"sent": "Gene@10899 played a central role in the study design and data interpretation and made a major contribution to the manuscript as the primary author. MG made a major contribution to the analysis and interpretation of genetic association data and provided supportive details from public genetic and expression databases. KLY analyzed and interpreted genetic association data. PS provided miRNA promoter annotation using six cell lines and tissue types (all ENCODE Tier 1 cell types plus human Disease@MESH:D010195 islets) and integrative analysis of ChIP-seq data from the NIH ENCODE project and algorithm described previously. Provided input on functional interpretation of miRNA SNPs associated with Disease@MESH:D001943. JP provided extensive bioinformatics support for gene annotation and SNP identification and selection. CVP provided clinical input and functional interpretation of miRNA SNPs associated with Disease@MESH:D001943. KC provided miRNA promoter annotation using six cell lines and tissue types (all ENCODE Tier 1 cell types plus human Disease@MESH:D010195 islets) and integrative analysis of ChIP-seq data from the NIH ENCODE project and algorithm described previously. CAH facilitated access to Gene@56477 biospecimens and data and provided input regarding genetic data interpretation in AMBER. SAH, ERA-N, C-CH, LES-C, QZ, Disease@MESH:C564794, SY, EVB, and LR provided input regarding genetic data interpretation in AMBER. KLL made a major contribution to the evaluation, quality control, coordination and management, and interpretation of the genetic data for AMBER and linkage with other study-specific clinical and demographic variables. CBA facilitated access to WCHS biospecimens and data and provided input regarding genetic data interpretation in AMBER. JRP facilitated access to BWHS biospecimens and data and provided input regarding genetic data interpretation in AMBER. Disease@MESH:C564683 and AFO facilitated access to CBCS biospecimens and data and provided input regarding genetic data interpretation in AMBER. All authors read and approved the final manuscript", "type": "paragraph"}, {"sent": "University of North Carolina at Chapel Hill (CBCS) IRB #11-127", "type": "paragraph"}, {"sent": "All study subjects provided informed consent and all study protocols were institutionally reviewed and approved by local IRBs and were titled: Epidemiology of Disease@MESH:D001943 Subtypes in African-American Women: a Consortium", "type": "paragraph"}, {"sent": "Springer Nature remains neutral with regard to jurisdictional claims in published maps and institutional affiliations", "type": "paragraph"}]}