{"sentences": [{"sent": "Disease@MESH:D015470 (Disease@MESH:D015470) is a Disease@MESH:D009369 of the myeloid line of blood cells, and generally considered to be caused by environment and genetic factors. In this study, we combined a genome-wide haplotype association study (GWHAS) and gene prioritization strategy to mine Disease@MESH:D015470-related genetic affect factors and understand its pathogenesis. A total of 175 Disease@MESH:D015470 patients were downloaded from the public GEO database (GSE32462) and 218 matched Caucasian controls were from the HapMap Project. We first identified the linkage disequilibrium (LD) blocks and performed a GWHAS to scan Disease@MESH:D015470-related haplotypes. Then we mapped these haplotypes to the corresponding genes as candidate. And finally, we prioritized all the Disease@MESH:D015470 candidate genes based on the similarity with 38 known Disease@MESH:D015470 susceptibility genes. The results showed that 1754 haplotypes were significant associated with Disease@MESH:D015470 (P<1E-5) and mapped to 591 candidate genes. After prioritizing all 591 Disease@MESH:D015470 candidate genes, we obtained four genes ranking at the front as Disease@MESH:D015470 risk genes: Gene@861, Gene@3716, Gene@5156, and Gene@2263. Among them, Gene@861, Gene@3716 and Gene@5156 had been confirmed as Disease@MESH:D015470 risk genes. In particular, we found that the gene Gene@2263 was a novel Disease@MESH:D015470 susceptibility gene with a haplotype TT (Mutation@rs7090018 and Mutation@rs2912759) showed significant association with Disease@MESH:D015470 (P-value = 7.07E-06). In a word, our findings might provide a new perspective to understand the pathogenesis of Disease@MESH:D015470", "type": "abstract"}, {"sent": "Disease@MESH:D015470 (Disease@MESH:D015470) is one of the Disease@MESH:D009369 in myeloid line of blood cells, characterized by clonal expansion of myeloid progenitors in the Disease@MESH:D001855 and peripheral blood. Disease@MESH:D015470 was the most common Disease@MESH:D015470, and increased with the population ages. In the USA alone, its incidence was 3.5 cases per 100,000 people, and approximately 20,000 patients were diagnosed with Disease@MESH:D015470 and 10,000 Disease@MESH:D015470-related Disease@MESH:D003643 occurred in 2015. Disease@MESH:D015470 with t(8;21)(q22;q22) [Gene@861-Gene@862] and inv(16)(p13.1q22) or t(16;16)(p13.1;q22) [Gene@865-Gene@4629], which the aberrant fusion genes leaded to impaired differentiation of hematopoietic progenitors, commonly referred to as Gene@10153 (Gene@10153)-Gene@819. It accounted for approximately 15% of Disease@MESH:D015470 patients, and was considered to have relatively good prognosis compared to other Disease@MESH:D007938 subtypes. In recent years, many studies had revealed novel mutations, epigenetic changes, and/or aberrant expression levels of protein-coding and noncoding genes involved in leukemogenesis. These results could help us to understand the genetic basis of the disease and refine the risk assessment in Disease@MESH:D015470. Furthermore, they would serve as targets for novel therapeutic approaches. With the development of high-resolution genome-wide scanning technologies, we could detect more Disease@MESH:D015470-related SNPs, copy number alterations (CNAs) and other regions in Disease@MESH:D015470 and other Disease@MESH:D007951", "type": "paragraph"}, {"sent": "Kuhn MW, et al shared a genome-wide Disease@MESH:D015470 data set with pediatric and adult Disease@MESH:D015470 patients (GSE32462). Based on the mutation analyses and CNAs analyses, they identified multiple activating mutations in KIT, Gene@2322, Gene@3717, Gene@4893, and Gene@3845, and revealed that in some cases, more than one gene within the RAS/Kinase signaling pathway were activated. As we know, a sequence of linkage disequilibrium (LD) alleles on a particular chromosome region might make up of a haplotype block, which would contain genetic information of several SNPs with marginal effects. Comparing the results about single-marker analysis, several previous studies confirmed that haplotype analysis results could increase power for detecting associations with disease and were robustness for mapping disease genes. Thus we performed a genome-wide haplotype association analysis study (GWHAS) to identify potentially novel Disease@MESH:D015470 risk genes. The International HapMap Project is an important resource in the human genome research and provides a variety of adjacent populations as a reference. In view of there were not any normal individuals in GSE32462, we constructed a control samples set from the HapMap Project to effectively use the precious genome-wide SNPs data set. Furthermore, according to the related genes in a disease or biological process generally shared similar characteristics in multiple omics data resources, a gene prioritization strategy was adopted to assess the similarity between Disease@MESH:D015470 candidate genes and known Disease@MESH:D015470 susceptibility genes", "type": "paragraph"}, {"sent": "In this study, a total of 739,981 autosomal SNPs were included, which shared in both GPL6801 platform and the HapMap database. After the quality control (detail see methods), our study obtained a total of 734,624 eligible autosomal SNPs. Then a genome-wide haplotype association study was performed, which contained 393 samples (175 Disease@MESH:D015470 patients and 218 matched healthy individuals). We identified 118,057 haplotype blocks, which contained total 519,865 haplotypes. For each haplotype, we carried out a chi-square test to assess the relationship with Disease@MESH:D015470 risk. In the end, 1,754 haplotypes located on 1,089 block regions showed significant correlation with Disease@MESH:D015470 (P< 1E-5) (Supplementary Table 2)", "type": "paragraph"}, {"sent": "According to the chromosome location information, 1,754 significant haplotypes were mapped to 591 genes, and regarded them as Disease@MESH:D015470-related candidate genes. Meanwhile, we retrieved 38 known Disease@MESH:D015470 susceptibility genes from OMIM and GAD database, which had been confirmed to associate with Disease@MESH:D015470 risk. After that, we analyzed the similarity on the structure and function between two gene sets, and total 42 features were included, such as Ensembl Est, Gene Ontology, KEGG, Blast, Disease@None, and so on (See methods for more detailed). We performed all above analyses by the Endeavour software. At last, four genes, Gene@861, Gene@3716, Gene@5156, and Gene@2263, had lower P-value (P<0.05), and regarded as high-risk Disease@MESH:D015470 genes (Table 1). All detailed results for candidate genes prioritization could be seen in Supplementary Table 3", "type": "paragraph"}, {"sent": "The Gene@861 (Gene@861) gene, also named as Gene@861, PEBP2, located on chromosome 21q22.3, and the physical location was: 36,160,098bp (start) - 36,421,595bp (end). The Gene@861 gene ranked the first, and also was the only gene existed in both training and candidate gene sets. From the detail information on Figure 1, we could see a LD block located on the gene with 2 SNPs: Mutation@rs8133478 and Mutation@rs762247, and a haplotype GC showed significant association with Disease@MESH:D015470 (P-value = 1.66E-6). Based on the EM algorithm to estimate the frequency of haplotype, it in patients was 5.95E-2, whereas in control individuals was 2.57E-3. Obviously, the haplotype GC could be inferred as a risk factor for Disease@MESH:D015470 with an OR=23.14. Generally, as a member of the RUNX gene family, it appeared frequently in the development of all hematopoietic cell types. The Gene@861 gene was involved in the t(8;21) translocation in acute and chronic Disease@MESH:D007951, and could produce oncogenic transformation to Disease@MESH:D015470. It was also demonstrated associated with other types of Disease@MESH:D007938, such as frequently mutated in pediatric B progenitor Disease@MESH:D054198 (ALL) in Pui (1995)'s research", "type": "paragraph"}, {"sent": "The Gene@3716 (Gene@3716) gene located from 65,298,906bp (start) to 65,432,187bp (end) on chromosome 1p32.3-p31.3. The detailed information could be seen on the Figure 2. In this gene, we found a haplotype CAGGG showed significant association with Disease@MESH:D015470 (chi-square test p value is 1.83E-12), which located on a block that consisted of 5 SNPs: Mutation@rs3790541, Mutation@rs11208534, Mutation@rs310202, Mutation@rs310201, and Mutation@rs310199. As the frequency of the haplotype CAGGG in patients was 0.118, and in control individuals was 2.57E-3, and the odds ratio was 45.8, we could infer that the haplotype CAGGG was an Disease@MESH:D015470 risk factor, and the individuals carried it might increase the genetic risk of Disease@MESH:D015470. The oncogenic Gene@3716 gene encoded a cytoplasmic tyrosine kinase and involved in lymphoid cell precursor proliferation, survival, and differentiation. Dysregulation of JAK-STAT pathway had been found as key events in a variety of Disease@MESH:D019337. Additionally, it has been reported that somatic mutations in Gene@3716 occurred in individuals with Disease@MESH:D054198 (ALL) and the dysregulated Gene@3716 function effected on ALL, particularly of T cell origin. Furthermore, Xiang Z-s report firstly demonstrated somatic Gene@3716 mutations in Disease@MESH:D015470 and suggested that Gene@3716 mutations might have function as disease-modifying mutations in Disease@MESH:D015470 pathogenesis. According to the association analysis about the regions of strong LD, our study further revealed that the Gene@3716 gene might be an Disease@MESH:D015470-related risk gene", "type": "paragraph"}, {"sent": "From our GWHAS, a LD block was found on the Gene@5156 (Gene@5156) gene with a physical location from 55,063,358bp to 55,102,425bp. Among six haplotypes, two haplotypes GGGCTC and GGGCTT showed significant association with Disease@MESH:D015470 (P-value = 6.35E-08, and 3.34E-18) (see Figure 3). For the haplotype GGGCTC, it can be inferred as a protective factor with an OR=0.284, and however, the haplotype GGGCTT showed a risk effect with OR=841.67. Studies revealed that this gene involved in organ development, wound healing, and Disease@MESH:D009369 progression. Mutations in the Gene@5156 gene had been implicated in Disease@MESH:D017681, somatic and Disease@MESH:D046152, Disease@MESH:D001932 and a variety of other Disease@MESH:D009369. Hiwatari M's study revealed novel missense mutations in the tyrosine kinase domain of the Gene@5156 gene in childhood Disease@MESH:D015470 with t(8;21)(q22;q22) or inv(16)(p13q22). The results suggested that Gene@5156 mutations might be implicated in oncogenic mechanisms in Disease@MESH:D015470. Moreover, recent studies showed if the Disease@MESH:D004802-associated Disease@MESH:D015470 patients presented the Gene@81608-Gene@5156 fusion gene, they should be as excellent candidates for treatment with tyrosine kinase inhibitors. In our study, the relationship between Gene@5156 gene and Disease@MESH:D015470 risk was detected again", "type": "paragraph"}, {"sent": "The Gene@2263 (Gene@2263) gene located on chromosome 10q26 with the physical location: 123,237,844bp (start) - 123,357,972bp (end). From Figure 4, a LD block contained 2 SNPs: Mutation@rs7090018 and Mutation@rs2912759, located on this gene, and a haplotype TT showed significant association with Disease@MESH:D015470 (P-value = 7.07E-06). When we implemented the haplotype frequency estimation via the EM algorithm, the frequencies of the haplotype TT were 0.0463 in patients and only zero in control individuals, respectively. Although the allele frequency in patients showed relatively low, the haplotype TT still revealed a risk effect compared to the lower control group. In recent years, the association between mutations in Gene@2263 gene and various Disease@MESH:D009369 had been found, such as Disease@MESH:D001943, Disease@MESH:D016889, Disease@MESH:D002294, Disease@MESH:D013274, and so on. Further, fibroblast growth factor receptors (FGFRs) genes had been shown to be translocated in Disease@MESH:D009101 (Disease@None). Jang JH, et al's study also found a splice variant of Gene@2263 gene in human Disease@MESH:D007938 HL-60 cells, and revealed that it was associated with Gene@207 and MAPK pathway activation. All of these indicated its oncogenic potential. In additional, Tanizaki J, et al's study identified a novel Gene@2263 extracellular domain insertion mutation and demonstrated that they were both oncogenic and sensitive to inhibition by FGFR kinase inhibitors. From the perspective of linkage disequilibrium, our study for the first time revealed the relationship between the Gene@2263 gene and Disease@MESH:D015470 risk", "type": "paragraph"}, {"sent": "Acute Disease@MESH:D007951 was recognized as a complex disease of hematopoietic stem cell disorders. It was classified into several categories based on underlying genetic alterations to facilitate diagnosis and prognosis by the World Health Organization (WHO). Among them, Disease@MESH:D015470 was characterized by the presence of distinct cytogenetic abnormalities. The genetic alterations discovered in Disease@MESH:D015470 would help us to understand the process of leukemogenesis and also serve as targets for novel therapeutic approaches. Although its pathogenesis mechanisms remained unclear, new molecular technologies had allowed for in-depth molecular analyses of Disease@MESH:D015470 patients and revealed some molecular aberrations such as novel mutations, epigenetic changes, and so on. Moreover, the LD region on a gene could be regarded as a sensitive indicator of the population genetic forces. Based on the genotyping arrays dataset GSE32462, we firstly performed a GWHAS to identify the Disease@MESH:D015470 related haplotypes. It covered the marginal effects of SNPs in a haplotype block and might have higher efficiency to mined Disease@MESH:D015470 susceptibility genes. Here, a total of 1,089 block regions were caught, and mapped to 591 Disease@MESH:D015470 candidate genes. Then based on multi-omics data resources, we prioritized and identified 4 Disease@MESH:D015470 risk genes: Gene@861, Gene@3716, Gene@5156, and Gene@2263. Among of them, Gene@861 ranked the first and was an oncogene for Disease@MESH:D015470; Gene@3716 and Gene@5156 gene also were confirmed association with Disease@MESH:D015470. Through retrieving the published literature, our study revealed that Gene@2263 gene, which had been involved in various Disease@MESH:D009369, was association with Disease@MESH:D015470 risk for the first time", "type": "paragraph"}, {"sent": "Recent years, the development of high-resolution genome-wide scanning technologies had given us abundant genetic variation resources for mining disease pathogenesis. Although still a lot of work need to be done, we believe that our work is effective and feasible. The study about conserved linkage disequilibrium chromosome regions can provide a new perspective for subsequent understanding of the pathogenesis about Disease@MESH:D015470", "type": "paragraph"}, {"sent": "In this study, we downloaded all the original genotypes data of Caucasian Gene@10153-Disease@MESH:D015470 patients from GEO database (accession GSE32462) under the chip platform GPL6801 (Affymetrix SNP 6.0 array), which contained 930,662 SNP markers. The purpose of our study was to identify the genetic risk factors of Disease@MESH:D015470 and avoid the effect of acquired somatic mutation. Therefore we selected the germline DNA of 175 pediatric and adult Gene@10153-Disease@MESH:D015470 patients obtained from Disease@MESH:D001855 or blood at remission. Considering the International HapMap Project could provide a variety of geographically neighboring reference populations, we compared the similarity of allele frequencies between HapMap Caucasian populations and GSE32462, and selected the highest correlation the HapMap CEU and Disease@None populations as a reference. Finally, 218 unrelated Caucasian control individuals were downloaded from phase II+III of the International HapMap Project (CEU, 116; Disease@None, 102,ftp://ftp.ncbi.nih.gov/hapmap). We took them as normal control samples. There were 739,981 autosomal SNPs shared in both GPL6801 platform and the HapMap database. Then we performed a quality control (QC) to select data according to the following criteria: Hardy-Weinberg equilibrium (HWE) P > 0.001, minor allele frequency (MAF) > 0.001, and percentage of successfully genotyping for the marker >75%. Finally, a total of 734,624 autosomal SNPs passed the QC and were used in the subsequent analyses", "type": "paragraph"}, {"sent": "On the basis of the autosomal SNPs data of 393 case-control samples, we performed a GWHAS to identify Disease@MESH:D015470-related haplotypes. First, we used the Four Gamete Tests (FGT) method to assess the linkage disequilibrium (LD) blocks. Then the haplotype phasing was estimated using the Maximum Likelihood Estimation (Disease@None) and the frequencies of the haplotypes were estimated using the Expectation Maximization (EM) algorithm. Finally, a chi-square test was performed, and if the P-value less than 1E-5, the haplotype was captured and considered as an Disease@MESH:D015470-related candidate. All above analyses were done using the HAPLOVIEW software", "type": "paragraph"}, {"sent": "We mapped all the Disease@MESH:D015470-related candidate haplotypes to genes based on the chromosome location information. All the genes location information was queried from the NCBI gene database. If a gene shared the same chromosome fragment with at least one Disease@MESH:D015470 candidate haplotype, it would be regarded as an Disease@MESH:D015470 candidate gene", "type": "paragraph"}, {"sent": "In some ways, the genes involved in the defined biological processes or diseases often shared some related characteristics, such as the similarity for sequence, functional annotation, expression and regulation information. Therefore, it could be considered that the Disease@MESH:D015470 potential risk genes should share some genetic features with the known Disease@MESH:D015470 genes either directly or indirectly. In order to identify the Disease@MESH:D015470 risk genes, we adopted a gene prioritization strategy proposed by Aerts S, et al. We performed it in three simple steps. First of all, we used the known disease genes as a training set, and established the training models based on the biological process of interest. Each sub-model corresponds to one selected data source. For a given data source, the scores of each candidate gene were computed using the associated sub-model. Then we ranked the candidate genes in each selected data source. Obviously, the most promising candidate genes would be at the front. At last, we integrated all the candidate genes rankings correspond to the given data sources and used an order statistics to obtain a single global ranking for mining the optimal disease risk genes. Based on the above strategies, we firstly collected 38 Disease@MESH:D015470 known genes as training gene set, in which 34 genes were from the Online Mendelian Inheritance in Man (OMIM) database, the other 4 Disease@MESH:D015470 known genes were verified by at least three published studies in genetic association database (GAD) database (Supplementary Table 1; All the 3 supplementary tables could be found in the website:http://www.bioapp.org/research/AMLhaplotype). Then up to 42 available data sources were used to train features and construct models, which generally contained the following categories: gene and protein function, chemical information, bio-molecular pathways, phenotypic information, interaction networks, expression profiles, expression ontologies, sequence features. For instance, the 'Gene and protein function' category included resources such as Gene Ontology, Pfam, UniProt and InterPro. We could obtain the ranking of the candidate genes associated with each given data source. Then we fused all of these rankings from the separate data sources into a single ranking and obtained a global prioritization using order statistics. The global order statistic Q-value was modeled by the Gamma-distribution, and then an approximate P-value was calculated according to the cumulative distribution function. The P-value represented the significance of this combination of rankings. If one candidate gene had a smaller P-value, it was regarded as more similar to the known Disease@MESH:D015470 genes and more likely to be considered as an Disease@MESH:D015470 risk gene. In this study, the comprehensive prioritization results of candidate genes could be obtained from the online software Endeavour (https://endeavour.esat.kuleuven.be/Default.aspx)", "type": "paragraph"}]}