{"sentences": [{"sent": "Estrone (Gene@6080), the major circulating estrogen in postmenopausal women, promotes Gene@2099 positive (ER+) Disease@MESH:D001943 growth and proliferation. Two major reactions contribute to Gene@6080 plasma concentrations, aromatase (Gene@1588) catalyzed Gene@6080 synthesis from androstenedione and Gene@412 (STS) catalyzed hydrolysis of estrone conjugates (E1Cs). E1Cs have been associated with Disease@MESH:D001943 risk and may contribute to Disease@MESH:D009369 progression since STS is expressed in Disease@MESH:D001943 where its activity exceeds that of aromatase", "type": "abstract"}, {"sent": "We performed genome-wide association studies (GWAS) to identify SNPs associated with variation in plasma concentrations of Gene@6080, and androstenedione in 774 postmenopausal women with resected early-stage ER+ Disease@MESH:D001943. Hormone concentrations were measured prior to aromatase inhibitor therapy", "type": "abstract"}, {"sent": "Multiple SNPs in Gene@10599, a gene encoding a hepatic influx transporter, displayed genome-wide significant associations with Gene@26768 plasma concentrations and with the Gene@26768/E1 ratio. The top SNP for Gene@26768 concentrations, Mutation@rs4149056 (p = 3.74E-11), was a missense variant that results in reduced transporter activity. Patients homozygous for the variant allele had significantly higher average Gene@26768 plasma concentrations than did other patients. Furthermore, three other Gene@10599 SNPs, not in LD with Mutation@rs4149056, were associated with both Gene@26768 concentrations and the Gene@26768/E1 ratio and were cis-eQTLs for Gene@28234. GWAS signals of suggestive significance were also observed for Gene@6080, androstenedione, and the Gene@6080/androstene-dione ratio", "type": "abstract"}, {"sent": "These results suggest a mechanism for genetic variation in Gene@26768 plasma concentrations as well as possible SNP biomarkers to identify ER+ Disease@MESH:D001943 patients for whom STS inhibitors might be of clinical value", "type": "abstract"}, {"sent": "Estrogens are important drivers of the growth and proliferation of normal mammary tissue and of Gene@2099 positive (ER+) Disease@MESH:D001943. Estrone (Gene@6080) and estradiol (E2) are the two major active estrogens. Gene@6080 is more abundant than E2 in postmenopausal women, the group with the highest incidence of Disease@MESH:D001943 in the United States. Gene@6080 activates ER, and potentiates estrogenic effects such as the growth and survival of hormone-responsive Disease@MESH:D001943. However, since Gene@6080 can be converted to E2 by 17-beta-hydroxysteroid dehydrogenase, the estrogenic effects observed for Gene@6080 may be driven by E2 as it has a much higher affinity for ER. There are two major precursors for Gene@6080, androstenedione and estrone-3-sulfate (E1S). In post-menopausal women, androstenedione is converted to E1 by aromatase (Gene@1588) in adipose tissue, the adrenal glands, liver, and in Disease@MESH:D001943. Gene@6080 can then be conjugated to form E1S. E1S is biologically inactive, but is a \"reservoir\" for active estrogen since it can be hydrolyzed to Gene@6080 by Gene@412 (STS). Circulating E1S concentrations are an order of magnitude higher than those of Gene@6080 in post-menopausal women. The major site of sulfation and desulfation of estrone is the liver, and this cycling of estrone is believed to be an intracellular mechanism for regulating estrogen activity", "type": "paragraph"}, {"sent": "Epidemiological studies have demonstrated a positive association between circulating Gene@6080 or E1S concentrations and Disease@MESH:D001943 risk. Furthermore, Gene@6080 concentrations in Disease@MESH:D001943 are higher than in the plasma of postmenopausal women. This may be due to the in situ biosynthesis of estrogens from both androgens and conjugated estrogen precursors. Aromatase inhibitors (AI), the major endocrine therapy for ER+ Disease@MESH:D009369 in the adjuvant setting, target only one source of estrogens, i.e., their synthesis from androgens. That leaves another source uninhibited, i.e., synthesis from E1S catalyzed by STS. Therefore, drugs that target this source of estrogens, i.e., STS inhibitors, have been developed as an additional approach to the treatment of ER+ Disease@MESH:D001943", "type": "paragraph"}, {"sent": "In this era of \"Precision Medicine,\" understanding factors that govern individual variation in plasma concentrations of estrogens might help us understand their role in individual variation in risk for Disease@MESH:D001943 occurrence and/or recurrence. Together with factors such as body mass index (BMI), age, and diet, genetics also influences circulating estrogen concentrations. Polymorphisms in genes such as Gene@1588, Gene@2099, and Gene@6462 have all been shown to affect circulating estrogen concentrations. However, application of an agnostic approach such as GWAS might help us to identify additional genetic factors. For example, Liu et al. in a GWAS for E2 plasma concentrations in post-menopausal women with ER+ Disease@MESH:D001943, identified a novel genome-wide significant SNP signal in Gene@85453, and demonstrated that Gene@85453 encoded a transcription factor that regulated the expression of Gene@1588 in a SNP-dependent fashion. Most published GWAS for estrogens in post-menopausal women have focused on E2, rather than the more abundant Gene@6080, and its precursor E1S. No GWAS results have been published for plasma Gene@6080, or androstenedione in postmenopausal women. We hypothesized that genetic factors might contribute to variation in the concentrations of plasma hormones in the estrone biosynthesis and metabolism pathways, so we performed a comprehensive series of GWAS for plasma concentrations of these hormones in postmenopausal women with ER+ Disease@MESH:D001943 prior to adjuvant AI therapy. We also performed GWAS of ratios of hormones and their precursors as phenotypes to \"isolate\" specific reactions in this pathway. The studies described subsequently identified genome-wide significant SNP signals associated with variation in plasma Gene@26768 and the Gene@26768/E1 ratio across the Gene@10599 gene, a gene encoding Gene@10599, an E1S transporter. These observations might ultimately help us identify individualized approaches for the therapy and/or prevention of ER+ Disease@MESH:D001943", "type": "paragraph"}, {"sent": "Details of the Mayo/MDA/MSK study were described previously. Briefly, our study population consisted of 774 postmenopausal women with resected early-stage ER+ Disease@MESH:D001943. These patients were recruited from three Mayo Clinic locations (i.e., Rochester, MN, Jacksonville FL, and Scottsdale, AZ) as well as from Disease@MESH:D009369 Center. Demographic information about the study population is listed in Table 1. Prior to the initiation of anastrozole therapy, plasma samples were collected and assayed for Gene@106478911;6080, and total Gene@6080 conjugates (Gene@26768), which included both sulfate and glucuronide conjugates (with Gene@6080 sulfate as the predominant conjugate), testosterone, and androstenedione using gas chromatography-tandem mass spectrometry. DNA from the subjects was genotyped for over 600,000 SNPs using the Ilumina Human610-Quad BeadChip. SNPs with minor allele frequencies (MAFs) <0.01 and/or Hardy-Weinberg equilibrium p values <1.0E-06 were excluded from the analyses. Approximately 8 million SNPs were imputed using reference populations from the 2010 release of the 1000 Genomes Project. Reference SNPs with Gene@4094 values <0.005 were removed prior to imputation performed using BEAGLE v3.3.1. Imputed SNPs with dosage r2 values <0.3 and/or Gene@4094 values <0.01 were excluded from analyses. See supplemental information for details", "type": "paragraph"}, {"sent": "The phenotypes analyzed were plasma concentrations of Gene@6080;26768, androstenedione, and the ratios of Gene@6080/androstenedione and Gene@26768/E1. These values were analyzed as continuous quantitative variables. Van Der Waerden transformations were applied to phenotypes with skewed distributions to satisfy the assumption of a Gaussian distribution. To identify potential confounders, univariate linear regression analyses were performed with the hormone phenotypes and clinical variables such as BMI, age at diagnosis, recruitment site, smoking history, and eigenvectors from a principal component analysis (PCA) of population substructure. Covariates with the association of p values of 0.01 or lower were included in a multivariate linear regression model for the GWAS. For each phenotype, two analyses were performed, one using an unadjusted model without covariates, and another in which we adjusted for relevant covariates including eigenvectors from a PCA substructure analyses. The best model was determined by examining Quantile-Quantile (Q-Q) plots of the observed association of p values for adherence to the null distribution. This strategy was used for the genotyped SNP analyses. The best model emerging from the application of this approach was then applied to the analyses of the imputed SNPs. We used a p value of 5.0E-08 as the threshold for genome-wide significance. All analyses were performed using R statistical computing software (v3.0.2) and Plink (v1.07)", "type": "paragraph"}, {"sent": "Associations among Gene@6080;26768, androstenedione, Gene@26768/E1, and Gene@6080/androstenedione and relevant clinical variables are listed in Table 2. Gene@6080 and Gene@26768 displayed significant positive associations with BMI as did the Gene@6080/androstenedione ratio. Gene@26768/E1 was not associated with BMI. Age at the time of diagnosis was positively associated with Gene@6080 and the Gene@6080/androstenedione ratio, and was negatively associated with Gene@26768/E1. Age did not appear to be associated with the plasma concentrations of androstenedione or Gene@26768. Smoking status was only associated with Gene@26768 concentrations, with smokers having a lower mean Gene@26768 concentration than did non-smokers (p = 0.01). Women with prior exposure to hormone replacement therapy had lower mean Gene@26768 concentrations than did those who had not been treated with those agents (p = 0.01). With regard to race, the only significant association observed in our data involved the Gene@6080/androstenedione ratio. African-American women had a higher mean Gene@6080/androstenedione than did patients of European ancestry (p = 1.0E-03) (Table 2)", "type": "paragraph"}, {"sent": "In the GWAS for circulating Gene@26768 concentrations (Q-Q plots in Supplementary Fig. 1), we observed a genome-wide significant SNP signal across Gene@10599, a gene that encodes a solute carrier (SLC) transporter that is highly expressed in liver (Figs. 1A, 2A, Supplementary Table 1). The minor allele (C) of the top SNP, Mutation@rs4149056 (Gene@4094 = 0.14), was associated with increased Gene@26768 concentrations with a p value of 3.74E-11 (Table 3). This non-synonymous (ns) SNP (Mutation@rs4149056) resulted in an amino acid change from valine to alanine (Val174Ala) at residue 174 of the Gene@10599 protein encoded by Gene@10599, resulting in a transporter with reduced activity. Gene@10599 is involved in hepatic uptake from the systemic circulation of both endogenous molecules such as Gene@26768 and xenobiotics such as statins. Given the reduced activity conferred by this SNP, patients with the C allele had higher concentrations of Gene@26768 in the circulation compared to those with the T allele (CC: mean = 873.6 pg/mL, TT: mean = 285.6 pg/mL) (Fig. 3). Higher circulating Gene@26768 results in greater systemic exposure to Gene@26768 by tissues such as the breast", "type": "paragraph"}, {"sent": "As anticipated, there was a strong association between plasma concentrations of Gene@26768 and those of its precursor, Gene@6080 (Pearson's r = 0.63, p = 5.15E-83). However, regression analyses showed that there was no direct effect of the Mutation@rs4149056 nsSNP on Gene@6080 concentrations, but the positive relationship between Gene@6080 and EIC concentrations was modified by Mutation@rs4149056 (Supplementary Table 2). Specifically, individuals homozygous for the variant allele had, on average, a smaller increase in Gene@6080 per unit increase in Gene@26768 concentrations, whereas those homozygous for the wildtype genotype had, on average, a greater increase in Gene@6080 per unit increase in Gene@6080 (Supplementary Fig. 2):compatible with the functional effect of the Mutation@rs4149056 C allele. This suggests that even when there was a similar quantitative increase in Gene@26768 among our subjects, the subsequent increase in Gene@6080 was smaller in women who were homozygous variant for the Gene@10599 missense SNP. Perhaps, this might be due to fewer EIC molecules entering the liver for desulfation in subjects with decreased Gene@10599 transport activity", "type": "paragraph"}, {"sent": "The Manhattan plot for the GWAS of the Gene@26768/E1 ratio is shown in Fig. 1B (Q-Q plots in Supplementary Fig. 3). Numerous SNPs in this GWAS achieved genome-wide significance (Supplementary Table 3) and they all mapped to Gene@10599 (Fig. 2). The linkage disequilibrium (LD) structure among the top SNPs suggested the existence of two independent signals in the Gene@10599 gene. The Mutation@rs4149056 nsSNP that was the top GWAS signal for Gene@26768 concentration also displayed a genome-wide significant association with Gene@26768/E1 (p = 8.67E-09) (Table 3). However, this SNP was not in LD (r2 = 0.013) with the top SNP for the Gene@26768/E1 GWAS, Mutation@rs10841753 (p = 2.95E-12), (see Fig. 2B) an intronic SNP with a minor allele C that was associated with decreased Gene@26768/E1. This SNP was not an expression quantitative trait locus (eQTL) for Gene@10599, but it was in perfect LD (r2 = 1) with another Gene@10599 missense variant, Mutation@rs11045819, that was also associated with Gene@26768/E1 (p = 3.87E-08) (Table 3). This second missense variant, Mutation@rs11045819 (Mutation@rs11045819), resulted in a proline to threonine (Pro155Thr) change in the protein encoded by Gene@10599 and had a minor allele (A) frequency of 15% in our sample of women who were primarily of European ancestry. This variant was absent in populations of East Asian ancestry and had a Gene@4094 of 6% in populations of African ancestry based on 1000 Genomes data. Unlike Mutation@rs4149056, Mutation@rs11045819 does not appear to alter the activity of the Gene@10599 transporter", "type": "paragraph"}, {"sent": "Three of the top SNPs from this GWAS, Mutation@rs11045828 (p = 5.33E-11), Mutation@rs10841755 (p = 8.13-11), and Mutation@rs11045834 (p = 3.08E-11) (Table 3), mapped to an Gene@10599 intron and were significant eQTLs for the nearby Gene@28234 gene, but not for Gene@10599 (GTEx). For each of these SNPs, the variant allele was associated with decreased Gene@26768/E1 and with decreased expression of Gene@28234 (Mutation@rs11045828: effect size for expression = -0.4, p = 1.6E-06; Mutation@rs10841755: effect size = -0.4, p = 1.7E-06; 11045834: effect size = -0.38 p = 4.7E-06). Gene@28234 also encodes a hepatic influx transporter, maps 200 kb upstream of Gene@10599, and transports E1Cs. All three of the SNPs that were eQTLs for Gene@28234 were in high LD [r2 = 1.0] with each other. In addition to being associated with Gene@26768/E1, these SNPs were also significantly associated with decreased Gene@26768 concentrations (Mutation@rs11045828: p = 5.68E-06, Mutation@rs10841755: p = 8.68E-06, 11045834: p = 1.61E-06) but not with Gene@6080 concentrations. Since Gene@28234 encodes an influx transporter one might anticipate that SNPs associated with decreased expression of Gene@28234 might be associated with increased Gene@26768 concentrations, but our data clearly demonstrate the opposite", "type": "paragraph"}, {"sent": "We also performed a GWAS for Gene@6080 concentrations (Fig. 1C, Supplementary Fig. 4) and the top SNP was Mutation@rs12586722 which mapped to LOC105370555 on chromosome 14 (Table 3, Supplementary Table 4), but this SNP did not achieve genome-wide significance. The minor allele A (Gene@4094 = 0.16) for this SNP was associated with increased Gene@6080 concentrations (p = 1.48E-06). This SNP was a cis-eQTL for Gene@317760, a nearby processed pseudogene. The minor allele for the SNP was associated with decreased expression. Another SNP of possible interest in this region was Mutation@rs114864695 (p = 2.55E-06), a missense variant in exon 2 of Gene@8747 (Table 3). It resulted in a Mutation@rs114864695 change in the genomic sequence and a Lys247Gln change in the encoded amino acid sequence. The functional consequences of this missense variant are unknown. According to GTEx, this SNP is also a cis-eQTL for Gene@145241, and the C allele is associated with increased expression of this putative pseudogene (effect size = -0.49, p = 1.8E-09)", "type": "paragraph"}, {"sent": "Although there were no SNPs that reached genome-wide significance in the Gene@6080/androstenedione GWAS (Supplementary Fig. 5), there were several SNPs with suggestive significance. Those polymorphisms included SNPs in or near Gene@5218, Gene@401036, Gene@5797, and Gene@1588 (Table 3, Supplementary Table 5). Gene@1588 was of interest since it encodes aromatase, the enzyme that catalyzes the conversion of androstenedione to Gene@6080 and of testosterone to E2. The minor allele (G) for the top SNP in this gene, Mutation@rs17601876 (p = 3.50E-06), was associated with an increased Gene@6080/androstenedione (Table 3). Several of the SNPs from this GWAS were cis-eQTLs for Gene@1588, including Mutation@rs7175531 (Gene@4094 = 0.34, p = 6.18E-05) and Mutation@rs2414095 (Gene@4094 = 0.34, p = 7.02E-05). Minor alleles for both SNPs were associated with decreased Gene@6080/androstenedione among our patients and with decreased Gene@1588 expression. Since decreased Gene@1588 would result in decreased conversion of androstenedione to Gene@6080, the directional effects for both relationships were consistent", "type": "paragraph"}, {"sent": "In our androstenedione GWAS (Supplementary Fig. 6c), the main signal included intronic SNPs for Gene@30817/Gene@30817, with Mutation@rs57712673 having the lowest p value (p = 1.39E-07) (Table 3). The minor allele for this SNP (A) was associated with increased androstenedione concentrations as well as decreased expression of Gene@30817 (effect size = -0.2, p = 8.0E-07). Another signal of interest involved a cluster of SNPs on chromosome 8 within and flanking Gene@1584 and Gene@1585 (Supplementary Fig. 6c, Supplementary Table 6), genes encoding enzymes in the steroid hormone biosynthesis pathway. Within this region, the minor allele (T) of the SNP with the lowest p value, Mutation@rs6988985, was associated with increased androstenedione (p = 6.65E-07) (Table 3). Gene@1584 expression is regulated by adrenocorticotrophic hormone (ACTH) which regulates the quantity of 17-hydroxyprogesterone available for conversion to androstenedione in the adrenal glands", "type": "paragraph"}, {"sent": "The major signal observed in our Gene@26768 GWAS was a missense variant in Gene@10599, Mutation@rs4149056. GWAS for the ratio of Gene@26768/E1 yielded the same signal, as well as an additional independent signal that included another Gene@10599 missense variant, Mutation@rs11045819. These two nsSNPs are approximately 1700 bp apart and map to adjacent Gene@10599 exons, 5 and 6, but they are not in LD with each other in European, African, or Asian populations. The variant allele for Mutation@rs4149056 (Mutation@rs4149056) results in a Val174Ala amino acid change in the fourth transmembrane segment of the Gene@10599 protein. This variant is a well-studied pharmacogenomic marker identified initially during a GWAS for statin-induced Disease@MESH:D009135. This variant has also been associated with concentrations of bilirubin, Gene@6462, and various metabolites. Gene@10599, the transporter encoded by Gene@10599, is expressed primarily in hepatic tissue, and transports numerous endogenous compounds, including E1Cs (E1S), from the systemic circulation into hepatocytes. Functional studies have shown that the Mutation@rs4149056 variant allele is associated with decreased membrane expression of the Gene@10599 transporter, and thus, reduced transport activity. Reduced transport would increase the plasma concentration and systemic exposure to Gene@10599 substrates, which is compatible with our observations. In our patients, those with one or more copies of the Mutation@rs4149056 C variant allele had higher mean plasma concentrations of Gene@26768 than patients homozygous for the major allele (CC: 873.6 pg/mL, TT: 285.6 pg/mL) (Fig. 3). Thus, women who carried the minor allele had increased systemic exposure to E1Cs", "type": "paragraph"}, {"sent": "The second Gene@10599 missense variant, Mutation@rs11045819 (Mutation@rs11045819), resulted in a Pro155Thr change in the extra-cellular loop region of Gene@10599. However, in vitro studies failed to show that Mutation@rs11045819 affects either protein expression for the encoded transporter or its uptake activity. In our patients, the variant allele (A) for this SNP was associated with decreased Gene@26768/E1, and thus a lower exposure to circulating Gene@26768. There were no patients in our sample who were homozygous for variants for both mis-sense SNPs. The Mutation@rs11045819 variant might be significantly associated with Gene@26768/E1 because it is in modest LD (r2 = 0.517) with 3 intronic SNPs that displayed statistically significant associations with the Gene@26768/E1 ratio, and which were also cis-eQTLs for Gene@28234. That gene encodes Gene@28234, a solute carrier transporter that is also capable of transporting E1Cs, but with lower transport efficiency than Gene@10599", "type": "paragraph"}, {"sent": "Both the non-synonymous and other variants in Gene@10599 associated with elevated plasma Gene@26768 concentrations may be clinically important since elevated Gene@26768 concentrations have previously been linked to increased Disease@MESH:D001943 risk in postmenopausal women. In addition, ten SNPs in Gene@10599 were previously shown to be associated with increased risk for Disease@MESH:D001943 in postmenopausal women in the California Teachers Study (CTS). Although none of those SNPs showed genome-wide significant associations with Gene@26768 concentrations in our data, seven were nominally associated, and one SNP (Mutation@rs4149058) exhibited suggestive statistical significance (p = 5.02E-06). That SNP was associated with a 23% increase in Disease@MESH:D001943 risk in the CTS and with increased Gene@26768 concentrations in our study. Mutation@Rs4149058 was in modest LD (r2 = 0.59) with the Mutation@rs4149056 missense variant that was the top SNP signal in our Gene@26768 GWAS. Mutation@Rs4149056 was not genotyped in the CTS, nor were most of our variants that displayed genome-wide significant associations with Gene@26768 or Gene@26768/E1", "type": "paragraph"}, {"sent": "The increase in systemic exposure to Gene@26768 by ER+ Disease@MESH:D001943 patients who were homozygous variant for Mutation@rs4149056 may mean that their Disease@MESH:D009369 take up more Gene@26768, a precursor for Gene@6080. Since Gene@10599 is not expressed in either normal or Disease@MESH:D009369 breast tissue according to the GTEx (39) and TCGA databases (46-47), one can assume that this missense SNP will not affect Gene@26768 transport into Disease@MESH:D001943 tissue. Other OATPs that have the capacity to transport E1S (33), such as Gene@11309, Gene@28232, and Gene@28231, are highly expressed in Disease@MESH:D001943. Those OATPs tend to be ubiquitously expressed, but have lower hepatic expression than does Gene@10599 (35). Furthermore, TCGA data indicate that the Disease@MESH:D001943 expression of these genes is comparable to key Disease@MESH:D001943 genes such as Gene@2099 and Gene@595. Hypothetically, elevated circulating E1Cs could indirectly augment the proliferation of Disease@MESH:D001943 that have the capacity to take up and hydrolyze E1Cs to form Gene@6080. In kinetic studies, ER+ cell lines have much higher rates of Gene@26768 uptake than do normal breast cell lines. Furthermore, ER+ cell lines had lower Km values for Gene@6579-mediated transport of E1Cs compared to other Disease@MESH:D001943 cell lines, indicating that ER+ cell lines may have greater transport efficiency. Higuchi et al. demonstrated up-regulation of the expression of the Gene@10599, Gene@6579, OATP4A2, and Gene@81796 transporters in a letrozole-resistant MCF7 Disease@MESH:D001943 cell line. Those cell lines were shown to proliferate preferentially in Gene@26768 supplemented media, a situation analogous to elevated circulating plasma concentrations. They also showed that treatment with an STS inhibitor reduced proliferation of the letrozole-resistant cell lines, results that support the possible clinical application of STS inhibitors. Further highlighting the biological and potential clinical importance of the STS-mediated pathway for estrogen production, Utsumi et al. demonstrated that patients with high Gene@412 [STS] expression in Disease@MESH:D001943 had a higher risk of recurrence than those with low expression. This implies that higher plasma Gene@26768 exposure, higher Disease@MESH:D009369 Gene@26768 uptake, and higher STS expression might contribute to risk for Disease@MESH:D009369 recurrence. Therefore, STS inhibitors might prove beneficial for ER+ Disease@MESH:D001943 patients with high circulating Gene@26768 during adjuvant AI therapy. Selection of patients for STS inhibitor trials has been a challenge, and it is possible that Mutation@rs4149056 could help address this issue. We assume that patients with high circulating concentrations of Gene@26768 might benefit from STS inhibition. Thus, patients who are homozygous variant for Mutation@rs4149056 and are on an aromatase inhibitor could be selected for clinical trials of STS inhibitor as add-on therapy", "type": "paragraph"}, {"sent": "In summary, our GWAS of plasma Gene@6080 and its major precursors in postmenopausal women with ER+ Disease@MESH:D001943 identified SNP signals across Gene@10599 that point to a mechanism that might contribute to increased Disease@MESH:D009369 exposure to estrogen. The Gene@10599-encoded hepatic influx transporter regulates circulating concentrations of Gene@26768, a \"reservoir\" for Gene@6080 that can increase the exposure of patients to active estrogens after hydrolysis of the conjugates. This pathway remains active in patients who are on aromatase inhibitor therapy. We found that two independent missense variants in Gene@10599 were associated with either increased or decreased circulating Gene@26768 concentrations and/or Gene@26768/E1 ratio:results that require replication in future studies. These variants may provide a means by which to identify ER+ Disease@MESH:D001943 patients on AI therapy who are at increased risk for Disease@MESH:D009369 recurrence because of Disease@MESH:D009369 Gene@26768 exposure, and who might benefit from additional therapy such as STS inhibition", "type": "paragraph"}, {"sent": "Manhattan plots showing GWAS results for plasma concentrations of (A). Estrone Conjugates (Gene@26768), (B). the ratio of Gene@26768/E1, (C). Estrone (Gene@6080) in 774 postmenopausal women with ER+ Disease@MESH:D001943 prior to the initiation of endocrine therapy. Dashed lines represent thresholds for genome-wide significance (p <= 5.0E-08, green) and suggestive significance (p <= 5.0E-06, gray", "type": "fig_caption"}, {"sent": "Regional plots of the genome-wide significant SNP signal across Gene@10599 from (A). GWAS of Gene@26768 which shows the top SNP, Mutation@rs4149056 (blue arrow), a missense variant that results in a plasma membrane transporter with reduced activity, (B) GWAS of Gene@26768/E1 which shows the top SNP, Mutation@rs10841753 (purple point), which is an intronic variant that is in high LD (R2 = 1.00, CEU population, distance = 8443 bp), with another missense variant, Mutation@rs11045819 (red arrow) in populations of European descent, but it is a signal independent from Mutation@rs4149056 (R2 = 0.013, CEU population, distance = 101179 bp). The black arrow highlights 3 SNPs (Mutation@rs11045828, Mutation@rs10841755, and Mutation@rs11045834) that are cis-eQTLs for Gene@28234 and are associated with Disease@MESH:D001943 ris", "type": "fig_caption"}, {"sent": "Mean plasma Gene@26768 concentrations for each genotype of Mutation@rs4149056 (with 95% confidence intervals shown) in postmenopausal women with ER+ Disease@MESH:D001943. Red points with red horizontal bars indicate the mean values for each genotyp", "type": "fig_caption"}, {"sent": "Patient Characteristics for 774 postmenopausal women with ER+ Disease@MESH:D001943", "type": "table_caption"}, {"sent": "Association between plasma hormone concentrations or ratios of concentrations and clinical and demographic variables among 774 postmenopausal women with ER+ Disease@MESH:D001943", "type": "table_caption"}, {"sent": "List of top and selected SNP signals from the GWAS analyse", "type": "table_caption"}]}