{"sentences": [{"sent": "Previous findings on the association of genetic factors and Disease@MESH:D010190 survival are limited and inconsistent. In a two-stage study, we analyzed the existing genome-wide association study dataset of 868 Disease@MESH:D010190 patients from Disease@MESH:C535460 Center in relation to overall survival using Gene@1351 regression. Top hits were selected for replication in another 820 patients from the same institution using the Taqman genotyping method. Functional annotation, pathway analysis, and gene expression analysis were conducted using existing software and databases. We discovered genome-wide significant associations of patient survival with three imputed SNPs which, in complete LD (r2=1), were intronic SNPs of the Gene@400961 (Mutation@rs113988120) and Gene@8291 genes (Mutation@rs112493246 and Mutation@rs138529893) located on chromosome 2. The variant alleles were associated with a 3.06-fold higher risk of Disease@MESH:D003643 (95% confidence interval [CI]=2.10-4.47, P = 6.4 x 10-9) after adjusting for clinical factors. Eleven SNPs were tested in the replication study and the association of Mutation@rs113988120 with survival was confirmed (HR: 1.57, 95%CI: 1.13-2.20, P = 0.008). In silico analysis found Mutation@rs1139988120 might lead to altered motif. This locus is in LD (D'=0.77) with 3 eQTL SNPs near or belong to the Gene@55577 and Gene@84693 genes. According to The Cancer Genome Atlas data and our previous RNA-sequencing data, the mRNA expression level of Gene@400961 but not Gene@55577, Gene@84693 or Gene@8291 was significantly lower in Disease@MESH:D010190 than in normal adjacent tissues. Additional validation efforts and functional studies are warranted to demonstrate whether Gene@400961 is a novel Disease@MESH:D009369 suppressor gene and a potential therapeutic target for Disease@MESH:D010190", "type": "abstract"}, {"sent": "Disease@MESH:D021441 (PDAC) is the most common type of Disease@MESH:D010190 which is the fourth leading cause of Disease@MESH:D003643 in the United States. PDAC has a dismal prognosis; the average 5-year survival rate was 6.7% according to cumulative statistics from 2004 to 2010 . The poor outcome of this disease is due mainly to late diagnosis and the high invasiveness and profoundly drug-resistant nature of the Disease@MESH:D009369. The recent advances in the understanding of the molecular and genetic alterations in Disease@MESH:D010190 have not yet been translated into significant improvement in patient survival or reduced mortality. There is a critical need for novel therapeutic targets and molecular markers in personalized PDAC management to achieve better treatment efficacy", "type": "paragraph"}, {"sent": "Emerging evidence suggests that germline genetic variations influence survival in PDAC. Studies using the candidate-gene approach focusing on genes involved in DNA repair , cell cycle regulation , drug metabolism , and signaling pathways  have observed many nominally significant associations. Genome-wide association studies (GWAS) on overall survival (OS) in PDAC have also identified a number of interesting loci, but the findings are inconsistent and none of these loci have reached genome-wide significance. Identifying genetic variants associated with PDAC survival may lead to the discovery of novel therapeutic targets for the development of new strategies in patient treatment", "type": "paragraph"}, {"sent": "Many of the previous studies on genetic factors in PDAC survival suffered the limitations of insufficient study power or heterogeneous study population. Taking advantage of the existing GWAS data and the large patient population recruited in a case-control study on PDAC conducted at The University of Disease@MESH:C535460 Center, we performed a two-stage study to identify genetic variants that are associated with survival in 1,688 patients with pathologically diagnosed PDAC", "type": "paragraph"}, {"sent": "The study population was drawn from a hospital-based case-control study of patients with pathologically confirmed PDAC conducted at The University of Disease@MESH:C535460 Center from June 2002 through May 2009. All patients were recruited consecutively with the exclusion criteria of non-US resident or having a prior history of Disease@MESH:D009369. All patients signed an informed consent for interview and a blood sample. DNA was extracted from peripheral lymphocytes and GWAS was conducted as previously described by the Disease@MESH:D010190 Cohort Consortium (PanScan) and the Disease@MESH:D010190 Case-Control Consortium (PanC4). A total of 903 MD Anderson patients with sufficient amount of DNA samples were genotyped in the PanScan II and PamC4 GWASs", "type": "paragraph"}, {"sent": "Prior to analysis, we carried out further quality control of the GWAS data. We extracted 11 duplicate samples that were intentionally preset to check the genotyping concordance between PanScan II and PanC4. Comparison of the duplicate samples showed 100% concordance. Then, we excluded 15 patients who had later been diagnosed with diseases other than PC or who did not have complete clinical data. Identity-by-descent analyses did not show evident familial relationships between any of the patients. A total of 877 samples remained for population structure analysis. Using the International HapMap Project genotype data (phase 3 release #3, National Center for Biotechnology Information [NCBI] build 36, SNP Database (dbSNP) b126, 2010-05-28, minor allele frequency [MAF]>5%) for CEU, JPT/CHB, and YRI , we seeded 10,195 high-quality markers from our dataset (r2 < 0.004) in STRUCTURE analysis . A total of 868 individuals of European descent (0.82-1.00 similarity to CEU) were identified for the survival analysis in the discovery study. We also derived five principal components for population substructure based on the 868 patients using Genome-wide Complex Trait Analysis software", "type": "paragraph"}, {"sent": "The replication study was conducted in 820 MD Anderson patients who were mostly enrolled in the case-control study after the conduction of the GWAS in 2009. The only selection criteria we applied are: 1) have not been involved in GWAS and 2) being self-reported non-Hispanic whites. We selected the highest-ranked single-nucleotide polymorphisms (SNPs), which had the smallest P values in Gene@1351 regression analysis, high imputation quality scores (>=0.7), and MAFs of >0.15. We also preferentially considered the nonsynonymous SNPs or SNPs of known PDAC-related genes. Genotyping was performed using the TaqMan method in an Applied Biosystems 7900HT Fast Real-time PCR System (Foster City, CA). Five percent of the samples were analyzed in duplicates, and a 99% agreement rate was achieved. The inconsistency was resolved by further genotyping", "type": "paragraph"}, {"sent": "Because PanScan II and PanC4 used different genotyping platforms, imputation was conducted to generate a common dataset for both studies. The GWAS data were first pre-phased in SHAPEIT2 , then imputed in IMPUTE2 with the 1000 Genomes Project (phase1_release_v3.20101123) as the reference . Because SNPs in PanScan II were originally mapped to an older genome assembly (NCBI build 36 [hg18]), we systematically converted their genome positions to genome assembly NCBI build 37 (hg19) using the liftOver tool by the University of California, Santa Cruz, (http://genome.ucsc.edu). SNPs not listed in NCBI build 37 were removed, with the RsMergeArch.bcp.gz database as the reference (ftp://ftp.ncbi.nih.gov/snp/organisms/human_9606/database/organism_data/). Moreover, we removed SNPs that had a MAF of less than 1%, deviated from Hardy-Weinberg equilibrium (P < 0.0004), or had a high number of missing genotypes (>2%). Because the PanScan II and PanC4 datasets had only ~320,000 SNPs in common, imputation was performed in separate dataset. After imputation, we pruned out SNPs with quality scores of <0.3, MAFs of <0.01, missing rates of >0.02, or deviating from Hardy-Weinberg equilibrium (P < 0.0001), resulting in 7,738,399 bi-allelic SNPs for further analysis", "type": "paragraph"}, {"sent": "OS was calculated from the date of Disease@MESH:D009369 diagnosis to the date of Disease@MESH:D003643 or to the last follow-up date. The maximum follow-up time was 5 years. Patients who were alive at the last follow-up date were censored. Median survival times were estimated and compared using the Kaplan-Meier plot and log-rank test. A Gene@1351 proportional hazards model was fitted to assess risk of Disease@MESH:D003643 using hazard ratios (HRs) and 95% confidence intervals (95% CIs). Genotype data were analyzed using an additive inheritance model with adjustment for demographics such as age (continuous) and sex and for clinical predictors such as Disease@MESH:D009369 stage (localized, locally advanced, or metastatic), Disease@MESH:D009369 resection (performed or not performed) and chemotherapy (given or not given). In the discovery study, five principal components accounting for population substructure were also adjusted", "type": "paragraph"}, {"sent": "Statistical analysis used the R package version 3.1.0. We took P < 5.0 x 10-8 as genome-wide significant in the GWAS analysis and took P < 5.0 x 10-2 as nominally significant and P < 4.5 x 10-3 (P/the number of SNP tested) as Bonferroni-corrected significant in analyses of the validation and the combined GWAS and validation dataset", "type": "paragraph"}, {"sent": "We conducted functional annotation and linkage disequilibrium (LD) analysis of the top hit SNP using HaploReg version 4 , RegulomeDB and PolyPhen-2. The association of selected SNPs and gene expression levels was evaluated using Genotype-Tissue Expression (GTEx) and NCBI eQTL database and the RNASeq level 3 data from TCGA. A previously conducted RNA-Seq study in paired normal and Disease@MESH:D009369 tissues from 10 patients with resected PDAC Disease@MESH:D009369 was also considered", "type": "paragraph"}, {"sent": "To explore functionally enriched biological pathways, we conducted network analysis on SNPs with a P value of <0.0005 using Ingenuity Pathway Analysis (Ingenuity Systems, Redwood City, CA [www.ingenuity.com]). SNPs were assigned to relevant genes using the University of Disease@MESH:D004670 (UCSC) Table Browser data retrieval tool. For each gene region, SNPs within 20 kb upstream or downstream of the gene were included", "type": "paragraph"}, {"sent": "As a validation effort, we examined SNPs that were associated with PDAC survival in previous GWASs (Gene@4790) in association with survival in the current MD Anderson GWAS dataset", "type": "paragraph"}, {"sent": "The distributions of sex, age, and Disease@MESH:D009369 stage were similar between patients in the discovery and validation sets (P > 0.15 for each) (Table 1). However, more patients in the discovery set received chemotherapy than did those in the validation set (73.73% vs. 66.34%, P = 0.002), and more patients underwent Disease@MESH:D009369 resection in the validation set than did those in the discovery set (34.15% vs. 29.26%, P = 0.031). As expected, disease stage and Disease@MESH:D009369 resection status were strong predictors for OS (Table 1)", "type": "paragraph"}, {"sent": "In the discovery study, with the use of the GWAS data, 528,088 SNPs were nominally associated with OS, and three SNPs in complete linkage disequilibrium reached genome-wide significance (Figure 1). Detailed information on the top 214 SNPs with a P value of less than or equal to 1 x 10-5 is given in STable 1. The top ten SNPs with the smallest P values in this analysis were all imputed, and their quality scores ranged from 0.556 to 0.995 (STable 1). To check the quality of imputation, we re-genotyped the top SNP, Mutation@rs113988120, in the 868 GWAS samples using the Taqman method, and a concordance rate of 99.7% was observed. We estimated the genomic control inflation factor lambda using the imputed genotype dosage after adjusting for the leading five principal components in the survival analysis. The quantile-quantile plot showed a slightly inflated lambda value of 1.063 (SFigure 2). It is unlikely the inflation is due to population stratification because we have adjusted the five principal components accounting for population substructure in the analysis. It's more likely due to the survival analysis itself", "type": "paragraph"}, {"sent": "The top three SNPs that showed a genome-wide significant association with survival are intronic SNPs (Mutation@rs113988120) of the Gene@400961 (Gene@400961) and Mutation@rs112493246 and Mutation@rs138529893 of the Gene@8291 (Gene@8291) gene located on chromosome 2. The minor alleles of these three SNPs were significantly associated with shorter survival by a margin of 5.2 months (log-rank P = 1.6 x 10-5) (Figure 2A). Gene@1351 regression analysis with adjustment for demographic and clinical factors demonstrated a genome-wide significant (P <= 6.4 x 10-9) association of the three SNPs with increased risk of Disease@MESH:D003643 (HR: 3.06, 95% CI: 2.10-4.47)", "type": "paragraph"}, {"sent": "For the replication study, we selected 11 SNPs located in eight genes coding for Gene@400961, Gene@51560, ZBTB2O, Gene@6091, Gene@8702, Gene@7348, Gene@131578, and Gene@6586; in a non-coding RNA (LOC101927026); and in an intergenic region (Table 2). The top hit Mutation@rs113988120 was included in the replication study even though the MAF (0.015) was quite low (0.015). The allele frequencies of the 11 SNPs tested in the replication study were similar to those in the discovery dataset (Table 2). The variant allele of Mutation@rs113988120 was associated with a 6.4 months and 6.3 months shorter survival in the replication and combined discovery and replication datasets, respectively (Figure 2B and 2C). A HR (95% CI) of 1.57 (1.13-2.20, P = 0.08) in the replication dataset and 1.86 (1.46-2.37, P = 4.6 x 10-7) in the combined dataset was observed for this variant allele in Gene@1351 proportion hazards regression analysis with adjustment for demographics, Disease@MESH:D009369 stage, and resection status, and chemotherapy (Table 3). Other SNPs in the replication study were not significantly associated with OS (Table 3)", "type": "paragraph"}, {"sent": "Next we assessed the impact of Mutation@rs113988120 on survival by disease stage. The median survival time was 34.3 vs 14.9 months (Plog-rank <0.001), 15.7 vs 10.3 months (Plog-rank <0.001), and 10.6 vs 8.0 months (Plog-rank =0.318) for TT vs TA/AA genotype carriers for patients with localized, locally advanced and metastatic disease, respectively (SFigure 2)", "type": "paragraph"}, {"sent": "RegulomeDB analysis suggest that it may have an undefined altered mortif with a score of 6, and it is located at a DNAseI Disease@MESH:D004342 site and an enhancer region of the chromatin, which make it more accessible for the binding of proteins such as transcription factors. HaploReg analysis demonstrated that Mutation@rs113988120 was in LD (r2=0.49, D'=0.77) with three eQTL SNPs (Mutation@rs34634781, Mutation@rs35098046 and Mutation@rs34022557) near or belong to the Gene@55577 (Gene@55577) and Gene@84693 (Gene@84693) gene on chromosome 2, in addition to the two SNPs of the Gene@8291 gene (STable 2). Gene@1351 regression analysis of the GWAS data showed that Mutation@rs34634781 had an HR of 2.44 (95% CI: 1.70 -3.49, P = 1.10 x 10-6) and s35098046/Mutation@rs34022557 had an HR of 2.43 (95% CI: 1.71 -3.46 P = 8.50 x 10-7) (STable 1)", "type": "paragraph"}, {"sent": "Using TCGA RNA-seq level 3 data from four PDAC patients, we found that Gene@400961 expression was downregulated in Disease@MESH:D009369 (mean=90.58) compared with paired normal tissues from the same patient (mean = 150.22) (P = 0.23, paired t-test). This observation agreed with data from our previous RNA-seq study on paired Disease@MESH:D009369-normal tissues of 10 PDAC patients, which showed a 7.8-fold lower expression of Gene@400961 in Disease@MESH:D009369 than in normal adjacent tissues (P = 0.00032). Notably, the expression of Gene@400961 was significantly reduced in Disease@MESH:D009369 compared with that in normal adjacent tissues of other Disease@MESH:D004067 according to TCGA RNA-seq data (Ps <= 8 x 10-5) (Table 4). We did not detect a significant association of Gene@400961 expression with patient survival in the entire TCGA dataset of 178 Disease@MESH:D009369 samples (P = 0.30). Among patients with stage II or earlier disease (n=48), those with lower (below median) Gene@400961 expression exhibited a non-significant shorter survival (by 39 months, Plog-rank = 0.10) and increased risk of Disease@MESH:D003643 than those with higher (at or above median) Gene@400961 expression (HR=2.45, 95%CI: 0.90-6.80, P = 0.081). The mRNA expression levels of Gene@55577, Gene@84693 and Gene@8291 genes were not significantly different between Disease@MESH:D009369 and normal adjacent tissues and were not related to survival (data not shown)", "type": "paragraph"}, {"sent": "Next, we conducted IPA on 162 genes whose tagging SNPs had P < 0.0005 in Gene@1351 regression analysis. The top four most significant pathways identified were G beta-gamma signaling (P = 1.77 x 10-5, q value = 0.012), Gene@7852 signaling (P = 8.82 x 10-5, q value = 0.03), Gene@1385 signaling in neurons (P = 1.99 x 10-4, q value = 0.07), and Gene@1234 signaling in macrophages (P = 4.51 x 10-4, q value = 0.08) and Gene@375790 interactions at neuromuscular junction (P = 4.47 x 10-4, q value = 0.08) (STable 3). When we reran IPA on genes selected at various P value thresholds ranging from 0.008 to 0.00001, the top four pathways remained almost unchanged (data not shown)", "type": "paragraph"}, {"sent": "We analyzed the top SNPs associated with PC survival in previous GWAS studies  and found that 11 of 131 such SNPs (Gene@4790) in the study by Wu et al.  were nominally significant in our study (P < 0.05) (STable 4)", "type": "paragraph"}, {"sent": "In this GWAS study, we discovered a significant association of a polymorphic variant (Mutation@rs113988120) of the Gene@400961 gene with shorter survival in patients with PADC and confirmed this association in a replication study. This is, to our knowledge, the first report of a genome-wide association of germline genetic variation and PDAC survival in a GWAS dataset", "type": "paragraph"}, {"sent": "The Mutation@rs113988120 SNP is located in the intron region of the Gene@400961 gene. In silico analysis suggested weak evidence for possible adverse functional consequences of this SNP but it is not related to gene expression. Furthermore, this SNP is located in a DNAseI Disease@MESH:D004342 and chromatin enhancer region, which suggests more accessibility for transcription factor binding. Furthermore, Mutation@rs113988120 is in LD with five SNPs, including three eQTLs, near or located at the Gene@55577, Gene@84693, and Gene@8291 genes and all five SNPs were among the top hits identified from the GWAS dataset with P values less than or equal to 1.1 x 10-6. Thus, which gene or SNP is truly responsible for the observed association with PDAC survival is unclear at present. Further fine mapping and functional studies are required to identify the causal allele and to understand the mechanisms involved", "type": "paragraph"}, {"sent": "At the gene level, the gene expression data support a Disease@MESH:D009369 suppressor role of Gene@400961 and possible link with patient survival. While a significantly reduced expression of Gene@400961 mRNA was observed in Disease@MESH:D010190 and several other Disease@MESH:D004067 (TCGA data), the mRNA expression level of Gene@55577, Gene@84693, and Gene@8291 genes were not significantly different between Disease@MESH:D009369 and normal tissues. In addition, the reduced expression of Gene@400961 was related to shorter survival in PADC patients with early-stage disease (N=48) even though the difference was not statistically significant. Because of the sample size is small, this association needs further investigation", "type": "paragraph"}, {"sent": "Gene@400961 is a translational inhibitor that regulates Gene@26986 activity. Gene@26986 enhances translation by circularizing mRNA through its interaction with the translation initiation factor Gene@1981 and the poly(A) tail. Gene@400961 regulates the translation of many genes that have important biological significance in Disease@MESH:D009369. For example, it is a strong regulator of Gene@7422 and is an anti-proliferative factor. Although we have no evidence to link SNP Mutation@rs113988120 with the expression of the Gene@400961 gene, it is conceivable that the polymorphic variants may result in altered Gene@26986 binding activity, which in turn leads to upregulated expression of many pro-proliferative or metastatic genes that contribute to reduced patient survival. Further replication studies in other GWAS datasets and functional studies on Gene@400961 in Disease@MESH:D063646 are warranted to confirm the observed association and to understand the mechanisms underlying the association", "type": "paragraph"}, {"sent": "Gene@8291 is a skeletal muscle protein, which plays a role in calcium-mediated membrane fusion events, suggesting that it may be involved in membrane regeneration and repair. Mutation of these genes have been associated with sarcolemma in animal model. The Gene@55577 gene encodes N-acetylhexosamine kinase that catalyzes the conversion of N-acetyl-D-glucosamine to N-acetyl-D-glucosamine 6-phosphate, and is the major mammalian enzyme which recovers amino sugars. Gene@55577 has been associated with speckle, paraspeckle and general transcription factor suggesting its regulatory roles in gene expression . Gene@55577 gene mutation has been related to inclusion body Disease@MESH:D009135 . Gene@84693 catalyzes the interconversion of D- and L-methylmalonyl-CoA during the degradation of branched chain amino acids, odd chain-length fatty acids, and other metabolites. Mutations in this gene result in Disease@MESH:C565386, which is presented as mild to moderate Disease@MESH:C537358. Whether these two genes play any role in Disease@MESH:D009369 is currently unknown", "type": "paragraph"}, {"sent": "Network analysis identified several signaling pathways that are significantly associated with survival, such as the G beta-gamma and Gene@7852 signaling pathways. The Gene@6387/Gene@7852 axis may promote dissociation of the G beta-gamma complex (Gbetagamma), then activate PI3K-AKT and Rho-ROCK-MLC pathways to promote Disease@MESH:D009369 cell survival and migration. A high level of Gene@6387/Gene@7852 expression was reported to be significantly associated with metastasis and low OS in many types of Disease@MESH:D009369, including PDAC. Suppression of the Gene@6387/Gene@7852 axis contributed to immune control of Disease@MESH:D010190 growth. Our findings on the Gene@6387/Gene@7852 pathway genes may have potential value in future PDAC therapy targeting this particular pathway", "type": "paragraph"}, {"sent": "The strengths of the current study include a large sample size and a relatively homogeneous study population from the same institution. As part of a hospital-based study, the clinical data are relatively accurate and complete. The existing large databases such as TCGA and GTEx have facilitated the functional annotation of the GWAS top hits. However, the number of SNPs selected for validation was limited because of cost constraints. We may have missed some important ones. The low MAF of the identified SNP and the small number of samples available for PC gene expression analysis limited our ability to fully characterize this gene variant", "type": "paragraph"}, {"sent": "Overall, our study has reported a low-frequency SNP of the translation inhibitor gene Gene@400961 with a significant association with PC survival. These data need further validation in other datasets. If confirmed, they may open a new research avenue in illustrating the molecular mechanisms underlying the clinical phenotypes and offer a potential tool in identifying therapeutic targets for future individualized Disease@MESH:D009369 treatment", "type": "paragraph"}, {"sent": "Manhattan plot for P values in survival analysis of the GWAS data", "type": "fig_caption"}, {"sent": "Kaplan-Meier plot for overall survival of patients with Disease@MESH:D010190 by Mutation@rs113988120 genotype. Panels A, B, and C present survival curve in the discovery, validation, and combined datasets, respectively. The median survival time was 14.87 vs 9.67 months, 19.7 vs 13.3 months, and 16.9 vs 10.6 months for TT vs TA/AA genotype carriers and the number of patients with the at-risk (TA/AA) genotypes are 29, 31 and 60 in the discovery, replication and combined datasets, respectively. P values are from log-rank test", "type": "fig_caption"}, {"sent": "We found a significant association of a single nucleotide polymorphic variant and Disease@MESH:D010190 survival in a two stage study. This finding may help to identify novel Disease@MESH:D009369 suppressor gene and therapeutic target for Disease@MESH:D010190", "type": "paragraph"}]}