{"sentences": [{"sent": "African Americans' (AAs) late-onset Disease@MESH:D000544 (LOAD) genetic risk profile is incompletely understood. Including clinical covariates in genetic analyses using informed conditioning might improve study power", "type": "abstract"}, {"sent": "We conducted a genome-wide association study (GWAS) in AAs employing informed conditioning in 1825 LOAD cases and 3784 cognitively normal controls. We derived a posterior liability conditioned on age, sex, Disease@MESH:D003920 status, current smoking status, educational attainment, and affection status, with parameters informed by external prevalence information. We assessed association between the posterior liability and a genome-wide set of single-nucleotide polymorphisms (SNPs), controlling for Gene@348 and Gene@10347, identified previously in a LOAD GWAS of AAs", "type": "abstract"}, {"sent": "Two SNPs at novel loci, Mutation@rs112404845 (P = 3.8 x 10-8), upstream of Gene@23242, and Mutation@rs16961023 (P = 4.6 x 10-8), downstream of Gene@6555, obtained genome-wide significant evidence of association with the posterior liability", "type": "abstract"}, {"sent": "An informed conditioning approach can detect LOAD genetic associations in AAs not identified by traditional GWAS", "type": "abstract"}, {"sent": "Late-onset Disease@MESH:D000544 (LOAD) in African Americans (AAs) is influenced by multiple genetic, clinical, and environmental factors. AAs are at increased risk of LOAD compared with non-Hispanic whites. Nonetheless, knowledge about the genetic architecture of LOAD comes disproportionately from studies of non-Hispanic whites. The relative lack of data presents a substantial barrier to understanding LOAD mechanisms in AAs. The APOE epsilon4 allele is a well-established genetic risk factor for LOAD in AAs. Whereas >20 LOAD risk genes have been identified from genome-wide association studies (GWASs) for non-Hispanic whites, only two loci have been identified from GWAS for AAs. A GWAS by Reitz et al. found that, in addition to the Gene@348 epsilon4 allele, a variant in the Gene@10347 gene (Mutation@rs115550680) was significantly associated with LOAD in AAs", "type": "paragraph"}, {"sent": "Most genetic association studies in LOAD, including those of AAs, adjust for age, sex, and population substructure (PC) only. For quantitative traits analyzed by linear regression, introducing other nonconfounding covariates into a genetic study could enhance detection of additional loci by accounting for some of the variance in the outcome. However, for case-control association studies, including nonconfounding covariates in a logistic regression model can actually reduce power to detect an association because case-control ascertainment can create an artificial correlation between the genetic variant and a covariate, and each additional covariate reduces the precision of estimates. Zaitlen et al. recently showed that using an informed conditioning approach, nonconfounding covariates could be included in a case-control study with an increase in power compared with models that do not include covariates. Informed conditioning is based on the liability threshold model with parameters informed by external prevalence information. In this approach, first a liability model is constructed using covariates' independent effect estimates, in the form of trait prevalences at different covariate levels. Next, an association is tested between a genetic variant and the residuals from the liability model. Informed conditioning has been applied with success to other phenotypes including Disease@MESH:D020521, Disease@MESH:D003924, Disease@MESH:D011471, Disease@MESH:D008175, Disease@MESH:D001943, Disease@MESH:D001168, age-related macular degeneration, and Disease@MESH:D007676. In the present study, we conducted a GWAS in the AA cohort of Reitz et al., employing informed conditioning on LOAD status and several well-established LOAD risk factors, obtaining genome-wide significant evidence of association at two novel loci", "type": "paragraph"}, {"sent": "Study population included 1825 well-characterized AA LOAD cases and 3784 cognitively normal AA controls from 9 Disease@MESH:D000544 Genetic Consortium (ADGC) datasets: Adult Changes in Thought, Disease@MESH:D000544 Centers 1&2 (ADC1&2), ADC3, ADGC, Chicago Health and Aging Project (CHAP), Indianapolis, Genetic and Environmental Risk Factors for Disease@MESH:D000544 Among AAs (GenerAAtions), Multi-Institutional Research on Disease@MESH:D000544 Genetic Epidemiology (MIRAGE) 300k, and MIRAGE 660k. The ADGC dataset contained participants from several studies including the AA Disease@MESH:D000544 Genetics Study, the ADCs, CHAP, Mayo Clinic, Mount Sinai School of Medicine, Religious Orders Study/Memory and Aging Project/Minority Aging Research Study (MARS)/Rush Clinical Core (CORE), University of Miami (UM)/Vanderbilt University (VU), University of Pittsburgh, Disease@MESH:C565718 Aging Project, and Washington University. A detailed description of subject recruitment and phenotyping has been described previously. Two of these studies were family based (i.e., contained related participants: MIRAGE and GenerAAtions), whereas the other studies included only unrelated participants. Age of symptom onset was available for most cases. For the remaining cases, surrogate age information was available (age at ascertainment for Indianapolis, age at diagnosis for CHAP and MARS/CORE, and age at Disease@MESH:D003643 for autopsy cases from UM/VU). Age of last examination or age of Disease@MESH:D003643 was available for controls. We excluded cases younger than age 60. Ascertainment of additional risk factor data (educational attainment, Disease@MESH:D003920 status, and current smoking status) in each parent study has been described previously. For the present study, we defined low educational attainment as <=8 years of education. Because only a subset of the subjects from the ADGC dataset had additional risk factor data available, we divided the dataset into those with new risk factor data (ADGC1) and those without new risk factor data (ADGC2). Individuals were recruited under protocols approved by the appropriate institutional review boards", "type": "paragraph"}, {"sent": "Details of genotyping (including platforms), quality control (including call rates, Hardy-Weinberg equilibrium, discordance with ascertained sex and latent relatedness), and derivation of principal components to adjust for PCs were described previously. Briefly, we used directly measured Gene@348 genotypes. We estimated haplotypes using SHAPEIT and then imputed allele dosages for each dataset separately using IMPUTE2 and 1000 Genomes reference haplotypes (March 2012). We excluded imputed single-nucleotide polymorphisms (SNPs) with an imputation quality estimate of R2 <=0.40. In the unrelated cohorts, we did not exclude SNPs based on minor allele frequency (MAF) because their inclusion did not lead to P-value inflation. In the family-based cohorts, we excluded SNPs with MAFs <0.05. We derived principal components using EIGENSTRAT separately for each dataset using a set of genotyped SNPs common to all genotyping platforms", "type": "paragraph"}, {"sent": "An informed conditioning approach leverages external conditional prevalence data from the epidemiological literature. AA-specific prevalences of LOAD conditioned on LOAD risk factors (age, sex, education, current smoking status, and Disease@MESH:D003920) have not been presented in the epidemiological literature. Therefore, we estimated the prevalences of LOAD in AAs >65 years of age, conditioned on a given LOAD risk factor (RF), based on published ancestry-nonspecific relative risks (RRs) of LOAD with respect to the RF, published prevalence of each RF (P(RF)) in AAs (Supplementary Table 1), and estimated prevalence of LOAD in AAs (P(LOAD)) (Table 1). We assumed that RRs do not differ by ancestry. The conditional prevalence of LOAD for a given RF, P(LOAD RF), is related to the RR as follows:  where ~ RF is the absence of the RF", "type": "paragraph"}, {"sent": "The law of total probability,  can be used to rewrite the conditional prevalence as follows:", "type": "paragraph"}, {"sent": "We used equation 3 to calculate the LOAD conditional prevalences in AAs for each of the five LOAD risk factors (Table 1)", "type": "paragraph"}, {"sent": "An informed conditioning approach, described by Zaitlen et al., models an unobserved underlying quantitative trait, phi, called the liability:  where cj is a parameter estimating the effect of a given covariate j on the liability scale, tj is the value of covariate j, and m is a parameter that determines the population prevalence p of LOAD at the covariate mean tj such that phi is the normal cumulative distribution function and phi (-m) = P (x > -m) = p. Finally, epsilon = gammag + N (0,1) where gamma is the effect size of the candidate SNP with genotype g normalized to mean 0 and N (0,1) is the standard normal distribution. Multiple covariates are treated independently, but parameters are estimated jointly. A subject is a case if phi >= 0 and is a control otherwise", "type": "paragraph"}, {"sent": "We estimated parameters for two models because the additional risk factor data were missing for a subset of study subjects. The first model included all LOAD risk factors and their corresponding external conditional prevalence estimates, whereas the second model included only age and sex as LOAD risk factors and their corresponding external conditional prevalence estimates. We used these models to calculate the posterior mean residual liability score (hereafter called the LOAD liability score) for each subject given their LOAD and risk factor status. We used the LTSOFT computer program for modeling the LOAD liability and for generating the LOAD liability score", "type": "paragraph"}, {"sent": "For mean age, sex, current smoking status, Disease@MESH:D003920 status, mean education level, Gene@348 epsilon4 genotype, and Mutation@rs115550680 MAF, we compared cases with controls in unadjusted models by meta-analyzing the ln odds ratio for categorical variables and standardized mean difference for continuous variables using a fixed-effects model with inverse variance weights. We conducted genome-wide association with the LOAD liability score using linear regression in each of the unrelated cohorts and linear generalized estimating equations (GEEs) in each family-based cohort, as the GEE method is robust to nonindependence of error terms within a family. Association tests were adjusted for three PCs, Gene@348 epsilon4 dosage, and dosage of the minor allele of Gene@10347 SNP Mutation@rs115550680. Association tests were carried out using R version 3.1.2 software. Results were combined across datasets by meta-analyzing the regression estimates after applying genomic control adjustments using a fixed-effects model with inverse variance weights, as implemented in METAL. The test statistic was the meta-analyzed regression estimate divided by its standard error. Several post hoc analyses were conducted for top-ranked loci. We evaluated several logistic regression models using LOAD case-control status as the outcome with different sets of covariates. In addition, we analyzed a liability model that included the full set of clinical variables but that did not include Gene@348 epsilon4 genotype and Mutation@rs115550680 minor allele dosage as covariates", "type": "paragraph"}, {"sent": "Table 2 shows characteristics for each dataset. In unadjusted models, older age, lower educational attainment, Gene@348 epsilon4 genotype, and Mutation@rs115550680 minor allele (G) dosage were associated with LOAD risk. Current smoking and Disease@MESH:D003920 were associated with reduced risk. Female sex was not associated with LOAD status. The conditional prevalence estimates of LOAD in AAs >65 years of age that were calculated based on published LOAD RF prevalences and LOAD RRs with respect to the RFs (Supplementary Table 1) are listed in Table 1", "type": "paragraph"}, {"sent": "A total of 19,725,427 SNPs passed quality control and were included in the GWAS. For individual datasets, the genomic inflation factor lambda ranged from 0.984 to 1.127. There was no evidence of inflation of test statistics in the meta-analyzed LOAD liability model (lambda = 0.993, Supplementary Fig. 1). We found genome-wide significant associations (P < = x 10-8) using informed conditioning in two distinct regions, 200-kb upstream of Gene@23242 (Gene@23242) and 30-kb downstream of Gene@6555 (Gene@6555) (Table 3). For the top SNP in each region (Gene@23242: Mutation@rs112404845, Gene@6555: Mutation@rs16961023), the effect was in the same direction for all datasets (Figs. 1 and 2) and the final liability model showed a smaller P value than the logistic models by one to two orders of magnitude (Table 3)", "type": "paragraph"}, {"sent": "Because both variants were imputed and relatively rare, we compared allele dosages from imputation with direct genotyping. For Mutation@rs112404845 (imputation quality range [using the IMPUTE2 information metric]: 0.905-1.039), we Sanger sequenced 20 predicted risk-allele carriers and an equal number of noncarriers. We found perfect correlation between the imputed dosage and direct genotype. For Mutation@rs16961023 (imputation quality range: 0.598-0.917), we used a Taqman assay to directly genotype 35 predicted risk allele carriers and 1720 noncarriers from the ADGC1 and ADGC2 datasets. As expected based on the imputation quality (ADGC1 = 0.704, ADGC2 = 0.679), the correlation between direct genotype and imputed dosage (ADGC1 = 0.736, ADGC2 = 0.565) was adequate. When we repeated our association analysis across all datasets, among subjects with imputed posterior probabilities >0.8, using best-guess genotype, there was a reduction in effect size from 0.41 to 0.33", "type": "paragraph"}, {"sent": "Supplementary Table 2 shows SNPs with suggestive associations (P < = x 10-6) using informed conditioning. No loci identified as risk factors for LOAD in GWAS in white non-Hispanics showed suggestive associations. As a positive control, we compared the effect of the Gene@10347 Mutation@rs115550680 variant in a logistic model that controlled for age, sex, current smoking status, Disease@MESH:D003920 status, educational attainment, and PCs with the liability model. Using the informed conditioning approach, the P value decreased by a half order of magnitude in the liability model compared with a logistic model (Supplementary Table 3)", "type": "paragraph"}, {"sent": "In this study, we conducted a GWAS in AAs, employing informed conditioning on LOAD status and well-established LOAD risk factors including age, sex, Disease@MESH:D003920 status, current smoking status, and educational attainment. Our model is informed by external prevalence data from the epidemiological literature. Using this approach, which has been shown to outperform standard case-control association tests, we identified two genome-wide significant novel LOAD loci, upstream of Gene@23242 and downstream of Gene@6555", "type": "paragraph"}, {"sent": "Gene@23242 is predominantly expressed in brain, and its protein product regulates neuron morphogenesis. It mediates actin nucleation, ensuring that neurites form, elongate, and branch correctly to produce functional neuronal networks. In Gene@23242-deficient dissociated hippocampal neurons, neurite and Disease@MESH:D007635 point numbers were significantly reduced. An SNP approximately 500-kb upstream of Gene@23242 was implicated in Disease@MESH:D013313 in cohorts with European and African ancestry. Mutation@Rs112404845, the top SNP in the Gene@23242 region in our study, is located 200-kb upstream of Gene@23242 and is present only in persons with African ancestry (MAF = 0.012 in the 1000 Genomes reference panel). This may explain why Gene@23242 has not been recognized previously as an Disease@MESH:D000544 risk gene. Variation at Mutation@rs112404845 leads to a Gene@5078 regulatory motif change. Mutation@Rs113739092, an SNP in linkage disequilibrium with Mutation@rs112404845 (r2 = 0.64) and which achieved a P value of 1.3 x 10-5, is an enhancer histone mark in brain", "type": "paragraph"}, {"sent": "Gene@6555 encodes a sodium/bile acid cotransporter that is essential for cholesterol homeostasis. Mutations in Gene@6555 have been found in cases of Disease@MESH:D006938. Several other genes implicated by GWAS in LOAD pathogenesis function in cholesterol metabolism include Gene@348, Gene@1191, Gene@10347, and Gene@6653. Although its function is best understood in the small intestine, Gene@6555 also is expressed in brain. Resveratrol, a chief constituent of red wine, inhibits Gene@6555 expression and function through a Gene@23411 (Gene@23411)-independent manner. Potentially an exciting therapy for LOAD, resveratrol reduces amyloid plaque pathology in Disease@MESH:D000544 animal models and has been shown to be safe and well-tolerated in a large phase 2 LOAD clinical trial. Although resveratrol's antiamyloidogenic effects have been suggested to be mediated by Gene@23411, our findings indirectly suggest that resveratrol may affect Disease@MESH:D000544 through multiple mechanisms. Mutation@Rs16961023, the most significantly associated SNP in the Gene@6555 region in our study, is located 30-kb downstream of Gene@6555. Variation at Mutation@rs16961023 leads to an Gene@1958 regulatory motif change. In the 1000 Genomes reference panel, the Mutation@rs16961023 minor allele is infrequent among persons with African ancestry (MAF = 0.02) and rare among persons with European ancestry (MAF = 0.004), but is common in East Asians (MAF = 0.15).We previously conducted a GWAS for LOAD case/control status in a Japanese cohort but did not find any nominally associated SNPs at this locus. Genetic association findings may be specific to a particular ethnic background, especially when variants are rare", "type": "paragraph"}, {"sent": "Current smoking has been found to increase LOAD risk in meta-analyses; however, in this study, it was more frequent in LOAD controls than in LOAD cases when we combined the datasets. Ascertainment bias may explain this finding because our datasets are a mixture of clinic-and community-based studies. Cases disproportionately come from the clinic-based studies, whereas controls disproportionately come from the community-based studies. Typically, clinic-based cohorts have fewer vascular risk factors, including smoking, than their community-based counterparts. Alternatively, survival bias may explain this finding, as smokers with LOAD may have Disease@MESH:D003643 before entering the study. Although early cross-sectional case-control studies observed that smoking was associated with a reduced risk of LOAD, a meta-analysis that included 23 longitudinal studies found that smoking increased risk. That smoking occurs in our combined cohort at such a different relative rate than what is observed in the epidemiological literature emphasizes the importance of the informed conditioning approach, which makes use of external prevalence data", "type": "paragraph"}, {"sent": "Our study has several potential caveats. Because LOAD conditional prevalence data for AAs have not been reported, we estimated these values using available relative risk data that are not ancestry specific and therefore assumed that LOAD relative risks do not differ by ancestral population. Support for this assumption comes from review of the literature that shows the relative risks of Disease@MESH:D003704, LOAD, and/or Disease@MESH:D003072 for age, sex, Disease@MESH:D003920 status, smoking status, and educational attainment do not appear to differ significantly by ancestry; however, this warrants further investigation. This concern is further lessened by a simulation study showing that moderate misspecification of model parameters did not reduce power and that even when parameters were misspecified by a large amount (up to 100%), the model still performed at least and logistic regression", "type": "paragraph"}, {"sent": "It should also be noted that the genome-wide significant variants near Gene@23242 and Gene@6555 have low frequency (0.01-0.02). By comparison, SNPs with MAF <0.05 were not analyzed in the GWAS of Reitz et al. because genotype imputation quality was poor for low-frequency SNPs using the older 1000 Genomes reference panel. Using a newer reference panel, we were able to include low-frequency variants with improved imputation quality. For Mutation@rs112404845, the top SNP in the Gene@23242 region, imputation quality, and correlation between imputed and direct genotype dosages were excellent, suggesting that our association findings were unlikely to be influenced by imputation quality. However, for Mutation@rs16961023, the top SNP in the Gene@6555 region, imputation quality, and correlation between imputed and direct genotype dosages were similar, but only adequate, and there was a reduction in effect size when we repeated our association analysis among subjects with imputed posterior probabilities >0.8. It appears that subjects with less certain genotype probabilities may contribute disproportionately to the association signal, and, therefore, the Gene@6555 finding warrants cautious optimism. Finally, inclusion of low-frequency variants in GWAS can increase genomic inflation. However, despite inclusion of low-frequency variants in our study, we did not see evidence of inflation (lambda = 0.993, Supplementary Fig. 1)", "type": "paragraph"}, {"sent": "Although Gene@23242 and Gene@6555 are attractive candidate genes, variants identified through GWAS may not be causal and do not necessarily act at the gene closest to them. Therefore, it is only speculative that these genes are the causal risk factors for LOAD in AAs and that the identified variants have an effect on Disease@MESH:D000544 via the proposed regulatory mechanisms. Finally, our findings should be regarded with measured Disease@None until they are confirmed in independent samples of AAs. Unfortunately, to our knowledge, additional large AA LOAD cohorts with genotype data are not currently available. Therefore, validation of the role of these loci in Disease@MESH:D000544 will likely require experimental evidence", "type": "paragraph"}, {"sent": "Taken together, these findings suggest that an informed conditioning approach can be used to identify new genetic associations for complex genetic traits where risk is a mix of genetic and environmental factors. Our success in using informed conditioning to identify new risk loci for Disease@MESH:D000544 mirrors the success of informed conditioning in GWASs of other phenotypes. This work furthers our understanding of the biological underpinnings of Disease@MESH:D000544 in AAs. Functional studies are needed to determine whether Gene@23242 and Gene@6555 are suitable targets for development of novel therapies", "type": "paragraph"}, {"sent": "(A) Regional association plot of the Gene@23242 region on chromosome 7 and (B) forest plots for Mutation@rs112404845, the top single-nucleotide polymorphism in the region. Abbreviations: ACT, Adult Changes in Thought; ADC, Disease@MESH:D000544 Center; ADGC, Disease@MESH:D000544 Genetics Consortium; CHAP, Chicago Health and Aging Project; CI, confidence interval; Gene@23242, Gene@23242; GenerAAtions, Genetic and Environmental Risk Factors for Disease@MESH:D000544 among African Americans; and MAF, minor allele frequency", "type": "fig_caption"}, {"sent": "(A) Regional association plot of the Gene@6555 region on chromosome 13 and (B) forest plots for Mutation@rs16961023, the top single-nucleotide polymorphism in the region. Abbreviations: ACT, Adult Changes in Thought; ADC, Disease@MESH:D000544 Center; ADGC, Disease@MESH:D000544 Genetics Consortium; CHAP, Chicago Health and Aging Project; CI, confidence interval; GenerAAtions, Genetic and Environmental Risk Factors for Disease@MESH:D000544 among African Americans; MAF, minor allele frequency; and Gene@6555, Gene@6555", "type": "fig_caption"}, {"sent": "Estimated conditional prevalence of Disease@MESH:D000544 in African Americans .65 years of ag", "type": "table_caption"}, {"sent": "Logistic and liability models for the top independent SNPs to achieve genome-wide significance in the liability mode", "type": "table_caption"}, {"sent": "Systematic review: The authors are members of the Disease@MESH:D000544 Genetics Consortium and therefore are familiar with emerging pertinent literature. PubMed searches were conducted to identify other relevant publications. References that informed the novel approach and that support the significance of the identified risk loci are cited", "type": "paragraph"}, {"sent": "Interpretation: Although >20 late-onset Disease@MESH:D000544 (LOAD) risk genes have been identified from genome-wide association studies (GWASs) for non-Hispanic whites, this report identifies only the third and fourth loci from GWAS associated with LOAD for African Americans (AAs). The Gene@23242 and Gene@6555 loci provide further evidence that axonal integrity and cholesterol homeostasis underlie LOAD pathophysiology", "type": "paragraph"}, {"sent": "Future directions: The study findings should be confirmed in independent AA samples. Unfortunately, additional large AA LOAD cohorts with genotype data are not currently available. Functional studies are needed to determine whether Gene@23242 and Gene@6555 are suitable targets for development of novel therapies", "type": "paragraph"}]}