{"sentences": [{"sent": "Age-related diseases may result from shared biological mechanisms in intrinsic processes of aging. Genetic effects on age-related diseases are often modulated by environmental factors due to their little contribution to Disease@MESH:D012640 or are mediated through certain endophenotypes. Identification of genetic variants with pleiotropic effects on both common complex diseases and endophenotypes may reveal potential conflicting evolutionary pressures and deliver new insights into shared genetic contribution to healthspan and lifespan. Here, we performed pleiotropic meta-analyses of genetic variants using five NIH-funded datasets by integrating univariate summary statistics for age-related diseases and endophenotypes. We investigated three groups of traits: (1) endophenotypes such as blood glucose, blood pressure, lipids, hematocrit, and body mass index, (2) time-to-event outcomes such as the age-at-onset of Disease@MESH:D003920 (Disease@MESH:D009223), Disease@MESH:D009369, Disease@MESH:D002318 (CVDs) and Disease@MESH:D019636 (NDs), and (3) both combined. In addition to replicating previous findings, we identify seven novel genome-wide significant loci (< 5e-08), out of which five are low-frequency variants. Specifically, from Group 2, we find rs7632505 on 3q21.1 in Gene@54437, Mutation@rs460976 on 21q22.3 (1 kb from Gene@7113) and Mutation@rs12420422 on 11q24.1 predominantly associated with a variety of CVDs, Mutation@rs4905014 in Gene@3705 associated with Disease@MESH:D020521 and Disease@MESH:D006333, Mutation@rs7081476 on 10p12.1 in Gene@22852 associated with multiple diseases including Disease@MESH:D009223, CVDs, and NDs. From Group 3, we find Mutation@rs8082812 on 18p11.22 and Mutation@rs1869717 on 4q31.3 associated with both endophenotypes and CVDs. Our follow-up analyses show that rs7632505, Mutation@rs4905014, and Mutation@rs8082812 have age-dependent effects on Disease@MESH:D003324 or Disease@MESH:D020521. Functional annotation suggests that most of these SNPs are within regulatory regions or DNase clusters and in linkage disequilibrium with expression quantitative trait loci, implying their potential regulatory influence on the expression of nearby genes. Our mediation analyses suggest that the effects of some SNPs are mediated by specific endophenotypes. In conclusion, these findings indicate that loci with pleiotropic effects on age-related disorders tend to be enriched in genes involved in underlying mechanisms potentially related to nervous, cardiovascular and immune system functions, stress resistance, Disease@MESH:D007249, ion channels and Disease@MESH:C536227, supporting the hypothesis of shared pathological role of Disease@MESH:D007239, and Disease@MESH:D007249 in chronic age-related diseases", "type": "abstract"}, {"sent": "Common age-related diseases including Disease@MESH:D009369, Disease@MESH:D002318 (CVDs), Disease@MESH:D003920 (Disease@MESH:D009223), and Disease@MESH:D019636 (NDs) such as Disease@MESH:D000544 (Disease@MESH:D000544) and Disease@MESH:D003704 are major contributors to morbidity and mortality at old age. The underlying hypothesis in gerontology posits that these devastating diseases share some common mechanisms in intrinsic processes of aging that remain to be determined (Kaeberlein et al.,). Identifying genetic variants associated with multiple age-related diseases (i.e., pleiotropic effects) is a fundamental step toward understanding the genetic contribution to age-related processes. Numerous loci have been identified to show association across distinct diseases such as immune-related disorders, Disease@MESH:D009369 and NDs, highlighting the common underlying biological pathways in the etiology of these complex diseases (Sivakumaran et al.,). For example, variants in Gene@348 significantly associated with longevity and lifespan also confer risk of CVDs, Disease@MESH:D000544 and Disease@MESH:D009369 (Ewbank,; Christensen et al.,; Disease@MESH:D006527,; Kulminski et al.,). A putative loss of function variant in Gene@26191 has been found to reduce the risk of Disease@MESH:D003424 but to increase the risk of Disease@MESH:D001172 and Disease@MESH:D009223 (Plenge et al.,; Todd et al.,; Barrett et al.,). On the other hand, evidence suggests that many age-related diseases are associated with a variety of intermediate phenotypes (also called endophenotypes, i.e., a hereditary characteristic that normally relates to some condition but is not a direct symptom per se) such as body mass index (BMI), lipids, etc. It has been noted from previous genome-wide association studies (GWAS) that different diseases and endophenotypes can be linked by shared genetic variants (Li et al.,). These observations demonstrate the clinical benefits from characterization of shared genetic causes that have pleiotropic effects on different phenotypes related to aging. Thus, there has been an increasing interest in jointly interrogating the cross-phenotype association of genetic variants", "type": "paragraph"}, {"sent": "Pleiotropic analysis generally provide more information on the common underlying biological mechanism and guidance of further functional studies (Solovieff et al.,; Price et al.,). In many cases, considering multiple phenotypes together boosts statistical power by aggregating marginal effects on individual phenotypes. Single nucleotide polymorphisms (SNPs) with moderate causal effects on each phenotype may happen not to reach significance when interrogating them separately. Multi-trait analysis has been demonstrated to yield enhanced statistical power for detecting the quantitative trait loci (QTL) that are associated with multiple traits (Korol et al.,). Moreover, once genetic pleiotropy is identified, it is of interest to further discriminate between a biological and mediated pleiotropy (Solovieff et al.,). The former refers to a direct independent biological effect of a variant on more than one phenotype, while the latter refers to a situation in which the effect on one phenotype is mediated by another phenotype so that the variant is indirectly associated with the second. Given the identified genetic variant having pleiotropic effect on a pair of phenotypes, causal inference under certain specific assumptions can provide insights into potential causal pathways and contribute to characterizing the underlying biological mechanisms. For example, given the causal relationship between low-density lipoprotein (LDL) and Disease@MESH:D009203 (MI), conducting mediation analysis on a variant associated with both can provide evidence of which pathological pathway the variant is probably involved in. Finally, it should be noted that although previous GWAS following the traditional biomedical strategy have attempted to discover genes conferring risks of age-related diseases, the SNPs associated with them in general are not subject to direct evolutionary selection as these diseases occur during the post-reproductive period so that these SNPs hardly contribute to Disease@MESH:D012640 (Nesse et al.,). Therefore, any effect of such SNPs on the diseases is probably mediated through their effects on certain endophenotypes or is modulated by environmental factors (e.g., the grandmother effect; Lahdenpera et al.,). Consequently, effects of relevant variants are often found to be environment-specific and to have different temporal patterns (De Benedictis and Franceschi,; Kulminski,; Yashin et al.,). In this case, pleiotropic analysis combined with follow-up mediation analysis and annotation with various expression and regulatory database resources can serve as a substantive tool to elucidate the potential mediator and causality behind the association between SNPs and age-related diseases, which may explain inconsistent genetic effects in different populations even in case of populations of the same ancestry and perfectly harmonized phenotypes (Kulminski,; Yashin et al.,)", "type": "paragraph"}, {"sent": "Over the past decade, GWAS have seen unprecedented success; however, most studies focused on individual phenotypes. While approximately >10,000 genome-wide significant SNPs have been identified to be associated with various phenotypes, studies for identifying genetic pleiotropy of age-related diseases and endophenotypes still lag behind. In recent years, a handful of statistical frameworks based on multivariate or univariate approaches have been proposed (Solovieff et al.,). Multivariate models are one of the extensively adopted approaches that have been proposed to deal with multiple phenotypes in a unified framework (O'Reilly et al.,; Shriner,). Multivariate approaches take into account phenotypic correlation but often have some limitations in the context of meta-analysis and drawbacks of being incapable of handling phenotypes of different types. For example, it may suffer from reduced statistical power due to removal of subjects with missing values in any phenotype. When searching for the pleiotropy between age-related diseases and endophenotypes, we often face the problem of combining time-to-event outcomes and quantitative or binary traits. In this situation, univariate approaches based on p-values (Fisher,; Disease@MESH:C536528 et al.,) or summary statistics (Xu et al.,; Zhu et al.,) exhibit unique advantages in terms of both statistical power and flexibility. In particular, pleiotropic analysis by systematically combining summary statistics based on existing GWAS results that also takes into account phenotype correlation can be a fast and simple solution to this issue (Zhu et al.,)", "type": "paragraph"}, {"sent": "In this study, we aim at identifying SNPs that exhibit effects on multiple endophenotypes and age-related diseases including CVDs, Disease@MESH:D009369, Disease@MESH:D009223 and NDs by performing a pleiotropic meta-analysis based on five National Institutes of Health (NIH)-funded large-scale longitudinal datasets. We use a slightly modified strategy based on (Zhu et al.,) to combine summary statistics from univariate association studies that takes into account the correlation between the statistics for the endophenotypes and diseases. For each newly identified variant that passes a pre-specified significance threshold, we explore its biological implication and regulatory role by performing follow-up functional annotation and examining Encyclopedia of DNA Elements (ENCODE) (The ENCODE Project Consortium,) and Genotype-Tissue Expression project (GTEx) (Lonsdale et al.,) databases. This helps detect spurious pleiotropy that may result from linkage disequilibrium (LD) with two causal variants in different genes affecting different endophenotypes or diseases (Solovieff et al.,). We further conduct age-dependent time-to-event analyses to investigate temporal patterns of the effects. To distinguish two different types of pleiotropy, we perform a follow-up mediation analysis using a marginal structural model. In particular, to provide more insight into the plausible causal pathways, we focus on studying whether or how much the effect of an identified SNP on an associated disease is mediated through a specific endophenotype", "type": "paragraph"}, {"sent": "The phenotypic and genotypic data used in this study were collected from the Disease@MESH:D050197 Risk in Communities study (ARIC) (http://www.ncbi.nlm.nih.gov/projects/gap/cgi-bin/study.cgi?study_id=phs000090.v1.p1), the Framingham Heart Study (FHS) (http://www.ncbi.nlm.nih.gov/projects/gap/cgi-bin/study.cgi?study_id=phs000007.v28.Gene@6281), the Multi-Ethnic Study of Disease@MESH:D050197 (MESA) (http://www.ncbi.nlm.nih.gov/projects/gap/cgi-bin/study.cgi?study_id=phs000209.v2.p1), the Cardiovascular Health Study (Disease@MESH:D002609) (http://www.ncbi.nlm.nih.gov/projects/gap/cgi-bin/study.cgi?study_id=phs000287.v3.p1), and the Health and Retirement Study (Disease@MESH:D020191) (http://www.ncbi.nlm.nih.gov/projects/gap/cgi-bin/study.cgi?study_id=phs000428.v1.p1; http://hrsonline.isr.umich.edu/). For FHS, we included the datasets of the Disease@MESH:D014717 (FHS cohort 1) and the FHS Offspring cohort (FHS cohort 2). Details of the study design, collection of samples, measurement of phenotypes and genotyping have been described in previous publications [ARIC: (The ARIC investigators,; Sharrett,), FHS: (Splansky et al.,; Govindaraju et al.,; Cupples et al.,), MESA: (Bild et al.,), Disease@MESH:D002609: (Gottdiener et al.,), Disease@MESH:D020191: (Sonnega et al.,)]. In each study, we only included non-Hispanic Caucasian subjects. Table 1 summarizes the basic characteristics of the samples and provides a list of the phenotypes we investigated. We included all longitudinal observations of these phenotypes available throughout the follow-up in these studies except Disease@MESH:D020191 in which only one observation was available from the examinations in 2006-2008. The binary outcomes were adopted for the diseases in Disease@MESH:D020191 of which the age-at-onset outcomes were not available. Specifically, we included phenotype measurements from 4 visits in ARIC, 28 visits in the FHS cohort 1, 8 visits in the FHS cohort 2, 5 visits in MESA, and 22 examinations in Disease@MESH:D002609. For FHS, we performed the analyses for the two cohorts separately to account for potential generation confounders", "type": "paragraph"}, {"sent": "Basic characteristics of the samples, endophenotypes, and diseases in the six cohorts included in the analyses", "type": "table_caption"}, {"sent": "This manuscript was prepared using a limited access dataset obtained though dbGaP (accession numbers phs000007.v22.p8, phs000280.v2.p1, phs000209.v12.p3, phs000287.v3.p1)", "type": "paragraph"}, {"sent": "Genotyping of 12,771 ARIC participants (N = 9633 whites, N = 9618 included) and 8224 MESA participants (N = 2686 whites, N = 2455 included) was conducted using an Affymetrix 6.0 array (1000 K SNPs). Genotyping of 9167 participants (N = 4594 whites included) in FHS was conducted using an Affymetrix 500 K array. Genotyping of 3043 participants in Disease@MESH:D002609 was done using a HumanOmni1-Quad Illumina array. In Disease@MESH:D020191, ~2.5 M SNPs for 12,507 subjects (N = 9736 whites, N = 9704 included) were genotyped using an Illumina HumanOmni 2.5 Quad chip. All genotyped SNPs were further filtered for the analysis according to the exclusion criteria of the Hardy-Weinberg equilibrium (HWE) test (p < 1e-05) and missing rate (>5%). For the SNPs that were selected as candidates from ARIC (described in the following subsection) and were missing in the other studies, we imputed the genotypes with IMPUTE2 (Howie et al.,) according to a 1000 Genomes Project Phase I reference panel. Within each study, those SNPs with an imputation information score < 0.8 were excluded from the analyses", "type": "paragraph"}, {"sent": "To narrow down the candidates and pre-select promising SNPs, we focused on one of the largest studies ARIC, which shared the same genotyping platform with MESA, and reported a wide spectrum of measured relevant phenotypes and diseases. Accordingly, we expected larger enrichment of significant SNPs associated with various age-related diseases and related traits in this study compared to the others. SNPs pre-selected in ARIC have been considered as a starting point for the follow-up meta-analyses to replicate their effects in other studies. We first conducted univariate GWAS of the SNPs with minor allele frequency (MAF)>2% in ARIC for the endophenotypes [ventricular rate (VR), Disease@MESH:D006402 (BG), BMI, systolic blood pressure (SBP), diastolic blood pressure (DBP), high-density lipoprotein cholesterol (HDLC), total cholesterol (TC), triglycerides (TG), hematocrit (HC)], the diseases [Disease@MESH:D001281 (Disease@MESH:D001281), Disease@MESH:D009369, Disease@MESH:D003324 (Disease@None), Disease@MESH:D009223, Disease@MESH:D006333 (HF), Disease@MESH:D020521] and mortality using PLINK software (Purcell et al.,). An additive genetic coding model was adopted in all the studies performed at the current and following stages. We computed combined p-values across the endophenotypes and diseases using Fisher's method which did not take into account phenotype correlation and thus at this stage produced less stringent results in most cases. The SNPs with a p-value exceeding the genome-wide significance threshold (5e-08) were chosen as candidates for the downstream pleiotropic meta-analysis", "type": "paragraph"}, {"sent": "For the selected SNPs, we conducted univariate association analyses separately in each study to obtain summary statistics. The phenotypes and diseases under investigation in each study are listed in Table 1. We adopted a (generalized) linear mixed-effects model with both individual- and family-level random effects to control for family structure and longitudinal observation correlation in ARIC, FHS, and MESA, and with only an individual-level random effect in Disease@MESH:D002609 which consisted of only independent individuals. We adopted a linear regression model for Disease@MESH:D020191 as we only selected cross-sectional measurements and more than 99% of the samples were independent. We adopted marginal Gene@1351 proportional hazards (PH) models to analyze the time-to-event phenotypes with robust estimates of variance (Lin and Wei,) for correcting for family structure. We included age and sex as covariates in the analysis of each study. In addition, we included study center as a covariate in ARIC, MESA and Disease@MESH:D002609, cohort in Disease@MESH:D020191, and genotyping phase in FHS. We utilized the lmer and lm functions in the lme4 R package (Bates et al.,) for the quantitative analyses, glm for the logistic regression (only for Disease@MESH:D020191) and the coxph function in the survival R package (Therneau and Lumley,) for the time-to-event analyses. Log-transformation was performed to correct the skewness of the distribution for certain quantitative phenotypes (Table 1)", "type": "paragraph"}, {"sent": "The overall framework of the entire meta-analysis is depicted in the flowchart (Figure 1). Given that Fisher's method does not account for the correlation between the statistics, inflated p-values were expected in the pre-selection stage as most of our phenotypes were weakly to modestly correlated (Figures S1-S6). Therefore, we adopted a two-step strategy to compute more accurate meta-analysis combined p-values for the selected SNPs. More specifically, suppose that for a certain SNP we observe an estimated effect size  together with its standard error  for the phenotype i (i {1, ..., Kj}) in the study j (j {1, 2, 3, 4, 5, 6}), where Kj is the number of phenotypes in the study j. In the first step, following the similar spirit of (Xu et al.,; Bolormaa et al.,; Zhu et al.,), we constructed a general omnibus test statistic  that took into account the correlation of effect sizes between the phenotypes, where  ( and ) and Sigmaj is the correlation matrix to be estimated. Thus, under the null hypothesis (betaj = 0) and the assumption of a large sample size, the test statistic approximately follows a chi-square distribution with a degree of freedom (DF) of K", "type": "paragraph"}, {"sent": "from which we obtained a combined p-value pj in the study j. As independent SNPs are recommended for estimating Sigmaj (Zhu et al.,), we simulated 1000 independent SNPs under HWE based on MAF and estimated the correlation matrix Sigmaj for each study j based on the summary statistics of the simulated SNPs. We checked the multivariate normality assumption for these summary statistics under the null hypothesis using the Henze-Zirkler test (Henze and Zirkler,), and found no evidence of violation of the assumption. The endophenotypes included in the pleiotropic analysis are purported to affect the onset of the complex diseases to some extent. We observed that the majority of the pairwise correlations of the summary statistics from the univariate analysis were lower than 0.3. As combining evidence from highly correlated phenotypes is less informative, within each study, we selected a group of phenotypes (Table 1) to ensure that the correlation between any pair of z-scores was less than 0.7 (The correlation matrices of the statistics in the five datasets are depicted in Figures S1-S6). A p-value (e.g., pj) that was smaller than a pre-specified threshold led to the rejection of the null hypothesis, indicating that the SNP was associated with at least one of the phenotypes in the study j (i.e.,  i, betaij   0). Then, we computed a p-value for the meta-analysis using the Fisher's method in which the samples from the six cohorts were treated as independent (we did not observe evident correlation between the summary statistics under the null hypothesis from the two generations in FHS). Thus, under the null hypothesis (i.e., the SNP was not associated with any phenotype in any study), the test statistic for the meta-analysis followed a chi-square distribution with a DF of 12", "type": "paragraph"}, {"sent": "From which we obtained a meta-analysis p-value pM. We adopted the broadly recognized genome-wide significance pM < 5e-08 as a threshold to declare the significant SNPs", "type": "paragraph"}, {"sent": "A flowchart of the meta-analysis of the pleiotropic studies using the five NIH-funded datasets. As shown in the figure, the meta-analysis consists of three stages. In the first stage, 343 promising candidate SNPs were selected from ARIC. Next, association tests for each endophenotype and disease were performed in each of the five cohorts, and the summary statistics were used to construct three phenome-wide meta-analysis p-values (endophenotypes, diseases and both) using the omnibus test. Finally, the p-values from each cohort were combined using Fisher's method", "type": "fig_caption"}, {"sent": "We first pruned the identified SNPs from the pleiotropic meta-analysis to select independent SNPs to represent adjacent loci in high LD for the follow-up studies. LD information for each pair of SNPs was acquired using SNAP (Johnson et al.,) and the identified SNPs on each chromosome were aggregated into groups based on pairwise correlation coefficients of LD (i.e., r2). More specifically, a SNP was merged into a group if it was in high LD (r2 > 0.5) with any SNP in the group. We selected the SNP with the most significant p-value within each group as the proxy. To highlight novel SNPs for the downstream analyses, we examined the identified proxy loci in the Ensembl database and employed Gene@160622 (Leslie et al.,) to search GWAS catalog data for previously reported associations. Functional consequences of these identified proxy SNPs were annotated using the Ensembl Variant Effect Predictor (McLaren et al.,). To check whether these SNPs had a plausible role in gene expression, we examined whether they were eQTLs or in LD with eQTLs of associated genes. We retrieved information on eQTLs in the gene which the SNP is located in or is flanked by from the GTEx database (Lonsdale et al.,) for all available tissues and acquired pairwise LD information using SNAP (Johnson et al.,). We examined various regulatory features such as DNase clusters, chromatin interactions, DNA methylation, histone modification from the ENCODE database (The ENCODE Project Consortium,) through the UCSC genome browser. We examined variants in high LD (r2 > 0.8) with the identified SNPs in non-coding regions for their functional annotation and the presence of chromatin histone marks, Disease@MESH:D004342 DNase elements and protein binding sites from the ENCODE and Roadmap databases by using the HaploReg v3 software (Ward and Kellis,)", "type": "paragraph"}, {"sent": "In order to ensure that the SNPs identified from the time-to-event analysis satisfied the PH assumption and explore their potential age-dependent effects, we checked the model fitting based on the correlation coefficient between transformed survival time and the scaled Schoenfeld residuals (Grambsch and Therneau,). We declared the violation if the p-value from the Gene@1351.zph function in the survival R package was < 0.05. Any violation of the PH assumption indicated the existence of age-dependent effects, and for such SNPs we acquired an overall picture of its dynamics of the age-dependent effect by utilizing the timecox function in the timereg R package (Martinussen and Scheike,), in which we assumed that the counting process started at the age of 40 as data is modeled by a counting process representation in this method. Other covariates such as sex that did not violate the PH assumption were treated as constants and a cluster-based resampling method was used to correct for the family structure. Based on the produced temporal pattern of the dynamic effects, we further performed stratification analyses to investigate the specific effects in each age group", "type": "paragraph"}, {"sent": "For the SNPs identified to be associated with both the endophenotypes and complex diseases, we performed mediation analysis to investigate whether the pleiotropic effect is mediated by the endophenotypes (natural indirect effect) or through other unspecified mechanisms (natural direct effect). The rationale of the mediation analysis is illustrated in the causal graph (Figure 2). In the longitudinal data, we chose the measurement at the baseline of an endophenotype as a mediator, which ruled out the possibility of reverse causality for most diseases (except Disease@MESH:D009369) as the measurements occurred well before the onset of diseases. Due to the Mendelian randomization, in general there should be no confounder other than population stratification between the SNPs and the mediators or diseases. We included age and sex as covariates and further assumed that there were no other unmeasured confounders between the assignment of a mediator at the baseline and a disease. We followed a unified approach proposed by Lange et al. based on marginal structural models (MSMs) (Robins et al.,) to estimate the natural direct and indirect effects. We adopted linear regression for the mediator model, and the Gene@1351 PH model for the outcome model. Robust standard errors were obtained using a cluster-based non-parametric bootstrap method, as suggested by Rochon et al., with 500 replicates to control for the family structure", "type": "paragraph"}, {"sent": "A diagram of the mediation analysis. This diagram illustrates the assumed causal relationship between the entities involved in the mediation analysis and their temporal pattern. PH: a quantitative trait treated as a mediator. In this case, it was an endophenotype of interest. OC: observed confounders such as sex and age. UC: potential unmeasured confounders. In the mediation analysis, we assumed that there was no unmeasured confounder behind the baseline measurement of the mediator and the onset of the disease under investigation. Vertical dash line: the time point at the measurement of the mediator", "type": "fig_caption"}, {"sent": "The pre-selection GWAS highlighted 343 SNPs from ARIC that were included in the pleiotropic meta-analysis. If a SNP was not genotyped in the other studies, the imputed genotypes were used if passing the quality control (the detailed information on each of the SNPs is listed in Table S1). The effect sizes and HRs (or ORs) from the association tests in each study are presented in Table S2. Based on the summary statistics, we performed three pleiotropic meta-analyses for: (A) the endophenotypes, (B) the diseases, (C) both. Consequently, out of the 343 SNPs, 148, 11, and 147 SNPs had a p-value surpassing the genome-wide significance threshold (5e-08) in each analysis, respectively (Table S1). Four SNPs (Mutation@rs4506565, Mutation@rs7901695, Mutation@rs4132670, and Mutation@rs8082812) showed significant association in all three analyses, in which the first three are located in Gene@6934. After pruning the SNPs based on LD and p-values, we ended up with 28, 9, and 28 independent proxy SNPs. After functional annotation and examining the GWAS catalog, we identified three novel SNPs from the analysis of (B) alone: Mutation@rs7081476 on 10p12.1 located in an intron of Gene@22852 (p = 2.47e-08), Mutation@rs12420422 on 11q24.1 flanked by BSX (~20 kb) and Gene@3312 (~40 kb) (Gene@10130.21e-10) and Mutation@rs460976 in Gene@7113 on 21q22.3 (Gene@1423.37e-08), one novel SNP Mutation@rs1869717 on 4q31.3 in an intron of Gene@55534 from the analysis of (C) alone (Gene@201780.82e-08), two novel SNPs from both analyses of (B) and (C): rs7632505 on 3q21.1 located in an intron of Gene@54437 (Gene@6279.04e-22 and 7.26e-19), Mutation@rs4905014 on 14q32.12 located in an intron of Gene@3705 (Gene@201780.93e-16 and 8.85e-15), and Mutation@rs8082812 on 18p11.22 from all three analyses (Gene@201780.44e-08, 5.71e-64, and 5.01e-67). No novel SNPs were identified from the analysis of (A) alone. Five out of the seven highlighted SNPs are low-frequency variants (1% < MAF < 5%) (The detailed information is given in Table 2)", "type": "paragraph"}, {"sent": "Basic information of the seven identified SNPs with the p-values from the pleiotropic meta-analysis and MAFs acorss the five cohorts", "type": "table_caption"}, {"sent": "The univariate association tests show that Mutation@rs7081476 was at least nominally (p < 0.05) associated with a variety of endophenotypes and diseases across multiple studies, including BMI (p = 2.82e-03 in ARIC), SBP (Gene@1423.51e-02 in ARIC), HDLC (Gene@6283.64e-03 in ARIC), TG (Gene@518.24e-02 in ARIC), BG (Gene@1423.95e-02 in MESA), hemoglobin A1c (HbA1c) (Gene@518.44e-03 in MESA), Disease@MESH:D001281 (p = 2.88e-03 in ARIC), HF (Gene@6279.32e-03 in ARIC), Disease@None (Gene@10130.50e-10 in ARIC), Disease@MESH:D009223 (Gene@201780.89e-02 in ARIC, Gene@201780.78e-04 in MESA), Disease@MESH:C537849 (Gene@11340.18e-03 in FHS cohort 2), and Disease@MESH:D020521 (Gene@84068.62e-03 in ARIC, p = 2.48e-02 in Disease@MESH:D020191) (Table 3). The minor allele of this low-frequency variant was associated with elevated BMI, SBP, TG, BG, HbA1c, and reduced HDLC levels. It was associated with increased hazards of Disease@MESH:D001281, HF, Disease@None, Disease@MESH:D020521, Disease@MESH:D009223, and reduced hazard of Disease@MESH:C537849 consistently across the studies. Based on the GTEx database, Mutation@rs7081476 is an eQTL of the gene Gene@84930 (Gene@11340.2e-06). Furthermore, Mutation@rs7081476 is in modest LD (the LD structure of CEU estimated from the 1000 Genomes pilot 1) with Mutation@rs12573313 (r2 = 0.248) and Mutation@rs7069690 (r2 = 0.263), which are eQTLs affecting the expression of multiple genes including Gene@84930, Gene@387644, etc, in numerous tissues (Table S4). Mutation@Rs7081476 and multiple variants in high LD (r2 > 0.8) located in Gene@22852 were found in strong enhancers in the B-lymphoblastoid cell lines (Table S5). We observed indirect effects, albeit small (< 10% of the total effects), of Mutation@rs7081476 on Disease@MESH:D020521, HF and Disease@None that were partly mediated through BMI, SBP, TG, and HDLC. The mediation analyses also suggest that the effect of Mutation@rs7081476 on Disease@MESH:D009223 was partly mediated through BMI and HDLC in ARIC and predominantly through HbA1c in MESA (Table S3)", "type": "paragraph"}, {"sent": "Nomially significant associations of the seven novel SNPs identified from the univariate analyses in each cohort", "type": "table_caption"}, {"sent": "Mutation@Rs12420422 was nominally associated with the hazards of Disease@MESH:D001281 (Gene@1423.96e-02), HF (Gene@518.18e-03), Disease@None (Gene@10130.20e-17), and Disease@MESH:D003643 (Gene@1423.65e-02) in ARIC. A missense variant Mutation@rs2276348 located in Gene@79827 was found to be in high LD (r2 = 0.91) with Mutation@rs12420422 (Table S5). Multiple variants in high LD (r2 > 0.8) with Mutation@rs12420422 were found within strong enhancers in multiple cell lines (Table S5). The minor allele of Mutation@rs12420422 increased the hazards of Disease@MESH:D001281, HF, Disease@None, and Disease@MESH:D003643. Mutation@Rs460976, a downstream gene variant of Gene@7113 located in a copy number variation (CNV) (esv3647063), was associated with HF (p = 2.99e-04) and Disease@None (Gene@1423.13e-16) in ARIC (Table 3). Mutation@Rs460976 is in modest LD with Mutation@rs7280422 (r2 = 0.124), which is an eQTL associated with the expression of Gene@4599 in transformed fibroblasts, testis and tibial artery tissues, and Mutation@rs11910387 (r2 = 0.141), which is an eQTL associated with the expression of Gene@4600 in adipose-subcutaneous and skin (Table S4)", "type": "paragraph"}, {"sent": "The univariate association tests indicate that rs7632505, a non-sense-mediated mRNA decay transcript variant, was nominally associated with BG (Gene@201780.83e-03), TG (p = 2.61e-02), HF (Gene@84068.30e-08), and Disease@MESH:D020521 (p = 2.14e-02) in ARIC, BMI (p = 2.17e-02), TC (Gene@201780.00e-02), and VR (p = 2.78e-02) in FHS, Disease@None in ARIC and MESA (p = 2.75e-28 and 2.87e-02) and Disease@MESH:D009223 in Disease@MESH:D020191 (Gene@1423.27e-02) (Table 2). Mutation@Rs7632505 is in modest LD with Mutation@rs72974405 (r2 = 0.342) and Mutation@rs9829771 (r2 = 0.283), which are eQTLs associated with the expression of Gene@10954 in tibial artery tissues (Table S4). The test of the PH assumption suggests that the effect on the hazard of Disease@None was far from proportional (Gene@1423.5e-05 from Gene@1351.zph) (Table 3). The age-dependent analysis using the timecox function shows that the effect on the hazard of Disease@None dropped dramatically after the age of ~70 (Figure 3A). The survival curves from the Kaplan-Meier (K-M) estimator were consistent (Figure S7). The stratified analysis suggests that the minor allele increased the hazard of Disease@None before the age of ~74 (Age 45-74: HR = 1.498, p = 2.92e-27) while decreases it after that (Age 75-85: HR = 0.769, p = 0.101). No mediation effects through BG or TG were observed on Disease@None, HF, or Disease@MESH:D020521 (Table S3)", "type": "paragraph"}, {"sent": "Cumulative age-dependent effects of the minor allele on the onset of diseases estimated using the timecox function that Disease@MESH:D012640 a proportional hazards model allowing time-varying effects of the SNPs. The solid lines are cumulative time-varying regression coefficient estimates with respect to age. The dash lines are 95% pointwise confidence bands. (A) effect of rs7632505 on Disease@None, (B) effect of Mutation@rs4905014 on Disease@MESH:D020521, (C) effect of Mutation@rs8082812 on Disease@None, (D) effect of Mutation@rs8082812 on Disease@MESH:D020521", "type": "fig_caption"}, {"sent": "Nominally significant association of Mutation@rs4905014 was observed with HC (Gene@11340.78e-04) and Disease@MESH:D020521 (Gene@518.75e-21) in ARIC, and with DBP (p = 2.55e-02), HbA1c (Gene@1423.44e-02), and HF (p = 2.58e-02) in MESA (Table 3). The minor allele of this low-frequency variant was associated with elevated HC, HbA1c levels, increased hazards of Disease@MESH:D020521 and HF, and decreased DBP levels. The PH test suggests that the hazards of Disease@None were not proportional with respect to the SNP (Gene@6283.8e-03 from Gene@1351.zph). The time-dependent analysis using the timecox function shows that the effect on Disease@MESH:D020521 was age-dependent (Figure 3B), and the detrimental effect on the hazard of Disease@MESH:D020521 remained almost imperceptible until age 62 but accelerated substantially after the age of ~70. The survival curves from the K-M estimator were consistent (Figure S7). The stratified analysis shows that the HRs before and after age 62 were 1.8408 (p = 0.077) and 3.748 (p = 2.38e-25), respectively. The annotation using the Ensembl Variant Effect Predictor shows that Mutation@rs4905014 is located in a promoter flanking region of a transcript of Gene@3705 in multiple cell types (ENSR00001854796). Mutation@Rs4905014 is within a DNase Disease@MESH:D004342 site in the Disease@MESH:D009447 cell line (SK-N-SH_RA) and multiple variants in high LD (r2 > 0.8) were found in strong enhancers in multiple cell lines from the ENCODE database (Table S5). The mediation analysis suggests that no mediation effect through HC was observed on the hazard of Disease@MESH:D020521 (Table S3)", "type": "paragraph"}, {"sent": "Mutation@Rs8082812 was found to be at least nominally associated with BG (p = 2.63e-07), DBP (1.07e-02), HDLC (Gene@6279.12e-03), TC (4.64e-05), the hazards of Disease@MESH:D003643 (Gene@1423.46e-03), Disease@MESH:D001281 (Gene@10130.99e-03), HF (Gene@1423.66e-07), Disease@None (Gene@518.37e-37), and Disease@MESH:D020521 (Gene@518.40e-41) in ARIC and BMI (Gene@518.83e-02) in MESA (Table 2). The minor allele of this SNP was associated with elevated BG and TC levels, increased hazards of Disease@MESH:D001281, Disease@None, Disease@MESH:D020521, HF and Disease@MESH:D003643, and decreased DBP and HDLC levels. The test of the PH assumption suggests that the effect of the SNP on the hazard of Disease@MESH:D020521 was not proportional (p = 2.91e-03 from Gene@1351.zph) and the time-dependent analysis shows that the effects on the hazards of Disease@None and Disease@MESH:D020521 were age-dependent and exhibited different temporal patterns (Figures 3C,D). The survival curves from the K-M estimator were consistent (Figure S7). The effect on Disease@None remained modest before age 60, increased dramatically between ages 60-70 and leveled off subsequently. The stratified analysis shows that the effect on Disease@MESH:D020521 was much larger and more significant before age 73 than after that (HR = 8.23, Gene@518.47e-54 vs. HR = 1.78, p = 0.229). We further noticed that one copy of minor allele had an HR of 7.27 (Gene@1423.01e-51) while two copies had no significant effect (HR = 2.39, Gene@10130.82e-02) on Disease@MESH:D020521. Functional annotation suggests that Mutation@rs8082812 is located in a DNase Disease@MESH:D004342 site in the fibroblasts and urothelial cell lines (Table S5) and close to a copy number variation (~1.4 kb) (Ensembl ID: esv3641717). The mediation analysis suggests that the effect of Mutation@rs8082812 on the hazard of HF was partly mediated through HDLC, while the effect on Disease@None was partly mediated through BG and TC (Table S3). Mutation@Rs1869717, located in Gene@55534 and an enhancer region (ENSR00002016330), was at least nominally associated with DBP (Gene@1423.83e-02), TC (Gene@6283.01e-03), HF (Gene@1423.74e-02), Disease@None (Gene@84068.20e-10) and Disease@MESH:D020521 (1.19e-02) in ARIC, Disease@MESH:D020521 (Gene@1423.01e-02) and Disease@MESH:D003643 (p = 2.59e-04) in FHS cohort 1, BMI (Gene@518.42e-02), SBP (Gene@84068.35e-04), HDLC (Gene@201780.70e-03), and FEV1 (Gene@11340.45e-03) in Disease@MESH:D002609, BG (p = 2.39e-03) and Disease@MESH:D009223 (4.33e-02) in Disease@MESH:D020191, and TG in FHS cohort 1 and Disease@MESH:D002609 (p = 2.05e-02 and Gene@11340.66e-03) (Table 3). The minor allele of this SNP increased the hazards of HF, Disease@None, Disease@MESH:D020521, Disease@MESH:D009223 and Disease@MESH:D003643, but exhibited heterogeneous effects on the endophenotypes. No indirect effects were observed on any of the diseases in ARIC (Table S3)", "type": "paragraph"}, {"sent": "With the recent discovery of a large number of genes and variants influencing endophenotypes and diseases simultaneously (Sivakumaran et al.,), pleiotropy has been attracting a lot of interest. A fundamental hypothesis in gerontology is that delaying biological aging process, which is assumed to lead to physical Disease@MESH:D006331 and to be implicated in multiple age-related diseases through common underlying mechanisms (i.e., pleiotropic effects), would simultaneously delay the onset and progression of these diseases (Kaeberlein et al.,). For example, chronic diseases of aging including CVDs, Disease@MESH:D009369 and Disease@MESH:C537849 share pathological links through Disease@MESH:D007249 (Franceschi,; Larbi et al.,; Finch,). Searching for pleiotropic genetic variants helps validate these substantive hypotheses and pinpoints mechanisms that could be biologically plausible for the most basic processes associated with aging in human. By performing phenome-wide (more than 20 phenotypes or age-related diseases) association analyses followed by pleiotropic meta-analyses with five large-scale longitudinal cohorts, we identified seven novel SNPs that affect multiple endophenotypes and age-related diseases simultaneously. Five out of the seven SNPs are low-frequency variants which might be the reason why they were overlooked in the previous GWAS. It is worth pointing out that almost all these low-frequency variants show detrimental effects, the excess of which may suggest the polygenic inheritance in these diseases (Chan et al.,)", "type": "paragraph"}, {"sent": "Our results suggest that the genome-wide significance of Mutation@rs7081476 is achieved by aggregating its association with a wide spectrum of diseases across different cohorts. Mutation@Rs7081476 is located in an intron of Gene@22852, which is involved in Disease@MESH:C536227, Disease@MESH:D018149, fat cell differentiation, fatty acid and lipid metabolism, among the other processes (Fei et al.,; Raciti et al.,; Cesar et al.,). Mutations in Gene@22852 or the promoter region have been reported to cause autosomal dominant Disease@MESH:D013921 (THC2) (low platelet count) (Noris et al.,; Pippucci et al.,; Al Daama et al.,). Platelets represent an important connection between Disease@MESH:D007249 and development of CVDs (Willoughby et al.,; Wagner and Burger,), which may justify the association with a variety of CVDs in our findings. A mouse model also confirmed that partial inactivation of the Gene@232339 gene caused the development of Disease@MESH:D009765, insulin resistance and gigantism (Bera et al.,), which is in line with our findings of Disease@MESH:D009223 and BMI. We further show that the effects of Mutation@rs7081476 on Disease@MESH:D020521, HF, Disease@None, and Disease@MESH:D009223 were mediated through several endophenotypes among which BMI had the most significant indirect effect. It has been pointed out that controlling the expression of Gene@22852 would affect megakaryopoiesis and platelet production, perhaps by inducing apoptosis (Pippucci et al.,) or MAPK pathway hyperactivation (Bluteau et al.,). Interestingly, elevated platelet count may correlate with Disease@MESH:D009765 (Samocha-Bonet et al.,). On the other hand, the neighboring Gene@84930 kinase, of which Mutation@rs7081476 is a direct eQTL, is important for cell cycle regulation and is implicated in normal thrombopoiesis and association with THC2 (Di Paola and Johnson,). This evidence indicates that Mutation@rs7081476 may be involved in regulatory activity of the genes in THC2 locus functionally related to the Disease@MESH:C536227", "type": "paragraph"}, {"sent": "Mutation@Rs12420422 is an intergenic variant flanked by the genes BSX (~28 kb) (encoding a brain-specific homeobox protein) and Gene@3312 (~48 kb) (encoding a heat shock protein) with an average MAF of ~2% estimated from the five cohorts. While associated with the CVDs (most significantly with Disease@None) and mortality, no association was detected with any of the endophenotypes, which may suggest that the effects on the CVDs are irrelevant of the pathway related to the endophenotypes under investigation. Members of the stress-inducible heat-shock protein family, including Gene@3312, are associated with the development of Disease@MESH:D003324 (Disease@None) (Latchman,; Mehta et al.,; He et al.,; Zhang et al.,). Gene@3312 is also involved in immune response, the regulation of Disease@MESH:C536227 and autophagy among the other processes (Zou et al.,; Stricher et al.,)", "type": "paragraph"}, {"sent": "Mutation@Rs460976 associated with HF and Disease@None is a low-frequency downstream gene variant located in an intergenic region flanked by Gene@7113 and Gene@4599. Similar to Mutation@rs12420422, no association was detected with the selected endophenotypes, suggesting that the effects on HF and Disease@None are probably through other mechanisms. One potential mechanism is through immunological effects. Indeed, Gene@7113 has an important role in influenza virus and other Disease@MESH:D012131 whereas Gene@4599 participates in the cellular antiviral response. CVDs can be associated with influenza-like illness (Kwok et al.,) probably through immune mechanisms of Disease@MESH:D050197 (Frostegard,)", "type": "paragraph"}, {"sent": "Mutation@Rs7632505 has recently been reported to be associated with Disease@MESH:D013919 (OR = 29.47, p < 1e-04), a chronic Disease@MESH:D016491 in a Xinjiang Uyghur Population (Shi et al.,). The dynamic effect of rs7632505 on Disease@None may be explained by the inhibitory effect of Gene@54437 on angiogenesis which is related to aging process (Lahteenvuo and Rosenzweig,) and is purported to be involved in Disease@MESH:D050197 and other CVDs (Khurana et al.,; Deveza et al.,). Gene@54437 is a member of the phylogenetically conserved class 5 semaphorins that all contain a characteristic Sema domain along with thrombospondin repeats (Adams et al.,) and is functionally important for angiogenesis (Iruela-Arispe et al.,; Chen et al.,; Grundmann et al.,). The moderate expression of Gene@54437 is detected in multiple tissues including heart and brain (Nagase et al.,). Besides, Gene@54437 functions as a guidance cue and is implicated in Ca2+-mediated growth cone collapse (To et al.,). On the other hand, rs7632505 may associate with the expression of the neighboring Gene@10954 gene through LD with the eQTLs and Gene@10954 is involved in the endoplasmic reticulum (ER) redox homeostasis. In addition, regulatory activity of the Gene@10954 gene is required for normal Disease@MESH:C536227 (Gieger et al.,; Bielczyk-Maczynska et al.,)", "type": "paragraph"}, {"sent": "We observed that the effect of Mutation@rs4905014 on the onset of Disease@MESH:D020521 grew rapidly after age ~65, suggesting that it may have an increasing etiologic effect on Disease@MESH:D020521 for the elderly. Its effects on Disease@MESH:D020521 and HF were not mediated through HC, DBP, or HbA1c. The related gene Gene@3705 is involved in inositol signaling pathways which regulate the conductance of calcium-activated chloride channels (Chamberlain et al.,; Saiardi and Cockcroft,). The enzyme is associated with Disease@MESH:D009436 (Majerus et al.,; Guan et al.,). A study using an expression probe array and rt-PCR has found that Gene@3705 expression in peripheral blood shows a significant correlation with a Disease@None index (Sinnaeve et al.,)", "type": "paragraph"}, {"sent": "Mutation@Rs8082812, located in a DNase Disease@MESH:D004342 site and surrounded by regulatory regions, is adjacent to (~300 b) an enhancer (ENSR00001899253) active in multiple cell lines, ~1.4 kb from a CNV (esv3641717) and ~2.4 kb from a CTCF binding site (ENSR00000667587). Gene@201475 (~87 kb) and Gene@5797 (~116 kb) are the closest protein coding genes. Gene@201475 is involved in protein transport, degradation of Gene@7018 receptor and autophagy (Matsui and Fukuda,). Maintenance of cellular iron homeostasis is indispensable in the management of diseases and aging, and thus relates to mortality (Altamura and Muckenthaler,; Weinberg,). Inhibition or over-activation of autophagy might be associated with various CVDs (Salabei and Conklin,). Gene@5797 is required for neurite outgrowth and axonal migration by regulating adhesion through the classical cadherins (Oblander and Brady-Kalnay,). This gene contributes to potassium channels gene regulation in adult cardiac myocytes by cell-cell contact (Hershman and Levitan,). Also, Gene@5797 may play a role in angiogenesis (Sommer et al.,). Its heterogeneous dynamic patterns of age-dependent effects on the hazards of Disease@MESH:D020521 and Disease@None may be partly explained by its effects on a broad spectrum of endophenotypes", "type": "paragraph"}, {"sent": "Mutation@Rs1869717 is located in Gene@55534 (Gene@55534), which is a transcriptional coactivator for NOTCH proteins (Wu et al.,). A previous GWAS finds that another SNP (Mutation@rs1531070) in Gene@55534 is significantly (Gene@201780.99e-12) associated with Disease@MESH:D006330 in Han Chinese (Hu et al.,). Another genome-wide meta-analysis identifies a locus near this gene that is associated with protein intake (Tanaka et al.,)", "type": "paragraph"}, {"sent": "To sum up, all of the identified pleiotropic SNPs are either within a gene or next to regulatory regions, highlighting the probability of their involvement in gene expression or various regulatory activities. A previous report discovers that disease-associated variants are frequently located in strong enhancer elements and patterns of enhancer activity are strongly correlated with patterns of nearest-gene expression (Ernst et al.,). Our results showing that most of the identified variants are associated with tissue-specific strong enhancers, DNase clusters or missense variants are consistent with the previous finding. On the other hand, we further discovered the age-dependent effects of some SNPs on Disease@None and Disease@MESH:D020521, confirming the previous findings that the effects of variants on the complex diseases in post-reproductive period could be age-dependent (Kulminski,; Kulminski et al.,; Yashin et al.,). It seems that their pleiotropic effects result from their diverse involvement in different underlying mechanisms potentially related to nervous, cardiovascular and immune system functions including axon guidance and angiogenesis (Gene@54437, Gene@5797), ion channels (Gene@54437, Gene@5797, Gene@3705), stress resistance, Disease@MESH:D007249 and immunity (Gene@3312, Gene@7113/Gene@4599), and Disease@MESH:C536227 (Gene@22852, Gene@3312). On the other hand, some of the SNPs such as Mutation@rs7081476 and Mutation@rs8082812 are related to lipids or blood related metabolites. As these metabolites have critical influence on CVDs, Disease@MESH:D009223 and thus eventually mortality, the strong association of these SNPs with age-related diseases is mediated, at least in part, through their effects on the metabolites, which can be classified as mediated pleiotropic effects. Interestingly, rs7632505 and Mutation@rs8082812 with age-dependent effects of minor alleles are linked to genes (Gene@54437, Gene@5797) involved in axonal migration and angiogenesis which are age-dependent processes", "type": "paragraph"}, {"sent": "The power advantage of the pleiotropic analysis can be demonstrated by Mutation@rs8082812 for which the p-value from the pleiotropic meta-analysis was more significant than any from the univariate analysis. It can be seen from the results of the pleiotropic analysis for the 343 SNPs that the omnibus test based on the O'Brien's test (O'Brien,) increases the statistical power when the pleiotropic effect of a SNP is heterogeneous and opposite to the correlation between the statistics from the univariate analysis. Nevertheless, it may not be the optimal solution to detecting a SNP that affects two correlated phenotypes in the same direction through independent paths. Many extensions to the general omnibus tests have been proposed by assigning different weights for phenotypes (Xu et al.,; Zhu et al.,). In general, no methods are optimal in all situations, and the choice of these methods depends on the assumptions we make and the sort of pleiotropic effect we aim to detect", "type": "paragraph"}, {"sent": "Although the large-scale data sets under investigation are widely recognized and documented, there still exist some limitations. The definitions and criteria of measurements of the complex diseases and the targeted populations vary in the five cohorts. Moreover, some SNPs are not available in other cohorts as different genotyping chips are adopted in these studies. Imputation did not come to a rescue for harmonizing missing data of low-frequency variants as the imputation quality is low. Because of these, the replication of a significant association in other cohorts is not straightforward. The lack of some replications may also suggest that the effects of age-related loci are more sensitive to environment such as age as many of the identified SNPs have age-dependent effects. In addition, in terms of the statistical power of the omnibus test, the inclusion of many endophenotypes reduces the chance to detect the SNPs that are only associated with a small proportion of phenotypes. Methods with adaptive weights on different phenotypes might identify more signals in this case. Another problem is that although we assumed that there were no other unmeasured confounders than the included covariates underlying the endophenotypes at the baseline and the onset of the complex diseases, it is still possible that these confounders exist, and in this case, the estimated mediation effect would be biased (Pearl,). For example, we observed an indirect effect but no direct effect of Mutation@rs7081476 on Disease@MESH:D009223 that was mediated through HbA1c. However, the no-confounder assumption was probably violated for HbA1c and Disease@MESH:D009223 as it has been shown that the association of HbA1c with Disease@MESH:D009223 may be explained by its biomarker for the presence and severity of Disease@MESH:D006943 (Lyons and Basu,)", "type": "paragraph"}, {"sent": "In conclusion, we identified seven novel loci that exhibit pleiotropic effects on a variety of endophenotypes and age-related diseases using five large-scale longitudinal cohorts. The enrichment of identified pleiotropic variants involved in immune system and Disease@MESH:D007249 supports the hypothesis of shared pathological role of Disease@MESH:D007239 and Disease@MESH:D007249 in chronic age-related diseases. The findings indicating the potential regulatory involvement of these genetic variants in a diversity of functions contribute to the understanding of the shared mechanisms underlying comorbidity and the relationship between anthropometry, lipid- and blood-related traits, CVDs, Disease@MESH:D009223, and NDs. Our results suggest that the effects on the risk of CVDs often follow different age-dependent patterns and are probably through angiogenesis. These findings are valuable for guiding follow-up analyses and provide evidence for further scrutinizing the molecular mechanisms and implication of the relevant genes in the age-related diseases", "type": "paragraph"}, {"sent": "Design of the work (AK, LH), acquired the phenotype data (Disease@MESH:D009765, MD, AIY, SU, MK, KA, AY), acquired the genotype data (AIY, SU, MK, KA, AY), genotype quality control and other manipulations (YL), analyzed the data (LH, YK, AK, YL), interpreted the results (AK, LH, IK, EL), and wrote the paper (LH, AK, IK, EL, YK)", "type": "paragraph"}, {"sent": "The research reported in this paper was supported by Grants No P01 AG043352 and R01 AG047310 from the National Institute on Aging (NIA). The funders had no role in study design, data collection and analysis, decision to publish, or preparation of the manuscript. The content is solely the responsibility of the authors and does not necessarily represent the official views of the National Institutes of Health (NIH)", "type": "paragraph"}, {"sent": "The authors declare that the research was conducted in the absence of any commercial or financial relationships that could be construed as a potential conflict of interest", "type": "paragraph"}, {"sent": "The Supplementary Material for this article can be found online at: http://journal.frontiersin.org/article/10.3389/fgene.2016.0017", "type": "paragraph"}]}