{"sentences": [{"sent": "Discovery of single nucleotide polymorphisms (SNPs) that predict a patient's risk of docetaxel-induced Disease@MESH:D009422 would enable treatment individualization to maximize efficacy and avoid unnecessary Disease@MESH:D064420. The objectives of this analysis were to discover SNPs associated with docetaxel-induced Disease@MESH:D009422 and mechanistically validate these associations in preclinical models of Disease@MESH:D056486", "type": "abstract"}, {"sent": "A genome-wide association study was conducted in metastatic castrate-resistant Disease@MESH:D011471 patients treated with docetaxel, prednisone and randomized to bevacizumab or placebo on CALGB 90401. SNPs were genotyped on the Illumina HumanHap610-Quad platform followed by rigorous quality control. The inference was conducted on the cumulative dose at occurrence of grade 3+ Disease@MESH:D000699 using a cause-specific hazard model that accounted for early treatment discontinuation. Genes with SNPs significantly associated with Disease@MESH:D009422 were knocked down in cellular and mouse models of drug-induced Disease@MESH:D009422", "type": "abstract"}, {"sent": "498,081 SNPs were analyzed in 623 Caucasian patients, 50 (8%) of whom experienced grade 3+ Disease@MESH:D009422. The 1000 SNPs most associated with Disease@MESH:D003027 in relevant pathways including Disease@MESH:D009437 and axonal guidance. A SNP in Gene@55697 (Mutation@rs875858) surpassed genome-wide significance (p=2.12x10-8 adjusted p=5.88x10-7). siRNA knockdown of Gene@55697 in stem cell derived peripheral neuronal cells increased docetaxel sensitivity as measured by decreased neurite processes (p=0.0015) and branches (p<0.0001). Prior to docetaxel treatment Gene@234729 heterozygous mice had greater nociceptive sensitivity than wild-type litter mate controls (p=0.001)", "type": "abstract"}, {"sent": "Gene@55697 should be prioritized for further validation of its potential role as a predictor of docetaxel-induced Disease@MESH:D009422 and biomarker for treatment individualization", "type": "abstract"}, {"sent": "The taxane class includes three US Food and Drug Administration (FDA)-approved chemotherapeutic agents, paclitaxel, docetaxel and cabazitaxel, that have activity in a variety of Disease@MESH:D009369 including lung, breast, ovarian, gastric, and Disease@MESH:D011471. Taxanes bind to and stabilize microtubules, ultimately inhibiting the mitotic phase of cell cycle development. The taxanes and other microtubule-targeting chemotherapeutic agents (e.g., vinca alkaloids) commonly induce Disease@MESH:D010523 of varying severity. Chemotherapy-induced Disease@MESH:D010523 (Disease@None) often presents as a combination of paresthesia and dysesthesia, and can progress to irreversible loss of balance and dexterity with continued treatment. Due to the progressive nature of the Disease@MESH:D064420 and its potential effect on long-term quality of life, Disease@None can necessitate treatment discontinuation, even in the context of active Disease@MESH:D009369 control", "type": "paragraph"}, {"sent": "Patient demographic (i.e., race and history of Disease@MESH:D009422) and treatment (i.e., cumulative dose and drug exposure) factors have been associated with Disease@None, but there are currently no effective methods for predicting Disease@None risk and/or severity. Genome-wide association studies (GWAS) of paclitaxel and vincristine-induced Disease@None confirm that genetic variation modifies patients' risk. The discovery and validation of single nucleotide polymorphisms (SNPs) that influence risk of docetaxel-induced Disease@MESH:D010523 would be of clinical benefit, enabling identification of high-risk patients in whom taxane use should be avoided if possible. SNPs that modulate risk of docetaxel-induced Disease@MESH:D009422 have been reported from candidate gene studies; however, no study has taken a genome-wide approach. Based on the previous success of GWAS in discovering SNPs that affect paclitaxel-induced Disease@MESH:D009422, a similar analysis was conducted in a cohort of docetaxel-treated patients to identify genetic predictors of docetaxel-induced Disease@MESH:D009422", "type": "paragraph"}, {"sent": "GWAS was performed in a large, prospectively enrolled, chemotherapy-naive cohort of metastatic castrate-resistant Disease@MESH:D011471 (mCRPC) patients who were treated with up to two years of docetaxel and prednisone, with half randomized to concurrent bevacizumab. As these metastatic patients are at high risk of early treatment discontinuation due to disease progression and/or Disease@MESH:D003643, which precludes occurrence of Disease@MESH:D009422, a competing-risks adjusted statistical model was utilized. Following discovery of a SNP that surpassed genome-wide significance, pharmacogenetic replication between the results of a previously conducted GWAS of paclitaxel-induced Disease@MESH:D009422 and this GWAS of docetaxel-induced Disease@MESH:D009422 and mechanistic validation of that gene in cellular and animal models were attempted to determine whether genetic predictors of Disease@None were similar between the taxanes and to potentially validate clinically useful genetic predictors of docetaxel-induced Disease@MESH:D000699", "type": "paragraph"}, {"sent": "Disease@MESH:D009369 and Disease@None Group B (CALGB/Alliance) 90401 was a double-blinded phase III trial that equally randomized men with hormone-refractory Disease@MESH:D011471 to receive docetaxel and prednisone with or without bevacizumab for up to two years. All patients enrolled in the CALGB 90401 parent study who provided IRB-approved informed consent for a pharmacogenomic substudy (CALGB 60404) were eligible for this GWAS. Briefly, patient eligibility included histologically documented Disease@MESH:D011471 that had progressed while the patient was on hormone deprivation therapy. Relevant exclusion criteria included prior chemotherapy or anti-angiogenesis therapy or clinically significant (grade 2+) Disease@MESH:D010523. Disease@MESH:D064420 data were collected by the Alliance Statistics and Data Center at each treatment cycle on standardized forms that mandated reporting of grade 3+ peripheral Disease@MESH:D000699, as defined by National Disease@MESH:D009369 Institute Common Disease@MESH:D064420 Criteria for Adverse Events (NCI CTCAE) version 3.0. Additionally, one case was reported as a grade 3 Disease@MESH:D003389 event described as \"sensory-facial.\" Only Disease@MESH:D009422 that was considered by the clinician to be possibly, probably, or definitely attributable to treatment, and occurred within 30 days of docetaxel administration, was included in the analysis", "type": "paragraph"}, {"sent": "All patients received docetaxel 75 mg/m2 infused over 1 hour on day 1 of each 21-day cycle with 8 mg oral dexamethasone 12, 3, and 1 hour prior to infusion. Patients on both arms also received 5 mg oral prednisone twice daily and were randomized to 15 mg/kg bevacizumab or placebo by intravenous infusion on day 1 of each cycle. Use of growth factor, aspirin, anti-emetics and luteinizing-hormone releasing hormone agonists was under the discretion of the treating physician. Docetaxel administration was held for Disease@MESH:D009503 (absolute neutrophil count <1,500 cells/mm3) and the dose was decreased in increments of 10 mg/m2 for Disease@MESH:D008107, Disease@MESH:D020258, Disease@MESH:D005767 or Disease@MESH:D009503. The protocol mandated discontinuation of docetaxel treatment if the patient required more than two docetaxel dose decreases or in the event of specific Disease@MESH:D064420 or confirmed Disease@MESH:D009369 progression", "type": "paragraph"}, {"sent": "A 10-mL sample of whole blood was collected from all patients enrolling on the pharmacogenomic substudy prior to initiation of protocol treatment. Genotyping and genetic quality control were similar to that previously reported in the CALGB 40101 GWAS. Genotyping was performed on the HumanHap610-Quad Genotyping BeadChip (Illumina Inc., CA, USA) at the RIKEN Center for Genomic Medicine (Yokohama City, Japan). Genotype data is available at dbGap (http://www.ncbi.nlm.nih.gov/projects/gap/cgi-bin/study.cgi?study_id=phs001002.v1.p1) SNPs that were known indeterminate (n=4,106) or unreliable loci (Tech Note: Infinium  Genotyping Data Analysis, 2007) and patients with SNP call rate <95% were excluded. Eigensoft version 3.0 was used to visualize genetic ancestry for the 790 evaluable patients to identify a genetic European population (n=623) in which the analysis was conducted. Additional SNPs were excluded for low call rate (<99%), low minor allele frequency (<0.05), p-value of Hardy-Weinberg distribution <10-8 or non-autosomal loci, leaving 498,081 SNPs for analysis (Supplementary Figure 1)", "type": "paragraph"}, {"sent": "Commercially available human induced pluripotent stem cell (iPSC)-derived peripheral neurons (Peri.4U) were purchased from Axiogenesis (Cologne, Germany) and plated at 1 x 104 cells/well in 100 muL media as per manufactures' instructions. Figure 3A illustrates the scheme for this experiment. Dharmacon Accell technology (GE Dharmacon, Lafayette, CO, USA) was applied at 4 hours post-plating using 1 Gene@56925 human siVAC14 SMARTpool or the non-targeting control (NTC). 24 hours later, transfection media was exchanged for media containing 0.17% DMSO vehicle control and either docetaxel (LKT Laboratories Inc., St. Paul, MN) or paclitaxel (Sigma-Aldrich, St. Louis, MO). The drugs were prepared in a darkened hood by dissolving powder in 100% DMSO to obtain a stock solution of 58.4 mM. Stock drug was serially diluted in media for final dosing concentrations ranging from 10 pM to 1 Gene@56925, increasing by factors of ten. Control wells were treated with 0.17% final concentration of DMSO to match drug treatments. After 24 or 48 hour drug treatments, neurons were stained with 0.3 ng/mL Hoechst 33342 (Sigma-Aldrich) and 1.5 mug/mL Calcein AM (Molecular Probes, Life Technologies Inc.) and imaged at 10x magnification using an ImageXpress Micro imaging microscope (Molecular Devices, LLC, Sunnyvale, CA) at the University of Chicago Cellular Screening Center. Neurite changes were determined by individual cell measurements of relative total neurite outgrowth, relative number of processes, relative number of branches, mean/median/max process length, relative cell body area, relative straightness and relative mean outgrowth intensity. The data represents triplicate experiments making measurements on more than 1000 cells per treatment as previously described. Two wells of transfected cells were collected per timepoint using the Cells-to-Ct kit (Ambion, Life Technologies Inc., Carlsbad, CA) and reversed transcribed as per kit instructions. Quantitative real time reverse transcription polymerase chain reaction (qRT-PCR) was performed using Taqman primers (Fisher Scientific LLC, Hanover Park, IL) for Gene@55697 (Hs00947931_m1) and compared to human Gene@567 (NM_004048.2) housekeeping gene at 24, 48 and 72 hours post-transfection (as previously described", "type": "paragraph"}, {"sent": "Mice bred for Gene@55697 heterozygosity (Gene@55697 and Gene@55697 wild-type litter mates (Gene@55697+/+) on C57/BL6 background were obtained from Lois Weisman at University of Michigan and acclimated to living conditions at University of Maryland. Mice 3-5 months of age were randomly assigned to docetaxel or placebo treatment, with 6-7 mice in each treatment arm. The entire experiment was conducted separately in male and female mice. Intraperitoneal administration of docetaxel 2 mg/kg or saline vehicle was administered on days 1, 3, 5, and 7", "type": "paragraph"}, {"sent": "Behavioral testing for the development of increased mechanical sensitivity took place at baseline (prior to treatment), day 5 (after two doses), day 8 (24 hours after the fourth dose), and weekly for 3 additional assessments. Mechanical sensitivity was measured in mice from both treatment arms simultaneously by a blinded individual using Disease@MESH:D014842 Frey filaments, as previously described. Briefly, mice were placed in individual Plexiglas  cubes on an elevated wire mesh platform and allowed to acclimate for approximately one hour, when grooming and exploration behaviors ended. A series of Disease@MESH:D013547 (Touch Test Sensory Evaluator Kit, myNeurolab.com, St. Louis, MO), with bending forces of 0.04-2.0 g, were applied to the plantar surface of the left hind paw until the filament just bent and was held in place for 5 seconds or until the mouse withdrew its paw. A positive response was defined as a brisk withdrawal, with or without shaking or licking, of the hind paw during or immediately upon removal of the filament application. Each filament was tested 5 times on each hind paw starting with the 0.4 g filament. If the 0.4 g filament elicited 3 positive responses out of 5 trials, then testing continued moving downward through the series to the 0.04 g filament and the number of withdrawals was recorded for each filament. If the 0.4 g filament did not elicit 3 positive responses, then testing continued moving upward through the series to the 2.0 g filament and the number of withdrawals was recorded for each filament. Threshold was defined as the filament with the lowest bending force that elicited at least 3 positive responses out of 5 trials", "type": "paragraph"}, {"sent": "The primary endpoint for GWAS analysis was the cumulative docetaxel dose (mg/m2) at first report of treatment-related grade 3+ sensory Disease@MESH:D010523. Patients who did not complete two years of therapy due to progression/Disease@MESH:D003643, treatment-terminating adverse event, or any other reason were informatively censored at the cumulative docetaxel dose received; therefore, the statistical analysis was conducted within a competing-risk model framework with the inference conducted on the basis of cause-specific hazard. Cumulative incidence curves were constructed to visualize the influence of each of the top three hits with Disease@MESH:D009422 incidence. The relationship between each SNP and Disease@MESH:D009422 was adjusted for clinical covariates with putative relevance to Disease@MESH:D009422 risk: Disease@MESH:D003920 (reported history of Disease@MESH:D003920 or current Disease@MESH:D003920 treatment vs. none), age (continuous), body mass index (BMI) (<= 30 kg/m2 vs. > 30 kg/m2), and treatment arm (bevacizumab vs. placebo), regardless of whether the covariate was significantly associated with Disease@MESH:D009422 in this cohort", "type": "paragraph"}, {"sent": "Cross-study clinical replication of the SNP with the greatest association with Disease@MESH:D009422 was attempted in a cohort of Caucasian Disease@MESH:D001943 patients treated with paclitaxel on the CALGB 40101 clinical trial. GWAS of the cumulative paclitaxel dose at occurrence of grade 2+ Disease@MESH:D009422 has previously been published. Additionally, a SNP predictive of paclitaxel-induced Disease@MESH:D009422 risk (Mutation@rs10771973, Gene@121512) discovered and replicated in the CALGB 40101 GWAS was interrogated in the GWAS results from the docetaxel-treated Caucasian patients on CALGB 90401 to assess whether the SNPs that influence Disease@MESH:D009422 risk are similar between the two taxanes", "type": "paragraph"}, {"sent": "Statistical analyses were performed by Alliance statisticians on a database locked on August 15, 2012. All analyses were conducted using the R [R]statistical environment version 3.1.1 or higher, using extension packages survival (version 2.37-7), GenABEL (version 1.8-0), cmprsk (version 2.2-7) and interval (version 1.1-0.1). To search for cumulative genetic effects, the genes that mapped to the top 1000 SNPs were included in a pathway enrichment analysis using the Ingenuity Pathway Analysis version 17199142 (Ingenuity  Systems, Inc, www.ingenuity.com) internal algorithm. Peripheral neuronal cell phenotypes (outgrowth, processes, branching, etc.) measured after treatment with increasing docetaxel and paclitaxel concentrations were compared between Gene@55697 siRNA and non-targeted control siRNA using two-way ANOVA", "type": "paragraph"}, {"sent": "Mouse mechanical sensitivity thresholds were compared prior to docetaxel treatment between Gene@234729+/+ and Gene@234729+/- mice using an interval-censored analysis with the minimum fiber size inducing a response as the phenotype. The genotype groups in the untreated mice were compared again on day 28. The same method was used to compare sensitivity thresholds of docetaxel treated and untreated mice following treatment on day 8. To assess whether Gene@234729+/- mice were more sensitive to docetaxel-induced changes in mechanical stimuli, parametric survival regression was used to test for the effect of Gene@234729 by treatment interaction on withdrawal threshold on day 8, after treatment was completed", "type": "paragraph"}, {"sent": "The CALGB/Alliance 90401 parent study enrolled 1,050 patients, of whom 863 provided consent and registered for the pharmacogenomics substudy CALGB 60604 (CALGB is now a part of the Alliance for Clinical Trials in Oncology). The GWAS included 790 patients, of whom only the 616 self-reported, genetically defined Europeans receiving treatment were included in the analysis to minimize confounding from population substructure (Supplementary Figure 1). Demographic characteristics for the discovery cohort including baseline covariates potentially relevant to treatment-induced Disease@MESH:D009422 risk are reported in Table 1. The median age was 69 years, body mass index (BMI) was 29 kg/m2, and 97 patients (16%) had a history of Disease@MESH:D003920. Randomization was nearly even to the bevacizumab (314 patients, 51%) and placebo (302, 49%) arms", "type": "paragraph"}, {"sent": "The overall incidence of grade 3+ Disease@MESH:D000699 was 8.1% (50/616). The 566 patients who did not experience Disease@MESH:D009422 were classified as having either completed treatment without Disease@MESH:D009422 (3.9%) or categorized based on their reason for discontinuation: Disease@MESH:D003643/progression (41.1%), non-Disease@None treatment terminating adverse event (30.2%) or withdrawal/other (16.7%) (Supplementary Table 1). The risk of Disease@MESH:D009422 was not significantly different in the bevacizumab and placebo arms (p=0.11), which were pooled for analysis", "type": "paragraph"}, {"sent": "GWAS analysis was performed on the cumulative docetaxel dose (mg/m2) at first report of treatment-induced grade 3+ Disease@MESH:D000699 (Figure 1). The ten most significant SNPs, ranked according to the unadjusted p-value for cause-specific association with Disease@MESH:D009422, are listed in Table 2 with rsID, gene annotation, and hazard ratios before and after adjustment (Top 1000 SNPs in Supplementary Table 2). One SNP surpassed Bonferonni-corrected significance (0.05/498,022=1.004x10-7). This is an intronic SNP in the Gene@55697 gene (Mutation@rs875858, minor allele frequency=0.056), which increased Disease@MESH:D009422 risk (HR=3.60, 95%CI: 2.21-5.84, p=2.12x10-8, Figure 2A). The second and third most strongly associated SNPs were an intergenic SNP (Mutation@rs11017056, Gene@4094=0.223, HR=2.61, 95%CI: 1.77-3.84, p=3.84x10-7) and an intronic SNP in the Gene@51761 gene (Mutation@rs1326116, Gene@4094=0.194, HR=2.77, 95%CI: 1.79-4.27, p=1.77x10-6), both of which increased Disease@MESH:D009422 risk (Figures 2B and 2C)", "type": "paragraph"}, {"sent": "The associations of all SNPs were then adjusted for treatment arm and several clinical covariates previously reported to be relevant to Disease@MESH:D009422 risk including Disease@MESH:D003920, age, and BMI. In this particular cohort, among the clinical covariates only increasing age (p=0.0003) was significantly associated with Disease@MESH:D009422, though increasing BMI showed a trend toward association (p=0.05). Covariate adjustment did not substantially affect the results, though the association of Gene@55697 fell below the Bonferonni-corrected significance threshold after adjustment (p=5.88 x10-7). The top 1000 SNPs mapped to 240 unique genes, which were included in the pathway analysis. The three most significantly enriched pathways in the GWAS are displayed in Supplementary Table 3. Notably, two of these enriched pathways are relevant to Disease@None; Axonal Guidance (p=1.20x10-4) and Disease@MESH:D009437 (p=6.03x10-3)", "type": "paragraph"}, {"sent": "Due to the absence of a large cohort of docetaxel-treated patients with Disease@MESH:D011471 in which to perform replication, and our interest in assessing whether taxanes share genetic predictors of Disease@MESH:D009422 risk, cross-study pharmacogenetic replication was attempted in a cohort of paclitaxel-treated Caucasian patients with Disease@MESH:D001943 enrolled on CALGB (Alliance 40101). The Gene@55697 SNP (Mutation@rs875858) discovered in our docetaxel-induced Disease@MESH:D009422 was not associated with paclitaxel-induced Disease@MESH:D009422 in the 40101 study (p=0.70). In addition, SNPs that were discovered in previously published GWAS of paclitaxel-induced Disease@MESH:D009422 (Gene@121512 (Mutation@rs10771973) p=0.39, Gene@2043 (Mutation@rs17348202) p=0.76, Gene@2044 (Mutation@rs7349683) p=0.15, intergenic (Mutation@rs3125923) p=0.057, Gene@83953 (Mutation@rs1856746) p=0.25) or candidate SNP studies of docetaxel-induced Disease@MESH:D009422 (Gene@2950 Mutation@rs1138272 (Mutation@rs1138272) p=0.98, Gene@5243 Mutation@rs1128503 (Mutation@rs1128503) p=0.62, Gene@5243 (Mutation@rs4148738) p=0.90, Gene@5243 Mutation@rs1045642 (Mutation@rs1045642) p=0.80) were not associated with docetaxel-induced Disease@MESH:D009422 occurrence in the CALGB 90401 patients. Finally, when comparing the top SNPs from taxane-induced Disease@MESH:D009422 GWAS performed within CALGB 90401 (docetaxel) and 40101 (paclitaxel), there was no statistical evidence that the degree of overlap was greater than would be expected by random chance (data not shown)", "type": "paragraph"}, {"sent": "To determine the effect of Gene@55697 knockdown on neuronal sensitivity to docetaxel and paclitaxel, commercially available human iPSC-derived peripheral neurons (Peri4.U) were utilized. At the time of image analysis, which is 24 and 48 hours post drug treatment (48 and 72 h post transfection), expression of Gene@55697 in neurons treated with 1 Gene@56925 siRNA had decreased to 54 and 44%, respectively, as compared to control cells treated with a non-targeting siRNA (Figure 3B). The Gene@55697 siRNA knockdown at 24 hours post-docetaxel treatment did not affect relative total outgrowth (Figure 3C) in the peripheral neurons but resulted in significantly greater sensitivity to docetaxel as measured by relative number of processes (p=0.0015, Figure 3D) and relative number of branches (p<0.0001, Figure 3E) Similar effects were found in preliminary studies of Gene@55697 knockdown in a human IPSC-derived cortical neuron, iCell  Neurons measured 48 hours after treatment (Cellular Dynamics International, Madison, WI) (data not shown). In contrast, Gene@55697 siRNA knockdown significantly decreased peripheral neuronal cell sensitivity to paclitaxel as measured by these same cellular phenotypes (all p<0.05, Figure 3F-3H). Other morphological characteristics including mean process length, mean outgrowth intensity and relative straightness were also measured for docetaxel and paclitaxel (Supplementary Figure 2). We found a decreased sensitivity to docetaxel and paclitaxel when measuring mean process length and for mean outgrowth intensity for paclitaxel only. There was no difference in measurements of relative straightness (data not shown)", "type": "paragraph"}, {"sent": "Prior to receiving docetaxel treatment, Gene@234729+/- heterozygous mice were more sensitive than wild type Gene@234729+/+ mice to mechanical stimuli using Disease@MESH:D013547 filaments (p=0.001, Supplementary Figure 3). When stratified by gender this effect was significant in male mice (p=0.002) but not female mice (p=0.16), however, there was no statistically significant gender interaction (p=0.10). The difference in sensitivity to mechanical stimuli between genotype groups at baseline was attenuated over the course of the experiment in untreated mice, as there was no evidence of a difference between these groups from at the end of the experiment (p=0.23). As expected, 8 days of docetaxel treatment increased sensitivity to mechanical stimuli compared to untreated control mice, regardless of mouse genotype (p<0.0001, Figure 4). Comparing across genotype groups, there was no difference between Gene@234729+/- and Gene@234729+/+ mice in docetaxel-induced increase in threshold sensitivity to mechanical stimuli at day 8 (p=0.18) or day 14 (p=0.80) when the Disease@MESH:D009422 was at its maximum", "type": "paragraph"}, {"sent": "GWAS in a large cohort of mCRPC patients receiving docetaxel treatment identified an intronic SNP (Mutation@rs875858) within Gene@55697 that was associated with Disease@MESH:D009422 risk (HR=3.60). Gene@55697 has been directly linked to Disease@MESH:D019636 in animal models and Disease@MESH:D009422 in humans. The lack of clinical replication in a cohort of paclitaxel-treated Disease@MESH:D001943 patients is perhaps due to known differences between the two taxanes, including Disease@MESH:D009422 profile. Distinct genetic modifiers of cellular sensitivity to paclitaxel and docetaxel have been previously reported in in vitro models and the results of cellular sensitivity experiments demonstrating that Gene@55697 knockdown enhances sensitivity of peripheral neurons to docetaxel but not paclitaxel for relative number of processes and relative branching, further support this hypothesis. Given the distinct genetic effects on neuronal sensitivity to docetaxel and paclitaxel it is conceivable that the polymorphisms that affect Disease@MESH:D009422 risk also differ between the two taxanes. This would be consistent with the lack of cross-study replication, including the lack of association with docetaxel-induced Disease@MESH:D009422 occurrence in this analysis for SNPs (Gene@121512, Gene@2043 and Gene@2044) that have been previously discovered, and in some cases replicated, in paclitaxel-induced Disease@MESH:D009422. Alternatively, heterogeneity between the patient cohorts, including differences in gender, age, and functional status, or differences in the phenotype (grade 2+ vs. grade 3+), may explain the lack of replication across the clinical GWAS. This GWAS was also not able to replicate previously reported associations between docetaxel-induced Disease@MESH:D009422 and SNPs in Gene@5243 or Gene@2950 reported in previous candidate SNP studies, similar to the failure of paclitaxel GWAS to replicate associations with candidate SNPs including Gene@1558*3", "type": "paragraph"}, {"sent": "The mechanistic importance of Gene@55697 in docetaxel-induced Disease@MESH:D009422 was tested in two pre-clinical models of Disease@None. Knockdown of Gene@55697 in the peripheral neuronal cell model (Peri.4U) increased sensitivity to docetaxel treatment as measured by decreased neurite number of processes and neurite branching. Interestingly, knockdown of Gene@55697 seemed to decrease cellular sensitivity to paclitaxel treatment for these morphological characteristics suggesting that this gene may play an important role in the damage to processes and branching induced by docetaxel but not paclitaxel. A similar model of human neuronal cell sensitivity that utilizes induced Disease@MESH:D009410 (iCell  Neurons) has previously been used for mechanistic validation of GWAS hits that increases risk of paclitaxel-induced Disease@MESH:D009422 and vincristine-induced Disease@MESH:D009422. These human model systems have several advantages over the use of rodent cell lines such as rat Disease@MESH:D010673 cell lines, PC12 or NS1. One major limitation of rodent cell lines is the required treatment with nerve growth factor to initiate nerve outgrowth, which confounds the evaluation of drug treatment effects", "type": "paragraph"}, {"sent": "To our knowledge this is the first study to attempt mechanistic validation of a finding from a clinical GWAS in an animal model of Disease@None. The Von Frey Filament Test is a well-established rodent model to test sensitivity to nociceptive stimuli, as a surrogate for Disease@MESH:D010523, that is commonly used for mechanistic investigation of Disease@MESH:D009422. Unlike the cell experiment, Gene@234729 heterozygous mice were not more sensitive than wild-type littermates to the effect of docetaxel, but were more sensitive to mechanical stimuli prior to treatment. The enhanced sensitivity in the heterozygous mice at baseline was attenuated over time in the untreated cohort, in both male and female mice. It is possible that these mice acclimate to the discomfort of the mechanical stimuli or they may be experiencing Disease@MESH:D006987, another characteristic symptom of Disease@MESH:D010523 in taxane-treated patients, though additional experiments would be required to test either hypothesis. It is unclear from these findings whether patients with Gene@55697 polymorphisms have subclinical Disease@MESH:D009422 at baseline that is expressed by treatment, as suggested by the mouse data, or whether they are similar at baseline and have greater Disease@MESH:D009422 development from docetaxel treatment. Subjective testing that is sensitive for Disease@MESH:D058345, perhaps with electrophysiological or quantitative sensory assessment, in untreated patients with wild-type and polymorphic Gene@55697 may help resolve this conundrum", "type": "paragraph"}, {"sent": "The Gene@55697 protein provides a scaffold for the lipid kinase PIKfyve and its positive regulator, FIG4. These proteins reside in a complex that is responsible for the generation of the signaling lipids phosphatidylinositol -bisphosphate (PIP2) and PI5P. These lipids are essential in multiple tissues. The inability of Gene@234729-/- homozygous mice to survive beyond 1-2 days after birth necessitated the use of Gene@234729+/- heterozygous mice. On autopsy AC14-/- homozygous mice exhibit massive Disease@MESH:D019636 with cell bodies in the central and peripheral nervous system containing large vacuoles. This Disease@MESH:D019636 and vacuolization are similar to that found in FIG4 null mice, suggesting that variation in these genes is likely to phenocopy in humans as well as in mice. A rare mutation in the FIG4 gene is known to cause a subtype of Disease@MESH:D000699, a Disease@MESH:D030342. Interestingly, the CALGB 40101 paclitaxel-induced Disease@MESH:D009422 discovered and replicated an association for a SNP in Gene@121512 (Mutation@rs10771973), another gene known to cause Disease@MESH:D000699, though this variant was not associated with docetaxel-induced Disease@MESH:D009422 in our CALGB 90401 cohort", "type": "paragraph"}, {"sent": "The SNP (Mutation@rs875858) discovered in this GWAS lies within an intron of the Gene@55697 gene. It is unclear what effect, if any, this individual SNP has on Gene@55697 expression or activity in the peripheral neuron. In the GTEx database there is no association between Mutation@rs875858 and Gene@55697 gene expression in the tibial nerve tissue, though the power of this analysis is limited by the relatively small number of samples (n=256) and low minor allele frequency (Gene@4094=0.06) of this SNP http://www.gtexportal.org/home/eqtls/bySnp?snpId=Mutation@rs875858&tissueName=Nerve_Tibial. In the larger DGN cohort (n=922), Mutation@rs875858 is highly associated with Gene@146433 (p=4e-7) expression in whole blood. Gene@76527 is structurally similar to colony-stimulating factor 1 and both are ligands of the Gene@12978, which has recently been identified as an efficacious target in mouse models of Disease@MESH:D000699, providing an alternative plausible biological mechanism for this association. Finally, it is conceivable that this SNP is not functionally relevant but instead is a genetic marker of a different causative SNP; however, Mutation@rs875858 lies in a region of low linkage disequilibrium", "type": "paragraph"}, {"sent": "The SNP (Mutation@rs1326116) with the third strongest association with docetaxel-induced Disease@MESH:D009422 is an intronic polymorphism in the Gene@51761 gene, which encodes Gene@51761, a P4 Gene@1769. The P-type ATPases are a superfamily of proteins that translocate phospholipids between the two leaflets of cellular lipid bilayers. Several lines of evidence link Gene@50769 to neurological development and function; in vitro data that Gene@50769 overexpression enhances neurite outgrowth, animal data that Gene@50769 mutations cause overt progressive Disease@MESH:D019636 in Wabbler-lethal mice by disrupting axonal transport and polarity, and case reports of Gene@50769 mutations causing severe neurological phenotypes in patients", "type": "paragraph"}, {"sent": "The three pathways most highly enriched in the GWAS results include axonal guidance and Disease@MESH:D009437 signaling, both of which have obvious relevance to taxane-induced Disease@MESH:D010523. Growth and maintenance of neuronal axons requires organization of microtubules into a cytoskeleton. Taxanes stabilize microtubules, potentially interfering with cytoskeletal organization leading to the overt Disease@MESH:D012678 reported by patients. Enrichment in a similar pathway, axonal outgrowth, was reported in a secondary analysis of a paclitaxel-induced Disease@MESH:D009422, suggesting that these two studies are identifying similar genetic signatures, despite the lack of overlap of individual SNPs in the top 1000 hits. Disease@MESH:D009437 is one of the characteristic clinical manifestations of taxane-induced Disease@MESH:D009422, in addition to sensory and motor components. Disease@MESH:D009437 signaling in the dorsal horn neurons may contribute to taxane-induced Disease@MESH:D010523 via a higher propensity for development of central sensitization", "type": "paragraph"}, {"sent": "The primary limitation of this study is the lack of availability of an independent clinical trial cohort of docetaxel-treated patients for pharmacogenetic replication. Another limitation is the reliance on the protocol-specified collection of severe Disease@MESH:D010523 (grade 3 or higher), rather than systematic collection across all Disease@MESH:D064420 grades. It is possible that some patients experienced grade 2 Disease@MESH:D009422 without progressing to grade 3, and thus were not included as Disease@MESH:D009422 events in this analysis. Furthermore, ordinal analysis across all Disease@MESH:D009422 grades (0-4) would have brought greater statistical power and may have identified a distinct set of SNPs that predict Disease@MESH:D009422 severity, similar to the paclitaxel-induced Disease@MESH:D009422 findings in CALGB (Alliance) 40101. The lack of grade 1 or 2 Disease@MESH:D009422 data collection may explain the absence of events in the patients homozygous for the Mutation@rs875858 SNP. However, two of these patients discontinued docetaxel treatment quite early, after 6 (442 mg/m2) and 8 (561 mg/m2) cycles for progression and grade 3 Disease@MESH:D009325/Disease@MESH:D014839, respectively. The third patient was discontinued after 26 cycles (1,746 mg/m2) for a constellation of grade 3 Disease@MESH:D064420 including cough, Disease@MESH:D004417, Disease@MESH:D005221, Disease@MESH:D009503, and Disease@MESH:D011014, without any documentation of Disease@MESH:D010523 during treatment. The collection of DNA and comprehensive baseline and outcomes data, including accurate assessment of timing and severity of Disease@MESH:D010523, in other large clinical cohorts will allow for independent replication of our findings", "type": "paragraph"}, {"sent": "In conclusion, GWAS of a prospectively enrolled patient cohort identified a SNP in Gene@55697 that predicts sensitivity to docetaxel-induced Disease@MESH:D010523. Gene@234729 heterozygous mice were subsequently shown to be more sensitive to nociceptive stimuli at baseline, and peripheral neuronal cell (Peri.4U) sensitivity to docetaxel is enhanced after Gene@234729 knockdown, providing mechanistic validation of the relevance of Gene@234729 to docetaxel-induced Disease@MESH:D009422. However, the relatively low hazard ratio of this SNP suggests that no single variant or gene is responsible for Disease@MESH:D009422 sensitivity or will be clinically useful for personalizing docetaxel treatment. This is consistent with the multifactorial nature of Disease@MESH:D009422 that depends on both drug exposure and a variety of patient factors, including age and BMI, which were associated with Disease@MESH:D009422 occurrence in this cohort. Replication of the influence of our top candidate SNPs on Disease@MESH:D009422 risk in a similar clinical trial cohort of docetaxel-treated mCRPC patients is of great interest to validate the role of these genes and provide support for further investigation into this mechanism for chemotherapy-induced Disease@MESH:D009422 prevention or treatment", "type": "paragraph"}, {"sent": "Manhattan plot displaying the unadjusted p-value for the association of cumulative docetaxel dose at grade 3+ Disease@MESH:D000699 for all SNPs that passed quality control (n=498,022). One SNP (Mutation@rs875858) surpassed the Bonferonni-corrected significance threshold of 1.0x10-7", "type": "fig_caption"}, {"sent": "Cumulative incidence curve of docetaxel dose at grade 3+ Disease@MESH:D009422 occurrence stratified by genotype for the top three hits: A) a Gene@55697 intronic SNP (Mutation@rs875858), B) an intergenic SNP (Mutation@rs11017056), and C) an Gene@51761 intronic SNP (Mutation@rs1326116). In each case, carrying the variant allele increased Disease@MESH:D009422 risk compared to wild-type patients, though there were too few patients who were homozygous for the rare Gene@55697 variant (n=3) to draw meaningful conclusions in this group", "type": "fig_caption"}, {"sent": "A) Peripheral neuron (Peri.4U) experimental scheme illustrating timing of treatment and imaging. B) Relative Gene@55697 expression at 24, 48 and 72 hours post-transfection with siVAC14 compared to non-targeting control (NTC) produced a steady decline of Gene@55697 expression over time. The neurite outgrowth changes after 24 hours docetaxel (48 hours knockdown) showed no significance as measured by C) total outgrowth but did result in greater sensitivity to docetaxel in D) relative number of processes and E) relative number of branches. Alternatively, Gene@55697 knockdown decreased peripheral neuronal cell sensitivity to paclitaxel, 3F-3H. Open circle represent data from Gene@55697 siRNA and closed circle from NTC siRNA. Neurite parameters measured with MetaXPress  software were averaged from 3 independent experiments. Error bars represent the standard error of the mean from three independent transfection experiments. NTC = non-targeting control, UT= untransfected control", "type": "fig_caption"}, {"sent": "The withdrawal threshold is defined as the lightest fiber weight that caused each mouse to withdraw their hind paw at least three times out of five. Each mouse has a withdrawal threshold at each time-point in the study. The mean withdrawal threshold is the average of 12-14 mice (6-7 for each gender) for each treatment condition (Gene@234729 genotype and docetaxel treatment). Docetaxel- treated mice of either genotype had greater hindpaw withdrawal sensitivity following the end of treatment at day 8 compared to the untreated control mice (p<0.0001). There was no significant difference in the docetaxel-induced increase in withdrawal sensitivity comparing Gene@234729 heterozygous and wild-type mice (p=0.18)", "type": "fig_caption"}, {"sent": "The taxanes are a class of chemotherapeutic agents that are commonly associated with treatment-limiting Disease@MESH:D000699. Genetic predictors of paclitaxel-induced Disease@MESH:D009422 have been discovered but little is known about whether similar genetic factors are associated with risk of docetaxel-induced Disease@MESH:D009422. Discovery of genetic predictors of docetaxel-induced Disease@MESH:D009422 could inform personalized treatment decisions to maximize efficacy and avoid unnecessary Disease@MESH:D064420. We conducted a genome-wide association study in a large cohort of Caucasian men with Disease@MESH:D064129 treated with docetaxel. One single nucleotide polymorphism in Gene@55697 that was significantly associated with docetaxel-induced Disease@MESH:D009422 was then mechanistically validated in cellular and animal models of Disease@MESH:D020258. These finding suggest that distinct genetic variants influence risk of Disease@MESH:D010523 from paclitaxel and docetaxel. The genetic variant identified in this study could be useful for understanding the mechanism of docetaxel-induced Disease@MESH:D009422 and may be informative for avoiding docetaxel treatment in patients at Disease@MESH:D006937 risk", "type": "paragraph"}]}