{"sentences": [{"sent": "Glycated hemoglobin (HbA1c) is an important measure of Disease@MESH:D003920. HbA1c is influenced by environmental and genetic factors both in people with and in people without Disease@MESH:D003920. We performed a genome-wide association study (GWAS) for HbA1c in a Finnish type 1 Disease@MESH:D003920 (T1D) cohort, FinnDiane. Top results were examined for replication in T1D cohorts DCCT/Disease@None, WESDR, CACTI, EDC, and RASS, and a meta-analysis was performed. Three SNPs in high linkage disequilibrium on chromosome 13 near Gene@122042 (Gene@122042) were associated with HbA1c in FinnDiane at genome-wide significance (P < 5 x 10-8). The minor alleles of Mutation@rs2085277 and Mutation@rs1360072 were associated with higher HbA1c also in the meta-analysis with RASS (P < 5 x 10-8), where these variants had minor allele frequencies >=1%. Furthermore, these SNPs were associated with HbA1c in an East Asian population without Disease@MESH:D003920 (P <= 0.013). A weighted genetic risk score created from 55 HbA1c-associated variants from the literature was associated with HbA1c in FinnDiane but explained only a small amount of variation. Understanding the genetic basis of glycemic control and HbA1c may lead to better prevention of Disease@MESH:D048909", "type": "abstract"}, {"sent": "Glycated hemoglobin (HbA1c) reflects the level of Disease@MESH:D007022 and is commonly used to monitor glycemic control in Disease@MESH:D003920 and to diagnose type 2 Disease@MESH:D003920. Genome-wide association studies (GWAS) have revealed >60 genetic variants to be associated with HbA1c in individuals without Disease@MESH:D003920. A recent GWAS of multiple ethnic groups confirmed 18 variants previously associated with HbA1c and added 42 new loci. Some of the variants affect biological pathways maintaining Disease@MESH:D044882. For example, single nucleotide polymorphisms (SNPs) in or near Gene@2645 (Gene@2645) and Gene@4544 (Gene@4544) are known to be associated with HbA1c, fasting plasma glucose, and beta-cell function. HbA1c is further influenced by genes and pathways that affect erythrocytes. In particular, SNPs in Disease@MESH:D006432 (Gene@3077) and Gene@3098 (Gene@3098) have an effect on HbA1c through nonglycemic pathways that affect erythrocyte physiology and survival", "type": "paragraph"}, {"sent": "HbA1c reflects the glycemic load over ~3 months, and traits such as Disease@MESH:D006453, alterations in intracellular Disease@MESH:D044882, or defects of glucose transport into erythrocytes affect HbA1c. In addition, diet, drugs, and Gene@3630 administration affect HbA1c in individuals with type 1 Disease@MESH:D003920 (T1D) who have little to no endogenous Gene@3630 production and, thus, rely on an external source of Gene@3630 to ensure glucose uptake in cells. Despite a strong environmental stimulus, HbA1c levels are correlated between both dizygotic twins and monozygotic twins concordant or discordant for T1D. Heritability estimates for HbA1c in individuals without Disease@MESH:D003920 range from 27% to 62%, thus providing evidence for a genetic component for the trait", "type": "paragraph"}, {"sent": "To date, one GWAS on HbA1c has been conducted in individuals with T1D in the Disease@MESH:D003920 Control and Complications Trial (DCCT). The authors found that Mutation@rs1358030 near Gene@6272-related VPS10 domain-containing receptor 1 (Gene@114815) was associated with HbA1c (P < 2.2 x 10-9). The current study aims to define more genetic variants associated with HbA1c using GWAS of 4,622 individuals with T1D from the Finnish Disease@MESH:D003928 (FinnDiane) Study and attempts to replicate GWAS results in five additional cohorts including, altogether, 3,097 individuals with T1D", "type": "paragraph"}, {"sent": "FinnDiane is a nationwide, comprehensive multicenter study launched in 1997. Local ethics committees approved the study protocol, and participants gave informed consent before participation. The study was performed in accordance with the Declaration of Helsinki. HbA1c was measured with standardized laboratory methods locally from a blood sample taken during the visits to the FinnDiane study centers. Additional HbA1c values were collected from laboratory records both before and after the FinnDiane visit. A shift from high-performance liquid chromatography method to immunoassays was seen in many laboratories during the HbA1c collection time (1 January 1991-1 June 2016). In Finland, the HbA1c measurements show a high correlation with the DCCT reference method. HbA1c measurements from <1 year of Disease@MESH:D003920 diagnosis and the measurements after Disease@MESH:D007676 (Disease@MESH:D007676) diagnosis were excluded. A median of 19 HbA1c measurements per person (range 1-129) were collected (Supplementary Fig. 1). Phenotype in the GWAS was an intrapersonal mean HbA1c, and it roughly followed normal distribution (Supplementary Fig. 2). In the replication cohorts, a mean of natural log-transformed HbA1c was used. Similar phenotypic values were subsequently calculated in FinnDiane to enable comparison of effect sizes (beta) in the meta-analysis", "type": "paragraph"}, {"sent": "At the FinnDiane visit, each patient underwent a thorough clinical investigation as previously described. The GWAS covariates age and Disease@MESH:D003920 duration were calculated at the intrapersonal mean date of HbA1c measurements. Micro- or Disease@None was defined based on the urinary Gene@213 excretion rate (AER) in two out of three consecutive timed overnight or 24-h urine collections as previously described. Disease@MESH:D007676 was defined as ongoing dialysis or the patient having received a kidney transplant. Disease@MESH:D007676 diagnosis year was verified from hospital records. Hematological measurements were taken from whole blood samples of 429 individuals using flow cytometry in the Helsinki University Central Hospital Laboratory", "type": "paragraph"}, {"sent": "Individuals with age at Disease@MESH:D003920 onset of <40 years, Gene@3630 treatment initiated within 1 year of the Disease@MESH:D003920 diagnosis, and one or more HbA1c measurements were selected from FinnDiane. Relatedness of individuals was calculated with KING 1.40. Among first-degree family members, the individual with the least number of HbA1c measurements (nHbA1c) was excluded, and altogether 4,622 individuals were included in the GWAS", "type": "paragraph"}, {"sent": "After also excluding more distantly related individuals according to the estimated genetic relationship matrix (>=0.05), we calculated heritability in 4,319 individuals. Narrow-sense heritability of HbA1c (h2) was the proportion of the phenotypic variance explained by the additive effects of the genotyped SNPs with or without covariates sex, age, duration, genotyping batch, and nHbA1c (GCTA, version 1.24.4)", "type": "paragraph"}, {"sent": "Power calculations were performed with Quanto, version 1.2.4 (http://biostats.usc.edu/Quanto.html), using alpha-level of 5 x 10-8 (genome-wide significance). In the GWAS, we had 94% power to detect variants with a minor allele frequency (MAF) >=5% and an effect size (beta) 0.40 (nontransformed HbA1c [%] [Supplementary Table 1]). In the replication cohort (n = 3,097), we had >57% and 99% power (two-sided alpha = 0.05, beta = 0.30) to replicate variants with MAFs 1-5% or MAFs >=5%, respectively", "type": "paragraph"}, {"sent": "SNP genotyping was performed with HumanCoreExome-12 v. 1.0, -12 v. 1.1, or -24 v. 1.0 BeadChip (Illumina, San Diego, CA). SNPs with low genotyping call rate, deviation from Hardy-Weinberg equilibrium, MAF <1%, Mendelian inconsistency, allele frequency difference >20% (MAF >=5%), or allele frequency difference >5% (MAF <5%) with 1000 Genomes European (EUR) population were filtered", "type": "paragraph"}, {"sent": "After quality control, phased haplotypes (SHAPEIT v2.r837) of 316,899 SNPs were used for imputation with 1000 Genomes EUR phase 3, version 5, using Minimac3/Minimac3-Gene@4975 v1.0.14. A total of 6,019 individuals passed quality control when samples with genotyping rate <0.95 or extreme heterozygosity, sample mix-ups, and genetic outliers were removed", "type": "paragraph"}, {"sent": "GWAS was performed with dosages of 8,354,674 variants with imputation quality r2 >= 0.7 with PLINK v1.9b3.26 using linear regression with covariates sex, age, Disease@MESH:D003920 duration, nHbA1c, genotyping batch, and 10 first principal components that were calculated with the EIGENSTRAT, version 3.0. A genomic inflation factor lambda was 1.003 (Supplementary Fig. 3)", "type": "paragraph"}, {"sent": "Altogether, 1,489 and 1,863 individuals were genotyped with the TaqMan technology and ABI Prism 7000/7900HT Sequence Detection Systems and SDS 2.3 software (Life Technologies, Foster City, CA) to verify the imputed genotypes of Mutation@rs2085277 and Mutation@rs17076364, respectively. Of the TaqMan-genotyped individuals, 1,259 of 1,489 (84.6%) for Mutation@rs2085277 and 1,545 of 1,863 (82.9%) for Mutation@rs17076364 were included in the Gene@3039c GWAS", "type": "paragraph"}, {"sent": "Longitudinal HbA1c data were studied with linear mixed models (nlme package in R, version 3.3.3) in 4,153 individuals with three or more HbA1c measurements. The top SNPs were analyzed with continuous time including Disease@MESH:D003920 duration (at first HbA1c), sex, age, genotyping batch, and 10 first principal components as covariates assuming random intercept and slope. The best model (lowest Akaike information criterion) had an autocorrelation structure of order 1 with continuous time covariate and a combined covariance structure with exponential variances for fitted model values and separate variances for HbA1c measurements from different decades of Disease@MESH:D003920 duration", "type": "paragraph"}, {"sent": "Groups were compared with Student t test, Welch t test, or Mann-Whitey U test in R. Histograms were used for evaluating normality. Linear regression was used to study phenotypic associations with covariates", "type": "paragraph"}, {"sent": "Replication of the top SNPs was conducted in DCCT/Epidemiology of Disease@MESH:D003920 Interventions and Complications (Disease@None), the Wisconsin Epidemiologic Study of Disease@MESH:D003920 (WESDR), the Coronary Artery Calcification in Disease@MESH:D003922 (CACTI) study, the Pittsburgh Epidemiology of Disease@MESH:D048909 (EDC) study, and the Renin Angiotensin System Study (RASS) comprising altogether 3,097 individuals with T1D (Fig. 1 and Supplementary Table 2). Individuals with conventional (n = 667) or intensive (n = 637) treatment of Disease@MESH:D003920 during DCCT were analyzed separately. CACTI was also divided (clinic, n = 265, and nonclinic, n = 253). SNPs with imputation quality r2 >= 0.6 and MAF >=1% in the individual replication cohorts were included in the meta-analysis. These SNPs were replicated in one to seven cohorts comprising 253-3,097 individuals. A mean of natural log-transformed HbA1c was the phenotype used in the replication cohorts, and to get comparable effect sizes (beta) the association of the top SNPs and similarly transformed HbA1c was calculated in the discovery cohort. Thereafter, a fixed-effects meta-analysis based on betas and SEs was performed with GWAMA", "type": "paragraph"}, {"sent": "Outline of the GWAS for HbA1c in the FinnDiane cohort. 1000G, 1000 Genomes", "type": "fig_caption"}, {"sent": "The top nine independent variants were compared with publicly available data from GWAS meta-analyses of up to 123,517 individuals without Disease@MESH:D003920 of European ancestry. For variants not included in the GWAS by Wheeler et al., we searched for proxy variants (r2 >= 0.3) in the 1000 Genomes EUR population using LDlink (https://analysistools.nci.nih.gov/LDlink). Seven out of nine SNPs or proxy variants had HbA1c association data available. In addition, replication of three genome-wide significant SNPs on chromosome 13 was performed in the GWAS data from individuals with East Asian ancestry (n = 23,461), since these SNPs were not available in the Europeans, likely due to their low MAFs. Thereafter, we compared 86 previously reported variants for HbA1c with our GWAS results: 11 variants from the DCCT GWAS and 75 variants from GWAS of individuals without Disease@MESH:D003920", "type": "paragraph"}, {"sent": "Genome-wide significant autosomal SNPs in the largest Gene@3039c GWAS, which had MAF >=1% and P < 0.01 also in the Europeans, were selected for genetic risk score (GRS). GRS-ALL comprised all 55 SNPs, and like Wheeler et al., we calculated separate GRS for Disease@MESH:D012010 (n = 19) (GRS-E) and glycemic SNPs (n = 18) (GRS-G). GRS were the sum of expected number of risk alleles weighted by the effect size (beta) of the SNP in the Europeans, multiplied by the number of SNPs and divided by the sum of betas. Association of the GRS with HbA1c was studied using linear regression with covariates age, sex, Disease@MESH:D003920 duration, and nHbA1c", "type": "paragraph"}, {"sent": "After the FinnDiane GWAS, a weighted GRS, GRSFD, was created from nine noncorrelated SNPs showing significant or suggestive association with HbA1c (P < 5 x 10-6). GRSFD was tested for associations with Disease@MESH:D003920 duration, Disease@MESH:D003928 (DN), and laser-treated Disease@MESH:D003920", "type": "paragraph"}, {"sent": "The closest genes were searched (Ensembl transcripts downloaded from https://genome.ucsc.edu/cgi-bin/hg Tables [July 2017]) for variants with P < 0.001 in the GWAS. A total of 9,742 SNPs were mapped to 4,470 unique transcripts and were then connected with the HUGO Gene IDs. A total of 1,175 genes were located <150 kb from the GWAS SNPs. PANTHER database (http://www.pantherdb.org) was used to identify the underlying biological pathways, and STRING, version 10.5 (https://string-db.org), was used to study protein interactions", "type": "paragraph"}, {"sent": "For the nearest genes of the top variants, gene expression (Expression Atlas [http://www.ebi.ac.uk/gxa/home]) and protein expression (ProteomicsDB [https://www.proteomicsdb.org]) were studied. The ENCODE data wereaccessed through UCSC Genome Browser (http://www.genome.ucsc.edu) and RegulomeDB v1.1 (23) (http://regulome.stanford.edu/ [July 2017]). Expression quantitative trait loci (eQTL) of the top variants were studied using the Genotype-Tissue Expression project portal (GTEx V7) (https://www.gtexportal.org/home/). PhenoScanner V2 database (http://www.phenoscanner.medschl.cam.ac.uk/phenoscanner) was used to find associations with metabolites", "type": "paragraph"}, {"sent": "Mean +- SD HbA1c was 8.5 +- 1.2% (69.5 +- 13.1 mmol/mol) in FinnDiane (Table 1). Narrow-sense heritability of HbA1c was 17.0% (P = 0.002) (unadjusted) or 15.3% (P = 0.003) when adjusted for covariates. Minor alleles of three SNPs on chromosome 13q12.3 showed genome-wide significant association with higher HbA1c values in the GWAS (lead SNP Mutation@rs2085277: beta = 0.42 [95% CI 0.27, 0.56], P = 1.52 x 10-8) (Fig. 2). The three SNPs Mutation@rs2085277, Mutation@rs1360072, and Mutation@rs17076364 are in high linkage disequilibrium (LD) in the 1000 Genomes EUR population and are located between beta 3-glucosyltransferase (Gene@145173) (SNPs 232-261 kb downstream) and 146-175 kb upstream of the closest gene, Gene@122042 (Gene@122042) (Supplementary Fig. 4)", "type": "paragraph"}, {"sent": "Manhattan plot of the FinnDiane Gene@3039c GWAS results shows genome-wide significant (P < 5.0 x10-8) variants on chromosome 13. The lead SNP is Mutation@rs2085277 (P = 1.52 x10-8). y-axis shows the -log10 P value, and x-axis tells the chromosomal position of the variants. The two horizontal lines denote the thresholds for genome-wide significant P value of 5 x 10-8 (upper dashed line) and for a suggestive association with P value of 5 x10-6 (lower dotted line)", "type": "fig_caption"}, {"sent": "Additional genotyping confirmed the imputed Mutation@rs2085277 and Mutation@rs17076364 genotypes (Supplementary Table 3). The lead SNP Mutation@rs2085277 was not significantly associated with Gene@3630 dose (IU/kg), coefficient of variation of HbA1c (Supplementary Table 4), or hematocrit or other hematological parameters that were measured in a small subcohort of 429 individuals with T1D (Supplementary Table 5). Altogether, 68 variants had P < 5 x 10-6 in the GWAS. Of these, five tightly correlated SNPs from chr13 locus and eight other independent SNPs with P < 5 x 10-6 were selected for replication and subsequent analyses. Notably, these variants were associated with HbA1c also when longitudinal HbA1c measurements were analyzed in a subcohort of 4,153 individuals with three or more HbA1c measurements (Supplementary Table 6)", "type": "paragraph"}, {"sent": "The five T1D cohorts all used the mean of the natural log-transformed HbA1c values as the end phenotype. Two SNPs showed significant replication with ln(HbA1c): Mutation@rs373883321 in CACTIclinic (chr6:165,403,975, P = 0.006) and Mutation@rs10459356 near the lead SNP Mutation@rs2085277 on chromosome 13 in RASS (P = 0.042) (Supplementary Table 7). In a meta-analysis with the discovery cohort, variants Mutation@rs2085277 and Mutation@rs1360072 in high LD on chromosome 13 were significantly associated with ln(HbA1c) with beta = 0.046 (95% CI 0.030, 0.063) and P = 3.7 x 10-8 and P = 4.2 x 10-8, respectively (Table 2 and Supplementary Table 8)", "type": "paragraph"}, {"sent": "Top loci in the FinnDiane Gene@3039c GWAS and results from replication in other T1D cohort", "type": "table_caption"}, {"sent": "Of note, the MAFs for Mutation@rs2085277 and Mutation@rs1360072 on chromosome 13 were 4% in FinnDiane and 1% in RASS but only 0.2%-0.5% in the DCCT/Disease@None and WESDR cohorts that were thus not included in the meta-analysis for these SNPs (Supplementary Fig. 5). Because of low imputation quality of the chr13 top variants (r2 < 0.60), CACTI and EDC cohorts were also excluded from the meta-analysis of these SNPs. Low MAFs reduced the statistical power to replicate the findings, but in RASS the effect was in the same direction as in FinnDiane: lead SNP Mutation@rs2085277, beta = 0.059 [95% CI -0.079, 0.198] for ln(HbA1c), P = 0.402. The MAF for Mutation@rs2085277 is similar to our study in the 1000 Genomes populations: 5.6% in FIN (Finnish in Finland), 0.5% in GBR (British in England and Scotland), and 0% (monomorphic) in the CEU (Northern Europeans from Utah). The variant showed a markedly higher frequency in East Asians and South Asians with MAFs of 38.5% and 9.2%, respectively", "type": "paragraph"}, {"sent": "The association of the thirteen SNPs with HbA1c was then queried in GWAS meta-analysis data on multiple cohorts without Disease@MESH:D003920. As expected due to low MAF in Europeans, no data were available for the chr13 top SNPs or for any proxy SNPs with r2 >= 0.3 in the European cohorts. Therefore, replication of the chr13 variants was sought in the meta-analysis results of individuals of Asian ancestry. The SNPs were missing from the South Asian cohorts, but the chr13 top SNPs Mutation@rs2085277 and Mutation@rs1360072 were associated with HbA1c (%) in East Asians with beta = 0.02 (95% CI 0.006, 0.03), P = 0.005, and beta = 0.02 (0.003, 0.03), P = 0.013, respectively. (Table 3). None of the other top SNPs or the proxy variants were associated with HbA1c in the Europeans (Supplementary Table 9)", "type": "paragraph"}, {"sent": "Three genome-wide significant variants on chromosome 13: LD structures and HbA1c association in a population without Disease@MESH:D003920", "type": "table_caption"}, {"sent": "Interestingly, minor T allele for Mutation@rs2085277 was associated with higher levels of ketone bodies acetoacetate and 3-hydroxybutyrate (PhenoScanner) (P = 0.003 and P = 0.020, respectively). No direct ENCODE data were available for Mutation@rs2085277, and only minimal transcription factor-binding evidence (RegulomeDB scores 4-6) was seen for other top SNPs in the chr13 locus. Although none of the chr13 top variants were included in the GTEx database, many SNPs near Mutation@rs2085277 affect the expression of Gene@122042 in adrenal gland, which suggests that Mutation@rs2085277 might also affect Gene@122042 expression", "type": "paragraph"}, {"sent": "Gene@122042 belongs to the positive regulation of cAMP biosynthetic process pathway (Gene Ontology term in the STRING protein network analysis [Fig. 3]). Interestingly, when the search was restricted to databases as opposed to all interaction sources (databases, text mining, experiments, coexpression, neighborhood, gene fusion, and co-occurrence), Gene@2696 (Gene@2696) and Gene@2641 (Gene@2641):proteins relevant for Disease@MESH:D003920:occurred in the same protein interaction network with Gene@122042", "type": "paragraph"}, {"sent": "Protein networks around Gene@122042 (red). A: Two most enriched Gene Ontology (GO) biological pathways were \"cellular response to Gene@2641 stimulus\" (Gene@2782, Gene@59345, Gene@2783, and Gene@2784) and \"positive regulation of cAMP biosynthetic process\" (Gene@122042, Gene@6019 [relaxin], Gene@554, and Gene@3640), with false discovery rates 4.6 x10-5 and 2.8 x10-4, respectively. Protein network was generated with STRING, version 10.5, selecting all active interaction sources, minimum required interaction score 0.90 (highest confidence), and no more than 10 interactions. B: Only database interaction sources were selected with minimum required interaction score 0.90 (highest confidence) and no more than 10 interactions. Six out of 11 proteins in this network belong to \"positive regulation of cAMP biosynthetic process\" (GO biological process), which was the most enriched pathway in this network, connecting proteins Gene@122042, Gene@2696, Gene@2641, Gene@116, Gene@4157, and Gene@2492 (false discovery rate 1.3 x10-8). Of note is that Gene@2696 (Gene@2696) and Gene@2641 (Gene@2641) present in this protein network have a high relevance in Disease@MESH:D044882 and Disease@MESH:D003920", "type": "fig_caption"}, {"sent": "Genes involved in cell-cell adhesion processes and developmental processes were overrepresented in GWAS results (PANTHER, P < 0.05, corrected for multiple testing [Supplementary Table 10]). PANTHER pathway analysis pointed out cadhenin signaling, endogenous cannabinoid signaling, and Wnt signaling pathways (P < 0.05, corrected for 160 independent classes)", "type": "paragraph"}, {"sent": "Our GWAS top variants had a consistent effect on HbA1c irrespective of Disease@MESH:D003920 duration. In all 10-year Disease@MESH:D003920 duration bins, the GRSFD (Supplementary Table 11 and Supplementary Fig. 6) was significantly associated with HbA1c (Supplementary Table 12). We confirmed this constant association between GRSFD and HbA1c in a small group of individuals (n = 271) having HbA1c measurements from three consecutive Disease@MESH:D003920 duration bins: 1-9.9, 10-19.9, and 20-29.9 years", "type": "paragraph"}, {"sent": "Subjects with T1D with DN had higher mean HbA1c compared with individuals with normal AER (8.9 +- 1.3% vs. 8.2 +- 1.0%, P < 10-16). Similarly, individuals with Disease@MESH:D003920 had higher HbA1c compared with non-laser-treated subjects with at least 15 years of Disease@MESH:D003920 duration (8.8 +- 1.2% vs. 8.4 +- 1.2%, P < 10-16). As expected, individuals with DN had higher GRSFD (6.5 vs. 6.4, P = 0.038), while the subjects with Disease@MESH:D003920 did not have higher GRSFD (P = 0.205)", "type": "paragraph"}, {"sent": "Mutation@rs1358030 was previously associated with HbA1c in the GWAS of 1,307 individuals with T1D. However, this association was not replicated in FinnDiane, although the MAFs were similar (MAFDCCT = 36% vs. MAFFinnDiane = 40%), imputation quality was r2 = 0.99, and the effect was in the same direction (beta = 0.034 [95% CI -0.02, 0.09], P = 0.192) (Supplementary Table 13)", "type": "paragraph"}, {"sent": "Of the SNPs identified in populations without Disease@MESH:D003920, four variants were associated with HbA1c in FinnDiane: the minor A allele of the missense variant Mutation@rs1800562 in Gene@3077 was associated with lower HbA1c (P = 0.007) with higher effects size than in the population without Disease@MESH:D003920 (Fig. 4). The HbA1c values for the genotypes AA (n = 3), AG (n = 250), and GG (n = 4,369) were 7.6 +- 1.1%, 8.3 +- 1.2%, and 8.5 +- 1.2%, respectively. Variants Mutation@rs906216 and Mutation@rs7072268 in Gene@3098 and Mutation@rs12621844 near Gene@3344 were also directionally consistently associated with HbA1c in FinnDiane (P < 0.05) (Supplementary Tables 13 and 14). Of note, 16 of 19 SNPs classified as erythrocytic variants by Wheeler et al. showed similar direction of effect in FinnDiane compared with the original study (binomial test for enrichment, P = 0.002 [Fig. 4])", "type": "paragraph"}, {"sent": "Effect sizes (betas) of 55 variants associated with HbA1c (%) in the original study by Wheeler et al. (European population without Disease@MESH:D003920 on x-axis) and in FinnDiane (T1D cohort on y-axis). The SNPs were classified into three groups (Disease@MESH:D012010, glycemic SNPs, or unclassified SNPs) in the study by Wheeler et al. based on the literature search of known associations of the SNPs in earlier published GWAS for glycemic or erythrocytic traits. Horizontal dashed line denotes the effect size zero (beta = 0) in FinnDiane indicating that variants with beta > 0 have the effect on HbA1c in the same direction as in the population without Disease@MESH:D003920. SNPs above the diagonal dotted line have a stronger effect on HbA1c in the T1D cohort. Two SNPs with Gene@3039c association P < 0.05 in FinnDiane are indicated by arrows. Gene names are shown for these variants and for Gene@3098 because this particular SNP (Mutation@rs4745982) in Gene@3098 was not associated with HbA1c in FinnDiane. Instead, two other SNPs in Gene@3098 (Mutation@rs906216 and Mutation@rs7072268 from Pare et al.) showed significant association with HbA1c in FinnDiane. Gene@3344, Gene@3344; Gene@3077, Disease@MESH:D006432; Gene@3098, Gene@3098", "type": "fig_caption"}, {"sent": "Next, we tested the combined genetic effect by creating GRS from significant variants found in the largest HbA1c GWAS (Supplementary Fig. 7). A GRS-ALL comprising 55 SNPs was associated with HbA1c in FinnDiane (beta = 0.010 [95% CI 0.002, 0.018], P = 0.014) and, along with covariates, explained 2.5% of the variation in HbA1c. However, age, Disease@MESH:D003920 duration, sex, and nHbA1c alone explained 2.4% of the variation, whereas GRS-ALL explained only 0.1% of the variation in HbA1c. A similar amount of HbA1c variance was also explained by GRS-E including only 19 Disease@MESH:D012010 (beta = 0.021 [95% CI 0.005, 0.037], P = 0.01). In contrast, GRS-G created from the 18 glycemic variants was not associated with HbA1c (beta = 0.004 [95% CI -0.01, 0.018], P = 0.573)", "type": "paragraph"}, {"sent": "We identified a locus on chromosome 13 that show genome-wide significant association with HbA1c in 4,622 Finnish individuals with T1D. The three associated SNPs in the locus are located <30 kb from each other and are in high LD, therefore indicating the same association signal. Notably, the association with HbA1c at Mutation@rs2085277 and Mutation@rs1360072 remained genome-wide significant in a meta-analysis including individuals with T1D from RASS. In DCCT/Disease@None and WESDR, the MAFs for the chr13 top SNPs were <=0.5%. The low MAFs (<=1%) might explain the lack of significant replication in the T1D cohorts, since the power to detect significant association with MAF <=1% is limited. On the contrary, both SNP associations were replicated (P <= 0.013) in the East Asian population without Disease@MESH:D003920, where the SNPs were present with high allelic frequency of 38.5% and 34.5% for Mutation@rs2085277 and Mutation@rs1360072, respectively", "type": "paragraph"}, {"sent": "Mutation@rs2085277 is an intergenic SNP surrounded by Gene@145173 (261 kb 5') and Gene@122042 (146 kb 3'). More distant Gene@145173 is a glucosyltransferase that adds glucose molecules to multiple proteins. Gene@122042 seems a more plausible candidate gene, since many SNPs in close vicinity to Mutation@rs2085277 (although not in LD) have cis-eQTLs for Gene@122042 in adrenal gland. Gene@122042 is a receptor for Gene@3640 (Gene@3640) and relaxin, and Gene@122042 is expressed at low levels in many tissues. ProteomicsDB shows Gene@122042 expression in adrenal glands and in pancreatic islets. Although the pharmacology and biology of relaxin receptors are relatively well-known, we are not aware of any previous studies on Gene@122042 in relation to Disease@MESH:D044882. Of note, protein interaction analysis restricted to databases shows that Gene@122042 is linked to the Gene@2641 response pathway and to relevant proteins for Disease@MESH:D044882, like Gene@2696 and Gene@2641. Interestingly, Gene@111 (Gene@111), which has previously been linked to HbA1c and T2D, is found in the same protein interaction network. However, there is yet no experimental evidence that would link these proteins. Thus, the biological mechanisms by which Gene@122042 possibly affects HbA1c remain to be elucidated", "type": "paragraph"}, {"sent": "Gene@122042 stimulates adenylate cyclase to increase intracellular second messenger cAMP concentrations. The main ligand for Gene@122042 is relaxin hormone, which is naturally increased in pregnancy, and it has both vasodilative and antifibrotic actions. Interestingly, relaxin might act along with Gene@3630 to control Disease@MESH:D007022. This was also suggested by a study in mice, where relaxin treatment ameliorated the Gene@3630 sensitivity of mice on a high-fat diet. The main receptor for human relaxin is Gene@59350 (Gene@59350) but, to a smaller extent, relaxin is also a ligand for Gene@122042", "type": "paragraph"}, {"sent": "Our main phenotype was mean HbA1c, which was based on a median of 19 measurements per individual. One limitation of the study is that some individuals had only one HbA1c measurement. A single HbA1c measurement is not optimal for T1D studies, since HbA1c values tend to vary within a person over time. When a smaller subcohort of FinnDiane patients with three or more HbA1c measurements was studied with another method, linear mixed models, all top variants were consistently associated with HbA1c, although the effect sizes tended to be smaller. This was maybe due to a smaller cohort (n = 4,153) and deviation from the linear trend over time (individual slopes) in the HbA1c values", "type": "paragraph"}, {"sent": "In Disease@MESH:D003920, HbA1c values are used as an indicator of glycemic control achieved with Gene@3630 treatment or with drugs improving Gene@3630 sensitivity, the latter mainly used in patients with type 2 Disease@MESH:D003920. The heritability estimate for HbA1c in our study was modest but significant (h2 = 15%) and confirmed that HbA1c in T1D can hold a heritable component. In the Gene@3039c GWAS in DCCT, a variant near Gene@114815 was found. We were, however, unable to replicate the finding, although the effect was in the same direction. The lack of replication may be due to the winner's curse, which causes the effect in the discovery cohort to be overestimated, and therefore the power for replicating the true smaller genetic effect is lower. Here, we had 100% power to replicate Mutation@rs1358030 with a beta = 0.045 [for ln(HbA1c)] and only 62% power with a beta = 0.003 corrected for winner's curse with a bootstrap method at two-sided alpha = 0.05. On the other hand, four variants in or near Gene@3077, Gene@3098, and Gene@3344 originally found in cohorts without Disease@MESH:D003920 were also associated with HbA1c (P < 0.05) in FinnDiane", "type": "paragraph"}, {"sent": "Variants associated with HbA1c have mostly been discovered in large GWAS meta-analyses and have relatively small effect sizes. Therefore, the power to replicate these variants in our study was only <=33%. However, a GRS comprising 55 SNPs associated with HbA1c in our T1D cohort, although it explained only a small part of the variation of HbA1c. Interestingly, when divided into erythrocytic and glycemic risk scores, GRS-E including only 19 variants classified as Disease@MESH:D012010 was also associated with HbA1c, while no association was seen for the glycemic risk score. This is expected, as the erythrocyte biology can be expected to be similar in individuals with and without Disease@MESH:D003920, but the mechanisms affecting the level of Disease@None are presumably different in individuals with T1D compared with the individuals without Disease@MESH:D003920. As discussed by Wheeler et al., the genetic factors primarily affecting erythrocyte biology may result in falsely high or low HbA1c levels no longer fully reflecting the level of Disease@None and, thus, in false interpretation of HbA1c", "type": "paragraph"}, {"sent": "Allele frequencies of risk variants may differ between populations, and therefore it is important to conduct genetic analyses in different populations. Finns represent a population that has been genetically isolated from the rest of Europe, thus presenting an interesting opportunity to explore genetic variants affecting HbA1c in T1D. Indeed, the lead SNP was observed with a markedly higher MAF in the Finnish than in non-Finnish Europeans", "type": "paragraph"}, {"sent": "To conclude, we identified a locus on chromosome 13 near Gene@122042 that is associated with HbA1c in individuals with T1D. Further studies are needed to find out whether relaxin hormone mediates the effect of Gene@122042 on HbA1c. Since effect sizes are expected to be smaller in the population without Disease@MESH:D003920, additional replication of the top locus as well as the search for additional genetic factors affecting HbA1c in other T1D cohorts is warranted. As HbA1c has a major influence on the development of Disease@MESH:D048909, it is important to continue the search for genetic variants affecting HbA1c", "type": "paragraph"}]}