{"sentences": [{"sent": "Inherited susceptibility to Disease@MESH:D008175 risk in never smokers is poorly understood. The major reason for this gap in knowledge is that this disease is relatively uncommon (except in Asians), making it difficult to assemble an adequate study sample. In this study we conducted a genome-wide association study (GWAS) on the largest, to date, set of European-descent never smokers with Disease@MESH:D008175", "type": "abstract"}, {"sent": "We conducted a two-phase (discovery and replication) GWAS in never smokers of European descent. We further augmented the sample by performing a meta-analysis with never smokers from the recent OncoArray study, which resulted in a total of 3,636 cases and 6,295 controls. We also compare our findings with those in smokers with Disease@MESH:D008175", "type": "abstract"}, {"sent": "We detected three genome-wide statistically significant SNPs Mutation@rs31490 (OR 0.769, 95% confidence interval (CI) [0.722-0.820], p-value 5.31x10-16), Mutation@rs380286 (OR 0.770, 95% CI [0.723-0.820], p-value 4.32x10-16), and Mutation@rs4975616 (OR 0.778, 95% CI [0.730-0.829], p-value 1.04x10\" ). All three mapped to Chromosome 5 Gene@81037-Gene@7015 region, previously shown to be associated with Disease@MESH:D008175 risk in smokers and in never smoker Asian women, and risk of other Disease@MESH:D009369 including Disease@MESH:D011472", "type": "abstract"}, {"sent": "We found that genetic susceptibility to Disease@MESH:D008175 in never smokers is associated to genetic variants with pan-Disease@MESH:D009369 risk effects. The comparison with smokers shows that top variants previously shown to be associated with Disease@MESH:D008175 risk only confer risk in the presence of tobacco exposure, underscoring the importance of gene-environment interactions in the etiology of this disease", "type": "abstract"}, {"sent": "Disease@MESH:D008175 is the leading cause of Disease@MESH:D009369 Disease@MESH:D003643 worldwide, accounting for over 1 million Disease@MESH:D003643 each year . Although most Disease@MESH:D008175 is preventable, since the majority of cases occur in tobacco smokers , around 10% of cases are seen in lifetime never-smokers. Even though Disease@MESH:D008175 is diagnosed in a minority of never smokers it still ranks as the seventh to ninth most common cause of Disease@MESH:D009369 worldwide ", "type": "paragraph"}, {"sent": "In never smokers, Disease@MESH:D008175 has characteristics distinct from those associated with smoking, including different histology and mutation spectrum . The only well-established risk factors for Disease@MESH:D008175 in never smokers are exposure to radon , secondhand smoke and dust , asbestos , and, notably, family history of Disease@MESH:D009369 ,, which has provided evidence for inherited susceptibility", "type": "paragraph"}, {"sent": "To date, genome-wide association studies (GWAS) on Disease@MESH:D008175 has largely been focused on ever smokers, and have identified 18 independent loci influencing risk . While several GWAS studies in never smokers have been conducted, these have primarily been based on Asian women . Several environmental risk factors for Disease@MESH:D008175, including cooking fumes and air pollution, are highly prevalent in Asian populations , raising the possibility of effect modification. Identifying Disease@MESH:D008175 susceptibility alleles among never smoking European populations has been limited to candidate gene analyses  and small GWA studies . Reported here are the results of a large GWAS of Disease@MESH:D008175 in never smokers of European descent, based on 3,636 cases and 6,295 controls", "type": "paragraph"}, {"sent": "Never smokers were defined as individuals who had smoked less than 100 cigarettes over their lifetime. The study had a discovery and a replication series, both from studies participating in the International Disease@MESH:D008175 Consortium (ILCCO; http://ilcco.iarc.fr). The discovery series, after quality control (Appendix), comprised 1,287 cases and 1,655 controls with European ancestry from seven centers (Table A.1). The replication series comprised 960 cases and 940 controls from 16 study centers, of which some centers (but not study subjects) participated also in the discovery phase (Table A.2). Comprehensive details of each series have been previously reported . To increase statistical power, data on never smokers recently generated by the Disease@MESH:D008175 study from ILCCO  were also leveraged. After excluding samples overlapping between the OncoArray and the discovery set and between the OncoArray and the replication set, 1,149 cases and 1,144 controls from the discovery, 1,527 cases and 4,211 controls from the OncoArray, and 960 cases and 940 controls from the replication sets were included in the final analyses. Most of the Disease@MESH:D008175 cases (76.7% in the discovery, 69.2% in the replication, and 63.1% in the OncoArray sets) had histologically confirmed Disease@MESH:D000230, followed by Disease@MESH:D002294 (Tables A.1-A.3). Given that subtype-specific associations are likely to exist, Disease@MESH:D000230 were also analyzed separately. Table 1 presents the demographic characteristics of the final dataset", "type": "paragraph"}, {"sent": "Both cases and controls from the discovery set were genotyped using Illumina Infinium OmniExpress-24 v1.2 BeadChips, with the exception of cases and controls from Harvard School of Public Health (HSPH), genotyped on Illumina Human660W-Quad BeadChip. Genotyping of the replication series for 384 selected SNPs was performed using Illumina GoldenGate technology. Genotyping quality control and SNP selection procedures are detailed in the Appendix. The OncoArray genotyping platform, the never smoker samples to which it was applied, and genotyping and quality control procedures are described in the Appendix and have been previously characterized in detail", "type": "paragraph"}, {"sent": "To harmonize data and address population stratification in the discovery set, the studies were grouped as follows. Provided they used the same genotyping array and study participants were from the similar geographic origin they were combined. This resulted in two groups: UK studies and North American studies. Since the HSPH samples were genotyped on a different platform, these were analyzed separately. Thus the following clusters were used: (i) HSPH, (ii) UK, and (iii) North America (see Table A.4 for more detail). Three separate GWAS analyses were ran based on the three groups. We applied logistic regression analyses with case-control status as the outcome and the SNP genotype as a predictor to identify risk-associated SNPs in these three groups. Additive models, with 0 for the reference allele homozygotes, 1 for heterozygotes, and 2 for variant allele homozygotes were used. Reference alleles were defined as in the hg19 reference genome. Age (continuous variable), sex, secondhand smoke exposure (SHS; from any venue at any period in a lifetime), education level, and study site within the group (if more than one site) were used as covariates. The definition of the education variables and more information on the SHS assessment are given in the Appendix. Missing values for SHS and education status were treated as a separate category. To offset potential effects of population stratification within clusters, SNP based principal components analyses (PCA) were performed  and the corresponding first five principal components were included as covariates, even though the PCA of these three GWAS clusters do not suggest population stratification (Figure A.1). An inverse variance fixed effects meta-analysis was used to combine the results for the three group-based GWASs ", "type": "paragraph"}, {"sent": "A brief description of the OncoArray never smoker dataset is provided in the Appendix. To perform the joint analysis of the discovery and the OncoArray sets, inverse variance meta-analysis was used, whereby studies were grouped into five clusters (Discovery-North America,Discovery-UK, OncoArray-North America, OncoArray-UK, and OncoArray-Continental Europe), as detailed in Table A.5. This joint analysis was adjusted for age, sex, study site within the group, and the first five principal components, but not SHS or education level, as they were not available in the OncoArray set", "type": "paragraph"}, {"sent": "Criteria for SNP selection and the quality control procedures in the replication phase are described in the Appendix", "type": "paragraph"}, {"sent": "We focus on the joint analysis of the discovery and OncoArray sets as having the largest sample size (the results for the discovery set separately are presented in the Appendix, Figure A.2 showing the Q-Q plot that demonstrates no indication of an inflation of type I error (lambda=1.005), and Table A.6 presenting the list of the top SNPs derived from the discovery set (p<1x10-4))", "type": "paragraph"}, {"sent": "Figure 1 presents the scatter plot of the -log10p-values against the chromosome position (the so-called Manhattan plot) for the meta-analysis of the discovery and the OncoArray samples. The analysis identified 71 genome-wide statistically significant SNPs (P<5x10-8, the accepted genome-wide level of statistical significance ), all of them mapping to the 5p15.33 Gene@81037-Gene@7015 region. Table A.7 presents the 229 top SNPs at P<10-5. There is also a peak on Chromosome 9 in the Gene@1029 region, but none of the SNPs in this regions attained statistical significance at the GWAS level", "type": "paragraph"}, {"sent": "The principal component analysis of the replication samples showed no differences by the case-control status for the first five principal components (Figure A.3)", "type": "paragraph"}, {"sent": "Table A.8 presents the list of nominally statistically significant (p<0.05) SNPs from the replication analysis. The most significant SNPs, Mutation@rs380286 (p=3.88x10-7), Mutation@rs31490 (p=4.68x10-7), and Mutation@rs4975616 (p=2.50x10-6) were located in the 5p15.33 (Gene@81037-Gene@7015) region (Table 2). These three SNPs were significant after the Bonferroni correction for 370 tests resulting in the p-value of 1.35x10-4 to declare significance (the FDR approach identified the same three SNPs as statistically significant; Table A.8)", "type": "paragraph"}, {"sent": "The 370 candidate SNPs selected for the replication (see Appendix for the selection criteria) were analyzed using all three study population sets: the discovery, the replication, and the OncoArray (total 3,636 cases and 6,295 controls). The analysis identified three SNPs statistically significant at the genome wide level: Mutation@rs380286 (P=1.6x10-14), Mutation@rs31490 (P=5.1x10-14), and Mutation@rs4975616 (P=5.8x10-14; Table 2). These three SNPs are from the Gene@81037-Gene@7015 region and the association with the variant alleles was consistently negative (OR < 1). These SNPs belong to a wide LD block corresponding to the LD Region 2 marked by Mutation@rs451360 as described in . The very high LD between the pairs of SNPs (0.925 for Mutation@rs380286 and Mutation@rs31490; 0.915 for Mutation@rs380286 and Mutation@rs4975616; 0.955 for Mutation@rs31490 and Mutation@rs4975616) did not allow identifying the leading SNP among the three, as there was very little variation in a SNP when the genotypes of the other two were fixed", "type": "paragraph"}, {"sent": "The results of the joint analysis of the discovery and replication sets without the OncoArray samples are shown in the Table A.9. In brief, the same 3 SNPs from the Gene@81037-Gene@7015 region were identified as genome-wide statistically significant", "type": "paragraph"}, {"sent": "Analysis of only Disease@MESH:D000230 cases produced nearly identical results, with only Gene@81037-Gene@7015 region SNPs showing statistical significance (Tables A.10, A.11)", "type": "paragraph"}, {"sent": "Table 3 summarizes the comparisons between our study results and previous published findings reported in never smokers from genome-wide and candidate gene/SNP association studies in both individuals of European descent and Asians. Our study confirmed SNPs located in 5p15.33 (Gene@81037-Gene@7015) region. Notably, the direction of the association is highly concordant among the studies for the SNPs in this region. The results for 3q28 (Gene@8626) and 6q22.2 (Gene@6098-Gene@285761) regions are suggestive in our analysis (P-values of ~10-4 for both these regions). The results from our study for the loci identified in the recently published largest-to-date Disease@MESH:D008175 study that involved mostly smokers are shown in Table A.12", "type": "paragraph"}, {"sent": "A comparison of the regional association plots for the Gene@81037-Gene@7015 region and 15q25 (Gene@1136) region in never smokers and smokers was also performed (whereby the smokers' data were obtained from the lung OncoArray project) (Figure 2 a,b). We found that the risk association profile plotted as the -log10P for the SNPs in the Gene@81037-Gene@7015 region in never smokers tightly followed that in smokers (Figure 2a). By contrast, the association profiles in the Gene@1136 region (implicated in nicotine dependence) are strikingly different in never and ever smokers, with very high -log10P values in smokers and a flat profile in never smokers (Figure 2b). Analogous comparisons for two other regions, Gene@8626 and Gene@1029, are presented in the Figure A.4", "type": "paragraph"}, {"sent": "The analyses of associations for the 3 most statistically significant SNPs from the Gene@81037-Gene@7015 region stratified by the SHS exposure status are shown in the Appendix (Table A.13). There was no indication of SNP-SHS interaction effects or a SNP effect modification by the SHS exposure, as the interaction term was not significant for any of the SNPs", "type": "paragraph"}, {"sent": "This is the largest Disease@MESH:D008175 GWAS so far conducted in never smokers of European descent. However, only one region (Gene@81037-Gene@7015) strongly associated with Disease@MESH:D008175 risk in this patient population was found. Our results for this region corroborate findings by earlier studies of Disease@MESH:D008175 in never smokers (Table 3), showing consistent direction of effect. The 5p15.33 Gene@81037-Gene@7015 region SNPs have also been reported to be associated with multiple Disease@MESH:D009369 including Disease@MESH:D008175 in smokers , Disease@MESH:D001943 , Disease@MESH:D005910 , nasopharyngeal Disease@MESH:D009369  and Disease@MESH:D011471 . Gene@7015 encodes the catalytic subunit of the telomerase reverse transcriptase, which takes part in adding nucleotide repeats to chromosome ends . While active in early development and germ cells, this gene is not expressed in most adult tissues, resulting in a shortening of telomeres with each cell division. When telomeres become critically short, the cell can no longer divide. However, Disease@MESH:D009369 cells can upregulate telomerase, which enables them to continue dividing  The Gene@81037 gene is reported to be overexpressed in lung and Disease@MESH:D010190 where it promotes growth and survival . Also there is a locus within the Gene@81037 gene that serves as a binding site for Gene@7707, which promotes expression of Gene@7015 ", "type": "paragraph"}, {"sent": "Functional annotation of the top identified SNPs using Encyclopedia of DNA Elements (ENCODE)  found that Mutation@rs4975616 coincides with the binding site for three transcription factors: Gene@1997, Gene@6935 and Gene@9774. Both Gene@7015 and Gene@81037 are among the many target genes for Gene@1997 and Gene@6935; Gene@81037 (but not Gene@7015) is among the target genes for Gene@9774. According to Ensemble regulatory database , SNP Mutation@rs31490 is located in the region that acts as a promotor for Gene@81037 in the developing lung. In the Genotype-Tissue Expression (GTEx)  all three SNPs: Mutation@rs31490, Mutation@rs380286, and Mutation@rs4975616 are reported as eQTLs for Gene@7015 in esophagus and Gene@81037 in skin tissue", "type": "paragraph"}, {"sent": "Previously, a fine-mapping study has been conducted on this locus to deeply investigate its association with Disease@MESH:D008175 risk . The study included a limited number of never smokers and the novel loci identified did not show a significant effect specifically in never smokers. However, the direction of the effect was largely consistent with that in smokers, in line with what our study reports (Figure 2a)", "type": "paragraph"}, {"sent": "For other SNPs, e.g. those reported by Li et al , no association in our study was detected. However, Li et al.'s study  used additional covariates (e.g. Disease@MESH:D029424, Disease@MESH:D008175 family history) to adjust for in their analyses. This may have made a comparison of their results with our study less straightforward, because the data on these covariates were not available from the majority of the sites participating in our study. The SNPs Mutation@rs10937405 for 3q28 and Mutation@rs9387478 for 6q22.2, previously reported to be significant in Asian never smoking women (Table 3), showed at best a suggestive association (P-values of ~10-4 in both cases). These two regions have been shown also to be implicated in other Disease@MESH:D009369 sites. SNPs in the Gene@8626 region have been shown to be associated with Disease@MESH:D000077192 in the UK population , Disease@MESH:D054198 , Disease@MESH:D001749  and Disease@MESH:D010190 in the Gene@6098-Gene@285761 region have been shown to be associated with Disease@MESH:D015179 . This further suggests that SNPs/regions associated with Disease@MESH:D008175 risk in never smokers are not specific for this type of Disease@MESH:D009369 but rather have pleiotropic effects", "type": "paragraph"}, {"sent": "Our analysis was designed to control for demographic variables (age and sex, as controls were slightly but statistically significantly younger (p<0.001) and had a higher proportion of men than cases (p<0.001)) as well as for known and potential risk factors, specifically, where possible, for education status and self-reported secondhand smoke exposure . To account for possible population stratification, the first five principal components and the study site were also adjusted. However, the information on radon exposure, asbestos, prior respiratory conditions, and diet was not available from most studies. As such, these established and putative risk factors were not accounted for in the analyses. A further limitation is the self-reported nature of the never smoker status. Differential misreporting of the smoking status, e.g., if a modest proportion of former or current smoker controls reported that they have never smoked, might lead to SNPs associated with smoking appear as protective. Unfortunately, the great majority of the participating studies did not verify it by cotinine measurements. However, SNPs in Gene@1136;1137;1138 or Gene@1548 regions, known to be associated with smoking , did not show any effect in this study (Figure 2b; Table A.11)", "type": "paragraph"}, {"sent": "Latest GWASs of Disease@MESH:D008175 in smokers have generated many more findings than did this study, which is not surprising given that the former are much larger. Most SNPs reported as statistically significant in smokers showed the same direction of effect in never smokers (Table A.12). Gene-smoking interaction may be another factor contributing to the higher number of positive findings among smokers than never smokers: some of the sequence variations that are neutral in the absence of tobacco smoking confer risk when smoking and the associated tissue and DNA damage are present", "type": "paragraph"}, {"sent": "High BMI  and alcohol exposure  are common and may also explain a proportion of the Disease@MESH:D008175 risk in never smokers. It is possible that there are rare variants influencing risk that could not be detected by a GWAS that focuses on common variants. Additionally, gene-gene interactions that are beyond the scope of this study may in part explain variability in the incidence of Disease@MESH:D008175 in never smokers. Very rarely, individuals can carry inherited mutations in Gene@7157 increasing Disease@MESH:D008175 risk . The availability of results from our GWAS will allow additional exposures to be studied using Mendelian Randomization approaches (as exemplified in ), and developing models that can identify never smokers at highest risk for Disease@MESH:D008175 development could improve early detection", "type": "paragraph"}, {"sent": "Manhattan plot of the association analysis of Disease@MESH:D008175 in European ancestry never smokers performed jointly in the discovery set and the OncoArray samples. The x-axis is chromosomal position, and the y-axis is the statistical significance on a -log10 scale", "type": "fig_caption"}, {"sent": "Regional association plots for smokers (red line) and never smokers (blue line) in Gene@81037-Gene@7015 region (a) and Gene@1136-5 region (b). The y axis corresponds to -log10P for 650 SNPs in the Gene@81037-Gene@7015 region and -log10P for 535 SNPs in Gene@1136-5 region. To aid visual representation we selected the 10 closest SNP and computed average -log10P- values", "type": "fig_caption"}, {"sent": "Characteristics of never smoking Disease@MESH:D008175 cases and controls included in the final dataset", "type": "table_caption"}, {"sent": "The three GWAS-significant (P<5x10-8) variants for Disease@MESH:D008175 in European ancestry never smokers, found in the joint analysis of the original discovery set, the never smoker subset of the OncoArray set, and the replication set (6 clusters, 3636 cases, 6295 controls), adjusted for age, sex, and the first five principal components", "type": "table_caption"}, {"sent": "Previous findings from the association analyses of Disease@MESH:D008175 in never smokers, with a comparison to this stud", "type": "table_caption"}]}