{"sentences": [{"sent": "Increased levels of the urinary albumin-to-creatinine ratio (UACR) are associated with higher risk of Disease@MESH:D007674 progression and cardiovascular events, but underlying mechanisms are incompletely understood. Here, we conduct trans-ethnic (n = 564,257) and European-ancestry specific meta-analyses of genome-wide association studies of UACR, including ancestry- and Disease@MESH:D003920-specific analyses, and identify 68 UACR-associated loci. Genetic correlation analyses and risk score associations in an independent electronic medical records database (n = 192,868) reveal connections with Disease@MESH:D011507, Disease@MESH:D006949, Disease@MESH:D006073, and Disease@MESH:D006973. Fine-mapping and trans-Omics analyses with gene expression in 47 tissues and plasma protein levels implicate genes potentially operating through differential expression in kidney (including Gene@7040, Gene@4582, Gene@5584, and Gene@220323), and allow coupling of UACR associations to altered plasma Gene@220323 concentrations. Knockdown of Gene@33435 and Gene@5584 orthologs in Disease@None reduces albumin endocytosis. Silencing fly Gene@5584 further impairs slit diaphragm formation. These results generate a priority list of genes and pathways for translational research to reduce Disease@MESH:D000419", "type": "abstract"}, {"sent": "Urinary albumin-to-creatinine ratio (UCAR) is associated with various clinical outcomes such as Disease@MESH:D007674 and Disease@MESH:D002318. Here, the authors report genome-wide meta-analysis in over 500,000 individuals and find 68 UACR loci, followed by statistical fine-mapping, gene prioritization and experimental validation in flies", "type": "abstract"}, {"sent": "Higher levels of the urinary albumin-to-creatinine ratio (UACR) are associated with adverse clinical outcomes, such as Disease@MESH:D007676, Disease@MESH:D002318 (CVD), and mortality. Elevated UACR is a measure of Disease@MESH:D007674 that is used to diagnose and stage Disease@MESH:D051436 (CKD), which affects >10% of adults worldwide, and represents a hallmark of Disease@MESH:D003928. Even moderate elevations in UACR predict poorer health outcomes, independently of the glomerular filtration rate. Lowering of UACR by pharmacological inhibition of the renin-angiotensin-aldosterone system (RAAS) is considered renoprotective standard of care to slow CKD progression. RAAS blockage is associated with a Disease@MESH:D000419 and lower risk of Disease@MESH:D007676 and CVD events. However, the risk of CVD events among CKD patients remains high. A better understanding of the pathways related to the development and consequences of Disease@MESH:D000419 may facilitate the search for novel therapies to treat or prevent CKD progression and CVD", "type": "paragraph"}, {"sent": "Levels of UACR have a heritable component in population-based studies and groups at high risk of CKD, such as certain indigenous populations or persons with Disease@MESH:D003920. However, the identification of genetic loci for UACR through genome-wide association studies (GWAS) has proven difficult, and detected loci showed variable effects across ancestries or disease groups. Initial GWAS of UACR identified only two genome-wide significant loci, Gene@8029 and Gene@3043. A complementary approach using admixture mapping also identified the Gene@10018 locus. One additional finding in patients with Disease@MESH:D003922 Gene@644150 not detected in Disease@MESH:D003924 patients or the general population. Only very recently, a Mendelian Randomization study assessing a potentially causal effect of UACR on cardiometabolic traits based on data from the UK Biobank (UKBB) reported 33 genome-wide significant single-nucleotide polymorphisms (SNPs) associated with UACR. The study supported a causal effect of higher UACR on elevated blood pressure and postulated that inhibition of UACR-increasing pathways could have anti-Disease@MESH:D006973 effects and thereby reduce CVD risk", "type": "paragraph"}, {"sent": "In this project, we characterize known and identify additional novel genetic loci for UACR through trans-ethnic meta-analysis of GWAS from 564,257 participants, including an internal validation step and secondary analyses among participants with Disease@MESH:D003920. To prioritize the most likely causal variants, genes, tissues, and pathways in associated loci, we perform functional enrichment analyses, statistical fine-mapping and integrative trans-Omics analyses, including with gene expression in 47 human tissues and plasma protein levels. Clinical correlates are identified through genome-wide genetic correlation analyses and a phenome-wide association scan of a genetic risk score for UACR in a large independent population. We evaluate translation to mechanistic insights in proof-of-concept studies for Gene@220323;5584 using an experimental model of Disease@MESH:D000419. Together, the implicated variants, genes, proteins, tissues, and pathways provide a rich resource of new targets for translational research", "type": "paragraph"}, {"sent": "The workflow of our study, which identified 68 UACR-associated loci across primary and secondary analyses, is illustrated in Supplementary Fig. 1", "type": "paragraph"}, {"sent": "The data based on 564,257 individuals from 54 studies were combined in a trans-ethnic meta-analysis of UACR, including 547,361 of European ancestry (EA), 6795 African Americans (AA), 6324 of East Asian ancestry, 2335 of South Asian ancestry, and 1442 Hispanics (Supplementary Data 1). The median of the median UACR across studies Gene@644150 7.5 mg/g, and an average of 14.9% (range 3.2-70.9%) of participants had microalbuminuria (MA, UACR > 30 mg/g). Study-specific GWAS of UACR were carried out using imputed genotypes (Methods, Supplementary Data 2). We performed study-specific variant filtering and quality control (QC), followed by fixed-effects inverse-variance weighted meta-analysis. There Gene@644150 no evidence of unaccounted stratification (LD score regression intercept 0.95; genomic control (GC) parameter lambdaGC 1.03). Downstream analyses were based on 8,034,757 SNPs available after variant filtering (Methods). Using SNPs of minor allele frequency (MAF) > 1% across the genome, the heritability of UACR Gene@644150 estimated as 4.3%", "type": "paragraph"}, {"sent": "Genome-wide association results. The circos plot provides an overview of the association results: Red band: -log10(p) for association in the trans-ethnic meta-analysis of urinary albumin-to-creatinine ratio (UACR), ordered by chromosomal position. The blue line indicates genome-wide significance (p = 5 x 10-8). Black gene labels indicate novel loci, blue labels indicate known loci (known index SNP within +- 500 kb region of current index SNP), gray labels indicate loci not associated with UACR at the nominal significance level (p >= 0.05) in the 53 CKDGen cohorts without UKBB. Blue band: -log10(p) for association with microalbuminuria (MA), ordered by chromosomal position. The red line indicates genome-wide significance (p = 5 x 10-8). Green band: measures of heterogeneity related to the UACR-associated index SNPs, where the dot sizes are proportional to two measures of heterogeneity, I2 and the -log10(p) for heterogeneity attributed to ancestry (pA", "type": "fig_caption"}, {"sent": "We identified 59 UACR-associated loci, defined as 1 Mb genomic segments carrying at least one SNP associated with UACR with p < 5 x 10-8 (Methods; Fig. 1, Supplementary Data 3). The index SNP mapped within 500 kb of previously reported index SNPs for UACR at 27 loci, considered known, and the remaining 32 loci were considered novel. These 59 SNPs explained 0.69% of the variance of the inverse normal transformed UACR residuals. There Gene@644150 little evidence of between-study heterogeneity (median I2 statistic 3.2%; Supplementary Data 3), with all index SNPs showing an I2 of <50%. In meta-regression analysis (Methods), none of the 59 index SNPs showed evidence of ancestry-related heterogeneity after multiple testing correction (p < 8.5 x 10-4, Fig. 1; Supplementary Data 3). Regional association plots of all loci are displayed in Supplementary Fig. 2", "type": "paragraph"}, {"sent": "Some of the loci contain biologically plausible candidates in addition to the known Gene@8029 (Gene@8029) locus: for example, rare mutations in Gene@1286 (Gene@1286) cause Disease@MESH:D009394, a monogenic disease of basement membranes that frequently leads to end-stage Disease@MESH:D007674. Recent sequencing studies show that the phenotypic spectrum of rare Gene@1286 mutations extends to focal segmental Disease@MESH:D005921, which typically presents with Disease@MESH:D011507. Our study extends the genetic spectrum to common Gene@1286 variants associated with UACR in mostly population-based studies. Another example is Gene@4306 (Gene@4306), which encodes the mineralocorticoid receptor that mediates aldosterone action. Pharmacological inhibition of the RAAS is the mainstay treatment to lower Disease@MESH:D000419, illustrating the potential for pharmacological intervention on pathways identified in this project", "type": "paragraph"}, {"sent": "Lastly, we estimated the number of expected discoveries and the corresponding percentage of GWAS heritability explained in future studies of yet larger sample size (Methods) and found that such studies can be expected to detect additional UACR loci (Supplementary Fig. 3)", "type": "paragraph"}, {"sent": "Internal concordance of the urinary albumin-to-creatinine ratio (UACR) results, and association with microalbuminuria, urinary creatinine and albumin. a Comparison of effect estimates of the 59 genome-wide significant trans-ethnic UACR index SNPs in the UKBB (x-axis) and in the CKDGen cohorts without UKBB (y-axis). Blue dots indicate nominal significance (p < 0.05) in the CKDGen cohorts without UKBB, and loci at genome-wide significance (p < 5 x 10-8) in that meta-analysis are labeled with the closest gene. b Comparison of effect estimates of the 59 trans-ethnic UACR index SNPs (x-axis) with their corresponding estimate from the GWAS of microalbuminuria (MA; y-axis). Blue dots indicate significance in the MA results after multiple testing correction (p < 0.05/59 = 8.5 x 10-4), and loci that achieved genome-wide significance (p < 5 x 10-8) for MA are labeled. In both panels, the dashed line represents the line of best fit through the effect estimates. c Comparison of effect estimates of the 59 genome-wide significant trans-ethnic UACR index SNPs for their effect on urinary creatinine (x-axis) and urinary albumin levels (y-axis) in the UKBB sample. Blue, red, and purple color indicate significant associations after multiple testing correction (p < 0.05/59 = 8.5 x 10-4) with urinary creatinine, urinary albumin, and both, respectively. Significant associations are labeled with the closest gene name. The dashed line represents the median y = x. In all panels, error bars indicate 95% confidence intervals (CIs), and the Pearson correlation coefficient r between the effect estimates is shown. The effect directions correspond to the effect allele of the trans-ethnic UACR meta-analysis result", "type": "fig_caption"}, {"sent": "To assess the influence of the UKBB, the largest study in the discovery sample (n = 436,392), we compared association statistics for the 59 index SNPs from the UKBB to the corresponding estimates from the 53 other studies participating in the CKDGen Consortium (n <= 127,865). Effect direction Gene@644150 consistent for all 59 index SNPs (pbinomial test = 3.5 x 10-18; Fig. 2a), and 53 showed nominally significant associations in the CKDGen cohorts alone (p < 0.05; Supplementary Data 4). Two loci with strong effects in UKBB but not significant in CKDGen were Gene@196 (Gene@196) and Gene@1543 (Gene@1543), potentially reflecting factors related to standardized sample handling, storage, and measurements in the UKBB, or population-specific exposures", "type": "paragraph"}, {"sent": "First, we conducted ancestry-specific meta-analyses for EA (n = 547,361) and for AA (n = 6795), where ancestry-specific loci have been described. There Gene@644150 little evidence of inflation of the results (lambdaGC 1.06 for AA and 1.01 for EA; Methods). These meta-analyses identified 61 loci in EA, of which 56 overlapped with those from the primary trans-ethnic meta-analysis (Supplementary Data 5 and further discussed below), and no genome-wide significant loci in AA. The known UACR-associated sickle cell trait variant Mutation@rs334 in Gene@3043 showed suggestive association in the AA-specific analysis (p = 6.1 x 10-8)", "type": "paragraph"}, {"sent": "The other secondary analysis Gene@644150 restricted to 51,541 individuals with Disease@MESH:D003920, in whom a larger effect of the known Gene@8029 locus has been reported. This analysis identified eight loci (Supplementary Fig. 4), four of which were not detected in the primary meta-analysis (Gene@23254 [Gene@23254, Periplakin Interacting Protein], Gene@106660609-Gene@53335, Gene@93986, and Gene@1000). Internal validation of the UKBB (n = 21,703) and CKDGen cohorts (n <= 29,812) statistics found the effects to be direction consistent, of similar magnitude and at least nominally significant in both subsets at all eight loci (Supplementary Data 6). Index SNPs at Gene@8029 and HPN (Gene@3249) showed larger effect sizes among those with Disease@MESH:D003920 compared with the overall sample (Supplementary Data 6). Among the novel loci, it is noteworthy that Gene@53335, a transcriptional regulator of Disease@MESH:D007333, is involved in fetal-to-adult globin switching, as is the known UACR risk gene Gene@3043. Gene@23254 encodes for a protein with a role in actin organization and adhesion that is highly abundant in glomeruli. QQ plots and Manhattan plots of the secondary meta-analyses are shown in Supplementary Figs. 5 and 6", "type": "paragraph"}, {"sent": "We searched for tissues, cell types, and systems that are enriched for the expression of genes mapping to the UACR-associated loci (Methods). Based on all SNPs with p < 5 x 10-8 from the trans-ethnic meta-analysis, there Gene@644150 no significant (false discovery rate [FDR] < 0.05) enrichment after correction for multiple testing (Supplementary Data 7). Nominally significant associations (p < 0.05) were observed for 37 annotations mapping into six systems (urogenital including kidney, endocrine, digestive including liver, musculoskeletal, respiratory, sense organs; Supplementary Fig. 7) and five tissues (exocrine glands, prostate, mucous membrane, membranes, and respiratory mucosa). These results reveal plausible enrichments although they did not reach significance after correction for multiple testing", "type": "paragraph"}, {"sent": "Next, we evaluated whether reconstituted gene sets were significantly (FDR < 0.05) enriched for genes mapping to UACR-associated loci, and identified three sets with FDR < 0.01 (embryonic development, partial Disease@MESH:D020964 during organogenesis, abnormal placental labyrinth vasculature morphology). The remaining significant gene sets included terms that can be reconciled with existing knowledge about Disease@MESH:D000419, including \"tube development\", \"abnormal kidney morphology\", and several terms related to vascular development and morphology (Supplementary Data 8)", "type": "paragraph"}, {"sent": "Clinical MA (UACR > 30 mg/g) is associated with increased risk for Disease@MESH:D064420 and cardiovascular outcomes, as well as mortality. We therefore evaluated the association of the 59 UACR index SNPs with MA by meta-analyzing data from 36 cohorts and 347,283 individuals (Supplementary Data 1; Fig. 1). Figure 2b shows that for all UACR index SNPs, the allele associated with higher UACR Gene@644150 associated with an increased risk of MA (Supplementary Data 3). Of the 59 SNPs, 49 were significantly associated with MA after correction for multiple testing (p < 0.05/59 = 8.5 x 10-4), including 17 that reached genome-wide significance. The low-frequency missense SNP Mutation@rs45551835 in Gene@8029 showed the largest effect with an odds ratio (OR) of 1.76 (95% CI 1.67-1.87) per minor allele. When 232,751 UKBB participants were grouped into quartiles based on a UACR genetic risk constructed from the 59 index SNPs, each quartile showed a significantly higher OR for MA compared with the lowest quartile (e.g., OR of 1.69 for quartile 4 vs. 1, p = 3.0 x 10-191, Supplementary Table 1)", "type": "paragraph"}, {"sent": "The UACR is a ratio. Understanding whether a genetic locus is more strongly associated with its numerator, albumin, or with its denominator, creatinine, may provide important physiological insights. We therefore performed separate tests for urinary albumin and creatinine in the UKBB sample (nUalbumin = 436,398; nUcreatinine = 436,412). Of the 59 index SNPs, 31 were significantly associated with urinary albumin (p < 8.5 x 10-4), 21 with urinary creatinine, and two with both. The Gene@8029 locus showed the largest effect on urinary albumin, and Gene@644150 not significantly associated with urinary creatinine levels (Fig. 2c), followed by Gene@338596 (Gene@338596), Gene@5584 (Gene@5584), Gene@80128/Gene@4582 (Gene@4582, cell surface associated), Gene@11100/Gene@7040 (Gene@7040), Gene@2306, Gene@8645, Gene@644150 (Gene@644150), LRMDA, and Gene@4306", "type": "paragraph"}, {"sent": "Phenome-wide association scan of a genetic urinary albumin-to-creatinine ratio (UACR) risk score. PheWAS association results were obtained from EA participants of the Million Veteran Program. Association test -log10(p-values) are plotted on the y-axis, and the corresponding trait or disease category on the x-axis. Significant results, after correcting for the 1422 phenotypes tested (p < 0.05/1422 = 3.5 x 10-5), are labeled in the figur", "type": "fig_caption"}, {"sent": "Next, we evaluated whether a weighted genetic risk score (GRS) composed of UACR-increasing alleles Gene@644150 associated with clinical endpoints in a large, independent electronic medical record database to detect diagnoses with potentially shared genetic components or co-regulation. We tested associations with 1422 billing code-based phenotypes of up to 192,868 EA participants of the Million Veteran Program (MVP) from US Veterans' Administration facilities. Significant associations (p < 3.5 x10-5, 0.05/1,422) were detected with 10 diagnoses: Disease@MESH:D011507, four related to Disease@MESH:D006949, two related to Disease@MESH:D006973, two related to Disease@MESH:D006073, as well as Disease@MESH:D005642 (Fig. 3). While the association with disorders of lipoid metabolism had the lowest p-value (p = 4.1 x 10-11), the association with Disease@MESH:D005642 showed the greatest magnitude (OR = 6.68 per SD increase of log[UACR], 95% CI 3.06-14.59, p = 1.9 x 10-6), followed by Disease@MESH:D011507 (OR = 2.7, 95% CI 1.76-4.14, p = 5.0 x 10-6). Many other associations that approached statistical significance were related to the kidney and Disease@MESH:D008659 (Supplementary Data 9)", "type": "paragraph"}, {"sent": "The association with Disease@MESH:D005642, a Disease@MESH:D003317 endothelium, Gene@644150 unexpected and assessed in greater detail. Autosomal-dominant forms of Disease@MESH:D005642 have been attributed to genetic variation in Gene@6925 (Gene@6925), a novel UACR-associated locus identified here (index Mutation@rs11659764, p = 2.8 x 10-11; r2 = 0.21, D' = -0.97 with Mutation@rs613872, a previously reported Fuchs index SNP). After exclusion of the Gene@6925 index SNP, the GRS Gene@644150 still significantly associated with Disease@MESH:D011507, Disease@MESH:D006949 codes, Disease@MESH:D006073, and Disease@MESH:D006973 with nearly identical ORs, but the association with Disease@MESH:D005642 disappeared (p = 0.2). This illustrates that unexpected significant associations from PheWAS require careful evaluation", "type": "paragraph"}, {"sent": "We also evaluated an association of the GRS with cardiovascular outcomes based on published GWAS and the UKBB (Supplementary Table 2). This revealed significant (p < 0.007, Methods) positive associations of the GRS with an increased risk of Disease@MESH:D006973 (p = 2.4 x 10-21). Conversely, weighted genetic risk scores based on recently published GWAS of systolic and diastolic blood pressure as well as of type 2 Disease@MESH:D003920 were positively associated with UACR (p = 3.5 x 10-63 for systolic and p = 1.2 x 10-24 for diastolic blood pressure, p = 1 x 10-10 for type 2 Disease@MESH:D003920; Supplementary Table 2)", "type": "paragraph"}, {"sent": "Genetic correlation of urinary albumin-to-creatinine ratio (UACR) with other traits and diseases. Significant (p < 9.7 x 10-5) genetic correlations based on the genome-wide summary statistics from the EA UACR GWAS and 517 pre-computed and publicly available GWAS summary statistics of UKBB traits and diseases, available through LDHub. Traits are shown on the x-axis, and colored according to broad physiological categories. Genetic correlations between traits and UACR are reported on the y-axis. Dot size is proportional to the -log10(p) of the corresponding genetic correlatio", "type": "fig_caption"}, {"sent": "Disease@MESH:D000419 is associated with multiple cardiovascular and metabolic traits and diseases. In addition to the GRS analyses, we thus also assessed genome-wide genetic correlations between the EA-specific UACR association statistics and 517 traits and diseases (Methods; Supplementary Data 10). Significant genetic correlations (p < 9.7 x 10-5 [0.05/517]) were observed for 67 traits (Fig. 4). The strongest negative correlations were observed for urinary creatinine and other urinary parameters, and the largest positive genetic correlations with different measures of Disease@MESH:D006973. These findings provide support for the observational association between Disease@MESH:D000419 and blood pressure on a genetic level, the significant associations between the UACR GRS and Disease@MESH:D006973 in the MVP population, and the recent Mendelian Randomization study of UACR. Negative genetic correlations with anthropometric measures are potentially explained by their positive associations with muscle mass, and hence creatinine concentrations", "type": "paragraph"}, {"sent": "Statistical fine-mapping Gene@644150 performed using summary statistics to prioritize SNPs or sets of SNPs (credible set) driving each association signal (Methods). These analyses were limited to EA, comprising > 97% of the total sample, for whom large data sets to estimate reference LD for summary statistics-based fine-mapping were publicly accessible. Based on 57 combined genomic regions from the 61 genome-wide significant loci in EA (Methods, Supplementary Data 5), we identified 63 independent SNPs (Supplementary Data 11). Next, 99% credible sets were computed based on Approximate Bayes Factors, resulting in a set of SNPs that with 99% posterior probability (PP) contained the variant(s) driving the association signal for each of the 63 conditionally independent signals. The credible sets contained a median of 25 SNPs (Quartile 1: 10; Quartile 3: 74). Two credible sets at Gene@8029 and one at Gene@5584 consisted of a single SNP (Supplementary Data 12). The previously described Gene@8029 missense SNP Mutation@rs45551835 (Mutation@rs45551835) had a PP of causing the association signal of >99.9%. There were 11 small credible sets with <=5 SNPs, representing candidate causal variants for further study", "type": "paragraph"}, {"sent": "Fine-mapping and functional annotation of potentially causal variants. Overview of 995 SNPs with a posterior probability of association with urinary albumin-to-creatinine ratio (UACR) of >1%. The x-axis indicates the 99% credible set size and the y-axis the SNPs' posterior probability of association. In panel a, missense SNPs are marked by triangles, with size proportional to the SNP CADD score. In panel b, SNPs are color-coded with respect to location in regulatory regions of specific kidney tissues. The labels show the closest gene, and are restricted to variants mapping to small credible sets (<=5 SNPs), or to variants with high individual posterior probability (>0.5) of driving the association signal. For the Gene@8029 locus, a credible set Gene@644150 computed for each independent SN", "type": "fig_caption"}, {"sent": "All 995 SNPs with PP > 1% were annotated. Regulatory potential Gene@644150 assessed via mapping into regions of open chromatin identified from primary cultures of human tubular and glomerular cells (GEO accession number GSE115961) and from publicly available kidney cells types (ENCODE and Roadmaps Projects; Methods). Supplementary Data 12 summarizes annotation information for all variants with PP > 1% that mapped into small credible sets or those containing a SNP with PP > 50%. Among these, there were four missense SNPs in Gene@8029, Gene@1373, Gene@80267, and Gene@2646 (Fig. 5a; Supplementary Table 3). One non-exonic SNP near Gene@4926 with PP > 50% mapped into open chromatin in both glomerular and tubular primary cell cultures, and four other SNPs in or near Gene@644150, Gene@124997, Gene@8029, and Gene@1592 mapped into putative regulatory regions in other kidney tissues or cell lines (Fig. 5b, Supplementary Data 12)", "type": "paragraph"}, {"sent": "We investigated whether the UACR-association signals co-localized with association signals for transcript abundance of any genes in cis across 47 tissues, thereby implicating effector genes at associated loci (Methods). Gene expression Gene@644150 quantified via RNA-seq in 44 tissues from the GTEx Project [https://gtexportal.org/] and in kidney cortex from The Disease@MESH:D009369 Genome Atlas, and via microarray from microdissected glomerular and tubulointerstitial portions of kidney biopsies from participants of the NEPTUNE study (Methods)", "type": "paragraph"}, {"sent": "Co-localization of associations signals for urinary albumin-to-creatinine ratio (UACR) and gene expression in kidney tissues. The plot shows the nine genes for which there is a high likelihood (posterior probability >= 80%) of a shared causal signal for gene expression in at least one of three kidney tissues and UACR. The loci are colored-coded and shown on the y-axis with the closest gene next to the index SNP. Co-localization with gene expression across all tissues (x-axis) is shown as dots, where the size of the dots (implying that eQTL data were available) corresponds to the posterior probability of the co-localization. The change in UACR is color-coded relative to the change in gene expression, or gray in case of a posterior probability < 80", "type": "fig_caption"}, {"sent": "We identified nine genes for which cis eQTLs in kidney tissues co-localized with the UACR association signals with a high PP (>=80%), implicating a shared underlying variant (Fig. 6). These represent candidate causal genes for further investigation (Table 1). Alleles associated with higher UACR were associated with higher expression of Gene@4582 and Gene@5584 across a range of tissues. This observation is consistent with a gain-of-function mechanism proposed for the monogenic Disease@MESH:D007674 caused by Gene@4582 variation. Conversely, alleles associated with higher UACR were associated with lower Gene@220323 and Gene@7040 expression. The co-localization with expression of Gene@644150 in Disease@MESH:D007674 portions illustrates an example of a potentially regulatory causal variant, Mutation@rs17158386, which maps into open chromatin in kidney tissue (Figs. 5b,  6). Across kidney tissues, co-localization Gene@644150 most often observed in Disease@MESH:D007674 portions, consistent with the prominent role of the glomerular filtration barrier in Disease@MESH:D000419. Altogether, there were 90 significant co-localizations in at least one of the 47 evaluated tissues (Supplementary Fig. 8)", "type": "paragraph"}, {"sent": "Association with gene expression in trans requires large sample sizes and Gene@644150 thus evaluated for all index SNPs in whole blood. Excluding the extended MHC region, there Gene@644150 one SNP associated with expression of one or more transcripts in trans in more than one study (Supplementary Table 4): genotype at Mutation@rs12714144, upstream of PARTICL on chromosome 2, Gene@644150 associated with the expression of Gene@64180, encoded on chromosome 16", "type": "paragraph"}, {"sent": "Recently, large GWAS of plasma protein levels have been published, which allow for systematic investigations of associated variants (pQTLs). Using these data, we investigated the association of the 61 EA index SNPs in a pQTL study of 3301 healthy EA participants of the INTERVAL study. Genome-wide significant associations were identified between 17 UACR-associated SNPs and plasma levels of 53 unique proteins, for a total of 56 associations (Supplementary Data 13). Interestingly, concentrations of three proteins each showed associations with two UACR-associated index SNPs on different chromosomes, thereby connecting the two genetic loci through association with plasma concentrations of the same protein: SNPs Mutation@rs34257409 on chromosome 1 and Mutation@rs838142 on chromosome 19 with plasma Gene@200504 (Gene@200504) concentrations, Mutation@rs12714144 on chromosome 2 and Mutation@rs1010553 on chromosome 3 with concentrations of Gene@282973 (Gene@282973), and Mutation@rs1010553 on chromosome 3 and Mutation@rs2954021 on chromosome 8 with Gene@3697 (Gene@3697) concentrations", "type": "paragraph"}, {"sent": "Co-localization of association signals of the Gene@220323 locus. Regional association plots of the Gene@220323 locus in the European ancestry urinary albumin-to-creatinine ratio (UACR) GWAS (a), with Gene@220323 gene-expression levels in healthy kidney tissue sections (b), and with Gene@220323 plasma levels (c, d). The dots are colored according to their correlation r2 with the index SNP estimated based on the 1000 Genomes EUR reference samples (gray for missing data). This locus has two independent pQTLs for Gene@220323 levels, where panel c shows the association between the index pQTL at the locus (Mutation@rs117554512) conditioned on its secondary signal (indexed by Mutation@rs508205), and panel d shows the association with a conditionally independent SNP (Mutation@rs508205, r2 < 0.01 in 1000 Genomes EUR). The secondary signal Mutation@rs508205 has strong evidence of co-localization with the UACR association signal (posterior probability H4 = 0.99, Methods), while the signal Mutation@rs117554512 has not (posterior probability H4 = 0). There Gene@644150 strong evidence of co-localization between the UACR association signal and Gene@220323 expression in kidney tissue (posterior probability H4 = 0.97", "type": "fig_caption"}, {"sent": "Co-localization of UACR association signals with those for pQTLs of 38 proteins (Methods, Supplementary Table 5) provided evidence for a shared underlying SNP for plasma concentrations of the Gene@220323 protein. This Gene@644150 consistent with the eQTL co-localization analyses, with the minor T allele at Mutation@rs12790943 associated with higher levels of UACR as well as with both lower Gene@220323 transcript levels in multiple tissues and lower Gene@220323 plasma levels (Fig. 7). Association patterns with UACR (Fig. 7a) and Gene@220323 transcript levels (Fig. 7b) looked similar, as expected for a shared underlying variant. The pattern looked different for Gene@220323 plasma levels, and conditional analyses revealed two independent SNPs (Mutation@rs117554512 and Mutation@rs508205; r2 = 0, D '= 0.02 in the 1000 Genomes Project EUR sample). There Gene@644150 no evidence for a shared variant underlying the associations of UACR and Gene@220323 plasma levels for the signal tagged by the initial index SNP for Gene@220323 plasma levels, Mutation@rs117554512 (PP H4 = 0; Fig. 7c), which Gene@644150 also significantly associated with plasma levels of Gene@64806 in trans (p = 1.3 x 10-12, Supplementary Data 13). Conversely, there Gene@644150 strong evidence for a shared variant underlying associations with UACR and Gene@220323 plasma levels tagged by the second, independent signal at Mutation@rs508205 (PP H4 = 0.99; Fig. 7d), allowing to follow associations from genetic variants to transcript, protein, and phentoype. The SNP Mutation@rs508205 is located upstream of Gene@220323, and Gene@644150 also the index variant identified in the trans-ethnic meta-analysis of UACR (r2 = 0.94 with Mutation@rs12790943 in the 1000 Genomes Project EUR sample). It represents an interesting regulatory candidate variant because of its relatively small credible set of eight SNPs, a CADD score of 13, and its localization in open chromatin in kidney tissue", "type": "paragraph"}, {"sent": "Finally, we used a Drosophila model to establish proof-of-principle that prioritized candidates can be used to gain mechanistic insights into Disease@MESH:D000419. Disease@None are specialized cells that harbor a slit diaphragm formed by the orthologs of the mammalian slit diaphragm proteins. These cells exhibit size-dependent molecule filtration across the slit diaphragm, followed by endocytosis via the scavenger receptor Gene@8029 and finally lysosomal degradation or storage. Protein endocytosis mainly occurs within a network of membrane invaginations, the labyrinthine channels. Formation of the labyrinthine channels depends on presence of functional slit diaphragms. Thus, these cells reflect aspects of glomerular (slit diaphragm) and proximal tubular function (Disease@MESH:D011488). Studying endocytosis of a tracer molecule able to pass the slit diaphragm, such as albumin, renders an integrative read-out of nephrocyte function: FITC-albumin uptake declines both through Disease@MESH:D056124 and also through Disease@MESH:D009422. We selected three candidates for functional study, based on their associations with urinary albumin (Fig. 2c), support from downstream fine-mapping and co-localization analyses (Table 1), and degree of conservation and availability of at least two independent Drosophila RNAi lines per gene: Gene@33435, Gene@5584, and Gene@644150. Orthologs of Gene@220323 (Gene@220323), Gene@5584 (Gene@47594), and Gene@644150 (Gene@37521) were silenced specifically in nephrocytes by crossing Dorothy-Gene@3960 with the respective UAS-RNAi line", "type": "paragraph"}, {"sent": "In vivo results of Drosophila orthologs. The Drosophila orthologs of Gene@33435 and Gene@5584 (Gene@47594) are both required for nephrocyte function and Gene@47594-RNAi affects slit diaphragm formation. a Garland cell nephrocytes were exposed to FITC-albumin. Nephrocytes expressing control RNAi exhibit intense endocytosis, while expression of RNAi directed against Gene@220323 and Gene@47594 (ortholog of Gene@5584) decreases tracer uptake. b Quantitation of fluorescence intensity from FITC-albumin uptake is shown for the indicated genotypes. Values are presented as mean +- standard deviation of the ratio to a control experiment. Statistical significance Gene@644150 calculated using ANOVA and Dunnett's post hoc analysis. A statistically significant difference (defined as p < 0.05) is observed for Gene@220323-RNAi-1 (N = 4), Gene@220323-RNAi-2 (N = 3), Gene@47594-RNAi-1 (N = 3), and Gene@47594-RNAi-2 (N = 4), where ** indicate p < 0.01 and ***p < 0.001. c Staining the slit diaphragm proteins Sns (ortholog of Gene@4868) and Kirre (ortholog of Gene@55243) in control nephrocytes shows regular formation of slit diaphragms. Airyscan technology partially allows for distinguishing individual slit diaphragms (insets). d Tangential sections through the surface of control nephrocytes reveals the regular fingerprint-like pattern of slit diaphragm proteins. e, f Expression of Gene@220323-RNAi-1 does not entail an overt phenotype, suggesting reduced nephrocyte function may be a consequence of impaired protein reabsorption while slit diaphragm formation is not affected. g, h Expression of Gene@47594-RNAi-1 results in a clustered and irregular pattern of slit diaphragm proteins (insets in g) and a complete loss of slit diaphragm protein distinct areas on the cell surface. This suggests the Disease@MESH:D060825 is a consequence of impaired slit diaphragm formation. All scale bars represent 10 micro", "type": "fig_caption"}, {"sent": "Nephrocytes stained with an available antibody for Gene@47594 showed a strongly reduced signal using two independent Gene@47594-RNAi lines (Supplementary Fig. 9A-C). We observed no effect of Gene@37521-RNAi on nephrocyte function studying FITC-albumin endocytosis (Supplementary Fig. 9D, E). In contrast, we detected a significant reduction of tracer endocytosis upon silencing Gene@220323 and Gene@47594 (Fig. 8a, b). This indicates a functional requirement of these genes within nephrocytes and supports a role of their human orthologs in glomerular filtration or tubular re-uptake of albumin. To distinguish between these roles, we studied immunofluorescence of the Drosophila slit diaphragm proteins, whose staining patterns remain unaltered in isolated Disease@MESH:D005128 of Disease@MESH:D011488. Despite the significant impairment of nephrocyte function, we observed a slit diaphragm staining pattern comparable to control conditions for Gene@220323-RNAi (Fig. 8c-f). This suggests that Gene@220323 may be dispensable for slit diaphragm formation, but likely is involved in protein reabsorption. Accordingly, co-localization with Gene@220323 gene expression in human kidney Gene@644150 observed in the renal cortex, reflecting largely tubulointerstitial portions, and protein staining in the Human Protein Atlas is observed in tubules but not glomeruli. Conversely, silencing the ortholog of Gene@5584 entailed an extensive loss of slit diaphragm proteins (Fig. 8g, h; 3D reconstruction Supplementary Fig. 9K). This implies that the polarity factor Gene@47594 is directly involved in slit diaphragm formation, consistent with studies in murine podocytes. Staining patterns were comparable when silencing Gene@220323 and Gene@47594 using second RNAi lines (Supplementary Fig. 9F-I). In summary, the Drosophila data support a role of Gene@33435 in Disease@MESH:D005198 and Gene@5584 in slit diaphragm formation", "type": "paragraph"}, {"sent": "In this GWAS meta-analysis of UACR, we identified 68 loci in total, the majority of which Gene@644150 associated with urinary albumin concentrations and MA. Statistical fine-mapping and co-localization analyses with gene expression across 47 human tissues and with plasma protein levels resolved GWAS loci into novel driver genes and variants. This approach allowed for translating two genes prioritized in our workflow, Gene@220323 and Gene@5584, into mechanistic insights in an in vivo experimental model of Disease@MESH:D011507. Genome-wide genetic correlation analyses and a phenome-wide association study of a genetic risk score for UACR in a large independent population highlighted a common Disease@MESH:D030342 or co-regulation with traits and diseases with renal, hepatic, or endothelial components. Together, these results represent a comprehensive resource for translational research into Disease@MESH:D000419", "type": "paragraph"}, {"sent": "Until recently, GWAS of UACR in mostly population-based studies only identified and replicated two loci: Gene@8029 and Gene@3043, detected through an earlier candidate gene study. In addition to these two loci, we also identified the Gene@10018 locus, reported in an earlier admixture mapping study, with the index SNP mapping to the neighboring Gene@55289 gene. Our fine-mapping workflow did not provide strong evidence for either Gene@55289 or Gene@10018 as the likely causal gene. We did not identify genome-wide significant signals at Gene@23682 and Gene@9394 among persons with Disease@MESH:D003920, which we reported in an earlier study at suggestive significance. Potential reasons include differences in quantification and statistical transformation of UACR, different participating studies, and false-positive results in the initial report. Twenty-eight of the 61 loci detected in EA individuals were also reported in the recent Mendelian Randomization study of Disease@MESH:D000419, which is not surprising given the inclusion of UKBB data in our meta-analysis. Still, our study identifies 32 additional loci for UACR in the overall sample, as well as four among people with Disease@MESH:D003920. Moreover, results allow for prioritization of loci with respect to their association with urinary albumin, whereas previous studies have not evaluated whether UACR-associated loci were driven by associations with urinary albumin, creatinine, or both", "type": "paragraph"}, {"sent": "Previous GWAS of Disease@MESH:D000419 have not resolved associated loci into underlying genes and variants. Our workflow identified co-localization of UACR-associations with differential gene expression of Gene@5584, Gene@7040, Gene@644150, Gene@5745, Gene@29785, and Gene@4582 in Disease@MESH:D007674 portions and Gene@220323, Gene@79644, and Gene@550631 in tubulointerstitial tissue. Some of these genes already have established roles in the function of the glomerular filter in Disease@MESH:D003920 (Gene@7040) and monogenic Disease@MESH:D007674 (Gene@4582), while others such as Gene@220323 or Gene@644150 represent novel candidates or, as for Gene@5584, have not yet been implicated in humans. Our combination of human and Drosophila studies support a role of Gene@5584 in glomerular filtration function and of Gene@33435 in tubular protein reabsorption, where reduced endocytosis upon gene silencing reflects the human allele associated with higher UACR and lower Gene@220323 expression and plasma levels. The lack of a phenotype upon silencing of the Gene@644150 ortholog may reflect the unclear state of orthology, a lack of evolutionary conservation, or potentially an Disease@MESH:D000309 knockdown", "type": "paragraph"}, {"sent": "Several insights from our study are of clinical interest. First, the clinical relevance of genes detected in our screen, Gene@8029 and Gene@1286, is underscored by a respective monogenic disease featuring Disease@MESH:D000419 and Disease@MESH:D007674, Imerslund-Grasbeck (MIM 261100) and Disease@MESH:D009394 (MIM 203780). Second, the identification of Gene@4306, encoding an essential component of the RAAS, links this pathway to both Disease@MESH:D000419 and adverse clinical outcomes. Pharmacological inhibition of the RAAS has been shown to be associated with reduced risk of Disease@MESH:D007676 and cardiovascular events, suggesting that genetic studies of UACR in large human populations may identify pathways amenable to pharmacological intervention that reduce both Disease@MESH:D000419 and CVD risk. Third, the genome-wide genetic correlations of UACR and the UACR GRS associations may point toward diseases with a common genetic basis or to co-regulation of disease-relevant cell types. The latter could be reflected in the role of the liver in lipid metabolism and albumin production, the role of the kidney in urate metabolism and albumin excretion, and the role of the endothelium in Disease@MESH:D006973 and glomerular filtration. A potential role of the endothelium and the vasculature is further corroborated by the significantly enriched pathway \"abnormal placental labyrinth vasculature morphology\" and many other nominally enriched pathways related to angiogenesis, as well as the identification of the Gene@7422 (Gene@7422; Gene@100132354) locus, an important growth factor for vascular endothelial cell migration and proliferation. Interestingly, a recent Mendelian Randomization analysis of UACR and blood pressure supported a causal relationship between the two, but reported that SNPs in Gene@8029 and Gene@1543 were only associated with UACR and not blood pressure. We find that the index SNPs in Gene@8029 and Gene@1543 are related to UACR via tubular albumin reabsorption and an association with urinary creatinine but not albumin, respectively. This may indicate that the increased filtration of albumin in the glomerulus, potentially as a result of endothelial damage, and not Disease@MESH:D000419 per se may link Disease@MESH:D000419 to Disease@MESH:D006973 and increased CVD risk. Fourth, Disease@MESH:D000419 is a hallmark of Disease@MESH:D003928 and associated with unfavorable outcomes. Understanding pathways underlying Disease@MESH:D000419 in Disease@MESH:D003920 may therefore be of particular relevance, and the four novel Disease@MESH:D003920-specific loci identified in our study may represent a first step into this direction. Lastly, translation of GWAS loci into differential plasma protein levels as observed for Gene@220323 is of particular interest, as plasma protein levels represent both potential biomarkers and interventional targets", "type": "paragraph"}, {"sent": "Strengths of our study include its standardized approach to phenotype definition, its large samples size, internal locus validation, and the study of participants with Disease@MESH:D003920. The identification of a previous Amerindian-specific locus in our trans-ethnic analysis underscores the value of studying diverse ancestries, but EA individuals are still strongly overrepresented, which limits the power to detect heterogeneity correlated with ancestry. Limitations that are not specific to our study are related to the accurate quantification of UACR, which is influenced by biologic variation of urinary albumin, by the sensitivity and variation of albumin assays, and by standardization to urinary creatinine to account for urine dilution. We addressed these issues by harmonizing UACR calculation across cohorts, and by separate assessment of associations with urinary albumin and creatinine. Across-cohort variation Gene@644150 overcome to some degree by the use of a central lab in the large UKBB, but may also introduce findings related to UKBB-specific sample handling, storage, measurement, or exposures. The statistical fine-mapping focused on SNPs available in the majority of studies, which might have limited the discovery of novel associations or the fine-mapping of population-specific or low-frequency variants. Such analyses represent avenues for future research. Other fine-mapping methods such as Bayesian approaches that incorporate priors based on variant annotation exist, but ultimately all statistically prioritized variants need to be experimentally validated", "type": "paragraph"}, {"sent": "In summary, we identified and characterized 68 loci associated with UACR and highlight potential causal genes, driver variants, target tissues, and pathways. These findings will inform experimental studies and advance the understanding of Disease@MESH:D000419 and correlated traits, an essential step for the development of novel therapies to reduce the burden of CKD and potentially CVD", "type": "paragraph"}, {"sent": "We set up a collaborative meta-analysis based on a distributive data model. An analysis plan Gene@644150 developed and circulated to all participating studies via a Wiki system [https://ckdgen.eurac.edu/mediawiki/index.php/CKDGen_Round_4_EPACTS_analysis_plan]. Phenotypes were generated and quality checks performed within each study in a standardized manner through scripts provided to all study centers. Before conducting the analyses, studies uploaded automatically generated Gene@64146 and text files. After approval of the phenotype quality, ancestry-specific GWAS were performed in each study and uploaded centrally. Files were quality controlled using GWAtoolbox and customized scripts, harmonized, and meta-analyzed. Details regarding each step are provided below. Each study Gene@644150 approved by the respective ethics committee, and all participants provided written informed consent. Drosophila research Gene@644150 carried out in compliance with all relevant ethical regulations. Drosophila experiments are exempt from a specific regulatory approval", "type": "paragraph"}, {"sent": "Methods for the measurement of urinary albumin and creatinine in each study are reported in Supplementary Data 1. Urinary albumin values below the detection limit of the used assays were set to the lower limit of detection, and the UACR Gene@644150 assessed in mg/g and calculated as urinary albumin (mg/l)/urinary creatinine (mg/dl) x 100. MA cases were defined as UACR > 30, and controls as UACR < 10 mg/g, no other exclusions were applied. These steps were all included in the distributed phenotyping script. MA GWAS analyses were limited to studies with >=100 MA cases", "type": "paragraph"}, {"sent": "In each study, genotyping Gene@644150 performed using genome-wide arrays followed by application of study-specific quality filters prior to phasing and imputation. Genome-wide data were imputed to the Haplotype Reference Consortium (HRC) version 1.1, 1000 Genomes Project (1000G) phase 3 v5 ALL, or the 1000G phase 1 v3 ALL reference panels using the Sanger [https://imputation.sanger.ac.uk/] and Michigan Imputation Server [https://imputationserver.sph.umich.edu/]. Detailed information on study-specific genotyping, imputation, and QC is provided in Supplementary Data 2. Unless indicated differently, variants are annotated according to the GRCh37 (hg19) reference build", "type": "paragraph"}, {"sent": "The inverse normal transformed age-adjusted and sex-adjusted residuals of log-transformed UACR, as well as urinary albumin and urinary creatinine levels separately for the sensitivity analysis in the UKBB sample, were used as the dependent variable in a linear regression model fitted in each study-specific GWAS. For MA, a logistic regression model adjusted for sex and age Gene@644150 used. The models were adjusted for study-specific covariates, such as recruitment site and genetic principal components where applicable. Family-based studies used mixed-effect models by including the relationship of the individuals as a variance component. Additive genetic models were fitted using the SNP's allele dosage as an independent variable. The analysis programs used for the GWAS are provided in Supplementary Data 2", "type": "paragraph"}, {"sent": "For UACR, studies contributed a total of 54 GWAS summary statistics files. After QC, the total samples size Gene@644150 564,257 (547,361 individuals of European ancestry [EA], 6324 of East Asian ancestry [EAS], 6795 African Americans [AA], 2335 of South Asian ancestry [SA], and 1442 Hispanics; Supplementary Data 1). For MA, a total of 38 GWAS summary files were contributed, totaling a post-QC samples size of 348,954 (51,861 cases; Supplementary Data 1). Both meta-analyses included individuals with and without Disease@MESH:D003920", "type": "paragraph"}, {"sent": "Before meta-analysis, study-specific GWAS files were filtered to retain only SNPs with imputation quality (IQ) score > 0.6 and MAC > 10, effective sample size >= 100, and Gene@351  < 10 to remove implausible outliers. Within study, we estimated the genomic inflation factor lambdaGC and applied GC correction when lambdaGC Gene@644150 >1. Fixed effects inverse-variance weighted meta-analysis of the study-specific GWAS result files Gene@644150 performed using METAL, which Gene@644150 adapted to obtain effects and standard errors of higher precision if required (seven decimal places instead of four). After meta-analysis of 37,915,339 SNPs, we retained only variants that were present in >=50% of the GWAS data files (27 studies) and had a total MAC of >=400. Across ancestries, this yielded 8,034,757 variants for UACR (8,603,712 in EA with an observed MAF > 0.3%), and 8,326,000 variants for MA", "type": "paragraph"}, {"sent": "The inflation of p-values attributed to reasons other than polygenicity Gene@644150 assessed by LD score regression. The intercept Gene@644150 estimated as 0.95, and thus <=1, indicating that any residual inflation Gene@644150 likely due to polygenicity rather than confounding. Therefore, p-values were not corrected for a second round of genomic control after the meta-analysis", "type": "paragraph"}, {"sent": "The genome-wide significance level Gene@644150 set at 5 x 10-8. Between-study heterogeneity Gene@644150 assessed using the I2 statistic. Variants were assigned to loci by selecting the SNP with the lowest p-value genome-wide as the index SNP, defining the corresponding locus as the +-500 kb region around it, and repeating the procedure until no further genome-wide significant SNP remained. A locus Gene@644150 considered novel if it did not contain any variant identified by previous GWAS of UACR. The loci were named according to the nearest gene of the index SNP, the SNP with the lowest p-value within a locus", "type": "paragraph"}, {"sent": "For UACR, we evaluated heterogeneity correlated with ancestry using study-specific GWAS files filtered for polymorphic SNPs with an IQ score > 0.3, an effective sample size >= 100, and Gene@351  < 10. Analysis Gene@644150 performed using the software Meta-Regression of Multi-Ethnic Genetic Association (MR-MEGA v0.1.2.25), where the meta-regression model included the three axes explaining the largest genetic variation estimated from allele frequencies provided in the study-specific GWAS files", "type": "paragraph"}, {"sent": "The narrow-sense heritability of the trait based on all SNPs with a MAF > 1% Gene@644150 estimated using the genome-wide summary statistics for UACR with the MHC region removed as input for the LD score regression software, using the 1000 Genomes phase 3 EUR reference panel for estimating LD. The proportion of phenotypic variance explained by the index SNPs Gene@644150 estimated as Gene@4760*2*MAF*(1-MAF), with beta representing the SNP effect and accounting for a trait variance of 1 due to the inverse normal transformation of the analyzed trait. Thus, the estimates provide the proportion of the variance of sex- and age-adjusted log-transformed UACR that is explained by the respective SNPs. The expected number of discoveries in future, larger studies and the corresponding percentage of GWAS heritability explained with increases in sample size Gene@644150 estimated using a recently published method. The summary statistics of the UACR trans-ethnic meta-analysis were used as input", "type": "paragraph"}, {"sent": "We used DEPICT version 1 release 194 to identify gene sets and tissue/cell types enriched in UACR-associated loci. DEPICT performs gene set and tissue-/cell-type enrichment analysis by testing whether genes in GWAS-associated loci are enriched in 14,461 reconstituted gene sets. These reconstituted gene sets were generated based on a large number of predefined gene sets from diverse molecular pathway databases including protein-protein interactions, and gene sets from mouse gene knockout studies. The function of each gene in 14,461 reconstituted gene sets Gene@644150 predicted from co-regulation analyses of 77,840 expression microarray samples. Tissues and cell-type enrichment Gene@644150 conducted in DEPICT by testing whether the genes in associated regions were highly expressed in any of 209 MeSH annotations for 37,427 microarrays. We included all variants that reached a genome-wide significant p-value of association with UACR (p < 5 x 10-8) from the trans-ethnic meta-analysis. DEPICT analysis Gene@644150 conducted with 500 repetitions to compute FDR and 5000 permutations to compute enrichment test p-values adjusted for gene length by using 500 null GWAS", "type": "paragraph"}, {"sent": "All analyses were conducted using standard PheWAS coding methodologies using the R-package \"PheWAS\". Models were adjusted for ten genetic principal components and sex, when appropriate. All analyses were conducted among 192,868 participants of European ancestry in the Million Veteran Program sample. A weighted genetic risk score Gene@644150 first built using the 59 UACR-associated SNPs (Supplementary Data 3) where the UACR-increasing allele Gene@644150 coded as the effect allele. Based on the number of covariates included in the model, only traits with >=100 cases were included in the analysis resulting in evaluation of 1422 traits. A Bonferroni threshold of 3.5 x 10-5 (0.05/1422) Gene@644150 applied for assessing significance of the association test", "type": "paragraph"}, {"sent": "The genetic UACR risk score Gene@644150 also tested for association with additional outcomes using GWAS summary statistics with association testing implemented in the function grs.summary of the R-package \"Gene@84504\". The summary statistics for Disease@MESH:D006973 and Disease@MESH:D006333 were calculated in the UKBB prior to the risk score association analysis. Disease@MESH:D006973 cases were defined based on ICD-10 codes (I10, I11, I11.0, I11.9, I12, I12.0, I12.9, I13, I13.0, I13.1, I13.2, I15, I15.0, I15.1, I15.2, I15.8, and I15.9), as self-reported Disease@MESH:D006973 or essential Disease@MESH:D006973, by measured systolic blood pressure >= 140 mmHg, diastolic blood pressure >= 90 mmHg, or by taking blood pressure medication. Disease@MESH:D034381 cases were defined based on ICD-10 codes (I11.0, I13.0, I13.2, I25.5, I42.0, I42.5, I42.8, I42.9, I50, I50.0, I50.1, and I50.9), or by self-reported Disease@MESH:D009202, excluding Disease@MESH:D002312. The summary statistics for other outcomes were based on results from published GWAS meta-analyses with references provided in Supplementary Table 2. Statistical significance Gene@644150 defined as p < 0.007 of the association test after correction for the number of evaluated associations (0.05/7)", "type": "paragraph"}, {"sent": "Genome-wide genetic correlations between UACR and UK Biobank traits and diseases were evaluated to investigate whether there Gene@644150 evidence of co-regulation or a shared genetic basis, both known and novel. Using LD score regression that can account for overlapping samples and the EA association summary statistics as input, we evaluated pair-wise genetic correlations between UACR and each of 517 pre-computed GWAS summary statistics of UKBB traits and diseases available through the web-platform LDHub. An overview of the sources of these summary statistics and their corresponding sample sizes is available at [http://ldsc.broadinstitute.org]. Statistical significance Gene@644150 assessed at the Bonferroni corrected level of 9.7 x 10-5 (0.05/517)", "type": "paragraph"}, {"sent": "To identify additional, independent UACR-associated variants within the identified loci, approximate conditional analyses were carried out that incorporated LD information from an ancestry-matched reference population. We used the genome-wide UACR summary statistics from the EA meta-analysis as input, because an LD reference sample scaled to the size of our meta-analysis Gene@644150 only available for EA individuals. We randomly selected 15,000 participants from the UK Biobank data set (UKBB; application ID 2027, data set ID 8974). Individuals who withdrew consent and those not meeting data cleaning requirements were excluded, keeping only those who passed sex check, had a genotyping call rate of >=95%, and did not represent outliers with respect to SNP heterozygosity. For each pair of individuals, the proportion of variants shared identical-by-descent (IBD) Gene@644150 computed using PLINK [https://www.cog-genomics.org/plink/]. We retained only one member of each pair with an IBD coefficient of >=0.1875. Individuals were restricted to those of EA by excluding outliers along the first two PCs from a principal component analysis using the HapMap phase 3 release 2 populations as reference. The final data set to estimate LD included 13,558 EA individuals and 16,969,363 SNPs", "type": "paragraph"}, {"sent": "Basis for statistical fine-mapping were the 61 1-Mb genome-wide significant loci identified in the EA meta-analysis, clipping at chromosome borders. Overlapping loci as well as pairs of loci whose respective index SNPs were correlated (r2 > 0.1 in the UKBB data set described above) were merged, resulting in a final list of 57 regions prior to fine-mapping. Within each region, the GCTA stepwise model selection procedure (cojo-slct algorithm) Gene@644150 used to identify independent variants employing a stepwise forward selection approach. We used the default collinearity cutoff of 0.9 and set the significance threshold to identify independent SNPs to 5 x 10-8", "type": "paragraph"}, {"sent": "Statistical fine-mapping Gene@644150 carried out for each of the 57 merged regions used as input for GCTA cojo-slct. For each region that contained multiple independent SNPs identified by the GCTA stepwise forward selection approach, approximate conditional analyses conditioned on all remaining independent SNP of this region were carried out using the GCTA cojo-cond algorithm to estimate conditional effect sizes. The derived effect estimates were used in the Wakefield's formula as implemented in the R-package'Gene@84504' version 2.0.1 [https://github.com/tobyjohnson/Gene@84504] to derive approximate Bayes factors (ABF) from conditional estimates in regions with multiple independent SNPs, and from the original estimates for regions with a single independent SNP. Given that 95% of the SNP effects from the UACR GWAS were within +-0.03, the standard deviation prior Gene@644150 chosen as 0.0153 based on formula (8) in the original publication. For each variant within an evaluated region, the Approximate Bayes Factor obtained from the effect and its standard error of the marginal (single signal region) or conditional estimates (multi-signal regions) Gene@644150 used to calculate the PP for the variant driving the association signal (causal variant). For each region, 99% credible sets, representing the set of SNPs that contain with a 99% PP the variant causing the association, were calculated by summing up the PP-ranked variants until the cumulative PP Gene@644150 >99%", "type": "paragraph"}, {"sent": "Functional annotations of index variants of associated loci and credible set variants were performed by querying the SNiPA database Gene@28776 (March 2017) [https://snipa.helmholtz-muenchen.de/snipa/]. SNiPA includes extensive annotations ranging from regulatory elements, over gene annotations to variant annotations and published GWAS associations. SNiPA release Gene@28776 is based on 1000 the Genomes phase 3 version 5 and Ensembl version 87 data sets. The Ensembl VEP tool [https://www.ensembl.org/info/docs/tools/vep/] Gene@644150 used for primary effect prediction of SNPs. The CADD score provided by SNiPA is based on CADD release Gene@28816 and presented as PHRED-like transformation of the C score", "type": "paragraph"}, {"sent": "Co-localization analysis Gene@644150 based on the genetic associations with UACR in the EA sample (because the great majority of gene expression data sets Gene@644150 generated from EA). Gene expression Gene@644150 quantified from microdissected human glomerular and tubulointerstitial kidney portions from 187 individuals participating in the NEPTUNE study, as well as from the 44 tissues included in the GTEx Project version 6p release [https://gtexportal.org/]. The eQTL and GWAS effect alleles were harmonized. For each locus, we identified tissue-gene pairs with reported eQTL data within +-100 kb of each GWAS index variant. The region for each co-localization test Gene@644150 defined as the eQTL cis window defined in the underlying GTEx and NephQTL studies. We used the default parameters and prior definitions set in the \"coloc.fast\" function from the R-package \"Gene@84504\" version 2.0.1 [https://github.com/tobyjohnson/Gene@84504], which is an adapted implementation of Giambartolomei's co-localization method. The same package Gene@644150 also used to estimate the direction of effect as the ratio of the average PP (that Gene@644150 obtained from credible set estimation) weighted GWAS effects over the PP weighted eQTL effects", "type": "paragraph"}, {"sent": "An additional co-localization analysis Gene@644150 performed using a complementary gene-expression data set derived from healthy human kidney tissue. The corresponding eQTL data set Gene@644150 generated by correlating genotype with RNA-seq-based gene expression levels from 96 human kidney samples. Co-localization analysis of GWAS signals and eQTL signals Gene@644150 performed using Coloc, using the same distance criteria to identify shared eQTL and GWAS regions as above, including variants within the cis-window (+-1 Mb from TSS) of each identified candidate gene, and the parameters p1 = 1 x 10-4, p2 = 1 x 10-4, and p12 = 1 x 10-5", "type": "paragraph"}, {"sent": "For all co-localization analyses, a PP >= 0.8 of the H4 test (one common causal variant underlying UACR and eQTL association signal) Gene@644150 applied to select a significant result", "type": "paragraph"}, {"sent": "We performed trans-eQTL annotation through LD mapping based on the 1000 Genomes phase 3 version 5 European reference panel with a r2 cutoff of >0.8. We limited annotation to index SNPs with a fine-mapping PP >=1% in at least one fine-mapped-region. Due to expected small effect sizes, only available genome-wide trans-eQTL studies of either peripheral blood mononuclear cells or whole blood with a sample size of >=1000 individuals were considered, resulting in five non-overlapping studies. For the study by Kirsten et al., we had access to an update with larger sample size combining two nonoverlapping studies (LIFE-Heart and LIFE-Adult) resulting in a total sample size of 6645. To improve stringency of results, we focused the analysis on inter-chromosomal trans-eQTLs with association test p-values of p < 5 x 10-8 reported by >=2 studies (Supplementary Table 4)", "type": "paragraph"}, {"sent": "The pQTL data were generated using an aptamer-based multiplex protein assay (SOMAscan) to quantify 3622 proteins from stored EDTA plasma of 3301 healthy participants of the INTERVAL study, which were genotyped on the Affymetrix Axiom UK Biobank genotyping array and imputed to a combined 1000 Genomes Phase 3-UK10K reference panel. For this lookup, all pQTLs with p < 1 x 10-4 were selected", "type": "paragraph"}, {"sent": "Co-localization analysis for pQTL data Gene@644150 performed using the same analysis approach as described for eQTL co-localization. For associations with plasma protein concentrations, pQTL results of 1927 genetic associations with 1478 proteins obtained by the Somalogic proteomics platform GWAS were included. In a first instance, pQTLs within a +- 500 kb region of each UACR-associated SNP (Supplementary Data 5) were identified. In case a pQTL region contained multiple independent index SNPs, additional pQTLs were calculated conditioning on the respective index SNP. Next, the conditional and unconditional pQTLs (n = 38) were included in the co-localization analysis using the coloc.abf function with default priors of the R-package \"coloc\" implementing the co-localization method of Giambartolomei", "type": "paragraph"}, {"sent": "The intra-assay coefficient of variation for the Gene@220323 protein, for which evidence for co-localization of the UACR association and Gene@220323 plasma levels Gene@644150 identified, Gene@644150 5.7% and 16.9% in the two batches of SOMAscan measurements", "type": "paragraph"}, {"sent": "Transgenic RNAi studies were performed using the UAS/Gene@3960 system, flies were raised on standard agar cornmeal molasses. RNAi crosses were grown at 30  C. The RNAi stocks were obtained from the Bloomington Drosophila Stock Center at Indiana University (Gene@33435-RNAi-1 BDSC #40926, Gene@47594-RNAi-1 BDSC # 35001, Gene@47594-RNAi-2 BDSC #34332) or the Disease@MESH:C564884 Resource Center respectively (Gene@33435-RNAi-2 VDRC #38257, Gene@37521-RNAi-1 VDRC #102253, Gene@37521-RNAi-2 VDRC #23888). Control RNAi Gene@644150 directed against EGFP (BSDC# 41553). Dorothy-Gene@3960 (BDSC #6903) Gene@644150 used to drive expression in nephrocytes", "type": "paragraph"}, {"sent": "To perform the FITC-albumin endocytosis assay, garland cell nephrocytes were dissected from wandering third instar larvae in PBS and incubated with 0.2 mg/ml FITC-albumin (Sigma) for 30 s. Cells were rinsed briefly with ice-cold PBS four times and fixed immediately for 5 min in 8% paraformaldehyde in presence of Hoechst 33342 (1:1000). Cells were mounted in Roti-Mount FluorCare (Carl Roth GmbH) and imaged using a Zeiss LSM 880 confocal microscope. Quantification of fluorescent tracer uptake Gene@644150 performed with ImageJ software. Average fluorescence of the three brightest cells Gene@644150 measured and intensity of the background subtracted. The results are expressed as a ratio to a control experiment with EGFP-RNAi that Gene@644150 performed in parallel", "type": "paragraph"}, {"sent": "For immunohistochemistry, garland cell nephrocytes were dissected from wandering third instar larvae, fixed for 20 min in PBS containing 4% paraformaldehyde, and stained according to the standard procedure. The following primary antibodies were used: rabbit anti-sns (1:500, gift from S. Abmayr), guinea pig anti-Kirre (1:200, gift from S. Abmayr), and rabbit anti anti-Gene@47594 (C20) (1:200, sc-216-G, Santa Cruz Biotechnology) that Gene@644150 previously shown to detect Drosophila Gene@47594. For imaging, a Zeiss LSM 880 confocal microscope Gene@644150 used. Image processing Gene@644150 done by ImageJ and Gimp software. Three-dimensional reconstruction of confocal images Gene@644150 done using Imaris software", "type": "paragraph"}, {"sent": "Further information on research design is available in the Nature Research Reporting Summary linked to this article", "type": "paragraph"}, {"sent": "Manuscript writing group: Alexander Teumer, Yong Li, Sahar Ghasemi, Bram P. Prins, Disease@None Hermle, Nisha Bansal, Harold Snieder, Adam S. Butterworth, Adriana M. Hung, Cristian Pattaro, Anna Kottgen. Design of this study: Alexander Teumer, Disease@None Hermle, Karsten B. Sieber, Adrienne Tin, Disease@None, Christian Fuchsberger, Carsten A. Boger, Andrew P. Morris, Markus Scholz, Adam S. Butterworth, Cristian Pattaro, Anna Kottgen. Bioinformatics: Shreeram Akilesh, Daniela Baptista, Carsten A. Boger, Robert J. Carroll, Audrey Y. Chu, Massimiliano Cocca, Tanguy Corre, Disease@None, Jasmin Divers, Georg Ehret, Andre Franke, Sahar Ghasemi, Ayush Giri, Disease@None, Pavel Hamet, Iris M. Heid, Anselm Hoppmann, Katrin Horn, Johanna Jakobsdottir, Navya Shilpa Josyula, Chiea-Chuen Khor, Holger Kirsten, Anna Kottgen, Carl D. Langefeld, Man Li, Yong Li, Jianjun Liu, Leo-Pekka Lyytikainen, Jonathan Marten, Dennis O. Mook-Kanamori, Peter J. van der Most, Raymond Noordam, Teresa Nutile, Sarah A. Pendergrass, Anna I. Disease@None, Chengxiang Qiu, Markus Scholz, Sanaz Sedaghat, Christian M. Shaffer, Karsten B. Sieber, Albert V. Smith, Silke Szymczak, Alexander Teumer, Hauke Thomsen, Johanne Tremblay, Chaolong Wang, Disease@None, Yizhe Xu, Zhi Yu. Functional analysis of candidate genes in Drosophila: Tobias Hermle, Mengmeng Chen, Lea Gerstner. Genotyping: Daniela Baptista, Ralph Burkhardt, Carsten A. Boger, Ching-Yu Cheng, Georg Ehret, Mary F. Feitosa, Andre Franke, Christian Fuchsberger, Gene@4486 T. Gansevoort, Pavel Hamet, Gene@5292 van der Harst, Erik Ingelsson, Chiea-Chuen Khor, Wolfgang Koenig, Peter Kovacs, Florian Kronenberg, Mika Kahonen, Antje Korner, Leslie A. Lange, Terho Lehtimaki, Leo-Pekka Lyytikainen, Disease@MESH:C536514, Dennis O. Mook-Kanamori, Andrew P. Morris, Josyf C. Mychaleckyj, Martina Muller-Nurasyid, Nicholette D. Palmer, Dermot F. Reilly, Fernando Rivadeneira, Jerome I. Rotter, Kent D. Taylor, Alexander Teumer, Hauke Thomsen, Johanne Tremblay, Andre G. Uitterlinden, Uwe Volker, Melanie Waldenberger, Chaolong Wang, Lihua Wang, James G. Disease@MESH:D006527, Johan Arnlov. Interpretation of Results: Adam S. Butterworth, Carsten A. Boger, Ching-Yu Cheng, Katalin Dittrich, Jasmin Divers, Karlhans Endlich, Mary F. Feitosa, Janine F. Felix, Barry I. Freedman, Sahar Ghasemi, Ayush Giri, Disease@None, Pavel Hamet, Gene@5292 van der Harst, Iris M. Heid, Kevin Ho, Katrin Horn, Shih-Jen Hwang, Bettina Jung, Holger Kirsten, Wolfgang Koenig, Anna Kottgen, Carl D. Langefeld, Man Li, Yong Li, Jonathan Marten, Kozeta Miliku, Andrew P. Morris, Nicholette D. Palmer, Cristian Pattaro, Sarah A. Pendergrass, Bram P. Prins, Dermot F. Reilly, Myriam Rheinberger, Markus Scholz, Sanaz Sedaghat, Karsten B. Sieber, Bamidele O. Tayo, Alexander Teumer, Hauke Thomsen, Adrienne Tin, Johanne Tremblay, Andre G. Uitterlinden, Niek Verweij, Suzanne Vogelezang, Disease@None, Yizhe Xu, Masayuki Yasuda. Management of an individual contributing study: Shreeram Akilesh, Stephan J.L. Bakker, Murielle Bochud, Eric Boerwinkle, Martin H. de Borst, Hermann Brenner, Adam S. Butterworth, Carsten A. Boger, Robert J. Carroll, Ching-Yu Cheng, Josef Coresh, John Danesh, Olivier Devuyst, Katalin Dittrich, Kai-Uwe Eckardt, Georg Ehret, Janine F. Felix, Oscar H. Franco, Barry I. Freedman, Gene@4486 T. Gansevoort, Disease@None, Alessandro De Grandi, Vilmundur Gudnason, Tamara B. Harris, Gene@5292 van der Harst, Andrew A. Hicks, Kevin Ho, Adriana M. Hung, M. Arfan Ikram, Erik Ingelsson, Vincent W.V. Jaddoe, Bettina Jung, Chiea-Chuen Khor, Wieland Kiess, Wolfgang Koenig, Holly Kramer, Florian Kronenberg, Bernhard K. Kramer, Mika Kahonen, Antje Korner, Anna Kottgen, Terho Lehtimaki, Yong Li, Wolfgang Lieb, Su-Chi Gene@10611, Markus Loeffler, Deborah Mascalzoni, Barbara McMullen, Andrew P. Morris, Renee de Mutsert, Jeffrey O'Connell, Afshin Parsa, Cristian Pattaro, Sarah A. Pendergrass, Annette Peters, Belen Ponte, Peter P. Pramstaller, Bruce M. Psaty, Ton J. Rabelink, Dermot F. Reilly, Rainer Rettig, Myriam Rheinberger, Heiko Runz, Charumathi Sabanayagam, Kai-Uwe Saum, Markus Scholz, Ben Schottker, Harold Snieder, Kari Stefansson, Konstantin Strauch, Michael Stumvoll, Gardar Sveinbjornsson, E-Shyong Tai, Bamidele O. Tayo, Yih-Chung Tham, Joachim Thiery, Adrienne Tin, Johanne Tremblay, Anke Tonjes, Aiko P.J. de Vries, Uwe Volker, James G. Disease@MESH:D006527, Otis D. Disease@MESH:D006527, Charlene Wong, Tien-Yin Wong, Disease@None, Qiong Yang, Masayuki Yasuda. Subject Recruitment: Shreeram Akilesh, Hermann Brenner, Carsten A. Boger, Miao-Ling Chee, Katalin Dittrich, Disease@None Xian Foo, Barry I. Freedman, Gene@4486 T. Gansevoort, Vilmundur Gudnason, Vincent W.V. Jaddoe, Bettina Jung, Florian Kronenberg, Mika Kahonen, Anna Kottgen, Jeannette Jen-Mai Lee, Terho Lehtimaki, Wolfgang Lieb, Lars Lind, Christa Meisinger, Renee de Mutsert, Kjell Nikus, Isleifur Olafsson, Cristian Pattaro, Sarah A. Pendergrass, Belen Ponte, Tanja Poulain, Ton J. Rabelink, Rainer Rettig, Myriam Rheinberger, Nicholas Y. Q. Tan, Andrej Teren, Yih-Chung Tham, Johanne Tremblay, Anke Tonjes, Suzanne Vogelezang, Aiko P.J. de Vries, James G. Disease@MESH:D006527, Johan Arnlov. Statistical Methods and Analysis: Mary L. Biggs, Carsten A. Boger, Robert J. Carroll, Jin-Fang Chai, Miao-Li Chee, Audrey Y. Chu, Massimiliano Cocca, James P. Cook, Tanguy Corre, Jasmin Divers, Todd L. Edwards, Mary F. Feitosa, Janine F. Felix, Barry I. Freedman, Sandra Freitag-Wolf, Christian Fuchsberger, Sahar Ghasemi, Ayush Giri, Disease@None, Daniel F. Gudbjartsson, Martin Gogele, Pavel Hamet, Gene@5292 van der Harst, Iris M. Heid, Anselm Hoppmann, Katrin Horn, Shih-Jen Hwang, Johanna Jakobsdottir, Navya Shilpa Josyula, Bettina Jung, Chiea-Chuen Khor, Holger Kirsten, Holly Kramer, Anna Kottgen, Leslie A. Lange, Carl D. Langefeld, Man Li, Yong Li, Jianjun Liu, Leo-Pekka Lyytikainen, Anubha Mahajan, Joseph C. Maranville, Jonathan Marten, Kozeta Miliku, Andrew P. Morris, Peter J. van der Most, Disease@None, Boting Ning, Damia Noce, Raymond Noordam, Teresa Nutile, Cristian Pattaro, Sarah A. Pendergrass, Bram P. Prins, Laura M. Raffield, Myriam Rheinberger, Kenneth M. Rice, Fernando Rivadeneira, Kathleen A. Ryan, Markus Scholz, Sanaz Sedaghat, Yuan Shi, Karsten B. Sieber, Albert V. Smith, Benjamin B. Sun, Katalin Susztak, Gardar Sveinbjornsson, Silke Szymczak, Bamidele O. Tayo, Alexander Teumer, Chris H.L. Thio, Hauke Thomsen, Johanne Tremblay, Niek Verweij, Suzanne Vogelezang, Chaolong Wang, Lihua Wang, Disease@None, Yizhe Xu, Qiong Yang. Critical review of manuscript: all authors", "type": "paragraph"}, {"sent": "Summary genetic association results are freely available on the CKDGen Consortium website [https://ckdgen.imbi.uni-freiburg.de/]. The source data underlying Figs. 1, 2, 5-8 and Supplementary Figs. 8 and 9 are provided as a Source Data file. The source data underlying Figs. 3, 4, and Supplementary Fig. 7 are provided in Supplementary Data 9, 10, and 7, respectively, and the data underlying the Supplementary Figs. 2-6 are based on the respective downloadable summary genetic association results", "type": "paragraph"}, {"sent": "The script for generating the phenotypes used in the GWAS is available via GitHub [https://github.com/genepi-freiburg/ckdgen-pheno]", "type": "paragraph"}, {"sent": "Karsten B. Sieber is full-time employee of GlaxoSmithKline. Gardar Sveinbjornsson, Daniel F. Gudbjartsson, Disease@MESH:D000270, Unnur Thorsteinsdottir and Kari Stefansson are full-time employees of deCODE genetics, Amgen Inc. John Danesh is member of the Disease@MESH:D002318 and Metabolic Advisory Board, received grant support from Novartis. Oscar H. Franco works in ErasmusAGE, a center for aging research across the life course funded by Nestle Nutrition (Nestec Ltd.), Metagenics Inc., and AXA. Wolfgang Koenig received modest consultation fees for advisory board meetings from Amgen, DalCor, Kowa, Novartis, Pfizer and Sanofi, and modest personal fees for lectures from Amgen, AstraZeneca, Novartis, Pfizer and Sanofi. Anna I. Disease@None and Dermot F. Reilly are employees of Merck Sharp Dohme Corp., Whitehouse Station, NJ, USA. Kevin Ho disclosed a research and financial relationship with Sanofi-Genzyme. Bruce M. Psaty serves on the DSMB of a clinical trial funded by the manufacturer (Zoll LifeCor) and on the Steering Committee of the Yale Open Data Access Project funded by Johnson & Johnson. Markus Scholz: Consultancy of and grant support from Merck Serono not related to this project. Adam S. Butterworth received grants from Disease@MESH:D052517, Pfizer, Novartis, Biogen and Bioverativ and personal fees from Novartis. Anna Kottgen received grant support from Gruenenthal not related to this project. The other authors declare no competing interests", "type": "paragraph"}]}