{"sentences": [{"sent": "Systematic epistasis analyses in Disease@MESH:D009358 are an important step to better characterize complex genetic risk structures. We conducted a hypothesis-free sex-stratified genome-wide screening for epistasis contributing to Disease@MESH:D000544 (Disease@MESH:D000544) susceptibility. We identified a statistical epistasis signal between the single nucleotide polymorphisms Mutation@rs3733980 and Mutation@rs7175766 that was associated with Disease@MESH:D000544 in males (genome-wide significant pBonferroni-corrected=0.0165). This signal pointed toward the genes WW and C2 domain containing 1, aka Gene@23286; 5q34 and Gene@83660 (Gene@83660; 15q22.2). Gene-based meta-analysis in 3 independent consortium data sets confirmed the identified interaction: the most significant (pmeta-Bonferroni-corrected=9.02*10-3) was for the single nucleotide polymorphism pair Mutation@rs1477307 and Mutation@rs4077746. In functional studies, WW and C2 domain containing 1, aka Gene@23286 and Gene@83660 coexpressed in the temporal cortex brain tissue of Disease@MESH:D000544 subjects (beta=0.17, 95% CI 0.04 to 0.30, p=0.01); modulated Gene@326116 Disease@MESH:D064420 in Disease@MESH:D000853 experiments; colocalized in brain tissue cells, N2a Disease@MESH:D009447, and HeLa cell lines; and coimmunoprecipitated both in brain tissue and HEK293 cells. Our finding points toward new Disease@MESH:D000544-related pathways and provides clues toward novel medical targets for the cure of Disease@MESH:D000544", "type": "abstract"}, {"sent": "Disease@MESH:D000544 (Disease@MESH:D000544) is a progressive, irreversible Disease@MESH:D019636 characterized by the development of amyloid plaques and neurofibrillary tangles, the loss of connections between neurons, and nerve cell death. Disease@MESH:D000544 is highly heritable and genetically heterogeneous with 58%-79% of risk attributed to genetic factors. Although genome-wide association studies have strongly improved our knowledge of Disease@MESH:D000544 genetics, genetic risk factors explain no more than 30% of heritability. In this contribution, we focus on late-onset Disease@MESH:D000544, the most common form of the disease with onset age >65 years. The most established genetic factor for Disease@MESH:D000544, Gene@348 gene ([Gene@348] gene, 19q13), exhibits allelic heterogeneity:Gene@348's epsilon4 allele is a risk enhancer, whereas the epsilon2 allele is protective", "type": "paragraph"}, {"sent": "Disease@MESH:D000544 presents notable sexual dimorphism. Records exist of sex differences in the brain, such as in brain anatomy, age-related declines in brain volume and Disease@MESH:D044882, and sex hormones influencing Disease@MESH:D000544 progression. Risk associated with the Gene@348-epsilon4 allele is stronger in females than in males, and loss of chromosome Y have been associated with increased Disease@MESH:D000544 risk in males. These data support complex interplay between sex and genetic background regarding Disease@MESH:D000544 predisposition", "type": "paragraph"}, {"sent": "Gene regulatory and biochemical networks create dependencies among genes that are realized as gene-gene interactions (epistasis). Although epistasis has been well studied in model organisms using biological experiments, hypothesis-free discovery of biological epistasis via statistical methods remains challenging in humans. This is in part due to the conceptual discrepancy between statistical and biological epistasis, the utility of oversimplified population-level models to capture complex individual phenomena, insufficient power, and the gross multiple testing burden inherent in genome-wide epistasis screening. Therefore, most evidence for epistasis in Disease@MESH:D000544 is hypothesis-driven, using prior biological or statistical knowledge. The same holds for sex-specific searches for coinvolvement of multiple genetic loci in Disease@MESH:D000544", "type": "paragraph"}, {"sent": "Gusareva et al. published the first replicable interaction associated with Disease@MESH:D000544 using a genome-wide exhaustive screening approach that combines strengths over different analytic approaches, identified a statistical interaction between Gene@202559 (Mutation@rs6455128) and Gene@51084 (Mutation@rs7989332), and exhibited downstream functional consequences. Here, we used the same European Disease@MESH:D000544 Initiative Investigators (EADI1) consortium cohort (2259/6017 Disease@MESH:D000544 cases/controls) and an adapted hypothesis-free genome-wide exhaustive epistasis screening protocol to identify sex-specific interactions with Disease@MESH:D000544. We identified Disease@MESH:D000544-associated male-specific statistical interaction between variants of the genes Gene@23286 (WW and C2 domain containing 1 or kidney and brain expressed protein, aka Gene@23286; locus 15q22.2) and Gene@83660 (Gene@83660, locus 15q22.2). This novel statistical epistasis signal was replicated in 2 of 3 independent consortium data sets via gene-based replication strategy. Extensive biological validation studies (subcellular colocalization and immunoprecipitation [IP] analyses, transcriptome analysis, experiments in model organisms [Drosophila melanogaster], as well as in silico protein docking and molecular dynamics assessments) further helped elucidate the epistatic relationship", "type": "paragraph"}, {"sent": "The discovery cohort consisted of a sample of 2259 late-onset Disease@MESH:D000544 patients and 6017 controls from 3 cities in France (Bordeaux, Dijon, and Montpellier), as part of EADI1. Follow-up statistical analyses used data from 3 Disease@MESH:D000544 consortia: (1) the Genetic and Environmental Risk for Disease@MESH:D000544 consortium (GERAD1) including cohorts from Germany, UK, and the USA; (2) the Rotterdam Study (RS), a prospective cohort study that started in 1990 in Rotterdam (the Netherlands); and (3) the Disease@MESH:D000544 Genetic Consortium (ADGC) that collects genetic data from over 30 studies in the US . Data collection quality control procedures have been described in the corresponding references. Only subjects with complete information on sex and age were included in the analyses. Sex-specific sample size distributions and age characteristics are given in the Table S1", "type": "paragraph"}, {"sent": "The EADI1 and RS samples were genotyped by Illumina Human 610-Quad BeadChip, the GERAD1 samples by Illumina 610-quad chip and by Illumina HumanHap550 Beadchip, the ADGC subjects by Illumina or Affymetrix high-density single nucleotide polymorphism (SNP) microarrays. Applied genotype filtering procedure as described in the Note S2 leaving 312,064 SNPs for epistasis analyses with EADI1. Replication cohorts used only directly genotyped SNPs", "type": "paragraph"}, {"sent": "Following guidelines in Gusareva et al., we tested for all pairwise statistical interactions between SNPs in association to Disease@MESH:D000544 in sex-stratified samples within EADI1. Two different analytic techniques both parametric (customized version of the BOolean Operation-based Screening and Testing [BOOST] with stringent Bonferroni correction) and nonparametric (model-based multifactor dimensionality reduction [MB-MDR]) that uses permutation-based gammaMAXT algorithm for multiple testing correction were adopted in this study with default options (Note S3). Statistical epistasis signals at the genome-wide significance level of 0.05 were followed up with a logistic regression analyses adjusting for age at time of subject examination and the first 4 SNP-based principal components (to adjust for confounding by shared genetic ancestry). Evidence of interaction was based on a likelihood-ratio test statistic with 4 degrees of freedom to reflect 2 SNPs with 3 genotypes each (in the absence of missing multilocus genotypes). Main effect single-SNP associations were assessed via Cochrane-Armitage trend test in SVS Version 7.5 software (Golden Helix, Inc)", "type": "paragraph"}, {"sent": "For replication analysis, we selected 68 and 98 SNPs assigned to Gene@23286 (5q34: 167651670-167829334 bp) and Gene@83660 (15q22.2: 60726802-60920733 bp), respectively, according to NCBI B36 genome assembly (SNP list is provided in Table S2). We did not consider SNPs from any regulatory regions outside Gene@23286 and Gene@83660 genes. Thus, all the SNPs falling into the boundaries of Gene@23286 and Gene@83660 genes and typed in all the study cohorts (discovery EADI1 and the 3 replication cohorts: GERAD1, RS, and ADGC) were exhaustively tested for 2-way intergenic interactive association with Disease@MESH:D000544, in males and females separately. We used logistic regression adjusted for age and genetic population stratification as before. The number of independent tests was 1564 (of 6664 total). All obtained p-values (not corrected for multiple testing pnominal) for EADI1, GERAD1, RS, and ADGC were meta-analyzed using Fisher's combined p-value and Stouffer's Z score methods, giving rise to meta-analysis p-values (pmeta). Details on the applied significance criteria are described in the Note 4", "type": "paragraph"}, {"sent": "We used transcriptome analysis to assess coexpression of Gene@23286 and Gene@83660 in temporal cortex and cerebellum human brain regions with data from the brain expression GWA study (eGWAS) (Note 5). The laboratory fruit fly Drosophila melanogaster was used to further explore the role of Gene@23286 and Gene@83660 in model organisms (Note S6). In addition, formalin-fixed temporal cortexes of male Disease@MESH:D000544 patients were used to perform brain immunohistochemistry (Note S7). The latter was performed in 2 independent labs to robustly establish reproducibility. To assess subcellular localization of Gene@23286 and Gene@83660, we performed immunofluorescence and confocal microscopy analyses (Note S8). We also investigated the presence of Gene@23286 and Gene@83660 in the same complex via IP analysis (Note S9). Molecular mechanisms of interaction between Gene@23286 and Gene@83660 were modeled via protein docking (Note Gene@6204) and molecular dynamics in silico experiments (Note Gene@6267)", "type": "paragraph"}, {"sent": "Both parametric (BOOST) and nonparametric (MB-MDR) analyses highlighted epistasis between the SNPs Mutation@rs3733980 and Mutation@rs7175766 (minor allele frequencies=0.365, 0.307 in EADI1, respectively) as genome-wide significant in males (BOOST: PBonferroni-corrected=0.018, MB-MDR: ppermutation-based=0.005). Case/control distributions within the 9 multilocus genotype combinations and MB-MDR \"high risk\"/\"low risk\" labeling are in the Table S3. Only Mutation@rs3733980 also showed a main effect (Pnominal=0.015, trend test), which would not withstand stringent multiple testing correction. The identified epistasis signal remained statistically significant in a logistic regression model accounting for age and the first 4 PCs (pBonferroni-corrected=0.0165). The Gene@348 gene did not confound the identified interaction because we found no dependence between the Gene@348 epsilon4 Disease@MESH:D000544-risk allele and the 9-level categorical SNP pair for these SNPs (p-value=0.999,). No female-specific epistasis was identified (BOOST, MB-MDR p>0.05)", "type": "paragraph"}, {"sent": "We considered all pairwise intergenic interactions between the directly genotyped 68 SNPs of Gene@23286 and 98 SNPS of Gene@83660 (Table S2) for follow-up replication analysis in both sexes with the GERAD1, RS, and ADGC data sets. In males, the SNP pair Mutation@rs3733980 and Mutation@rs7175766 was significant in a single study (EADH: PBonferroni-corrected=5.29*10-10). Rs7175766 appeared 4 times in the top 10 male-specific meta-analysis results but did not show any marginal association with Disease@MESH:D000544 (pnominal=0.546, trend test). Interaction between Mutation@rs1477307 and Mutation@rs4077746 was found in 3 study populations (EADI1: pnominal=0.040, RS: pnominal=9.37*10-4, and ADGC: pnominal=5.06*10-5, but not in GERAD1: pnominal=0.544; Fisher's combined pmeta-Bonferroni-corrected=2.74*10-3, and Stouffer's Z score pmeta-Bonferroni-corrected=9.02*10-3; Table S4). In females, similar meta-analysis gave no replicable epistasis signals (Table S5)", "type": "paragraph"}, {"sent": "Transcriptome analysis revealed significant positive association between expression levels of Gene@23286 (probe ID-ILMN_1658619) and Gene@83660 (probe ID-ILMN_1700042) in temporal cortex brain samples from autopsied Disease@MESH:D000544 subjects (beta=0.17, p=0.01) and from combined autopsied Disease@MESH:D000544 and non-Disease@MESH:D000544 subjects (beta=0.20, p=0.0003). These associations were mostly driven by females (temporal cortex from autopsied Disease@MESH:D000544 females: beta=0.28, p=0.005, combined autopsied Disease@MESH:D000544 and non-Disease@MESH:D000544 females beta=0.20, p=0.016) but were not prominent in males. This association was only marginally significant for autopsied non-Disease@MESH:D000544 subjects (beta=0.19, p=0.05). In the cerebellar tissue, no significant associations between expression levels of Gene@23286 and Gene@83660 genes were observed (Table S6)", "type": "paragraph"}, {"sent": "We also tested whether Gene@23286 and Gene@83660 could modulate Disease@MESH:D000544 physiopathology in human Gene@326116 (2N4R)-expressing Disease@None, an in vivo model of Disease@MESH:D000544 (review). Gene@23286, ortholog of Gene@23286 (Fig. 2A-C), and rhea, ortholog of Gene@83660 (Fig. 2A and D and E), were tested as modifiers of Disease@MESH:C536599 in Disease@MESH:D000853. In Disease@None, Gene@23286 belongs to the growth controlling Gene@37247 pathway. Gain (loss) of Gene@23286 results in smaller (bigger) eyes, which we also observed (Fig. 2A and B). Expression of human Gene@326116 (2N4R) in the eye with the Gene@1438 driver resulted in smaller rough eyes. The eye size was partially restored in kibra2+ Disease@MESH:D058495 background, on RNAi-mediated knockdown of Gene@23286 (Fig. 2B and C) and in rhea1/+ Disease@MESH:D058495 background (Fig. 2D and E). Coexpression of Gene@23286 with Gene@326116 resulted in lethality and the only escapers that we obtained had smaller eyes. For Gene@23286 knockdown and Gene@23286 overexpression, the effect may be additive as in both conditions without Gene@326116 expression, fly eyes are respectively bigger and smaller (Fig. 2A and B). For Gene@23286 Disease@MESH:D058495, only 1 of 4 independent null mutations restored the eye size precluding us to firmly conclude that Gene@23286 interacts with Gene@326116 in Disease@MESH:D000853. The result in the rhea1/+ Disease@MESH:D058495 background (Fig. 2D and E) suggested that rhea interacted functionally with human Gene@326116 in Disease@MESH:D000853", "type": "paragraph"}, {"sent": "Immunohistochemistry of the brain of a male autopsied Disease@MESH:D000544 patient indicated strong expression of Gene@23286 in the soma of neuronal cells throughout the temporal lobe of the cerebral cortex (Fig. 3). In these neurons, Gene@23286 presented in the cytoplasm with presumed membrane and/or cytoskeleton associations and strong neuritic accumulations in some cells. Gene@83660 also presented in the cytoplasm of neuronal cells, although immunoreactivity was low. In addition to the weak neuronal signal, a strong Gene@83660 signal was detected in the endothelial cells of blood vessels", "type": "paragraph"}, {"sent": "We also performed coimmunofluorescent staining analyses of human Braak I and Braak VI brains (Fig. 4). After performing quantitative pixel intensity spatial correlation analysis (extracting Pearson's, Manders', and Costes' parameters [autothreshold and randomization]), we determined that Gene@83660 (Gene@83660) and Gene@23286 (aka Gene@23286) colocalized in all cases. Interestingly, Gene@23286 staining appeared to be more cellular in Braak I compared to Braak VI tissue, where the staining appeared stronger and more widely distributed", "type": "paragraph"}, {"sent": "In complement, we confirmed colocalization of Gene@23286 and Gene@83660 in HeLa cell lines and in mouse N2a Disease@MESH:D009447 cells. When overexpressed in HeLa cells, Gene@23286 displayed diffuse cytoplasm localization and small perinuclear rings (Fig. 5, Flag-Gene@23286), and Gene@83660-GFP displayed cytoplasmic focal adhesion localization with elongated fibrillar adhesions through the cell body (Fig. 5, Gene@83660-GFP), consistent with previous studies. Coexpression of both Gene@23286 and Gene@83660 dramatically changed Gene@83660 localization. In the presence of Gene@23286, Gene@83660-GFP appeared concentrated in cytoplasmic foci (Fig. 5, compare GFP staining for Gene@83660 and Gene@23286+Gene@83660) surrounded by Flag-Gene@23286 rings (Fig. 5, Gene@23286+Gene@83660-GFP, merge image). In N2a cells, Gene@211652 and Gene@70549 were found to colocalize in cytoplasm and in filopodia-like protrusions (Fig. S1). However, different colocalization patterns observed in N2a cells may be due to different levels of the proteins expressions", "type": "paragraph"}, {"sent": "Furthermore, IP analysis both in human brain samples and in HEK293 cells indicated the presence of Gene@23286 and Gene@83660 in the same protein complex. The levels of the 2 proteins were variable in all conditions and brain regions queried (Braak I and Braak VI brains, Fig. 6A [upper panel]). Gene@23286 coimmuno-precipitated with the anti-Gene@83660 antibody (Fig. 6A [lower panel]); as expected, Gene@83660 bands were evident in the Western blot. Interestingly, when the Gene@23286 antibody was used, TLN22 bands were absent (Fig. 6A [lower panel]). These data suggest that the anti-Gene@23286 antibody could competitively disrupt the Gene@83660 and Gene@23286 interaction. In HEK293 cells, Gene@83660-GFP specifically copurified with Flag-Gene@23286 when both proteins were overexpressed together (Fig. 6B)", "type": "paragraph"}, {"sent": "To model molecular mechanisms of interaction between Gene@23286 and Gene@83660, we performed protein docking and molecular dynamics in silico experiments. We determined the top 10 ranked Gene@23286/Gene@83660 poses (Fig. S2) via ClusPro 2.0 docking server. Poses 2 and 7 showed the most favorable conditions for complex formation as their average MM/PBSA protein-ligand binding free energies (dGbind) were amongst the most negative showing the lowest dispersion over the course of the 50 ns aqueous simulations. In all 50 ns molecular dynamics simulations, Gene@23286 and Gene@83660 remained physically associated in a complex throughout the entire course of simulation. The average dGbind remained negative for all 10 poses (dGbind ranged from -16 to -227 kJ/mol indicating the size of the binding affinity between the 2 proteins; Table S7 and Fig. S3)", "type": "paragraph"}, {"sent": "This is the first contribution showing (sex-specific) biological epistasis in Disease@MESH:D000544 between genes identified via exhaustive genomic epistasis analysis: Gene@23286 (WW and C2 domain containing 1 or kidney and brain expressed protein, aka Gene@23286) and Gene@83660 (Gene@83660). Gene@23286 is expressed in brain regions responsible for learning and memory (hippocampus and cortex) and is involved in maintaining of synaptic plasticity. Gene@83660 expression is restricted to the heart, skeletal muscle, and brain (synapses and focal adhesions). It plays an important role in the assembly of actin filaments (particularly affecting actin dynamics and clathrin-mediated endocytosis at neuronal synapses) and in spreading and migration of various cell types. Gene@23286 has already been associated with memory-related disorders including Disease@MESH:D000544, whereas Gene@83660 has not. However, in our study, rhea (ortholog of Gene@83660 in Disease@None) modulated Disease@MESH:C536599 and thus may be involved in Disease@MESH:D000544 pathology. Interestingly, recent studies identified several other components of the cell adhesion pathway as modifiers of Disease@MESH:C536599. Studying the mechanisms of the identified epistatic interaction, we performed comprehensive functional biological experiments. Gene@211652 and Gene@70549 were coexpressed in the temporal cortex brain tissue (responsible for learning and memory) of Disease@MESH:D000544 subjects, colocalized in both brain tissue cells, in Disease@MESH:D009447 N2a and HeLa cell lines, and coimmunoprecipitated both in brain tissue and HEK293 cells. The physical interaction between Gene@23286 and Gene@83660 was also supported by in silico experiments where the binding affinity between the 2 proteins was pretty strong with favorable conditions for forming a stable protein complex", "type": "paragraph"}, {"sent": "We may speculate on the involvement of Gene@23286 and Gene@83660 in common signaling pathways connected to signal transduction via synapses that are impaired when Disease@MESH:D051271 and Disease@MESH:D000544 progress. Because overexpression of Gene@23286 was previously associated with Disease@MESH:D000544, we speculate that impairment expression of Gene@23286 and/or Gene@83660 proteins may destabilize actin filaments. Additional work is required to further describe a functional interplay between Gene@23286 and Gene@83660 and to explain why we observed the interaction at an individual level for both sexes, whereas we could detect association with Disease@MESH:D000544 only in males at a population level (despite of the theoretical power loss for epistasis detection in a sample stratum of males). A few explanations are possible and should be investigated in detail: the influence of sex hormones on the epistasis manifestation, the involvement of a third interacting component (i.e., an interacting gene) linked to the sex chromosomes, other types of sex-specific variant(s) in Gene@23286 and Gene@83660, among others. Regardless, our findings provide impetus for an in-depth search of Disease@MESH:D000544-related mutation(s) in Gene@23286 and Gene@83660 genes to better explore and grasp biological mechanisms underlying the identified sex-specific epistasis signals. Targeted next-generation sequencing of the interacting genes may facilitate the identification of new functional mutations (either common or rare) that play a role in protein structure, stability, solubility, folding, and affinity of interaction with ligand(s), to name a few", "type": "paragraph"}, {"sent": "There is still a big divide between statistical epistasis and biological epistasis. The ambition in detecting statistical epistasis is to close this gap by improved analysis protocols and to formulate guidelines toward the interpretation of statistical findings in the context of epistasis. The field has evolved a lot over the last decade, in this sense. This does not change the fact that indeed, the power of a genome-wide epistasis screening (GWAI analysis) using a single study is much smaller than the power of a corresponding main effects GWA analysis using the same data. Our experience with large-scale epistasis studies is consistent with this, usually only giving rise to 1 or 2 reliable statistical findings (i.e., findings for which we can rule out numerical instability issues or strong main effects overtaking the joint effects of the loci involved). Regardless, results dating back from already suggested that biological inference from statistical models is not a utopia", "type": "paragraph"}, {"sent": "In this research, we aimed to identify novel gene/protein targets to pave the way toward novel biochemical pathways related to Disease@MESH:D000544 via SNP panels as a starting point. By following a rigorous analytic genome-wide epistasis detection protocol, which minimizes false positive findings and enhances functional relevance, the statistically replicable epistasis was identified. A series of biological experiments indicated novel protein-protein interaction between Gene@23286 and Gene@83660 that can potentially be a medical target for the cure of Disease@MESH:D000544. To our knowledge, this is the first report in Disease@MESH:D000544 where a hypothesis-free screening led to evidence for replicable statistical interaction and where functional studies were performed beyond the transcriptome", "type": "paragraph"}, {"sent": "Analysis protocol including genome-wide association interaction (analytical block) and biological validation of epistasis (experimental block)", "type": "fig_caption"}, {"sent": "Genetic interaction between Gene@23286, rhea, and human Gene@326116 in the Disease@MESH:D000853. (A) Table presenting the homology of Gene@23286 and Gene@83660 with their Disease@None orthologs. (B and C) Image and size quantification of fly eyes expressing the 2N4R Gene@326116 isoform (Gene@1438>Gene@326116) in loss-of-function (in blue) and gain-of-function ([GOF], in green) Gene@23286 conditions (scale bar 0.1 mm). The Gene@1438>images correspond to the same Gene@23286 conditions without Gene@326116 expression. Numbers above the x axis in the graphs indicate the number of eyes that were quantified. Knockdown (overexpression) of Gene@23286 rescued partially (enhanced) Gene@326116 Disease@MESH:D064420 in the eye (C. right graph). This was likely an additive effect of the modulation of Gene@23286 with Gene@326116 as knockdown (overexpression) of Gene@23286 alone increased (decreased) the size of the eyes (C. left graph). However, 1 Disease@MESH:D058495 condition, kibra2/+, partially rescued Disease@MESH:C536599 (C. right graph) without affecting the eye on its own (C. left graph). (D and E) Image and size quantification of fly eyes expressing the 2N4R Gene@326116 isoform (Gene@1438>Gene@326116) in loss-of-function (in blue) rhea conditions (scale bar 0.1 mm). Expression of Gene@326116 in the Disease@MESH:D058495 rhea1/+ background resulted in bigger eyes (E. right graph), whereas Disease@MESH:D058495 rhea1/+ flies have similar eye size than control (E. left graph), suggesting a genetic interaction between Gene@326116 and rhea. Abbreviation: Gene@23286, WW and C2 domain containing 1, aka Gene@23286", "type": "fig_caption"}, {"sent": "Presence and localization of Gene@23286 and Gene@83660 in the temporal cortex of an Disease@MESH:D000544 patient. (A) Single immunostaining with chromogenic detection reveals in neuronal cytoplasm a moderate to strong Gene@23286 staining and low Gene@83660 expression. (B) Fluorescence double immunostaining confirms the presence of Gene@23286 and Gene@83660 in neuronal cells. Strong neuritic Gene@23286 accumulations are highlighted with arrows; blood vessel endothelial cells with high Gene@83660 signal are marked with arrowheads. Scale bar = 50 mum. Abbreviations: Disease@MESH:D000544, Disease@MESH:D000544; Gene@23286, WW and C2 domain containing 1, aka Gene@23286", "type": "fig_caption"}, {"sent": "Gene@83660 and Gene@23286 (aka Gene@23286) colocalize in Disease@MESH:D000544 and control brains. Representative images of healthy (Braak I, A-C) and late-stage Disease@MESH:D000544 (Braak VI, D-F) brains that were immunofluorescently labeled with anti-Gene@83660 (green) and anti-Gene@23286 (red) antibodies. Colocalization analysis was performed on positive immunofluorescent signals from multiz-stack confocal microscopy images. Braak I (A-C) and VI (D-F) brains showed positive colocalization between both signals (C and F). DAPI (blue) was used to reveal cell nuclei. (G-I) Representative images of brain sections incubated with only secondary, but not primary, antibodies to reveal non-specific staining. Three Braak I and 3 Braak VI brains were imaged. A total of 9 sets of confocal z-stacked images were obtained for each condition (Braak I and VI). Abbreviations: Disease@MESH:D000544, Disease@MESH:D000544; Gene@23286, WW and C2 domain containing 1, aka Gene@23286", "type": "fig_caption"}, {"sent": "Gene@23286 (aka Gene@23286) and Gene@83660 colocalize in HeLa cells. HeLa cells were transfected with expressing vectors for Gene@83660-GFP and/or Flag-Gene@23286. Cells on glass coverslips were fixed, permeabilized and labeled with an anti-Flag M2 antibody followed by Alexa633-conjugated secondary antibody and Dapi nuclear staining. Images were analyzed using a confocal microscope. Abbreviation: Gene@23286, WW and C2 domain containing 1, aka Gene@23286", "type": "fig_caption"}, {"sent": "Gene@23286 and Gene@83660 present in the same protein complex. (A) (Upper panel). Representative Western blot showing varying levels of Gene@83660 and Gene@23286 in SMTG and HC homogenates from Braak I and VI brains. (A) (Lower panel). Representative Western blots of co-IP showing that Gene@23286 associates with Gene@83660. Gene@83660, however, did not coimmuno-precipitate when anti-Gene@23286 antibodies were used. O represents brain homogenates that were not incubated with primary antibodies (only secondary). Ages and sex of each sample is shown. (B) HEK293 cells were transfected with expressing vectors for Gene@83660-GFP and/or Flag-Gene@23286 as indicated. Cell lysates were immunoprecipitated using anti-Flag M2 antibody followed by SDS-PAGE and Western blot using an anti-GFP antibody. Five percent of the amount of each lysate was used as positive control for protein expression. Abbreviations: HC, hippocampal; Gene@23286, WW and C2 domain containing 1, aka Gene@23286; SMTG, superior medial temporal gyrus", "type": "fig_caption"}]}