{"sentences": [{"sent": "The risk of Gene@348 for Disease@MESH:D000544 (Disease@MESH:D000544) is modified by age. Beyond Gene@348, the polygenic architecture may also be heterogeneous across age. We aim to investigate age-related genetic heterogeneity of Disease@MESH:D000544 and identify genomic loci with differential effects across age. Stratified gene-based genome-wide association studies (GWAS) and polygenic variation analyses were performed in the younger (60-79 years, N = 14,895) and older (>= 80 years, N = 6,559) age-at-onset groups using Disease@MESH:D000544 Genetics Consortium data. We showed a moderate genetic correlation (rg = 0.64) between the two age groups, supporting genetic heterogeneity. Heritability explained by variants on chromosome 19 (harboring Gene@348) was significantly larger in younger than in older onset group (P < 0.05). Gene@348 region, Gene@274, Gene@56656, Gene@643680 and Gene@8301 were identified at the gene-based genome-wide significance (P < 2.73x10-6) with larger effects at younger age (except Gene@643680). For the novel gene Gene@56656, we further performed leave-one-out analyses, which showed consistent effects across subsamples. Our results suggest using genetically more homogeneous individuals may help detect additional susceptible loci", "type": "abstract"}, {"sent": "Disease@MESH:D000544 (Disease@MESH:D000544) is a progressive Disease@MESH:D019636. It is the most common form of Disease@MESH:D003704 and is characterized by progressive Disease@MESH:D008569 and Disease@MESH:D003072. The population with Disease@MESH:D003704 worldwide, estimated to be 46.8 million in 2015, is expected to double every 20 years. Disease@MESH:D000544 is becoming one of the leading causes of Disease@MESH:D003643 in the United States. In 2013 it was the sixth-leading cause of Disease@MESH:D003643 and deaths attributed to Disease@MESH:D000544 increased 71%, while other major causes decreased between 2000 and 2013", "type": "paragraph"}, {"sent": "Age is the most important risk factor of Disease@MESH:D000544. Although this may result from a considerable accumulation of environmental exposures, genetic components also play a substantial role in Disease@MESH:D000544, with heritability estimates of approximately 60% based on the twin study design and 24-53% based on GWAS. For late onset sporadic Disease@MESH:D000544, Gene@348 is the most hazardous susceptibility gene with moderate risk allele (epsilon4 allele) frequency (~15% in the US). People with one or two copies of the epsilon4 allele were found to have, respectively, 3 or 12 times higher risk and earlier ages of Disease@MESH:D000544 onset compared to non-carriers of the epsilon4 allele. The lifetime risk of Disease@MESH:D000544 by age 85 was estimated to be 18-35% for one-copy-epsilon4 carriers and 51-68% for two-copy-epsilon4 carriers, relative to the estimated 4-12% risk for non-epsilon4 carriers in the European ancestry population. However, Gene@348 alone only accounts for 6% of the phenotypic variations. Several international collaborative consortia have conducted genome-wide association studies (GWAS) and identified at least 20 susceptibility loci with common allele frequencies but smaller effects (odds ratio < 2) on Disease@MESH:D000544 than Gene@348 epsilon4. These genetic loci associated with Disease@MESH:D000544 reaching GWAS significance accounted for only 2% of the phenotypic variations. In addition, these susceptibility genes are largely involved in cholesterol and lipid metabolism, immune response and endosomal vesicle cycling pathways. Some are also associated with putative related etiology of Disease@MESH:D000544 including clearance of amyloid beta and tau Disease@MESH:D064420. Beyond Gene@348 and known susceptibility loci of Disease@MESH:D000544, 25% of the phenotypic variations remains to be attributable to genetic variations, suggesting that many risk loci are still to be discovered", "type": "paragraph"}, {"sent": "One potential reason for the relatively few identified risk genes is that the population of Disease@MESH:D000544 is genetically heterogeneous. Gene@348 effects on Disease@MESH:D000544 have been shown to be heterogeneous across age in both retrospective and prospective studies, and in particular, the epsilon4 allele was associated with greater increase in risk among those aged 60-75 years than in older adults. The association between age at onset of Disease@MESH:D000544 cases and Gene@348 has been observed in genome-wide linkage studies and recently, confirmed by two GWAS which reported that one additional copy of the epsilon4 allele decreased age at onset in patients by 2.45 years. In addition, genome-wide studies also found that multiple chromosomal regions and loci other than Gene@348 were involved in age at onset, suggesting that the effect of these loci on Disease@MESH:D000544 may interact with age in a similar way as Gene@348. Such genetic heterogeneity across age has not been investigated in genome-wide studies", "type": "paragraph"}, {"sent": "Here, we investigated the genetic heterogeneity of Disease@MESH:D000544 by performing stratified analyses for two age-at-onset groups (60-79 years and >= 80 years, details in Materials and Methods) in terms of single nucleotide polymorphism (SNP) heritability estimates and their genetic correlation using a Genome-wide Complex Trait Analysis (GCTA) tool based on a multi-cohort sample from Disease@MESH:D000544 Genetics Consortium (ADGC). We hypothesized that stratified analyses would reveal genetic heterogeneity between younger and older age at onset of Disease@MESH:D000544, and enable identification of loci with differential effects on the two age groups", "type": "paragraph"}, {"sent": "Briefly, phase 1 of ADGC enrolled 15 cohorts from 1989 to 2011 based on case-control data, including 18,844 individuals with European ancestry aged >= 60 years and known covariates such as age, sex, and top 10 principal components for correcting population stratification. Phase 2 enrolled 15 cohorts, including 5,342 European ancestry individuals with covariates as phase 1 above, in which all participants were aged >= 60 years (except one Disease@MESH:D000544 case with age at onset of 58 years). The details of each cohort in phase 1 and phase 2 have been described elsewhere. The sample quality control included genotyping call rate, X-chromosome analysis for sex, identity by descent for relatedness and sample duplication. Genotyped SNPs were excluded due to low minor allele frequencies (< 0.02 for Affymetrix chips or < 0.01 for Illumina chips) or violation of Hardy-Weinberg equilibrium (P value < 10-6). Genome-wide SNP imputation was performed in each cohort using 1000 Genomes reference panel and imputed SNPs were removed if imputation quality (R2) < 0.5", "type": "paragraph"}, {"sent": "In our study, age of participants was defined as age at onset for Disease@MESH:D000544 cases and age at last visit for unaffected individuals. We stratified participants into two age-at-onset groups in the stratification analyses of heritability and GWAS; 60-79 years (including one case with age 58 years) and >= 80 years. We chose an age cutoff of >= 80 years based on prior findings that epsilon4 effects are reduced in this age group relative to younger ages. Additionally, our preliminary analyses revealed a smaller genetic correlation (rg), indicating greater genetic heterogeneity, between the older and younger groups based on the age >= 80 (rg = 0.64) cut-off than when age >= 75 years (rg = 0.75) was selected as the cut-off", "type": "paragraph"}, {"sent": "The heritability of Disease@MESH:D000544 was estimated by calculating the proportion of phenotypic variance explained by SNPs from the whole genome, which is implemented by Genome-wide Complex Trait Analysis (GCTA). GCTA fits effects of all SNPs simultaneously as random effects and effects of other covariates as fixed effects in a mixed linear model. In the regression model, the variance explained by SNPs can be estimated by the restricted maximum likelihood (REML) approach using the genetic relationship matrix (GRM), which reflects the genetic correlations across all SNPs between individuals. In our analysis, SNPs with minor allele frequencies > 0.01 were retained to estimate genetic relationship matrix (GRM) and we excluded related individuals using an individual-pairwise GRM threshold of < 0.025. The overall and stratified heritability estimates in the two age groups (60-79 years and >= 80 years) were calculated based on GRMs (random effects) in the mixed-model regression analyses with covariates (fixed effects) such as age, sex, cohort indicators, and 10 principal components. The heritability estimates were also partitioned into chromosome 19 and other chromosomes by using two GRMs, one generated from chromosome 19 and the other generated from the other 21 autosomal chromosomes, in the mixed model. After removing individuals with GRM > 0.025, we combined ADGC phase 1 and 2 samples, including 12,698 and 5,198 individuals in age groups of 60-79 years and >= 80 years, respectively, for estimations of heritability and genetic correlation. The genetic correlation between the two age groups was estimated using the bivariate REML method, and we determined whether the resulting correlation significantly differed from 1, which implies genetic heterogeneity between the two groups. In the case-control study design, the prevalence of Disease@MESH:D000544 in the population should be used to correct ascertainment due to oversampled cases in the case-control ADGC sample. In our study, we assigned the prevalence of Disease@MESH:D000544 for the population aged >= 60 years at 0.0613, aged 60-79 years at 0.0259, and aged >= 80 years at 0.2217. Detailed information of the prevalence of Disease@MESH:D000544 source and calculation is shown in the section of \"Prevalence of Disease@MESH:D000544.", "type": "paragraph"}, {"sent": "In whole-genome heritability estimation, heritability can be partitioned by chromosome. We estimated heritability for chromosome 19 and the other 21 chromosomes simultaneously in a mixed linear model including two GRMs and covariates (such as age, sex, cohort indicators, and 10 principal components). To estimate heritability of the Gene@348 epsilon4 alleles, in the mixed linear model, we only included one GRM generated from the other 21 autosomal chromosomes and covariates and then calculated the best linear unbiased prediction (BLUP), which is the total genetic effect, and residual effect, which is the difference between BLUP and the phenotypic value for each individual. We regressed residuals generated from BLUP estimation on the number of Gene@348 epsilon4 alleles and obtained R2, which is the proportion of the variance of residuals that can be explained by Gene@348 epsilon4 alleles. Therefore, the heritability of APOE epsilon4 alleles was denoted as R2 in combined ADGC phase 1 and 2 samples (N = 17,046) and across the two age groups (60-79 years, N = 12,064, and >= 80 years, N = 4,982). We also estimated effects of epsilon4 alleles in terms of odds ratios using logistic regression in the younger and older groups. We simultaneously calculated effects of one epsilon4 allele and two epsilon4 alleles for Disease@MESH:D000544 in the same model. The sample sizes were slightly smaller than those for whole-genome estimation due to missing Gene@348 epsilon4 status for some individuals", "type": "paragraph"}, {"sent": "As Disease@MESH:D000544 accounts for the majority of Disease@MESH:D003704 cases, we used age-specific Disease@MESH:D003704 prevalence (Supplementary Table 1) in the United State from a systemic meta-analysis, which included 5-year prevalence for those over 60 years of age, to estimate the prevalence of Disease@MESH:D000544. We recalculated average prevalences for those aged 60-79 years and >= 80 years (Supplementary Table 1) weighted by annual estimates of the resident population by single year of age of the United States in 2015 from United States Census Bureau (Supplementary Table 1, https://www2.census.gov/programs-surveys/popest/datasets/2010-2015/national/asrh/nc-est2015-agesex-res.csv)", "type": "paragraph"}, {"sent": "Genome-wide association analyses for 38,043,082 SNPs were performed in the two age-at-onset groups using logistic regressions implemented in PLINK 1.9. Age, sex, cohort indicators and the top 10 principal components for population structure correction were included as covariates. Individual-pairwise GRM > 0.1 were excluded from analyses to ensure sample independence. In the age 60-79 years group, 11,358 individuals (5,703 cases and 5,655 controls) in phase 1 and 3,537 individuals (1,613 cases and 1,924 controls) in phase 2 were included; in the age >= 80 years group, 4,801 individuals (1,942 cases and 2,859 controls) in phase 1 and 1,758 individuals (457 cases and 1,301 controls) in phase 2 were included (see details in Supplementary Table 2). We combined phase 1 and 2 samples for association analyses in the two age groups (N = 14,895 and 6,559 for the age 60-79 and >= 80 years groups), respectively, and obtained significant SNPs at the genome-wide significance level of P value = 5x10-8. Linkage disequilibrium (LD)-independent SNPs were identified within the significant loci after removing correlated SNPs at LD r2 > 0.1 that are within 250 kb of the top SNP base on empirical LD from European reference panel of 1000 Genomes Project phase 3 (released in May 2013) using PLINK 1.9. These remaining SNPs were LD-independent and the most significant in the LD block", "type": "paragraph"}, {"sent": "To reduce the number of tests that were conducted in SNP-based GWAS and aggregate the weak effect of each SNP within a gene, we then performed gene-based analyses using MAGMA implemented in FUMA. We used stratified whole GWAS results in the two age groups. The gene-based P value was calculated based on the mean of the summary statistic (chi2 statistic) of GWAS for the SNPs in a gene. SNPs with minor allele frequencies >= 0.01 in the European reference panel of 1000 Genomes Project were included. The distance between two LD blocks < 250 kb were merged into a locus. In our analyses, SNPs within the genes were mapped to 18,334 loci (genes). The P value significance threshold was corrected by Bonferroni method, which is 2.73x10-6, i.e., 0.05 divided by the number of genes (18,334) and, in addition, the suggestive threshold was set to be 10-5. The stratified gene-based analyses in the age 60-79 and >= 80 years using summary statistics generated by stratified GWAS were performed to obtain significant genes for the two age groups, respectively. In addition, we showed the most significant SNP within each gene for the two age groups and performed Cochran's Q-test implemented in METAL for heterogeneity of the SNP effects between the younger and older groups", "type": "paragraph"}, {"sent": "The heritability estimate of Disease@MESH:D000544 in combined phase 1 and 2 samples (N = 17,896) was 18.8% (95% CI 15.0% to 22.6%) for the full sample using GCTA. The heritability estimates in the two age groups and chromosomal partitioned estimates are shown in Fig. 1. The contributions of chromosome 19 were considerably different between the two age groups, with chromosome 19 having a larger impact on the younger population of Disease@MESH:D000544. The genetic correlation (rg) between the two age groups was 0.64 (95% CI 0.30-0.97, P value for H0: rg = 1 was 0.043), suggesting divergent genetic components in the two age groups", "type": "paragraph"}, {"sent": "The heritability of APOE epsilon4 was estimated to be 9.56% in the combined phase 1 and 2 samples (N = 17,046) and, 12.49% and 4.30% in the younger (N = 12,064) and older (N = 4,982) age groups, respectively. In terms of Gene@348 effects (odds ratio) on Disease@MESH:D000544, one Gene@348 epsilon4 allele was estimated to increase risk of Disease@MESH:D000544 by 4.59 (95% CI 4.17 to 5.04) fold and two alleles 14.98 (95% CI 12.22 to 18.52) fold in the younger group. Corresponding values in the older group were 2.83 (95% CI 2.46 to 3.27) and 3.62 (95% CI 2.16 to 6.20) fold. The results suggest differential contribution of Gene@348 epsilon4 alleles to risk of Disease@MESH:D000544 in the two age groups, with epsilon4 being a more important risk factor in the younger population of Disease@MESH:D000544", "type": "paragraph"}, {"sent": "To characterize diverse genetic impacts between the younger and older age groups we performed SNP-based and gene-based genome-wide association analyses in each group", "type": "paragraph"}, {"sent": "In the younger group (N = 11,358), we identified 28 significant LD-independent SNPs on four different chromosomes (Supplementary Table 3) at P value < 5x10-8. Among those SNPs, 24 SNPs were located on chromosome 19 and four SNPs on chromosomes 1, 2 and 11. In addition to chromosome 19, three SNPs on chromosomes 2 and 11 were significant in the younger group but not (P value > 0.05) in the older group and their genetic effects for Disease@MESH:D000544 were stronger in the younger than the older group (Supplementary Table 3). The loci on chromosomes 1, 2 and 11 where significant SNPs were located have been reported in previous GWAS. In the older group (N = 4,801), we identified two significant LD-independent SNPs on chromosomes 19 (Supplementary Table 3), which were also identified in the younger group within Gene@348 (Supplementary Table 3)", "type": "paragraph"}, {"sent": "To detect novel associated loci for Disease@MESH:D000544, stratified gene-based analyses were then performed in the two age groups. In the younger group (N = 14,895), in addition to genes on chromosome 19 surrounding Gene@348 region, we identified four significant genes (Gene@274, Gene@56656, Gene@643680 and Gene@8301) on chromosomes 2, 9 and 11 at P value < 2.73x10-6, and three genes (Gene@1378, Gene@64231 and Gene@64841) on chromosomes 1, 11 and 14 are suggestive at P value < 10-5 (Table 1 and Fig. 2A). Two novel genes, Gene@56656 (at the significance level) and Gene@64841(at the suggestive level), were not reported in previous GWAS of Disease@MESH:D000544. It is notable that effects of Gene@274, Gene@56656, Gene@8301 and Gene@64841 were suggestively significant (P value < 10-5) in the younger group but not (P value > 0.05) in older group in terms of the SNPs with smallest P values within genes (Table 1). The confidence intervals of odds ratios of four SNPs (Mutation@rs6431219, Mutation@rs1237868, Mutation@rs639012 and Mutation@rs73298734) in the younger and older groups were largely non-overlapping and their P values for testing heterogeneity (Cochran's Q-test) between the two age groups were significant, except Mutation@rs1237868 which was borderline significant. The results indicated their genetic effects for Disease@MESH:D000544 were distinct in the younger and older groups and, furthermore, they were stronger in the younger than the older group. (Table 1). In the older group (N = 6,559), other than chromosome 19, we identified two suggestive genes, Gene@51778 and Gene@6767, on chromosomes 4 and 22 (Table 1 and Fig. 2B), which are novel for Disease@MESH:D000544. Similarly, their effects had lower P values (P value   10-5) in the older group but not (P value > 0.05) in the younger with non-overlapping confidence intervals (significant for heterogeneity from the Cochran's Q-test) and their genetic effects for Disease@MESH:D000544 were stronger in the older group than in the younger group (Table 1)", "type": "paragraph"}, {"sent": "For the significant locus, Gene@56656, that we identified by gene-based GWAS in the younger group, we verified that the differential effects across age were observed in the phase 1 and phase 2 datasets (phase 1: Z value: 4.07, P value: 2.37 x 10-5 for the younger group, and Z value: -1.24, P value > 0.05 for the older group; phase 2: Z value: 1.59, P value = 0.056 for the younger group, and P value > 0.05 for the older group). Because the phase 2 data are under power, we were only able to observe the trend. Furthermore, to evaluate the consistency of associations within the individual cohorts in Phase 1 and Phase 2, we performed stratified gene-based analyses in the subsets of the whole sample (ADGC combined phase 1 and 2 samples) using a leave-out one cohort approach. All analytic procedures and covariates for adjustment followed the stratified gene-based GWAS. This leave-one-out method verified that P values of Gene@56656 in the all subsets (Supplementary Table 4) were consistent with the P value calculated from the whole ADGC sample (Table 1)", "type": "paragraph"}, {"sent": "The partitioned heritability results showed that chromosome 19 explained approximately a half of heritability in the younger age-at-onset group compared to a very small proportion in the older age-at-onset group, suggesting different genetic architectures between these two age groups (Fig. 1). Using age-stratified gene-based GWAS, in addition to Gene@348 region on chromosome 19, we identified one significant novel locus, Gene@56656, which were not reported in previous GWAS using Disease@MESH:D000544 cases across all age groups, in the younger group (age 60-79 years). The Gene@348 region, Gene@274, Gene@8301 and Gene@56656 that we identified had stronger effects in the younger than the older group. We further performed leave-one-out analyses, which showed consistent effects of Gene@56656 across subsamples. Our findings suggested that analysis in more restricted age groups with genetically homogeneous Disease@MESH:D000544 cases may help detect potential susceptibility loci", "type": "paragraph"}, {"sent": "An interaction of Gene@348 with age in risk of developing Disease@MESH:D000544 has been shown in candidate-gene approach, genome-wide linkage analysis, and GWAS, using age at onset as the outcome variable. In particular, a recent longitudinal study observed that the risk of Disease@MESH:D000544 for Gene@348 epsilon4 carriers showed an inverted U-shaped function with peak risk between ages 70 and 75. Our results based on genome-wide analyses from the large ADGC sample are consistent with this finding. We found that APOE epsilon4 was more deleterious for the younger cases of Disease@MESH:D000544 (age 60-79 vs. >= 80 years). In addition to Disease@MESH:D000544, APOE epsilon4 has been reported to increase the risk of other age-related phenotypes, such as Disease@MESH:D003072, Disease@MESH:D002318, and mortality. Collectively, these findings support the idea that younger carriers of APOE epsilon4 are more vulnerable to these adverse outcomes than older carriers. Once carriers age successfully, the risks associated with Gene@348 epsilon4 appear to be reduced, suggesting the potential presence of counteracting effects, such as other protective genes and/or behaviors, e.g., physical activity which may reduce age-related neuroinflammation", "type": "paragraph"}, {"sent": "In addition to several significant hits on chromosome 19, four significant genes (Gene@274, Gene@56656, Gene@643680 and Gene@8301) and three suggestive genes (Gene@1378, Gene@64231 and Gene@64841) on chromosomes 2, 9 and 11 were identified in age 60-79 years (Table 1). We also found that Gene@348, Gene@274, Gene@56656 and Gene@8301 have larger effects for Disease@MESH:D000544 in younger age group. Our findings supported associations between age at onset and know susceptibility loci of Disease@MESH:D000544 (Gene@274, Gene@8301 and Gene@348) which has been reported in a GWAS using age at onset as the outcome variable. The novel gene, Gene@56656 (Gene@56656), is a member of olfactory receptors involved in a neuronal response that triggers the perception of a smell and has been reported to be associated with urate levels in previous GWAS", "type": "paragraph"}, {"sent": "Chromosome 19 contributes the partition of heritability by 9.6% and 0.7% for the younger and older age groups, respectively (Fig. 1). Similarly, Gene@348 epsilon4 explained 12.79% and 4.45% of the phenotypic variation in the younger and older groups, respectively. The chromosomal partition heritability was estimated using GCTA based on the restricted maximum likelihood which Disease@MESH:D012640 in a random-effect model so that each SNP effect is fitted conditioning on the joint effects of all the other SNPs (i.e., it accounts for LD between the SNPs), and therefore, in this case, Gene@348 epsilon4 explains higher variations in the regression model. Our result highly supported that Disease@MESH:D000544 is polygenic, particularly in older Disease@MESH:D000544 cases with higher heritability which may be contributed from other genes in addition to Gene@348", "type": "paragraph"}, {"sent": "In our study, heritability of Disease@MESH:D000544 was estimated to be 18.8% (N = 17,896, including ADGC phase 1 and 2) compared with 53.24% (N = 9,699, ADGC phase 1) in a recent study, that also used subsets of the ADGC sample. The discrepancy of heritability estimates between the two studies might be due to differences in covariate adjustments, prevalences of Disease@MESH:D000544, quality control criteria for including subjects, and methods to generate principal components. First, we included covariates, such as age, sex, source cohorts of individuals recruited (cohort indicators) and 10 principal components, but cohort indicators were not included in the study of Ridge et al.. In order to compare with the previous estimations we then excluded cohort indicators from the model of the current study, and thereafter heritability was estimated to be 31.9% (95% CI 27.7% to 36.2%), which is comparable to 33% from a previous study of Ridge et al. in 2013 using a subset of ADGC phase 1 sample. As a result, adjustment for cohort indicators showed high impact on heritability reduction in our study. Second, for case-control study design with ascertainment bias of proportion of cases, heritability estimate is required to adjust for the prevalence of Disease@MESH:D000544 in the population. Based on 2015 age-specific population from United States Census Bureau and age-specific Disease@MESH:D003704 prevalence from a systemic meta-analysis, we estimated the prevalence of Disease@MESH:D000544 to be 0.0613 among population over age 60 years (Supplementary Table 1), in contrast with 0.13 among population over age 65 years applied in the study of Ridge et al.. Third, all individuals in our heritability analysis were non-missing for Disease@MESH:D000544 status, age, sex and principal components as well as their GRM < 0.025, whereas Ridge et al. removed individuals with more closely related than third cousins, and those with missing data for Disease@MESH:D000544 status, age, sex, principal components, Gene@348 genotype or genotypes of the 21 known susceptibility loci of Disease@MESH:D000544. Finally, 10 principal components were calculated within each cohort in our study, whereas Ridge et al. estimated principal components using whole ADGC sample", "type": "paragraph"}, {"sent": "In our stratified analyses to investigate heterogeneity of Disease@MESH:D000544 based on a continuous variable, age, we were confronted with three challenges: constant diagnostic accuracy across age, dichotomization of age and reduction of sample size in each age group. First, the previous study showed that the positive predictive value of Disease@MESH:D000544 based on the clinical diagnosis was 83%, which indicates that 17% of Disease@MESH:D000544 cases might be misdiagnosed. If the positive predictive value decreases with age at onset, we will include more non-cases in the older group than in the younger, and such misclassification will dilute effect sizes of susceptibility genes of Disease@MESH:D000544 and lead to being undetected. Second, the detrimental effect of APOE epsilon4 allele is higher among those aged 60-75 years and gradually diminishes in older adults. Moreover, our results from polygenic analyses showed contributions from other genetic risks become more evident to support genetic heterogeneity between Disease@MESH:D000544 cases below and above 80. Third, in general for stratified analysis that splits the sample into two subgroups sample size is halved at most in one group and GWAS are vulnerable to insufficient sample size, although GWAS power may increase in genetically more homogeneous groups. Future studies that include more older cases with Disease@MESH:D000544 (age >= 80 years), for which Gene@348 have a moderate impact, may aid in identifying potential genes that may function to neutralize or postpone the effect of Gene@348", "type": "paragraph"}, {"sent": "Our analytical strategy for stratified analyses first used polygenic modeling to detect genetic heterogeneity of Disease@MESH:D000544 in terms of age at onset (60-79 vs. >= 80 years) and second used GWAS to uncover susceptibility genes (i.e., Gene@348, Gene@274, Gene@56656 and Gene@8301) with different effects in younger and older cases with Disease@MESH:D000544. This strategy may help identify divergent biological mechanisms for Disease@MESH:D000544 cases with distinct features and/or subtypes of Disease@MESH:D000544 cases and provide insights for pharmaceutical development in personalized medicine", "type": "paragraph"}, {"sent": "The overall and partitioned heritability estimates in combined phase 1 and 2 samples across two age groups (age 60-79 and >= 80 years). The heritability estimates are 16.9% (95% CI 12.9 to 20.9%) and 24.1% (95% CI 5.6 to 42.6%) for the younger (N = 12,698) and older (N = 5,198) age-at-onset groups, respectively. In the younger group, heritability estimates of chromosome 19 and others are 9.6% (95% CI 8.1 to 11.1%) and 12.2% (8.5 to 15.9%), whereas in the older group, they are 0.7% (0 to 3.8%) and 23.4% (5.1 to 41.8%), respectively. In addition, the genetic correlation (rg) between the two age groups is 0.64 (95% CI 0.30-0.97) which significantly differs from 1 (P value for H0: rg = 1 is 0.043)", "type": "fig_caption"}, {"sent": "Manhattan plots of gene-based genome-wide association analyses in ADGC combined phase 1 and phase 2 samples of (A) the younger age (age 60-79 years, N = 11,358) and (B) the older age (age >= 80 years, N = 4,801). The red line denotes the gene-based genome-wide significance level of P value = 2.73x10-6 and blue line denotes the suggestive level of P value = 2.73x10-6. The gene symbols are shown here if their P values calculated by gene-based analyses are less than the suggestive level. Gene@348 region is shown as representatives of significant genes on chromosome 19", "type": "fig_caption"}, {"sent": "Significant (P value < 2.73x10-6) and suggestive (P value < 10-5) genes identified by stratified gene-based genome-wide analyses in ages 60-79 and >= 80 years using ADGC combined phase 1 and 2 samples. The top SNPs with smallest P values within genes are shown", "type": "table_caption"}, {"sent": "Genetic heterogeneity of Disease@MESH:D000544 between the younger and older patients", "type": "paragraph"}, {"sent": "Heritability explained by chromosome 19 was markedly larger at younger than older age", "type": "paragraph"}, {"sent": "A novel gene, Gene@56656, was found in the younger individuals using gene-based genome-wide association studies", "type": "paragraph"}, {"sent": "Gene@348, Gene@274, Gene@56656 and Gene@8301 had stronger effects in the younger than the older age", "type": "paragraph"}, {"sent": "Our strategy may help identify divergent biological mechanisms and Disease@MESH:D000544 subtypes", "type": "paragraph"}]}