{"sentences": [{"sent": "One of the standard of care regimens for advanced Disease@MESH:D010190 is gemcitabine-based chemotherapy. The efficacy of gemcitabine is limited by dose-limiting Disease@MESH:D009503. Uncovering the variability of these Disease@MESH:D064420 attributed to germline DNA variation is of great importance", "type": "abstract"}, {"sent": "CALGB 80303 was a randomized study in advanced Disease@MESH:D010190 patients treated with gemcitabine with or without bevacizumab. The study protocol included genotyping of genes of gemcitabine disposition (CDA, Gene@1635, Gene@2030, Gene@9154, Gene@3177), as well as a genome-wide analysis. The clinical phenotype was time to early high-grade Disease@MESH:D009503 event accounting for progression or Disease@MESH:D003643, or other treatment-terminating adverse events as competing informative events. The inference was conducted based on the association between genotype and cause-specific hazard of a neutropenic event", "type": "abstract"}, {"sent": "The primary analyses were conducted on the basis of 294 genetically-estimated European Disease@MESH:D010190 patients. For CDA Mutation@rs2072671 (A>C), AC and CC patients had a lower risk of Disease@MESH:D009503 than AA patients (P-value 0.01, HR 0.61, 95% CI 0.41-0.89). For Gene@9154 Mutation@rs3825876 (G>A), AA patients have a higher risk of Disease@MESH:D009503 than GA and GG patients (P-value 0.02, HR 1.51, 95% CI 1.06-2.16). CDA Mutation@rs2072671 was associated with increased mRNA expression in whole blood in three studies (P-values 2.7e-14, 6.61e-62, 9.70e-65). In the genome-wide analysis, variants in Gene@7042 were among the top hits (lowest P-value 1.62e-06) but had no effect in luciferase assays", "type": "abstract"}, {"sent": "The first genetic analysis of gemcitabine-induced Disease@MESH:D009503 using a competing risk model in a prospective randomized clinical study has proposed a potentially novel mechanism of the protective effect of the CDA Mutation@rs2072671 variant. Further confirmation is needed", "type": "abstract"}, {"sent": "CALGB 80303 was a randomized double-blind phase III study in patients with metastatic or locally advanced Disease@MESH:D010190. Patients were randomized to gemcitabine chemotherapy plus placebo or gemcitabine plus bevacizumab. Its primary clinical endpoint was overall survival and adding bevacizumab to the chemotherapy agent did not improve survival", "type": "paragraph"}, {"sent": "As part of the CALGB 80303 protocol, we proposed to investigate the association of gemcitabine-induced high-grade Disease@MESH:D009503 with common variants in candidate genes of gemcitabine pharmacology. As described in the PharmGKB pathway for gemcitabine (https://www.pharmgkb.org/pathway/PA2036), the nucleoside transporters Gene@2030, Gene@9154, and Gene@3177 are involved in gemcitabine uptake into the cells, while CDA and Gene@1635 are involved in gemcitabine inactivation through conversion of gemcitabine to dFdU or dFdUMP, respectively. Due to the importance of these genes in gemcitabine transport and metabolism, alterations in expression levels or function of the coded proteins could lead to gemcitabine accumulation and ultimately gemcitabine Disease@MESH:D064420. Discovering variants in these genes that associate with gemcitabine-induced Disease@MESH:D009503 will provide a better understanding of the DNA variation driving this Disease@MESH:D064420. The study protocol was later amended to allow the interrogation of thousands of additional variants in other genes through a genome-wide genotyping approach", "type": "paragraph"}, {"sent": "In this paper, we report the results from a genetic analysis conducted in CALGB 80303 identifying germline variants associated with the occurrence of gemcitabine-induced high-grade Disease@MESH:D009503. Because treatment-terminating events might affect the onset of Disease@MESH:D009503, we performed this genetic analysis under a competing risk model with informative censoring", "type": "paragraph"}, {"sent": "A total of 602 patients in CALGB 80303 (Protocol ID: CR_Pro00009631) were randomized, 302 to the gemcitabine plus bevacizumab versus 300 to gemcitabine plus placebo. The randomization was stratified by extent of disease (metastatic versus locally advanced), ECOG performance status (0-1/2), and prior radiation (yes/no). Key baseline characteristics for these patients are summarized in Table 1", "type": "paragraph"}, {"sent": "Gemcitabine was administered intravenously over thirty minutes on days 1, 8, and 15 of a 28-day cycle at the dose of 1000 mg/m2. Bevacizumab or placebo was administered intravenously after chemotherapy on days 1 and 15 of each cycle at the dose of 10 mg/kg. Per protocol, patients with evidence of response or stable disease remained on therapy until disease progression, unacceptable Disease@MESH:D064420, or the patient's decision to withdraw. Patients were evaluated for response according to the Response Evaluation Criteria in Solid Disease@MESH:D009369 (RECIST) criteria every two cycles", "type": "paragraph"}, {"sent": "The study utilized Common Terminology Criteria for Adverse Events (CTCAE) version 3.0 for adverse event reporting. In the CTCAE system, each adverse event report is given a treatment attribution grade ranging from 1, indicating that the event was unlikely to be related to treatment, to 5, indicating that the event was definitely related to treatment. An adverse event was qualified as treatment-related if the attribution code was at least 3. Additionally, high-grade adverse events were reported through the Adverse Event Expedited Reporting System. Adverse event forms were submitted every cycle while patients actively received therapy, then every three months for one year, or until progression or Disease@MESH:D003643. The follow up and response forms were submitted every cycle while patients actively received therapy, then every three months for one year, followed by every six months for three years, or until progression or Disease@MESH:D003643. Additional information about the design, clinical characteristics and outcome for the clinical study has been previously reported", "type": "paragraph"}, {"sent": "Genotyping was performed using the Illumina HapMap 550v3 beadchip on samples from 351 CALGB 80303 patients who had consented for participation in this study. This platform typed 561,466 single-nucleotide polymorphisms (SNPs). Following a comprehensive quality control and the use of ordination methodology, a genetic European subpopulation consisting of 294 patients was identified. Additional details about the quality control and filtering methodology were previously described. The analyses presented in this report were based on the aforementioned subset of 294 patients, and SNPs were filtered based on a relative minor allelic frequency (MAF) cut-off of 0.05. The final number of SNPs passing quality control was 457,310. Out of these, 71 typed SNPs located in the genes CDA, Gene@1635, Gene@9154, Gene@2030, and Gene@3177 are reported (see Table, Supplemental Digital Content 1, http://links.lww.com/FPC/B344)", "type": "paragraph"}, {"sent": "For each of the 294 patients, the individual follow-up and adverse event forms were reconstructed by querying the CALGB clinical database (CALGB is now part of Alliance for Clinical Trials in Oncology). The data for survival and progression were obtained from the clinical data set. Data collection and statistical analyses were conducted by the Alliance Statistics and Data Center. For each patient, we ascertained the date of the first reported neutropenic event (MedDRA code 10029363) of grade 2 or higher", "type": "paragraph"}, {"sent": "The phenotype of interest for this study is early high-grade (grade 3 or higher) treatment-related Disease@MESH:D009503. We defined early high-grade Disease@MESH:D009503 as occurring within the five weeks after start of treatment. Patients who did not experience any such event within five weeks of start of therapy were uninformatively censored at five weeks. Patients, for whom no high-grade neutropenic event were reported, the date and cause of treatment termination were ascertained. Causes of treatment termination (leading to the exit of the patients from the study) were categorized as Disease@MESH:D003643 or progression, treatment-terminating adverse event (TTAE) other than Disease@MESH:D009503, or other (e.g., withdrawal of consent or unknown). Complicated cases were adjudicated by additional review by a medical oncologist. The time to event was calculated as time from the date of treatment start to the date of a high-grade neutropenic event, a TTAE, or other events of treatment termination, whichever occurred first. Patients lost to follow-up prior to the occurrence of high-grade Disease@MESH:D009503 or any event of treatment termination were considered censored at date of last follow-up. For fourteen solicited adverse events, including Disease@MESH:D009503, all grades were reported, while for unsolicited events, only events graded 3 to 5 were reported. Additional technical details on the phenotype data are available in Supplemental Digital Content 2, http://links.lww.com/FPC/B345", "type": "paragraph"}, {"sent": "The primary objective of the study was to test the association of SNPs in CDA, Gene@1635, Gene@9154, Gene@2030, and Gene@3177 with time to early high-grade Disease@MESH:D009503. The time to event distributions for this outcome are non-identifiable as they are subject to informative censoring mechanisms, including treatment termination due to progression, Disease@MESH:D003643, or TTAEs. Inference was conducted on the basis of the score test for cause-specific hazard within the framework of a Cox model for time to early high-grade Disease@MESH:D009503. We also considered analyses adjusted for clinically relevant covariates within the framework of a multivariate additive Cox model. The covariates used in these analyses were prior radiotherapy, age, and baseline Disease@MESH:D009503 levels, where age and baseline Disease@MESH:D009503 levels were log-transformed (base 10 and base e, respectively) to address skewness of the distributions and reduce the influence of outlier values. The covariates were selected based on their putative clinical relevance to the primary outcome. These were selected due to the putative relationship between radiation-induced Disease@MESH:D001855, and the putative association of risk of chemotherapy-induced Disease@MESH:D009503 in older patients and those with low neutrophil counts at the start of therapy. For analyses accounting for baseline covariates, the Wald test was used. The analyses were powered for additive genetic effects. The null distribution for the marginal P-values was approximated under an asymptotic framework. Top hits were selected based on unadjusted P-values from the score test", "type": "paragraph"}, {"sent": "A secondary objective included analyzing the association between the genome-wide SNPs and time to early high-grade Disease@MESH:D009503. Cumulative incidence plots of the phenotype, stratified by genotypes, were used for visualizing the genetic effects. Quantile-quantile plots of the marginal asymptotic P-values for the genome-wide data were evaluated for inflation of significance levels. The reported P-values have not been adjusted for multiple testing", "type": "paragraph"}, {"sent": "All statistical analyses were carried out using the R statistical environment using extension packages survival for proportional hazard test, cmprsk for estimating the cumulative incidence curves, GenABEL for genotype data management and filtering, and to obtain Hardy-Weinberg P-values, and SNPassoc for computing linkage disequilibrium (LD)", "type": "paragraph"}, {"sent": "The chromosome and position information for the reported variants were obtained from an annotation file provided by Illumina (HumanHap550v3_A.csv) built against build 36 of the human genome. Additional genomic annotation, including gene and function information, was obtained from the SCAN database. To assess the extent of the signals relative to genomic position and LD within a region (e.g., gene or around a SNP), the LocusZoom software (version 1.3) was used. The 1,000 Genomes Pilot 1 CEU panel data (March 2012 release) based on human genome build hg19 was used as the reference data. SNPs in the candidate genes (including those up to 1kb upstream of the 5' end or 1kb downstream of the 3' end) were queried from the SCAN database and confirmed from dbSNP database", "type": "paragraph"}, {"sent": "To visualize the P-value for association in each of the candidate genes, the LocusZoom software (version 1.3) was employed using a 50 Kb window left and right from the gene limits. SNPs in candidate genes that had a P-value <0.05 for association, and variants in high LD with them (r2 >=0.8 in Europeans from the 1,000 Genomes Project) were further evaluated for functional effects using bioinformatics (RegulomeDB). The same variants were also tested for association with mRNA gene expression in the human liver and blood as expression quantitative trait loci (eQTL). Candidate gene expression localization and single-tissue eQTLs were analyzed using the GTEx portal (https://www.gtexportal.org/home/). The NESDA Gene@4923 Conditional eQTL Catalog (https://eqtl.onderzoek.io/index.php?page=info) was used to observe eQTLs in whole blood. SIFT and PolyPhen-2 were interrogated for evaluating the functionality of the CDA Mutation@rs2072671 (Mutation@rs2072671) missense variant", "type": "paragraph"}, {"sent": "Three SNPs Mutation@rs2799083, Mutation@rs2799090, and Mutation@rs11118109 in Gene@7042 were selected for functional evaluation in luciferease assays based on their associations with Disease@MESH:D009503. The 500 bp regions spanning the SNPs were PCR amplified and cloned into Gene@6390.26 in the forward and reverse direction (for luciferase assay primer sequences, see Table, Supplemental Digital Content 3, http://links.lww.com/FPC/B346). Bases in bold align with the Gene@6390.26 luciferase vector sequence for In-Fusion cloning at the SacI and XhoI restriction enzyme sites. Underlined bases indicate the SNP change in mutagenesis. Variant alleles for each SNP were generated using site-directed mutagenesis. The empty Gene@6390.26 vector served as the negative control, and regions of 20q13.2 and 19p13.2, previously reported to have enhancer activity, were used as the positive controls", "type": "paragraph"}, {"sent": "PANC-1 and K-562 cells were co-transfected with 1050 ng Gene@6390.26 enhancer construct and 1 ng pNL1.1TK plasmid using Lipofectamine 2000. After 48 hours, luminescence was measured. Three independent clones were assayed for each enhancer construct. Relative luciferase activity was calculated using the ratio of luminescence from the enhancer construct to the negative control construct. A relative luciferase reading of greater than 2 was considered enhancer activity", "type": "paragraph"}, {"sent": "Luciferase activity (normalized by blank control and log base e transformed) of the variant constructs for Mutation@rs11118109, Mutation@rs2799090, and Mutation@rs2799083, were compared to the activity of the reference constructs in both the forward and reverse orientations. Statistical significance was assessed using the framework of a linear mixed effect model with reference genotypes as fixed effects, and clone and day of the experiment as two independent random effects. Results from 3 clones for each construct with varying replicates are reported as the log transformation of normalized luciferase activity values. The lmer function from the lme4 R extension package was used to implement this model", "type": "paragraph"}, {"sent": "Plasma concentrations of the Gene@7042 protein were measured at baseline in 216 patients of CALGB 80303, as previously reported. Associations between Mutation@rs2799083 (T>C), Mutation@rs2799090 (A>G), and Mutation@rs11118109 (T>G) in Gene@7042 with Gene@7042 protein levels were tested using the Jonckheere-Terpstra (JT) test for ordered alternatives", "type": "paragraph"}, {"sent": "The CONSORT chart shown in Figure 1 summarizes the patient and SNP selection process. With the exception of one case of grade 3 Disease@MESH:D009503, all high-grade neutropenic events in this study were qualified by the treating physicians as treatment-related. Figure 2 shows the estimated cumulative incidence curves for Disease@MESH:D009503 (at any time). The two competing risks are treatment termination due to progression/Disease@MESH:D003643, and TTAE, with Disease@MESH:D003643 or progression occurring most frequently. The observed Disease@MESH:D064420 that resulted in a TTAE were Disease@MESH:D006973, Disease@MESH:D011507, and Disease@MESH:D013927", "type": "paragraph"}, {"sent": "A total of 71 candidate SNPs from CDA, Gene@1635, Gene@9154, Gene@2030 and Gene@3177 (MAF>0.05) were tested for association with time to early high-grade Disease@MESH:D009503. We performed additional downstream analyses on the SNPs in CDA and Gene@9154 (Table 2). Because of the high LD between the two pairs of SNPs (CDA Mutation@rs2072671 and Mutation@rs471760: r2 0.89; Gene@9154 Mutation@rs3825876 and Mutation@rs12148896: r2 0.67), Figure 3 shows the genotype effects of CDA Mutation@rs2072671 and Gene@9154 Mutation@rs3825876. For CDA Mutation@rs2072671 (A>C), patients with AC and CC genotypes have a lower risk of Disease@MESH:D009503 than patients with the AA genotype (P-value 0.01, HR 0.61, 95% CI 0.41-0.89). For Gene@9154 Mutation@rs3825876 (G>A), patients with AA genotypes have a higher risk of Disease@MESH:D009503 than patients with the GA and GG genotypes (P-value 0.02, HR 1.51, 95% CI 1.06-2.16). Neither of these two variants (or any other interrogated variants in high LD with them) were eQTLs in the human liver (results not shown). When repositories of eQTL data from whole blood were interrogated for the CDA and Gene@9154 variants, the only association observed was for the CDA variants (see Table 3). The C allele of Mutation@rs2072671 and the A allele of Mutation@rs471760 were associated with an increase in CDA mRNA expression in whole blood (Table 3). There was minimal evidence for binding of Gene@9154 Mutation@rs3825876 according to RegulomeDB (score 4) and ENCODE, and there was no strong evidence that SNPs in LD with an r2>0.5 were located in regulatory regions. Since CDA Mutation@rs2072671 was more likely to be located in a regulatory region (RegulomeDB score 3a), and associated with CDA expression in blood, this variant appeared to have more functional relevance", "type": "paragraph"}, {"sent": "As an exploratory analysis to select novel variants for further investigation, we conducted a genome-wide analysis on the basis of 457,310 SNPs to test for association with early high-grade Disease@MESH:D009503. The resulting quantile-quantile (Q-Q) and Manhattan plots are shown in Supplemental Digital Content 4 and 5, http://links.lww.com/FPC/B347 and http://links.lww.com/FPC/B348 respectively", "type": "paragraph"}, {"sent": "The two most highly ranked variants, according to the unadjusted P-values, were Mutation@rs2799083 (T>C, intron 2 in Gene@7042) and Mutation@rs11118109 (T>G, 15 Kb 3' of Gene@7042) (see table, Supplemental Digital Content 6, http://links.lww.com/FPC/B349 for the top 50 SNPs based on P-value). We performed bioinformatic analyses and functional assays on these two Gene@7042 variants plus an additional one (Mutation@rs2799090 A>G, intron 1), (see 3 variants in bold, Supplemental Digital Content 6, http://links.lww.com/FPC/B349) in two human cell lines. RegulomeDB has shown that Mutation@rs11118109 is located in a region where DNA is accessible to transcription factor binding (score 4), while Mutation@rs2799083 and Mutation@rs2799090 are less likely to be located in a regulatory region (score 5). In agreement with this finding, enhancer activity (relative luciferase activity >2.0) has been detected for the forward orientation of the construct containing Mutation@rs11118109, but not for the other two variants. However, there was no significant difference in luciferase activity between the two alleles of Mutation@rs11118109 (Figure 4)", "type": "paragraph"}, {"sent": "Because Gene@7042 protein levels were measured before treatment in a subset of patients in CALGB 80303, we tested the hypothesis that Gene@7042 variants might affect the secretion of soluble Gene@7042. There was no evidence for association between these three SNPs and Gene@7042 protein levels (P-value 0.54, 0.64, and 0.47, respectively) (see Box plots, Supplemental Digital Content 7, http://links.lww.com/FPC/B350)", "type": "paragraph"}, {"sent": "This is the first and largest comprehensive interrogation of the genetic risk of high-grade Disease@MESH:D009503 in genetically-determined European Disease@MESH:D010190 patients treated with gemcitabine", "type": "paragraph"}, {"sent": "The analysis of common variants in CDA and Gene@1635 (gemcitabine metabolism), and Gene@2030, Gene@9154, Gene@3177 (gemcitabine transport) and their association with high-grade Disease@MESH:D009503 points towards CDA Mutation@rs2072671 as a marker of clinical validity. CDA Mutation@rs2072671 (A>C) is the most extensively studied variant for gemcitabine pharmacogenetics, and this study proposes a new hypothesis of its mechanism and clinical relevance to high-grade, gemcitabine-induced Disease@MESH:D009503, as described below", "type": "paragraph"}, {"sent": "CDA codes for Gene@978, the enzyme that inactivates gemcitabine through deamination to its inactive metabolite 2',2'-difluorodeoxyuridine, as previously described. In our study, patients with the Mutation@rs2072671 AA genotype have a higher risk for early high-grade Disease@MESH:D009503 than patients with the AC or CC genotypes (Figure 3). In the literature, the associations of the Mutation@rs2072671 variant allele with gemcitabine-induced Disease@MESH:D009503 reported so far are inconclusive, with decreased risk, increased risk, or no identifiable risk. To our knowledge, our study is the first to provide evidence that the Mutation@rs2072671 variant in CDA may confer protection from early high-grade Disease@MESH:D009503 in Disease@MESH:D010190 patients treated with gemcitabine", "type": "paragraph"}, {"sent": "CDA Mutation@rs2072671 (Mutation@rs2072671 in exon 1) creates a missense mutation leading to a lysine to glutamine (Mutation@rs2072671) change. Biochemical results on the effect of this variant on enzyme affinity and Vmax for the deamination of gemcitabine are conflicting. According to our bioinformatic analysis, the Mutation@rs2072671 change is benign. When we tested the association of Mutation@rs2072671 with gene expression data in our human liver data sets, no significant associations were observed, for either Mutation@rs2072671 or other variants in high LD with it. Instead, a consistent association was observed between the C allele of Mutation@rs2072671 (and variants in LD, including Mutation@rs471760) and increased mRNA expression of CDA in whole blood from three datasets (Table 3). Among all human tissues, whole blood is where CDA has the highest expression, (see GTEx diagram, Supplemental Digital Content 8, http://links.lww.com/FPC/B351 for CDA mRNA expression across tissues). We hypothesize that the Mutation@rs2072671 variant acts through a local effect in either the bone marrow or in circulating neutrophils (or both), by protecting neutrophils from the anti-proliferative effects of gemcitabine. Active, phosphate metabolites of gemcitabine accumulate rapidly in mononuclear cells during the infusion, with a peak of tri-phosphate gemcitabine reached within 30 minutes. The action of the Mutation@rs2072671 variant is probably indirect, as a proxy of other alleles in moderate-high LD with it (and their haplotypes) which increased CDA expression, as detected from the whole blood studies. A systemic effect of whole blood as a clearing system for gemcitabine is ruled out by the marginal quantitative contribution of plasma Gene@978 activity to gemcitabine clearance", "type": "paragraph"}, {"sent": "The exploratory analysis of common variants in the genome has selected Gene@7042 as a novel candidate gene. Gene@7042 codes for the a secreted ligand of the Gene@7039 (Gene@7124) superfamily of proteins. Its biology could be related to neutrophil function via its regulatory role on hematopoietic stem cells and subsequent progenitor cells. However the luciferase assays of Mutation@rs2799083 (and other gene variants also associated with Disease@MESH:D009503 in our study) did not show evidence of functionality for this variant (Figure 4), as well as no association with circulating levels of the Gene@7042 protein in a subset of the patients (Supplemental Digital Content 7, http://links.lww.com/FPC/B350). These experimental approaches failed to link a functional mechanism of Gene@7042 variants to the clinical effect. Nevertheless, other mechanisms should be explored, including observing the roles of the Gene@7042 variants in an earlier progenitor cell type within the hematopoietic pathway", "type": "paragraph"}, {"sent": "As a limitation to this study, we acknowledge that the phenotyping was conducted solely on the basis of data provided on clinical research forms. Information provided on these forms may be incomplete, for example, they do not report dose omissions or reductions, the impact of which we have tried to minimize by investigating early events within cycle 1. The associations in CDA, Gene@9154, and Gene@7042 do not meet threshold of statistical significance based upon corrected P-values. We also recognize that our selection of covariates is not entirely impartial and consequently may not fully account for the baseline hazard. Despite these limitations, we intend to disseminate these discoveries into the public scientific domain, so that other studies could be built on the basis of our data", "type": "paragraph"}, {"sent": "We are reporting the first comprehensive genomic analysis of gemcitabine-induced Disease@MESH:D010190 in patients of European origin. This study has generated a novel mechanistic hypothesis on the protective effect of the CDA Mutation@rs2072671 on early high-grade Disease@MESH:D009503 that should be tested in other studies of gemcitabine and other pyrimidine analogs inactivated by Gene@978. All genotype and phenotype data will be made available in dbGaP, as per NIH guidelines of NIH-sponsored studies and upon permission from the Alliance for Clinical Trials in Oncology. Because a validation set was not available, reproduction of the signals presented in this study will be key to provide evidence of clinical validity of novel markers of gemcitabine Disease@MESH:D009503", "type": "paragraph"}, {"sent": "The graph on the right shows the stratification by arm (gemcitabine plus placebo and gemcitabine plus bevacizumab). The vertical line represents the cut-off for the definition of early Disease@MESH:D009503 (5 weeks)", "type": "fig_caption"}, {"sent": "A) PANC-1. B) K-562. Results are reported as the mean of 3 individual clones with n=3 experiments, with the exception of Mutation@rs2799090 which had n=4 experiments in K-562 cells. The enhancer activity of each SNP was measured in both the forward and reverse orientation. Error bars represent standard error of the mean (SEM)", "type": "fig_caption"}, {"sent": "Both unadjusted and adjusted (for prior radiotherapy, log base 10 transformed age, and natural log transformed baseline Disease@MESH:D009503 levels) results are shown. For the unadjusted results, score test P-values are reported. For the adjusted results, Wald test P-values are reported. MAF = minor allele frequency; HWE = Hardy-Weinberg equilibrium P-value; HR = hazard ratio; LCL = lower 95% confidence limit; UCL = upper 95% confidence limit", "type": "table_caption"}, {"sent": "A comparison of P-values and effect size for Mutation@rs2072671 C and Mutation@rs471760 A associations with CDA mRNA expression in three separate whole blood eQTL studies. *The G allele was assessed for Mutation@rs471760 in Fehrmann et al.15", "type": "table_caption"}]}