{"sentences": [{"sent": "Categorizing people with late-onset Disease@MESH:D000544 into biologically coherent subgroups is important for personalized medicine. We evaluated data from five studies (total n=4 050, of whom 2 431 had genome-wide single nucleotide polymorphism (SNP) data). We assigned people to cognitively-defined subgroups on the basis of relative performance in memory, executive functioning, visuospatial functioning, and language at the time of Disease@MESH:D000544 diagnosis. We compared genotype frequencies for each subgroup to those from cognitively normal elderly controls. We focused on Gene@348 and on SNPs with Gene@4790 and odds ratios more extreme than those previously reported for Disease@MESH:D000544 (<0.77 or >1.30). There was substantial variation across studies in the proportions of people in each subgroup. In each study, higher proportions of people with isolated substantial relative Disease@MESH:D008569 had >=1 Gene@348 epsilon4 allele than any other subgroup (overall p= 1.5 x 10-27). Across subgroups, there were 33 novel suggestive loci across the genome with Gene@4790 and an extreme OR compared to controls, of which none had statistical evidence of heterogeneity and 30 had ORs in the same direction across all datasets. These data support the biological coherence of cognitively-defined subgroups and nominate novel genetic loci", "type": "abstract"}, {"sent": "Clinical heterogeneity is common among people with late-onset Disease@MESH:D000544; see for a review. Categorizing people with a condition into biologically coherent subgroups is an important personalized medicine strategy. This strategy is particularly recommended for Disease@MESH:D019636. Once biologically coherent subgroups are identified, further investigations may elucidate subgroup-specific treatments", "type": "paragraph"}, {"sent": "Genetic data may be useful for determining whether a proposed categorization strategy results in biologically coherent subgroups; see the Box", "type": "paragraph"}, {"sent": "We have developed an approach for categorizing people with late-onset Disease@MESH:D000544 based on relative performance across cognitive domains. We determine each person's average performance at diagnosis across memory, executive functioning, language, and visuospatial ability, and consider relative impairments in each domain from that average. We previously evaluated one study's data and showed that our strategy identified a subgroup with higher degrees of Disease@MESH:C538248 and higher proportions with >=1 Gene@348 epsilon4 allele", "type": "paragraph"}, {"sent": "Here we evaluate data from five studies with people with late-onset Disease@MESH:D000544 and cognitively normal elderly controls. We used modern psychometric approaches to co-calibrate cognitive scores. We used scores to identify subgroups. We used genetic data to determine whether our categorization identifies biologically coherent subgroups", "type": "paragraph"}, {"sent": "We used data from the Adult Changes in Thought (ACT) study, the Disease@MESH:D000544 Neuroimaging Initiative (ADNI), the Rush Memory and Aging Project (MAP) and Religious Orders Study (ROS), and the University of Disease@MESH:D000544 Research Center (PITT). Each study has published widely, and their genetic data are included in large analyses of late-onset Disease@MESH:D000544. All five studies use the same research criteria to define clinical Disease@MESH:D000544. Three studies (ACT, MAP, and ROS) are prospective cohort studies that enroll cognitively normal elderly individuals and follow them to identify incident Disease@MESH:D003704 cases. For these, we analyzed cognitive data from the visit with the incident clinical Disease@MESH:D000544 diagnosis. Two studies (ADNI and PITT) are clinic-based research cohort studies. For those studies we analyzed cognitive data from the first study visit for people with prevalent Disease@MESH:D000544; we limited inclusion to those with Clinical Dementia Rating Scale of 0.5 or 1, indicating mild Disease@MESH:D000544. For people from ADNI or PITT who did not initially have Disease@MESH:D000544, we analyzed cognitive data from the incident Disease@MESH:D000544 visit. The University of Washington IRB approved these secondary analyses of coded data", "type": "paragraph"}, {"sent": "In each study, we included people diagnosed with late-onset Disease@MESH:D000544 as defined by research criteria. We used data from everyone for all analyses other than genetic analyses; we limited those to self-reported whites. For genetic analyses we also used data from self-reported white cognitively normal elderly controls from each study. Details on those cohorts are included in reports from the parent studies and in Supplemental Text 6 (derived from Lambert et al.)", "type": "paragraph"}, {"sent": "Staff from each study administered a comprehensive neuropsychological test battery that included assessment of memory, executive functioning, language, and visuospatial functioning. We obtained granular (\"item-level\") data from each parent study. Each stimulus administered to a participant was deemed an \"item\". As outlined in our previous paper, every item administered in each study was considered by our panel of experts (JM, ET, AJS). Our panel designated each item as primarily a measure of memory, executive functioning, language, visuospatial functioning, or none of these. They also assigned items to theory-driven subdomains", "type": "paragraph"}, {"sent": "We carefully considered items where the same stimulus was administered to participants across different studies to identify \"anchor items\" that could anchor metrics across studies. We reviewed response categories recorded by each study for these overlapping items to ensure that consistent scoring was used across studies. We identified anchor items as those overlapping items with identical scoring across studies. We used bifactor models in Mplus to co-calibrate separate scores for memory, executive functioning, language, and visuospatial functioning", "type": "paragraph"}, {"sent": "Details of item assignments, psychometric analyses in each study, and co-calibration methodology across studies are provided in Supplemental Texts 1, 2, and 5. Code is available from the authors upon request", "type": "paragraph"}, {"sent": "We used the ACT sample of people with incident Disease@MESH:D000544 as our reference population for the purpose of scaling domain scores; ACT was our largest sample from a prospective cohort study of people with late-onset Disease@MESH:D000544. We z-transformed scores from other studies to ACT-defined metrics for each domain", "type": "paragraph"}, {"sent": "We assigned people to subgroups as we have done previously. Briefly, for each person we determined their average score across memory, executive functioning, language, and visuospatial functioning. We determined differences between each domain score and this average score. We identified domains with substantial relative impairments as those with relative impairments at least as large as 0.80 standard deviation units as explained in Supplemental Text 3. We categorized people by the number of domains with substantial relative impairments (0, 1, or >=2) and further categorized those with substantial relative impairments in a single domain by the domain with a substantial relative impairment. This approach results in six potential subgroups: those with no domain with a substantial relative impairment; those with an isolated substantial relative impairment in one of four domains (e.g., isolated substantial relative Disease@MESH:D008569, isolated substantial relative Disease@MESH:D007806, etc.), and those with multiple domains with substantial relative impairments", "type": "paragraph"}, {"sent": "As in our previous study, we compared the proportion of people with late-onset Disease@MESH:D000544 in each subgroup with at least one Gene@348 epsilon4 allele. For other genetic analyses we combined data from ROS and MAP, as has been done many times previously, and evaluated data separately in four genetic datasets. Each dataset was imputed using IMPUTE2 and samples of European ancestry from the 2012 build of the 1000 Genomes project. We excluded SNPs with R2 or information scores < 0.5, and SNPs with a minor allele frequency <3%. Further details are provided in Supplemental Text 6 and in Lambert et al", "type": "paragraph"}, {"sent": "We used KING-Robust to obtain study-specific principal components to account for population stratification. We used logistic regression in PLINK v 1.9 to evaluate associations at each SNP for each cognitively-defined subgroup. Cognitively normal elderly controls from each study were the comparison group for all of these analyses. We included covariates for age, sex, and principal components. We used METAL for meta-analysis", "type": "paragraph"}, {"sent": "IGAP's most extreme odds ratio (OR) outside of chromosome 19 was for Mutation@rs11218343 associated with Gene@6653, which had an OR of 0.77 reported in the Stage 1 and 2 meta-analysis. We focused attention on SNPs where meta-analysis ORs for any cognitively-defined subgroup were <0.77 (or, equivalently, ORs >[1/0.77], which is >1.30). As presented in the Box, more extreme ORs in a single subgroup, with strong replication across genetic datasets, would represent strong support of biologically coherent categorization", "type": "paragraph"}, {"sent": "For genetic loci previously identified as associated with risk of late-onset Disease@MESH:D000544, we used the methods described in applied to IGAP's previously reported ORs and confidence intervals to determine significance of subgroup associations compared to IGAP", "type": "paragraph"}, {"sent": "We used genetic data from all cognitively normal elderly controls and all people with Disease@MESH:D000544 to generate Disease@MESH:D000544 and subgroup genetic risk scores. We used 1) IGAP SNPs and effect sizes to generate Disease@MESH:D000544 risk scores, and 2) our results to generate risk scores for each of the five subgroups", "type": "paragraph"}, {"sent": "To evaluate these risk scores, we used logistic regression with Disease@MESH:D000544 case vs. control status as the outcome, and included terms for age and sex. We compared a model with just the addition of the IGAP genetic risk score to a model that incorporated that score plus the five subgroup risk scores. Finally, we compared area under the receiver operator characteristic (ROC) curves for the model with the IGAP risk score to a model that did not include that term but included terms for the five subgroup risk scores. Further details are shown in Supplemental Text 12", "type": "paragraph"}, {"sent": "Co-calibrated scores for each domain are available from the parent studies. GWAS meta-analysis summary statistics for each subgroup will be available on the National Institute on Aging Genetics of Disease@MESH:D000544 Storage Site (NIAGADS; https://www.niagads.org/datasets/ng00073). Other study materials are available here: https://digital.lib.washington.edu/researchworks/handle/1773/40364", "type": "paragraph"}, {"sent": "The funders of the study had no role in study design, data collection, data analysis, data interpretation, or writing of the report. All authors had full access to all the data in the study. The corresponding author had final responsibility for the decision to submit the publication", "type": "paragraph"}, {"sent": "In all, there were 4 050 people with sufficient cognitive data to be classified into a subgroup. Demographic characteristics and average cognitive domain scores by study are shown in Table 1. Participants in the prospective cohort studies (ACT, MAP, and ROS) were older on average than those from ADNI and PITT. Most participants in each study self-reported white race (90% in ACT to 96% in MAP). There was some variation in cognitive performance across studies. The most notable differences from ACT (our reference for scaling) were for executive functioning in ADNI and ROS (average 0.8 units higher), and for language in MAP (average 0.8 units lower)", "type": "paragraph"}, {"sent": "Proportions of people in each subgroup are shown in Figure 1. There was considerable heterogeneity in proportions across studies (chi2df=20 = 468.7, p=1.0x10-86)", "type": "paragraph"}, {"sent": "Demographic characteristics of people in each subgroup were similar to those for people with Disease@MESH:D000544 overall (Supplemental Table 29). The proportion who were female ranged from 51% for isolated substantial relative executive functioning impairment to 63% of those with isolated substantial relative Disease@MESH:D000377. Mean age at diagnosis ranged from 79 for those with isolated substantial relative visuospatial or Disease@MESH:D008569 to 82 for those with isolated substantial relative Disease@MESH:D007806. Mean years of education did not vary substantially across subgroups", "type": "paragraph"}, {"sent": "There were 3 701 people with Gene@348 genotype data (Table 2). We published Gene@348 results from ACT; the proportion of those with isolated substantial Disease@MESH:D008569 with >=1 Gene@348 epsilon4 allele was 12% higher than overall in that study. This finding was consistent across all five studies. Overall, the proportion of people with >=1 Gene@348 epsilon4 allele was 15% higher in those with isolated substantial Disease@MESH:D008569 (65%) compared with the entire sample (50%). The differences in proportions with >=1 Gene@348 epsilon4 allele were highly significant (p=1.5x10-27). The Gene@348 result was not sensitive to choosing other thresholds to indicate a substantial relative impairment (Supplemental Text 4 and Supplemental Figure 2)", "type": "paragraph"}, {"sent": "There were 2 431 people with late-onset Disease@MESH:D000544 and 3447 cognitively normal elderly controls with genome-wide SNP data. Top results are shown in Figure 2. There were 33 loci outside Chromosome 19 where the p value for one subgroup was <5x10-5. All of these had ORs <0.77 or >1.30 compared to cognitively normal elderly controls. These included nine loci for those with isolated substantial Disease@MESH:D000377 (red dots, including Mutation@rs2289506 near Gene@56954 on chromosome 3, Mutation@rs9369477 near Gene@221409 on chromosome 4, Mutation@rs2046197 near Gene@64478 on chromosome 8, and Mutation@rs8091629 near Gene@8170 on chromosome 18), nine for those with multiple domains with substantial relative impairments (yellow dots, including Mutation@rs698842 near Gene@9378 on chromosome 2, Mutation@rs78872508 near Gene@9734 on chromosome 7, and Mutation@rs4348488 near Gene@649 on chromosome 8), seven for those with no domain with a substantial relative impairment (purple dots, including Mutation@rs11708767 near MED12L on chromosome 3, Mutation@rs72839770 near Gene@1856 on chromosome 17, and Mutation@rs7264688 near Gene@92667 on chromosome 20), six for those with isolated substantial Disease@MESH:D007806 (green dots, including Mutation@rs13374908 near Gene@148753 on chromosome 1, Mutation@rs28715896 near Gene@2066 on chromosome 2, and Mutation@rs75337321 near Gene@55799 on chromosome 3), and two for those with isolated substantial Disease@MESH:D008569 (blue dots, including Mutation@rs1977412 near AGT on chromosome 1), and one for those with no domains with substantial impairments (Mutation@rs7264688 near Gene@92667 on chromosome 20). Other loci shown in Figure 2 not named in the preceding sentence were >50kb from genes. Replication results are in Supplemental Table 2a and 2b. All ORs were in the same direction for all these SNPs except Mutation@rs28715896 on chromosome 2 near Gene@2066, Mutation@rs61835453 on chromosome 10, and Mutation@rs365521 on chromosome 17. Heterogeneity p values did not suggest heterogeneity for any of these SNPs. No SNP outside the Gene@348 region reached p<5x10-8, the traditional level of genome-wide significance (Figure 2)", "type": "paragraph"}, {"sent": "Results for selected IGAP loci are shown in Supplemental Table 30. We selected subgroups with meta-analytic ORs <0.77 or >1.30 and for which results from all four data sets were in the same direction. Results for other IGAP SNPs for all studies and all subgroups are in Supplemental Table 31", "type": "paragraph"}, {"sent": "Across all datasets, there were 5 878 people with SNP data who were either normal controls or Disease@MESH:D000544 cases. The logistic regression model for case vs. control status with age, sex, and IGAP gene scores had a likelihood of 176.13 and a pseudo-R2 of 0.022. A model that included all of those terms and also included five subgroup gene scores had a likelihood of 311.94 and a pseudo-R2 of 0.039. These were nested models; we compared them with a likelihood ratio test with 5 degrees of freedom. The difference in likelihoods was highly significant (p=1.39x10-27)", "type": "paragraph"}, {"sent": "The area under the ROC curve for the model with age, sex, and the IGAP genetic risk score was 0.60 (95% CI 0.58, 0.61), while for the model with age, sex, and five subgroup genetic risk scores, the area under the ROC curve was 0.62 (95% CI 0.61, 0.64). This difference was statistically significant (chi2df=1 = 11.15, p=0.0008). Further analyses are described in Supplemental Text 12", "type": "paragraph"}, {"sent": "We used modern psychometric methods to co-calibrate cognitive data to generate domain scores across five different studies of older adults with research-quality clinical Disease@MESH:D000544 diagnoses. We obtained scores on the same metric, so scores from different studies were directly comparable to each other. The proportion of people with Disease@MESH:D000544 in each study categorized in each subgroup varied across studies (Figure 1). We used genetic data to determine whether our categorization scheme resulted in biologically coherent subgroups. Top genetic associations from each subgroup were consistent across studies, suggesting our findings were not due to idiosyncrasies of any particular study. Gene scores for subgroups performed better in predicting case vs. control status than gene scores derived from Disease@MESH:D000544 case-control analyses", "type": "paragraph"}, {"sent": "Gene@348 genotype was significantly different across subgroups. We previously showed in ACT that more people with isolated substantial relative Disease@MESH:D008569 had at least one Gene@348 epsilon4 allele than people in other subgroups. We robustly replicated that finding here (Table 2). Associations between Gene@348 epsilon4 alleles and Disease@MESH:D008569 among people with Disease@MESH:D000544 have been previously noted", "type": "paragraph"}, {"sent": "Outside of chromosome 19 which was dominated by Gene@348-related signals for all subgroups, we identified 33 loci with Gene@4790 for at least one subgroup. All of these had ORs <0.77 or >1.30 (Figure 2). There were consistent findings across datasets for nearly all these loci (Supplemental Text 7-11)", "type": "paragraph"}, {"sent": "Gene scores from IGAP SNPs explained a modest amount of risk for case-control status. Adding gene scores from our cognitively defined subgroups improved prediction of Disease@MESH:D000544. Furthermore, in a head-to-head comparison, gene scores for cognitively defined subgroups did a better job predicting Disease@MESH:D000544 status than did gene scores from IGAP SNPs", "type": "paragraph"}, {"sent": "These data provide strong support for the biological coherence of subgroups produced by our categorization scheme. Each subgroup we analyzed has extreme ORs at novel SNPs that were consistent across multiple independent samples. Even with the relatively small sample sizes from these studies, the large effect sizes at common SNPs produced p values that are close to genome-wide significance", "type": "paragraph"}, {"sent": "Others have used different data sources to categorize people with Disease@MESH:D000544. Sweet and colleagues compared people with Disease@MESH:D000544 who developed Disease@MESH:D011605 to those who did not. They identified a few interesting loci, but effect sizes were much smaller than those reported here (Supplemental Text 13)", "type": "paragraph"}, {"sent": "We were part of a consortium evaluating rates of decline among people with Disease@MESH:D000544. The evidence in support of rates of decline, as an organizing characteristic among people with Disease@MESH:D000544, is not nearly as strong as that shown here for cognitively-defined subgroups", "type": "paragraph"}, {"sent": "Others have used cluster analysis approaches applied to neuropsychological or imaging data to categorize people with Disease@MESH:D000544. There are very important distinctions between those approaches and the approach adopted here. In cluster analysis, the computer maximizes some distance across groups in a way that may not make clinical or biological sense. Disease severity is an important consideration; see for a nice discussion", "type": "paragraph"}, {"sent": "Our approach began with theory and focused exclusively on cognitive data. An early paper considered differences between memory and executive functioning among people with Disease@MESH:D000544. Differences between these scores enables memory to serve as something of a proxy for disease severity. This framework is useful for considering Disease@MESH:D000544", "type": "paragraph"}, {"sent": "We have extended that framework to incorporate additional cognitive domains. The field has increasingly emphasized the importance of Disease@MESH:D000544 variants including primary progressive Disease@MESH:D001037 (PPA) and posterior Disease@MESH:D001284 (PCA); these rare subtypes are described as typically having early onset. Clinical descriptions of the cognitive patterns of these variants emphasize relative deficits between language (PPA) or visuospatial functioning (PCA) and other domains. We thus incorporate average performance across domains, and differences from that average, to more fully capture the range of clinical heterogeneity described in late onset Disease@MESH:D000544", "type": "paragraph"}, {"sent": "Our investigation of cognitively-defined late-onset Disease@MESH:D000544 was motivated by considerations of previously described Disease@MESH:D000544 variants, including logopenic PPA and PCA. Overlap between logopenic PPA and a history of Disease@MESH:D004410 has led to the question of whether altered patterns of language network connectivity associated with Disease@MESH:D004410 may predispose to selective regional vulnerability to Disease@MESH:D000544 pathological processes. The work described here focuses exclusively on people with typical late-onset Disease@MESH:D000544 and demonstrates substantial numbers of people with patterns of relative Disease@MESH:D003072 that are similar to those described in rare Disease@MESH:D000544 such as logopenic PPA and PCA. These findings suggest the need to further evaluate relationships between cognitively defined late onset Disease@MESH:D000544 subgroups and these rare Disease@MESH:D000544. For example, it is unknown whether rates of Disease@MESH:D004410 are higher among people with isolated substantial relative Disease@MESH:D007806 than people with other subtypes of late-onset Disease@MESH:D000544. Furthermore, it will be fascinating to see whether people with logopenic variant PPA may have genetic patterns similar to those of people with isolated substantial relative Disease@MESH:D007806, and whether people with PCA may have genetic patterns similar to those of people with isolated substantial Disease@MESH:D000377. It will be of great interest in the coming years to elucidate relationships across these conditions. Such investigations may reveal important insights into shared and distinct mechanisms underlying susceptibility to these conditions", "type": "paragraph"}, {"sent": "Our results should be considered mindful of limitations of our study. Data evaluated here are from studies with well-educated people of European ancestry. It will be important to replicate this approach among people with diverse genetic backgrounds. While we combined data from five large studies, the resulting subgroups were underpowered to reach genome-wide significance, and one subgroup (isolated substantial relative executive functioning impairment) was too small to analyze at all. It will be important to incorporate additional data sets to see whether novel suggestive loci reach genome-wide significance, and to identify additional loci. We used a large threshold of 0.80 Disease@MESH:D029461 to characterize \"substantial\" relative impairments, which may be too conservative. Our categorization approach relies exclusively on cognitive data. We could imagine a more optimal approach that also incorporates imaging and/or fluid biomarkers", "type": "paragraph"}, {"sent": "In conclusion, genome-wide genetic data enabled us to determine that a cognitively-defined categorization scheme produced biologically coherent subgroups of people with Disease@MESH:D000544. This is an important result on the road towards personalized medicine", "type": "paragraph"}, {"sent": "Proportions of people in each study and overall in each cognitively-defined subgroup", "type": "fig_caption"}, {"sent": "1. CAF = coded allele frequency. SNPs further than 50 kB from a gene do not have a gene name reported here. Gray shading in the odds ratios column of the figure delineates ORs>0.77 and <1.30, which is the range of ORs outside Gene@348 from the International Genomics of Disease@MESH:D000544 Project (IGAP", "type": "fig_caption"}, {"sent": "Demographic and cognitive characteristics of people with late-onset Disease@MESH:D000544 by study and overal", "type": "table_caption"}, {"sent": "Proportion of those in each cognitively defined subgroup with >=1 Gene@348 epsilon4 allele, by study and overal", "type": "table_caption"}, {"sent": "The large group at the top represents a heterogeneous group of individuals. A strategy is applied to categorize individuals into subgroups. For a precision medicine approach to work, the categorization should reduce heterogeneity. In the lower left figure, the method did not reduce heterogeneity and thus, we refer to this as an incoherent subgrouping strategy. In contrast, the lower right figure was produced by a different method which resulted in relatively homogenous subgroups; this method would represent a coherent subgrouping strategy", "type": "paragraph"}, {"sent": "For incoherent subgroup comparisons with controls, top genetic hits and effect sizes would not be expected to be different than those observed in the entire group. Further, for a given incoherent subgroup, spurious genetic associations at a locus would not be expected to replicate in that subgroup in other datasets. In contrast, for coherent subgroup comparisons with controls, there is improved potential for identification of novel loci and effect sizes could be stronger than those seen for the original ungrouped data. Further replication of subgroup associations in other datasets would occur more often than expected by chance", "type": "paragraph"}, {"sent": "Genetic data may serve a useful role in determining whether a categorization strategy produces biologically coherent subgroups", "type": "paragraph"}]}