{"sentences": [{"sent": "Risk for late-onset Disease@MESH:D000544 (LOAD), the most prevalent Disease@MESH:D003704, is partially driven by genetics. To identify LOAD risk loci, we performed a large genome-wide association meta-analysis of clinically diagnosed LOAD (94,437 individuals). We confirm 20 previous LOAD risk loci and identify five new genome-wide loci (Gene@124152, Gene@1636, Gene@102, Gene@9510, and Gene@51741), two of which (Gene@102, Gene@1636) were identified in a recent genome-wide association (GWAS)-by-familial-proxy of Disease@MESH:D000544 or Disease@MESH:D003704. Fine-mapping of the human leukocyte antigen (Gene@3119) region confirms the neurological and immune-mediated disease haplotype HLA-DR15 as a risk factor for LOAD. Pathway analysis implicates immunity, lipid metabolism, Gene@326116 binding proteins, and Gene@351 (APP) metabolism, showing that genetic variants affecting APP and Gene@351 processing are associated not only with early-onset Disease@MESH:D000544 but also with LOAD. Analyses of risk genes and pathways show enrichment for rare variants (P = 1.32 x 10-7), indicating that additional rare variants remain to be identified. We also identify important genetic correlations between LOAD and traits such as family history of Disease@MESH:D003704 and education", "type": "abstract"}, {"sent": "Our previous work identified 19 genome-wide-significant common variant signals in addition to Gene@348 that influence risk for LOAD (onset age > 65 years). These signals, combined with 'subthreshold' common variant associations, account for ~31% of the genetic variance of LOAD, leaving the majority of genetic risk uncharacterized. To search for additional signals, we conducted a GWAS meta-analysis of non-Hispanic Whites (NHW) by using a larger Stage 1 discovery sample (17 new, 46 total datasets; n = 21,982 cases, 41,944 cognitively normal controls) from our group, the International Genomics of Alzheimer's Project (IGAP) (composed of four consortia: Alzheimer Disease Genetics Consortium (ADGC), Cohorts for Heart and Aging Research in Genomic Epidemiology Consortium (CHARGE), The European Alzheimer's Disease Initiative (EADI), and Genetic and Environmental Risk in AD/Defining Genetic, Polygenic and Environmental Risk for Alzheimer's Disease Consortium (GERAD/ PERADES) (Supplementary Tables 1 and 2, and Supplementary Note). To sample both common and rare variants (minor allele frequency (MAF) >= 0.01 and MAF < 0.01, respectively), we imputed the discovery datasets by using a 1,000 Genomes reference panel consisting of 36,648,992 single-nucleotide polymorphisms (SNPs), 1,380,736 insertions/deletions, and 13,805 structural variants. After quality control, 9,456,058 common variants and 2,024,574 rare variants were selected for analysis. Genotype dosages were analyzed within each dataset, and then combined with meta-analysis (Supplementary Fig. 1 and Supplementary Tables 1-3)", "type": "paragraph"}, {"sent": "The Stage 1 discovery meta-analysis produced 12 loci with genome-wide significance (P <= 5 x 10-8) (Table 1), all of which are previously described. Genomic inflation factors (lambda) were slightly inflated (lambda median = 1.05; lambda regression = 1.09; see Supplementary Figure 2 for a quantile-quantile (QQ) plot); however, univariate linkage disequilibrium score (LDSC) regression estimates indicated that the majority of this inflation was due to a polygenic signal, with the intercept being close to 1 (1.026, s.e.m. = 0.006). The observed heritability (h2) of LOAD was estimated at 0.071 (0.011) using LDSC. Stage 1 meta-analysis was first followed by Stage 2, using the I-select chip we previously developed in Lambert et al. (including 11,632 variants, n = 18,845; Supplementary Table 4) and finally Stage 3A (n = 11,666) or Stage 3B (n = 30,511) (for variants in regions not well captured in the I-select chip) (see Supplementary Figure 1 for the workflow). The final sample was 35,274 clinical and autopsy-documented Disease@MESH:D000544 cases and 59,163 controls", "type": "paragraph"}, {"sent": "Meta-analysis of Stages 1 and 2 produced 21 genome-wide-significant associations (P <= 5 x 10-8) (Table 1 and Fig. 1), 18 of which were previously reported as genome-wide significant in Lambert et al.. Three other signals were not initially described in the initial IGAP GWAS: the rare Mutation@rs75932628 Gene@54209 coding variant previously reported by others; Gene@79746 (Mutation@rs7920721; Mutation@g.11720308A>G), which was recently identified as a potential genome-wide-significant Disease@MESH:D000544 risk locus in several studies, and Gene@1636 (Mutation@rs138190086; Mutation@rs138190086) (Supplementary Figs. 3 and 4). In addition, seven signals showed suggestive association with P < 5 x 10-7 (closest genes: Gene@102, Gene@9510, Gene@80070, Gene@124152, Gene@406934/ Gene@100506779;9256;5729, Gene@137682, and Gene@84888) (Supplementary Figs. 5-11). Stage 3A and meta-analysis of all three stages for these nine signals (excluding the Gene@54209 signal; see Supplementary Table 5 for the variant list) identified five genome-wide-significant loci. In addition to Gene@79746, this included four new genome-wide Disease@MESH:D000544 risk signals at Gene@124152, Gene@9510, Gene@1636, and Gene@102 (Table 2). Gene@1636 and Gene@102 were previously reported as Disease@MESH:D000544 candidate genes but were not replicated in some subsequent studies. A recent GWAS using family history of Disease@MESH:D000544 or Disease@MESH:D003704 as a proxy also identified these two risk loci, suggesting that while use of proxy Disease@MESH:D000544/Disease@MESH:D003704 cases introduces less sensitivity and specificity for true Disease@MESH:D000544 signals overall in comparison to clinically diagnosed Disease@MESH:D000544, proxy studies can identify disease-relevant associations. Two of the four other signals approached genome-wide significance: Gene@406934/Gene@100506779;9256;5729 (P = 5.3 x 10-8) and Gene@137682 (P = 9.2 x 10-8) (Table 2). Stage 3A also extended the analysis of two loci (Gene@51314 and Gene@4208) that were previously genome-wide significant in our 2013 meta-analysis. These loci were not genome-wide significant in our current study and will deserve further investigation (Gene@51314: P = 2.7 x 10-7; Gene@4208: P = 9.1 x 10-8; Supplementary Figs. 12 and 13). Of note, GCTA COJO conditional analysis of the genome-wide loci indicates that Gene@54209 and three other loci (Gene@274, Gene@10347, and Gene@2185/Gene@1191) have multiple independent LOAD association signals (Supplementary Table 6), suggesting that the genetic variance associated with some GWAS loci is probably underestimated", "type": "paragraph"}, {"sent": "We also selected 33 variants from Stage 1 (28 common and 5 rare variants in loci not well captured in the I-select chip; see Methods for full selection criteria) for genotyping in Stage 3B (including populations of Stage 2 and Stage 3A). We nominally replicated a rare variant (Mutation@rs71618613; Mutation@rs71618613) within an intergenic region near Gene@100130528 (MAF = 0.01; P = 6.8 x 10-3; combined P = 3.3 x 10-7) and replicated a low-frequency variant in the Gene@54209 region (Mutation@rs114812713; Mutation@rs114812713, MAF = 0.03, P = 7.2 x 10-3; combined P = 2.1 x 10-13) in the gene Gene@221443 that may represent an independent signal according to our conditional analysis (Table 2, Supplementary Figs. 14 and 15, Supplementary Tables 6 and 7). In addition, Mutation@rs62039712 (Mutation@rs62039712) in the Gene@51741 locus reached genome-wide significance (P = 3.7 x 10-8), and Mutation@rs35868327 (Mutation@rs35868327) in the FST locus reached suggestive significance (P = 2.6 x 10-7) (Table 2 and Supplementary Figs. 16 and 17). Gene@51741 may play a role in Disease@MESH:D000544 through its interaction with Gene@326116, and it is worth noting that the sentinel variant (defined as the variant with the lowest P value) is just 2.4 mega-bases from Gene@5336, which contains a rare variant that we recently associated with Disease@MESH:D000544. Since both Mutation@rs62039712 and Mutation@rs35868327 were only analyzed in a restricted number of samples, these loci deserve further attention", "type": "paragraph"}, {"sent": "To evaluate the biological significance and attempt to identify the underlying risk genes for the newly identified genome-wide signals (Gene@124152, Gene@1636, Gene@102, Gene@9510, and Gene@51741) and those found previously, we pursued five strategies: (1) annotation and gene-based testing for deleterious coding, loss-of-function (LOF) and splicing variants; (2) expression-quantitative trait loci (eQTL) analyses; (3) evaluation of transcriptomic expression in LOAD clinical traits (correlation with the BRAAK stage and differential expression in Disease@MESH:D000544 versus control brains); (4) evaluation of transcriptomic expression in Disease@MESH:D000544-relevant tissues; and (5) gene cluster/pathway analyses. For the 24 signals reported here, other evidence indicates that Gene@348, Gene@10347 (refs. ), Gene@274 (ref. ), Gene@54209 (refs. ), Gene@6653 (refs. ), Gene@102 (ref. ), Gene@6688 (ref. ), and Gene@1378 (ref. ) are the true Disease@MESH:D000544 risk gene, although there is a possibility that multiple risk genes exist in these regions. Because many GWAS loci are intergenic, and the closest gene to the sentinel variant may not be the actual risk gene, in these analyses we considered all protein-coding genes within +-500 kilobases (kb) of the sentinel variant linkage disequilibrium (LD) regions (r2 >= 0.5) for each locus as a candidate Disease@MESH:D000544 gene (n = 400 genes) (Supplementary Table 8)", "type": "paragraph"}, {"sent": "We first annotated all sentinel variants for each locus and variants in LD (r2 > 0.7) with these variants in a search for deleterious coding, LOF or splicing variants. In line with findings that most causal variants for complex disease are non-coding, only 2% of 1,073 variants across the 24 loci (excluding Gene@348) were exonic variants, with a majority (58%) being intronic (Supplementary Fig. 18 and Supplementary Table 9). Potentially deleterious variants include the rare Mutation@rs75932628 missense variant in Gene@54209, common missense variants in Gene@1378, Gene@6688, Gene@2206, and Gene@124152, and a relatively common (MAF = 0.16) splicing variant in Gene@124152. Using results of a large whole-exome-sequencing study conducted in the ADGC and CHARGE sample (n = 5,740 LOAD cases and 5,096 controls), we also identified ten genes located in our genome-wide loci as having rare deleterious coding, splicing or LOF burden associations with LOAD (false discovery rate (FDR) P < 0.01), including previously implicated rare-variant signals in Gene@10347, Gene@54209, and Gene@6653 (refs. ), and additional associations with Gene@285852 in the Gene@54209 locus, Gene@6891 and Gene@5696 in the Gene@3123 locus, Gene@5304 in the Gene@2041 locus, Gene@6815 in the Gene@10979 locus, Gene@79890 in the Gene@123041 locus, and Gene@81033 in the Gene@1636 locus (Supplementary Table 10)", "type": "paragraph"}, {"sent": "For eQTL analyses, we searched existing eQTL databases and studies for cis-acting eQTLs in a prioritized set of variants (n = 1,873) with suggestive significance or in LD with the sentinel variant in each locus. Of these variants, 71-99% have regulatory potential when considering all tissues according to RegulomeDB and HaploReg, but restricting to Disease@MESH:D000544-relevant tissues (via Ensembl Regulatory Build and GWAS4D) appears to aid in regulatory variant prioritization, with probabilities for functional variants increasing substantially when using GWAS4D cell-dependent analyses with brain or monocytes, for instance (these and other annotations are provided in Supplementary Table 11). Focusing specifically on eQTLs, we found overlapping cis-acting eQTLs for 153 of the 400 protein-coding genes, with 136 eQTL-controlled genes in Disease@MESH:D000544-relevant tissues (that is, brain and blood/immune cell types; see Methods for details) (Supplementary Tables 12 and 13). For our newly identified loci, there were significant eQTLs in Disease@MESH:D000544-relevant tissue for Gene@102, Gene@54629, and Gene@79811 (in the Gene@102 locus); Gene@9510 (Gene@9510 locus); and Gene@116285, Gene@257629, Gene@57020, Gene@51573, Gene@51704, Gene@124152, and Gene@400506 (Gene@124152 locus). There were no eQTLs in Disease@MESH:D000544-relevant tissues in the Gene@51741 or Gene@1636 locus, although several eQTLs for Gene@5705 in coronary artery tissue were found for the Gene@1636 locus. eQTLs for genes in previously identified loci include Gene@274 (Gene@274 locus), Gene@3635 (Gene@3635 locus), Gene@23607 (Gene@23607 locus), and Gene@123041 (Gene@123041 locus). Co-localization analysis confirmed evidence of a shared causal variant affecting expression and disease risk in 66 genes over 20 loci, including 31 genes over 13 loci in LOAD-relevant tissue (see Supplementary Table 14 and 15 for complete lists). Genes implicated include Gene@1378 (Gene@1378 locus), Gene@10347 (Gene@10347 loci), Gene@274 (Gene@274 locus), Gene@6688 and Gene@4607 (Gene@6688 locus), Gene@2206, Gene@64231, and Gene@51338 (Gene@2206 locus), Gene@400506 (Gene@124152 locus), and Gene@3123 (Gene@3123 locus) (Supplementary Table 12)", "type": "paragraph"}, {"sent": "To study the differential expression of genes in brains of patients with Disease@MESH:D000544 versus controls, we used 13 expression studies. We found that 58% of the 400 protein-coding genes within the genome-wide loci had evidence of differential expression in at least one study (Supplementary Table 16). Additional comparisons to Disease@MESH:D000544 related gene expression sets revealed that 62 genes were correlated with pathogenic stage (BRAAK) in at least one brain tissue (44 genes in prefrontal cortex, the most relevant LOAD tissue; 36 in cerebellum and 1 in Disease@MESH:D014786). Finally, 38 genes were present in a set of 1,054 genes preferentially expressed in aged microglial cells, a gene set shown to be enriched for Disease@MESH:D000544 genes (P = 4.1 x 10-5). We also annotated our list of genes with brain RNA-seq data, which showed that 80% were expressed in at least one type of brain cell, and the genes were most highly expressed in fetal astrocytes (26%), followed by microglia/ macrophages (15.8%), neurons (14.8%), astrocytes (11.5%), and oligodendrocytes (6.5%). When not considering fetal astrocytes, mature astrocytes (21%), and microglial cells (20.3%), the resident macrophage cells of the brain thought to play a key role in the pathologic immune response in LOAD, became the highest expressed cell types in the genome-wide set of genes, with 5.3% of the 400 genes showing high microglial expression (Supplementary Table 17; see Supplementary Table 18 for the highly expressed gene list by cell type)", "type": "paragraph"}, {"sent": "We conducted pathway analyses (MAGMA) separately for common (MAF > 0.01) and rare variants (MAF < 0.01). For common variants, we detected four function clusters including (1) APP metabolism/Gene@351 formation (regulation of Gene@351 formation: P = 4.56 x 10-7 and regulation of APP catabolic process: P = 3.54 x 10-6); (2) Gene@326116 protein binding (P = 3.19 x 10-5); (3) lipid metabolism (four pathways including protein-lipid complex assembly: P = 1.45 x 10-7); and (4) immune response (P = 6.32 x 10-5) (Table 3 and Supplementary Table 19). Enrichment of the four clusters remained after removal of genes in the Gene@348 region. When Gene@348-region genes and genes near genome-wide-significant genes were removed, Gene@326116 showed moderate association (P = 0.027), and lipid metabolism and immune-related pathways showed strong associations (P < 0.001) (Supplementary Table 20). Genes driving these enrichments (that is, having a gene-wide P < 0.05) included SCNA, a Disease@MESH:D010300 risk gene that encodes Gene@6622, the main component of Lewy bodies, whch may play a role in Disease@MESH:D024801, for the Gene@326116 pathway; Gene@348 genes (Gene@55937, Gene@116519) and Gene@19, a major regulator of cellular cholesterol, for the lipid metabolism pathways; and 52 immune pathway genes (Supplementary Table 21). While no pathways were significantly enriched for rare variants, lipid and Gene@351 pathways did reach nominal significance in rare-variant-only analyses. Importantly, we also observed a highly significant correlation between common and rare pathway gene results (P = 1.32 x 10-7), suggesting that risk Disease@MESH:D000544 genes and pathways are enriched for rare variants. In fact, 50 different genes within Gene@326116, lipid, immunity and Gene@351 pathways showed nominal rare-variant driven associations (P < 0.05) with LOAD", "type": "paragraph"}, {"sent": "To further explore the APP/Gene@351 pathway enrichment, we analyzed a comprehensive set of 335 APP metabolism genes curated from the literature. We observed significant enrichment of this gene set in common variants (P = 2.27 x 10-4; P = 3.19 x 10-4 excluding Gene@348), with both Gene@102 and Gene@1636 nominally significant drivers of this result (Table 4 and Supplementary Tables 22 and 23). Several 'sub-pathways' were also significantly enriched in the common variants, including 'clearance and degradation of Gene@351', and 'aggregation of Gene@351', along with its subcategory 'microglia', the latter supporting microglial cells suspected role in response to Gene@351 in LOAD. Nominal enrichment for risk from rare variants was found for the pathway 'aggregation of Gene@351: chaperone' and 23 of the 335 genes", "type": "paragraph"}, {"sent": "To identify candidate genes for our novel loci, we combined results from our five prioritization strategies in a priority ranking method similar to that of Fritsche et al. (Fig. 2 and Supplementary Table 24). Gene@102 was the top ranked gene of the 11 genes within the Gene@102 locus. Gene@102, the most important alpha-secretase in the brain, is a component of the non-amyloidogenic pathway of APP metabolism and sheds Gene@54209 (ref. ), an innate immunity receptor expressed selectively in microglia. Overexpression of Gene@11487 in mouse models can halt Gene@14961 production and subsequent aggregation. In addition, two rare Gene@11487 alterations segregating with disease in LOAD families increased Gene@14961 plaque load in 'Disease@MESH:D000544-like' mice, with diminished alpha-secretase activity from the alterations probably the causal mechanism. For the Gene@124152 signal, which is also an Disease@MESH:D009765 locus, Gene@124152, a relatively uncharacterized gene, was ranked top, although four of the other 11 genes in the locus have a priority rank >= 4, including Gene@400506 and Gene@51704, the latter being a regulator of neurogenesis and inflammatory signaling in Disease@MESH:D009765. Of the 22 genes in the Gene@1636 locus, Gene@5705, a key regulator of major histocompatibility complex (MHC), has a top score of 4, while Gene@11325, Gene@4215, an important regulator of macrophages and innate immunity, and Gene@974, a B lymphocyte antigen receptor subunit, each have a score of 3. Candidate gene studies have associated Gene@1636 variants with Disease@MESH:D000544 risk, including a strong association in the Wadi Ara, an Israeli Arab community with high risk of Disease@MESH:D000544. However, these studies yielded inconsistent results, and our work reports a clear genome-wide association in NHW at this locus. While Gene@1636 was not prioritized, it should not be rejected as a candidate gene, as its expression in Disease@MESH:D000544 brain tissue is associated with Disease@MESH:C536761 and Disease@MESH:D000544 severity. Furthermore, cerebrospinal fluid (CSF) levels of the Gene@1636 (Gene@1636) are associated with Gene@14961 levels and LOAD risk, and studies show Gene@1636 can inhibit Disease@MESH:D064420 and aggregation. Finally, Gene@183, a product of Gene@1636 function, mediates a number of neuropathological processes in Disease@MESH:D000544 and is now a target for intervention in phase II clinical trials of Disease@MESH:D000544. Another novel genome-wide locus reported here, Gene@9510, is within 665 kb of APP on chromosome 21. Of three genes at this locus, our analyses nominate Gene@9510 as the likely risk gene, although we cannot rule out that this signal is a regulatory element for APP. Gene@9510 is elevated in Down's syndrome with Disease@MESH:D019636 and Disease@MESH:D000544, and it is a potential neuroprotective gene or a neuroinflammatory gene important to microglial response. Finally, Gene@51741 and MAF, which surround an intergenic signal in an Disease@MESH:D009765 associated locus, were both prioritized for the Gene@51741 locus, with MAF, another important regulator of macrophages, being highly expressed in microglia in the Brain RNA-seq database, and Gene@51741, a high-density-lipoprotein cholesterol and triglyceride-associated gene, being expressed most highly in astrocytes and neurons. Gene@51741 has been implicated in several neurological phenotypes; in addition, it binds Gene@326116 and may play a critical role in regulating Gene@326116 hyper-phosphorylation, neurofibrillary formation and Disease@MESH:D001791. Intriguingly, treatment of mice with its binding partner restores Disease@MESH:D008569, hinting at its potential in neurotherapy", "type": "paragraph"}, {"sent": "For previously reported loci, applying the same prioritization approach highlights several genes, as described in Fig. 2, some of which are involved in APP metabolism (Gene@10979, Gene@8301) or Gene@326116 Disease@MESH:D064420 (Gene@274, Gene@23607, Gene@10979, Gene@57091, Gene@2185). Pathway, tissue and disease trait enrichment analyses support the utility of our prioritization method, as the 53 prioritized genes with a score >= 5 are (1) enriched in substantially more Disease@MESH:D000544-relevant pathways, processes and Disease@MESH:D003704-related traits; (2) enriched in candidate Disease@MESH:D000544 cell types such as monocytes (adjusted P = 9.0 x 10-6) and macrophages (adjusted P = 5.6 x 10-3); and (3) more strongly associated with Disease@MESH:D003704-related traits and Disease@MESH:D000544-relevant pathways (Supplementary Table 25 and 26; see Supplementary Fig. 19 for the interaction network of these prioritized genes). To further investigate the cell types and tissues the prioritized genes are expressed in, we performed differentially expressed gene (DEG) set enrichment analysis of the prioritized genes by using GTEx tissues, and we identified significant differential expression in several potentially relevant Disease@MESH:D000544 tissues including immune-related tissues (upregulation in blood and spleen), Disease@MESH:D009765-related tissue (upregulation in adipose), heart tissues (upregulation in left ventricle and atrial appendage), and brain tissues (dowregulation in cortex, cerebellum, hippo-campus, basal ganglia, and amygdala). Furthermore, the 53 genes are overexpressed in 'adolescence' and 'young adult' brain tissues in BrainSpan, a transcriptomic atlas of the developing human brain, which is consistent with accumulating evidence suggesting Disease@MESH:D000544 may start decades before the onset of disease (Supplementary Fig. 20; see Supplementary Fig. 21 for a tissue expression heat map for the 53 genes)", "type": "paragraph"}, {"sent": "The above approach prioritized Gene@3123 as the top candidate gene in the MHC locus, known for its complex genetic organization and highly polymorphic nature (see Supplementary Fig. 22 for a plot of the region of the Stage 1 results). Previous analyses in the ADGC (5,728 Disease@MESH:D000544 cases and 5,653 controls) have linked both Gene@3119 class I and II haplotypes with Disease@MESH:D000544 risk. In order to further investigate this locus in a much larger sample, we used a robust imputation method and fine-mapping association analysis of alleles and haplotypes of Gene@3119 class I and II genes in 14,776 cases and 23,047 controls from our datasets (Supplementary Table 27). We found risk effects of Gene@3117*01:02 (FDR P = 0.014), Gene@3123*15:01 (FDR P = 0.083), and Gene@3119*06:02 (FDR P = 0.010) (Supplementary Table 28). After conditioning on the sentinel meta-analysis variant in this region (Mutation@rs78738018), association signals were lost for the three alleles, suggesting that the signal observed at the variant level is due to the association of these three alleles. These alleles form the Gene@3117*01:02~Gene@3119*06:02~Gene@3123*15:01 (DR15) haplotype, which is also associated with Disease@MESH:D000544 in our sample (FDR P = 0.013) (Supplementary Table 29). Taken together, these results suggest a central role of the DR15 haplotype in Disease@MESH:D000544 risk, a finding originally discovered in a small study in the Tunisian population and more recently in a large ADGC analysis. Intriguingly, the DR15 haplotype and its component alleles also associate with protection against Disease@MESH:D003920, a high risk for Disease@MESH:D009103, and risk or protective effects with many other immune-mediated diseases (Supplementary Table 30). Moreover, the associated diseases include a large number of traits queried from an Gene@3119-specific Phewas, including Disease@MESH:D020271 (for example, Disease@MESH:D010300) and diseases with risk factors for Disease@MESH:D000544 (for example, Disease@MESH:D006980), pointing to potential shared and/or interacting mechanisms and co-morbidities, a common paradigm in the MHC locus. Two additional alleles, Gene@3117*03:01 and Gene@3119*03:02, belonging to another haplotype, show a protective effect on Disease@MESH:D000544, but their signal was lost after conditioning on Gene@3117*01:02, and the Gene@3117*03:01~Gene@3119*03:02 haplotype is not associated with Disease@MESH:D000544 (FDR P = 0.651)", "type": "paragraph"}, {"sent": "As described above, several of our genome-wide loci have potentially interesting co-morbid or pleiotropic associations with traits that may be relevant to the pathology of Disease@MESH:D000544. To investigate the extent of LOAD's shared genetic architecture with other traits, we performed LD-score regression to estimate the genetic correlation between LOAD and 792 human diseases, traits and behaviors (Supplementary Table 31). The common variant genetic architecture of LOAD was positively correlated with a maternal family history of Disease@MESH:D000544/Disease@MESH:D003704 (rg for the genetic correlation of two traits = 0.81; FDR P = 2.79 x 10-7), similar to the Marioni et al. family proxy analyses, which found maternal genetic correlation with Disease@MESH:D000544 to be higher than that for paternal Disease@MESH:D000544 (rg = 0.91 and 0.66, respectively). There is substantial overlap between these estimates, as the Marioni et al. analyses include the 2013 IGAP summary statistics and employed the same UK Biobank variable that we used for rg estimates with maternal history of Disease@MESH:D003704. We also find significant negative correlation between Disease@MESH:D000544 and multiple measures of educational attainment (for example, college completion, rg = -0.24; years of schooling, rg range = -0.19 to -0.24; cognitive scores, rg = -0.24 and -0.25) (FDR P < 0.05), supporting the theory that a greater cognitive reserve could help protect against development of LOAD. The extent to which socioeconomic, environmental, or cultural factors contribute to the correlation between educational attainment and risk for Disease@MESH:D000544 is unknown, but research shows Disease@MESH:D003704 risk to be associated with lower socio-economic status, independently of education status. We also found negative correlations at P < 0.05 with multiple measures of Disease@MESH:D002318 (that is, family history of high blood pressure and Disease@MESH:D006331 and vascular/heart problems) and Disease@MESH:D003920 (that is, fasting Gene@3630, basal metabolic rate and fasting Gene@3630), supporting previous research suggesting that use of blood pressure and Disease@MESH:D003920 medications may reduce the risk of Disease@MESH:D000544. In fact, use of blood pressure medication does show a negative genetic correlation with Disease@MESH:D000544 in our study (rg = -0.12; P = 0.035), although this result does not survive FDR correction. These and other top results from this analysis (for example, body mass index, height; see Supplementary Table 31 for a full list of other nominally significant correlations) have been linked to Disease@MESH:D000544 previously, either through suggestive or significant genetic or epidemiological associations (see Kuzma et al. for a recent review), but the multiple measures here support and emphasize their genetic correlation with LOAD and highlight the possible genetic pleiotropy or co-morbidity of these traits with pathology of LOAD", "type": "paragraph"}, {"sent": "In conclusion, our work identifies five new genome-wide associations for LOAD and shows that GWAS data combined with high-quality imputation panels can reveal rare disease risk variants (for example, Gene@54209). The enrichment of rare variants in pathways associated with Disease@MESH:D000544 indicates that additional rare variants remain to be identified, and larger samples and better imputation panels will facilitate identifying them. While these rare variants may not contribute substantially to the predictive value of genetic findings, they will enhance the understanding of disease mechanisms and potential drug targets. Discovery of the risk genes at genome-wide loci remains challenging, but we demonstrate that converging evidence from existing and new analyses can prioritize risk genes. We also show that APP metabolism is associated with not only early-onset Disease@MESH:D000544 but also LOAD, suggesting that therapies developed by studying early-onset families could also be applicable to the more common late-onset form of the disease. Pathway analysis showing that Gene@326116 is involved in LOAD supports recent evidence that Gene@326116 may play an early pathological role in Disease@MESH:D000544 and confirms that therapies targeting tangle formation/degradation could potentially affect LOAD. Finally, our fine-mapping analyses of Gene@3119 and genetic correlation results point to LOAD's shared genetic architecture with many immunemediated and cognitive traits, suggesting that research and interventions that elucidate mechanisms behind these relationships could also yield fruitful therapeutic strategies for LOAD", "type": "paragraph"}, {"sent": "All Stage 1 meta-analysis samples are from four consortia: ADGC, CHARGE, EADI, and GERAD/PERADES. Summary demographics of all 46 case-control studies from the four consortia are described in Supplementary Tables 1 and 2. Written informed consent was obtained from study participants or, for those with substantial Disease@MESH:D003072, from a caregiver, legal guardian, or other proxy. Study protocols for all cohorts were reviewed and approved by the appropriate institutional review boards. Further details of all cohorts can be found in the Supplementary Note", "type": "paragraph"}, {"sent": "Standard quality control was performed on all datasets individually, including exclusion of individuals with low call rate, individuals with a high degree of relatedness, and variants with low call rate. Individuals with non-European ancestry according to principal components analysis of ancestry-informative markers were excluded from the further analysis", "type": "paragraph"}, {"sent": "Following genotype chip quality control, each dataset was phased and imputed to the 1,000 Genomes Project (phase 1 integrated release 3, March 2012) using SHAPEIT/IMPUTE2 or MaCH/Minimac software (Supplementary Table 3). All reference population haplotypes were used for the imputation, as this method improves accuracy of imputation for low-frequency variants. Common variants (MAF >= 0.01%) with an r2 or an information measure <0.40 from MaCH and IMPUTE2 were excluded from further analyses. Rare variants (MAF < 0.01%) with a 'global' weighted imputation quality score of <0.70 were also excluded from analyses. This score was calculated by weighting each variant's MACH/IMPUTE2 imputation quality score by study sample size and combining these weighted scores for use as a post-analysis filter. We also required the presence of each variant in 30% of cases and 30% of controls across all datasets", "type": "paragraph"}, {"sent": "Stage 1 single variant-based association analysis employed an additive genotype model adjusting for age (defined as age-at-onset for cases and age-at-last exam for controls), sex, and population substructure using principal components. The score test was implemented on all case-control datasets. This test is optimal for meta-analysis of rare variants due to its balance between power and control of type 1 error. Family datasets were tested using GWAF, with generalized estimating equations (GEE) implemented for common variants (MAF >= 0.01), and a general linear mixed effects model (GLMM) implemented for rare variants (MAF < 0.01), per our preliminary data showing that the behavior of the test statistics for GEE was fine for common variants but inflated for rare variants, while GLMM controlled this rare-variant inflation. Variants with regression coefficient  beta  > 5 or P value equal to 0 or 1 were excluded from further analysis", "type": "paragraph"}, {"sent": "Within-study results for Stage 1 were meta-analyzed in METAL using an inverse-variance-based model with genomic control. The meta-analysis was split into two separate analyses according to the study sample size, with all studies being included in the analysis of common variants (MAF >= 0.01), and only studies with a total sample size of 400 or greater being included in the rare-variant (MAF < 0.01) analysis. See the Supplementary Note for further details of the meta-analyses methods", "type": "paragraph"}, {"sent": "Genomic inflation was calculated for lambda (lambda) in the GenABEL package. In addition, we performed LDSC regression via LD Hub v.1.9.0 (refs. ) to calculate the LD score regression intercept and derive a heritability estimate for the inverse-variance weighted meta-analysis summary statistics. The Gene@348 region (Chr19:45,116,911-46,318,605) was removed to calculate the intercept. Removal of the Gene@348 region reduced the heritability estimate slightly from 0.071 (s.e.m. = 0.011) to 0.0637 (s.e.m. = 0.009)", "type": "paragraph"}, {"sent": "LDSC was also employed via the LD Hub web server to obtain genetic correlation estimates (rg) between LOAD and a wide range of other disorders, diseases and human traits, including 518 UK BioBank traits. UK BioBank is a large long-term study (~500,000 volunteers aged 40 to 69) begun in 2006 in the United Kingdom, which is investigating the contributions of genetic predisposition and environmental exposure (that is, nutrition, lifestyle, and medications) to the development of disease. While volunteers in the study are generally healthier than the overall United Kingdom population, its large size and comprehensive Disease@MESH:D002292 the study an invaluable resource for researchers looking to interrogate the combined effect of genetics and environmental factors on disease. Before analyses in LD Hub, we removed all SNPs with extremely large effect sizes including the MHC (Chr6:26,000,000-34,000,000) and Gene@348 region, as outliers can overly influence the regression analyses. A total of 1,180,989 variants were used in the correlation analyses. Statistical significance of the genetic correlations was estimated using 5% Benjamini-Hochberg FDR corrected P values", "type": "paragraph"}, {"sent": "GCTA COJO was used to conduct conditional analysis of the Stage 1 summary statistics, with 28,730 unrelated individuals from the ADGC as a reference panel for calculation of LD. See URLs for methods for creation of the 'ADGC reference dataset'", "type": "paragraph"}, {"sent": "Stage 2 genotypes were determined for 8,362 cases and 10,483 controls (Supplementary Table 4). 1,633 variants from the I-select chip were located in the 24 genome-wide loci (defined by the LD blocks of the sentinel variants; excluding the Gene@348 region), with an average of 68 variants per locus. The most well-covered loci were Gene@3123, M24A2, and Gene@8301 (763, 202, and 156 variants available, respectively); the least were MAF, Gene@9510, and Gene@3635 (0, 4, and 5 variants, respectively)", "type": "paragraph"}, {"sent": "Stage 3A was conducted for variants selected as novel loci from meta-analyses of Stages 1 and 2 with P < 5 x 10-7 (9 variants) and variants that were previously significant (P < 5 x 10-8) that were not genome-wide significant after Stages 1 and 2 (2 variants) (4,930 cases and 6,736 controls) (Supplementary Table 5). Variants were genotyped using Taqman", "type": "paragraph"}, {"sent": "Stage 3B, which combined samples from Stage 2 and 3A, included variants with MAF < 0.05 and P < 1 x 10-5 or variants with MAF >= 0.05 and P < 5 x 10-6 in novel loci not covered in the 2013 iSelect genotyping1 (13,292 cases and 17,219 controls) (Supplementary Table 7). See the Supplementary Note for details on selection of variants for Stage 3B follow-up genotyping. For Stages 1, 2, and 3, samples did not overlap", "type": "paragraph"}, {"sent": "Per-sample quality checks for genetic sex and relatedness were performed in PLINK. Sex mismatches or individuals showing a high degree of relatedness (identical-by-descent value of 0.98 or greater) were removed from the analysis. A panel of ancestry-informative markers was used to perform principal component analysis with SMARTPCA from EIGENSOFT 4.2 software, and individuals with non-European ancestry were excluded. Variant quality control was also performed separately in each country including removal of variants missing in more than 10% of individuals, having a Hardy-Weinberg P value in controls lower than 1 x 10-6 or a P value for missingness between cases and controls lower than 1 x 10-6", "type": "paragraph"}, {"sent": "Per-study analysis for Stage 2 and Stage 3 followed the same analysis procedures described for Stage 1, except for covariate adjustments per cohort, where all analyses were adjusted on sex and age apart from the Italian, Swedish, and Gr@Gene@1636 cohorts, which were also adjusted for principal components. Within-study results were meta-analyzed in METAL using an inverse-variance-based model", "type": "paragraph"}, {"sent": "We determined the base-pair boundaries of the search space for potential gene(s) and non-coding features in each of the 24 associated loci (excluding Gene@348) using the 'proxy search' mechanism in LDLink. LDLink uses 1,000 genomes genotypes to calculate LD for a selected population; in our case all five European populations were selected (population codes CEU, TSI, FIN, GBR, and Disease@MESH:D043183). The boundaries for all variants in LD (r2 >= 0.5) with the top associated variant from the Stage 2 meta-analysis for each region +-500 kb of the ends of the LD blocks (as eQTL controlled genes are typically less than 500 kb from their controlling variant) were input into the UCSC genome browser's 'Table Browser' for RefSeq and GENCODEv24lift37 genes at each associated locus. The average size of the LD blocks was 123 kb", "type": "paragraph"}, {"sent": "To identify deleterious coding or splicing variants that may represent causal variants for our genome-wide loci, we first used SNIPA to identify variants in high LD (defined as r2 > 0.7) with the sentinel variants of the 24 genome-wide loci (excluding Gene@348) (n = 1,073). The sentinel variants were defined as the variants with the lowest P in each genome-wide locus. We then used Ensembl VEP for annotation of the set of sentinel variants and their proxies. We used BLOSUM62 (ref. ), SIFT, Polyphen-2 (ref. ), CADD, Condel, MPC and Eigen to predict the pathogenicity of protein-altering exonic variants and MaxEntScan to predict the splicing potential of variants. Splicing variants with high splicing potential according to MaxEntScan and protein-coding variants predicted to be deleterious by two or more programs were considered to be potentially causal variants for a locus. It should be noted that while we do include rare variants from imputation in our analyses, we may be missing many rare causal variants in this study", "type": "paragraph"}, {"sent": "We used the summary statistics results of a large whole-exome sequencing (Disease@None) study of LOAD, the Disease@MESH:D000544 Sequencing Project (ADSP) case-control study (n = 5,740 LOAD cases and 5,096 cognitively normal controls of NHW ancestry) to identify genes within our genome-wide loci that may contribute to the association signal through rare deleterious coding, splicing or LOF variants. The individuals in the ADSP study largely overlap with individuals in the ADGC and CHARGE cohorts included in our Stage 1 meta-analysis. All 400 protein-coding genes within our LD-defined genome-wide loci were annotated with the gene-based results from this study, and the results were corrected using a 1% FDR P as a cutoff for significance. Complete details of the analysis can be found in Bis et al. and the Supplementary Note", "type": "paragraph"}, {"sent": "To identify potential functional risk variants and genes at each associated locus, we first annotated a list of prioritized variants from the 24 associated loci (excluding Gene@348) (n = 1,873). This variant list combined variants in LD with the sentinel variants (r2 >= 0.5) using INFERNO LD expansion (n = 1,339) and variants with suggestive significance (P < 10-5) and LD (r2 >= 0.5) with the sentinel variants for the 24 associated loci (excluding Gene@348) (n = 1,421 variants). We then identified variants with regulatory potential in this set of variants using four programs that incorporate various annotations to identify likely regulatory variants: RegulomeDB, HaploReg v.4.1 (refs. ), GWAS4D, and the Ensembl Regulatory Build. We used the ChromHMM (core 15-state model) as 'source epigenomes' for the HaploReg analyses. We used immune (Monocytes-Gene@929+, GM12878 lymphoblastoid, HSMM myoblast) and brain (NH-A astroctyes) for the Ensembl Regulatory Build analyses. We then used the list of 1,873 prioritized variants to search for genes functionally linked via eQTLs in LOAD relevant tissues including various brain and blood tissue types, including all immune-related cell types, most specifically myeloid cells (macrophages and monocytes) and B-lymphoid cells, which are cell types implicated in LOAD and Disease@MESH:D019636 by a number of recent studies. While their specificity may be lower for identifying Disease@MESH:D000544 risk eQTLs, we included whole blood cell studies in our Disease@MESH:D000544-relevant tissue class due to their high correlation of eQTLs with Disease@MESH:D000544-relevant tissues (70% with brain; 51-70% for monocytes and lymphoblastoid cell lines) and their large sample sizes that allow for increased discovery power. See the Supplementary Note for details on the eQTL databases and studies searched, and Supplementary Table 13 for sample sizes of each database/study", "type": "paragraph"}, {"sent": "Formal co-localization testing of our summary Stage 1 results was conducted using (1) COLOC via INFERNO and (2) Summary Mendelian Randomization (SMR)-Heidi analysis. The approximate Bayes factor (ABF), which was used to assess significance in the INFERNO COLOC analysis, is a summary measure that provides an alternative to the P value for the identification of associations as significant. SMR-Heidi analysis, which employs a heterogeneity test (HEIDI test) to distinguish pleiotropy or causality (a single genetic variant affecting both gene expression and the trait) from linkage (two distinct genetic variants in LD, one affecting gene expression and one affecting trait), was also employed for co-localization analysis. Genes located less than 1 Mb from the GWAS sentinel variants that pass a 5% Benjamini-Hochberg FDR-corrected SMR P-value significance threshold and a HEIDI P-value > 0.05 threshold were considered significant. The Westra eQTL summary data and Consortium for the Architecture of Gene Expression (Gene@168400) eQTL summary data were used for analysis. These datasets, conducted in whole blood, are large eQTL studies (Westra: discovery phase n = 5,311, replication phase n = 2,775; Gene@168400: n = 2,765), and while there is some overlap in samples between the two datasets, Gene@168400 provides finer coverage. The ADGC reference panel dataset referenced above for GCTA COJO analysis was used for LD calculations", "type": "paragraph"}, {"sent": "We also evaluated gene expression of all candidate genes in the associated loci (see Supplementary Table 8 for a complete list of genes searched), using differential Disease@MESH:D000544 gene expression results from AlzBase, brain tissue expression from the Brain RNA-seq Database (see URLs), and the HuMi_Aged gene set, a set of genes preferentially expressed in aged human microglia established through RNA-seq expression analysis of aged human microglial cells from ten post-mortem brains. AlzBase includes transcription data from brain and blood from aging, Disease@MESH:D003704, mild Disease@MESH:D003072, early-stage Disease@MESH:D000544, and late-stage Disease@MESH:D000544. See ALZBase (see URLs) for a complete list of studies included in the search. Correlation values for the BRAAK stage expression were taken from the Zhang et al. study of 1,647 post-mortem brain tissues from LOAD patients and non-demented subjects", "type": "paragraph"}, {"sent": "Pathway analyses were performed with MAGMA, which performs SNP-wise gene analysis of summary statistics with correction for LD between variants and genes to test whether sets of genes are jointly associated with a phenotype (that is, LOAD), compared to other genes across the genome. Adaptive permutation was used to produce an empirical P value and an FDR-corrected q value. Gene sets used in the analyses were from GO, KEGG, REACTOME, BIOCARTA, and MGI pathways. Analyses were restricted to gene sets containing between 10 and 500 genes, a total of 10,861 sets. Variants were restricted to common variants (MAF >= 0.01) and rare variants (MAF < 0.01) only for each analysis, and separate analyses for each model included and excluded the Gene@348 region. Analyses were also performed after removal of all genome-wide-significant genes. Primary analyses used a 35-kb upstream/10-kb downstream window around each gene in order to capture potential regulatory variants for each gene, while secondary analyses were run using a 0-kb window. To test for significant correlation between common and rare-variant gene results, we performed a gene property analysis in MAGMA, regressing the gene-wide association statistics from rare variants on the corresponding statistics from common variants, correcting for LD between variants and genes using the ADGC reference panel. The Gene@351-centered network pathway analysis used a curated list of 32 Gene@351-related gene sets and all 335 genes combined (see Campion et al. for details). The combined dataset of 28,730 unrelated individuals from the ADGC referenced in the GCTA COJO analysis was used as a reference set for LD calculations in these analyses", "type": "paragraph"}, {"sent": "Evaluation of the prioritization of the risk genes in genome-wide loci was done using STRING, and Jensen Diseases, Jensen Tissues, dbGAP gene sets, and the ARCHS4 resource via the EnrichR tool. We evaluated both the 400 genes set list and a list of 53 genes with priority score >= 5 (adding in Gene@348 to both lists as the top gene in the Gene@348 locus) using the standard settings for both STRING and EnrichR. We used the q value, which is the adjusted P value using the Benjamini-Hochberg FDR method with a 5% cutoff for correction for multiple hypotheses testing. We also performed 'differentially expressed gene (DEG)' sets analysis via FUMA. These analyses were performed in order to assess whether our 53 prioritized genes were significantly differentially expressed in certain GTEx v.7 (ref. ; 30 general tissues and 53 specific tissues) or BrainSpan tissues (11 tissue developmental periods with distinct DEG sets ranging from early prenatal to middle adulthood). FUMA defines DEG sets by calculating a two-sided t-test per tissue versus all remaining tissue types or developmental periods. Genes with a Bonferonni-corrected P < 0.05 and absolute log(fold change) >= 0.58 were considered Gene@8560. Input genes were tested against each of the DEG sets using the hypergeometric test. Significant enrichment was defined by Bonferonni-corrected P <= 0.05", "type": "paragraph"}, {"sent": "Non-familial datasets from the ADGC, EADI and GERAD consortiums were used for Gene@3119 analysis. After imputation quality control, a total of 14,776 cases and 23,047 controls were available for analysis (Supplementary Table 27). Within ADGC, GenADA, ROSMAP, TARC1, TGEN2, and a subset of the UMCWRMSSM datasets were not imputed as Affymetrix genotyping arrays are not supported by the imputation software", "type": "paragraph"}, {"sent": "Two-field resolution Gene@3119 alleles were imputed using the R package HIBAG v.1.4 (ref. ) and the NHW-specific training set. This software uses specific combinations of variants to predict Gene@3119 alleles. Alleles with an imputation posterior probability lower than 0.5 were considered as undetermined as recommended by HIBAG developers. Gene@3105, Gene@3106, Gene@3119-C class I genes, and Gene@3115, Gene@3117, Gene@3119, and Gene@3123 class II genes were imputed. Individuals with more than two undetermined Gene@3119 alleles were excluded", "type": "paragraph"}, {"sent": "All analyses were performed in R. Associations of Gene@3119 alleles with disease were tested using logistic regressions, adjusting for age, sex, and principal components as specified above for single variant association analysis. Only Gene@3119 alleles with a frequency higher than 1% were analyzed. Haplotype estimations and association analyses with disease were performed using the 'haplo.glm' function from the haplo.stats R package with age, sex, and principal components as covariates. Analysis was performed on two-loci and three-loci haplotypes of Gene@3117, Gene@3119, and Gene@3123 genes. Haplotypes with a frequency below 1% were excluded from the analysis. Considering the high LD in the MHC region, only haplotypes predicted with posterior probabilities higher than 0.2 were considered for analysis. Meta-analysis P values were computed using an inverse-variance-based model as implemented in METAL software. For haplotypes analysis, only individuals with no undetermined Gene@3119 alleles and only datasets with more than 100 cases or controls were included. Adjustments on Gene@3119 significant variants and Gene@3119 alleles were performed by introducing the variant or alleles as covariates in the regression models. Adjusted P values were computed using the FDR method and the R 'p.adjust' function, and applied to the meta-analysis P values. The FDR threshold was set to 10%", "type": "paragraph"}, {"sent": "Further information on research design is available in the Nature Research Reporting Summary linked to this article", "type": "paragraph"}, {"sent": "The threshold for genomewide significance (P < 5 x 10-8) is indicated by the red line, while the blue line represents the suggestive threshold (P < 1 x 10-5). Loci previously identified by the Lambert et al. IGAP GWAS are shown in blue and newly associated loci are shown in red. Loci are named for the closest gene to the sentinel variant for each locus. Diamonds represent variants with the smallest P values for each genome-wide locus", "type": "fig_caption"}, {"sent": "The criteria include: (1) deleterious coding, LOF or splicing variant in the gene; (2) significant gene-based tests; (3) expression in a tissue relevant to Disease@MESH:D000544 (astrocytes, neurons, microglia/macrophages, oligodendrocytes); (4) a HuMi microglial-enriched gene; (5) having an eQTL effect on the gene in any tissue, in Disease@MESH:D000544-relevant tissue, and/ or a co-localized eQTL; (6) being involved in a biological pathway enriched in Disease@MESH:D000544 (from the current study); (7) expression correlated with the BRAAK stage; and (8) differential expression in a 1 + Disease@MESH:D000544 (Disease@MESH:D000544) study. Novel genome-wide loci from the current study are listed first, followed by known genome-wide loci. Each category is assigned an equal weight of 1, with the priority score equaling the sum of all categories. Colored fields indicate that the gene meets the criteria. Genes with a priority score >= 4 are listed for each locus. If no gene reached a score of >= 5 in a locus, then the top ranked gene(s) is listed", "type": "fig_caption"}, {"sent": "Summary of discovery Stage 1, Stage 2 and overall meta-analyses results for identified loci reaching genome-wide significance after Stages 1 and ", "type": "table_caption"}, {"sent": "Summary of discovery Stage 1, Stage 2, Stage 3 (A and B), and overall meta-analysis results of potential novel loc", "type": "table_caption"}, {"sent": "Significant pathways (q value <= 0.05) from MAGMA pathway analysis for common and rare variant subset", "type": "table_caption"}, {"sent": "Top results of pathway analysis of the Gene@351-centered biological network from Campion et al. (see Supplementary Table 12 for full results", "type": "table_caption"}]}