{"sentences": [{"sent": "Latent Disease@MESH:D003922 in adults (LADA) shares clinical features with both type 1 and Disease@MESH:D003924; however, there is ongoing debate regarding the precise definition of LADA. Understanding its genetic basis is one potential strategy to gain insight into appropriate classification of this Disease@MESH:D003920 subtype", "type": "abstract"}, {"sent": "We performed the first genome-wide association study of LADA in case subjects of European ancestry versus population control subjects (n = 2,634 vs. 5,947) and compared against both case subjects with type 1 Disease@MESH:D003920 (n = 2,454 vs. 968) and Disease@MESH:D003924 (n = 2,779 vs. 10,396)", "type": "abstract"}, {"sent": "The leading genetic signals were principally shared with type 1 Disease@MESH:D003920, although we observed positive genetic correlations genome-wide with both type 1 and Disease@MESH:D003924. Additionally, we observed a novel independent signal at the known type 1 Disease@MESH:D003920 locus harboring Gene@5209, encoding a regulator of glycolysis and Gene@3630 signaling in type 2 Disease@MESH:D003920 and Disease@MESH:D007249 and autophagy in Disease@MESH:D001327, as well as an attenuation of key type 1-associated Gene@3117 haplotype frequencies in LADA, suggesting that these are factors that distinguish childhood-onset type 1 Disease@MESH:D003920 from adult Disease@MESH:D003922", "type": "abstract"}, {"sent": "Our results support the need for further investigations of the genetic factors that distinguish forms of Disease@MESH:D003922 as well as more precise classification strategies", "type": "abstract"}, {"sent": "The relationship between latent Disease@MESH:D003922 in adults (LADA) and both type 1 and Disease@MESH:D003924 is not fully elucidated and not appropriately encapsulated in the term \"type 1.5 Disease@MESH:D003920\". In many populations, LADA is at least as prevalent as childhood-onset type 1 Disease@MESH:D003920 but is frequently misdiagnosed as type 2 Disease@MESH:D003920 given its presentation in adults without need for Gene@3630. As such, subjects with LADA could be present in cohort studies for Disease@MESH:D003924 that do not screen out autoantibody-positive case subjects, potentially resulting in the identification of genetic associations for Disease@MESH:D003924 that are etiologically related to Disease@MESH:D001327. Furthermore, LADA has a natural history distinct from that of type 2 Disease@MESH:D003920 and is likely mismanaged as a result. The challenge to define adult Disease@MESH:D003922, including LADA, as distinct from the generality of type 2 Disease@MESH:D003920 is acute given the increasingly larger data sets assembled to identify additional, common genetic risk factors of increasingly smaller effect sizes. Indeed, reflecting this concern, recent genome-wide association study (GWAS) analyses of type 2 Disease@MESH:D003920 have reported associations at type 1 Disease@MESH:D003920-associated regions such as Gene@3117 in populations of European ancestry and Gene@3106 and Gene@723961;3481 in populations of African ancestry. As such, understanding the genetic etiology of adult Disease@MESH:D003922 will not only aid the characterization of this relatively common form of Disease@MESH:D003920, but will also facilitate our understanding of both type 1 and Disease@MESH:D003924", "type": "paragraph"}, {"sent": "To date, the relatively limited candidate gene studies carried out for LADA have supported a role for both type 1 and Disease@MESH:D003924 risk loci. Most notable from these previous studies is the implicated role of the key type 2 Disease@MESH:D003920-associated Gene@6934 locus in the pathogenesis of LADA. More recently, we constructed genetic risk scores combining known type 1 and Disease@MESH:D003924 loci and assessed their impact in LADA, and our results implicated a role for both sets of loci. However, no systematic genome-wide appraisal of adult Disease@MESH:D003922 has been performed. Therefore, in this study, we performed the first GWAS of LADA against population control subjects and further contrasted LADA against type 1 and Disease@MESH:D003924 to better understand its genomic signature in comparison with these two better characterized forms of Disease@MESH:D003920", "type": "paragraph"}, {"sent": "Case subjects diagnosed with LADA were included from cohorts of European ancestry (Supplementary Table 1), including Action LADA (includes samples from the U.K., Germany, and U.S.), All New Disease@MESH:D003920 In Scania (ANDIS), the Botnia Study, Copenhagen LADA (includes samples from the Danish Centre for Strategic Research in Disease@MESH:D003924, Vejle Disease@MESH:D003920, Odense University Hospital, Copenhagen Gene@3630 and Metformin Therapy Trial, Inter99, Disease@MESH:D003920 Center), the Disease@MESH:D003920 Registry Vaasa (DIREVA), Genetics of Disease@MESH:D003920 and Research in Tayside Scotland (GoDARTS), Nord-Trondelag Health Study (HUNT), and Disease@MESH:D003920 Registry (SDR). Control subjects were population-based (including samples from the Bone Mineral Density in Childhood Study [BMDCS], Copenhagen control subjects [with samples from the 1936 Birth Cohort and ADDITION-PRO], GoDARTS, HUNT, the Malmo Diet and Cancer Study, DIREVA, and SDR)", "type": "paragraph"}, {"sent": "Inclusion and exclusion criteria for LADA, type 1 Disease@MESH:D003924, and population control subjects varied by cohort (see Supplementary Table 1 and Supplementary Data for details). In general, LADA was defined by an age at diagnosis older than 20, 30, or 35 years, with some cohorts restricting the upper age limit to 70 years; the presence of Disease@MESH:D003920-associated autoimmune autoantibodies, in particular Gene@2571 autoantibody (GADA) positivity; and the lack of Gene@3630 requirement for 6 months or 1 year after diagnosis. In some case subjects, C-peptide level was also used as a filter. This study was approved by local institutional ethical review boards for all participating centers", "type": "paragraph"}, {"sent": "Each respective cohort performed genome-wide genotyping on the Illumina CoreExome chip, the Illumina OmniExpressExome BeadChip, or the Affymetrix 6 array. Case and control subjects from each study center were matched on the same genotyping chip to reduce batch effects. Standard post-genotyping quality control was performed, including sample exclusions for ambiguous gender, call rate <95%, and any duplicate or related individuals (pi_hat >=0.2), and single nucleotide polymorphism (SNP) exclusions for monomorphic SNPs, SNPs with minor allele frequency <0.05, and SNPs with missingness rate >0.05. The Haplotype Reference Consortium imputation service (Michigan imputation server, https://imputationserver.sph.umich.edu/index.html) was used to perform imputation for autosomal SNPs", "type": "paragraph"}, {"sent": "SNPTEST or Efficient and Parallelizable Association Container Toolbox (http://genome.sph.umich.edu/wiki/EPACTS) was used by each respective cohort to perform case-control GWAS of LADA (n = 2,634) versus population control subjects (n = 5,947), LADA (n = 2,454) versus case subjects with type 1 Disease@MESH:D003920 (n = 968), and LADA (n = 2,779) versus case subjects with Disease@MESH:D003924 (n = 10,396), including sex and principal components as covariates (see Supplementary Table 1 for cohort-specific covariates)", "type": "paragraph"}, {"sent": "After GWAS, filtering was performed centrally to include only SNPs with a minor allele frequency >0.05, INFO quality score >0.4, and a Hardy-Weinberg equilibrium P > 1 x 10-7. Meta-analysis was then performed for LADA versus population control subjects, LADA versus type 1 Disease@MESH:D003920, and LADA versus type 2 Disease@MESH:D003920 with GWAMA with two rounds of genomic control (Supplementary Table 2 and Supplementary Figs. 1 and 2)", "type": "paragraph"}, {"sent": "Signals in the secondary tier (P = 1 x 10-6 to 5 x 10-8) for the LADA versus population control subject analysis were followed up in the GoDARTS and HUNT cohorts (LADA, n = 345; control subjects, n = 1,664) and meta-analyzed with the discovery set (total LADA, n = 2,979; control subjects, n = 7,611) to assess whether any novel signals would reach genome-wide significance", "type": "paragraph"}, {"sent": "To estimate whether the concordance in direction of effects for type 1 and Disease@MESH:D003924 loci in LADA is significantly different from chance, a binomial test was used, assuming a null hypothesis of 50% agreement", "type": "paragraph"}, {"sent": "Approximate conditional analysis for known type 1 Disease@MESH:D003920-associated loci was carried out for the LADA versus control subject summary statistics results for the 10p15.1 locus using genome-wide complex trait analysis. For this locus, LADA versus control subjects plus HUNT summary statistics were conditioned on the following type 1 Disease@MESH:D003920-associated SNPs: Mutation@rs61839660, Mutation@rs10795791, Mutation@rs7090530, Mutation@rs12251307, Mutation@rs41295121, and Mutation@rs11258747. We did not condition on the significant signals at other loci. For 12q24.3, two of the type 1 Disease@MESH:D003920-associated SNPs (Mutation@rs3184504 and Mutation@rs653178) were in high linkage disequilibrium (LD; r2 > 0.9) with our lead SNP. Additionally, the Gene@3107, Gene@26191, and Gene@723961 loci were not conditioned, as the top signals were identified as type 1 Disease@MESH:D003920-associated SNPs", "type": "paragraph"}, {"sent": "Case subjects with LADA are heterogeneous in terms of GADA titer. Therefore, to further understand the genetic landscape of LADA in the context of different GADA levels, we stratified case subjects into tertiles in Action LADA, ANDIS, DIREVA, and SDR. We performed three GWAS on 1) the top tertile with the highest GADA titers (n = 627) versus population control subjects (n = 4,314), 2) the top two tertiles with the highest GADA titers (n = 1,012) versus population control subjects (n = 4,314), and 3) the bottom tertile with the lowest GADA titers (n = 562) versus population control subjects (n = 4,314)", "type": "paragraph"}, {"sent": "To test for genetic correlations genome-wide among LADA, type 1 Disease@MESH:D003920, and type 2 Disease@MESH:D003920, we used LD score regression through the LDSC v.1.0.0 python package", "type": "paragraph"}, {"sent": "DEPICT pathway analysis was used to perform gene set enrichment, tissue enrichment, and gene prioritization analyses", "type": "paragraph"}, {"sent": "The Gene@3117 imputation software SNP2HLA was used to impute chromosome 6 in Action LADA (n = 1,365), Swedish case subjects with LADA (n = 794), BMDCS (n = 1,056), and case subjects with type 1 Disease@MESH:D003920 from the Wellcome Trust Case Control Consortium (n = 1,990). Gene@3117 alleles with four-digit resolution were imputed. The R package BIGDAWG (https://cran.r-project.org/web/packages/BIGDAWG) was used to test for allele frequency differences for established type 1 Disease@MESH:D003920-associated Gene@3117 haplotypes between LADA versus type 1 Disease@MESH:D003920 as well as LADA versus BMDCS. Haplotypes with frequencies <1% across LADA, type 1 Disease@MESH:D003920, and BMDCS were removed from the analysis given that rare haplotypes can result in unstable variance estimates and unreliable test statistics", "type": "paragraph"}, {"sent": "We first conducted GWAS in patients with LADA (n = 2,634) versus population-based control subjects (n = 5,947) of European ancestry in a discovery meta-analysis setting (Supplementary Table 1) (power calculations can be found in Supplementary Table 3). Four signals achieved genome-wide significance (P < 5 x 10-8), all at established type 1 Disease@MESH:D003920 risk loci (Gene@3117, Gene@26191, Gene@723961, and Gene@10019) (Table 1 and Supplementary Figs. 1 and 2). Pathway analysis with DEPICT for signals at P < 10-5 supported a strong immune role in the pathogenesis of LADA (Supplementary Tables 4 and 5), with gene set enrichment analysis implicating abnormal cytotoxic T-cell physiology (nominal P = 6.39 x 10-7) as well as the Gene@2475 subnetwork (P = 6.03 x 10-5) and cell cycle (P = 1.67 x 10-5), as also seen in a previous epigenome-wide association study of type 1 Disease@MESH:D003920, and immune system tissue types, including natural killer cells and T lymphocytes (nominal P = 0.0079 and 0.0082, respectively). This is consistent with previous reports of these cell types playing a role in the pathogenesis of type 1 Disease@MESH:D003920 and LADA", "type": "paragraph"}, {"sent": "Using case subjects with LADA and population samples from an additional two study centers, we attempted validation of 13 signals with suggestive association (P < 5 x 10-5) (Supplementary Table 6). We observed a novel signal at 10p15.1 between the two established type 1 Disease@MESH:D003920 loci at Gene@3559 and Gene@5588, which achieved genome-wide significance (Mutation@rs1983890-C, odds ratio [OR] [95% CI] = 1.16 [1.14-1.32]; P = 3.02 x 10-8) (Fig. 1A and B). Given that the LADA signal is situated in close proximity to known type 1 Disease@MESH:D003920 risk loci and was in moderate-to-low LD with established type 1 Disease@MESH:D003920-associated alleles (Supplementary Table 7), we conditioned on the type 1 Disease@MESH:D003920 and observed that Mutation@rs1983890 remained strongly associated with LADA (OR [95% CI] = 1.15 [1.13-1.19]; P = 4.35 x 10-8) (Fig. 1C). This signal reached suggestive association in a study of type 1 Disease@MESH:D003920 (P = 1.3 x 10-7) and as such may not represent a unique LADA association. DEPICT gene prioritization analysis identified the gene encoding Gene@5209 (Gene@5209), the nearest gene to the LADA signal, as the most likely functional candidate (Supplementary Table 8)", "type": "paragraph"}, {"sent": "LocusZoom plots for the Gene@5209 locus. A: In LADA vs. population control subjects with the addition of replication samples, Mutation@rs1983890 reached borderline genome-wide significance. B: This signal lies in between two type 1 Disease@MESH:D003920-associated loci at 10p15.1. C: When we conditioned on the two known type 1 Disease@MESH:D003920 loci, the signal in LADA remained. LocusZoom plots were constructed to show the association data of SNPs 400 kb upstream and downstream of the lead LADA-associated signal at Mutation@rs1983890. chr10, chromosome 10", "type": "fig_caption"}, {"sent": "Some of the loci that were suggestively associated with LADA in this study overlap previously documented type 1 Disease@MESH:D003920 associations, including Mutation@rs11755527 (Gene@60468) and Mutation@rs941576 (Gene@8788), and the type 2 Disease@MESH:D003920 association at Mutation@rs11888640 (Gene@63892). Taking a candidate gene approach, we extracted 66 established type 1 Disease@MESH:D003920-associated loci from the LADA versus population control subject meta-analysis and found that 17 of these yielded association with LADA after multiple-test correction (P < 7.6 x 10-4) (Supplementary Table 9). Taking a similar approach with 65 established type 2 Disease@MESH:D003920 loci, none surpassed the significance threshold; however, at the nominal significance level (P < 0.05), 11 type 1 Disease@MESH:D003920 and 11 type 2 Disease@MESH:D003920 variants were associated with LADA, all having the same direction of effect as seen for Disease@MESH:D003924, respectively, except for the type 2 Disease@MESH:D003920 locus Gene@148113 (Mutation@rs10401969-T, OR [95% CI] = 0.820 [0.726-0.927]; P = 0.0016) (Supplementary Table 10). On the whole, both type 1 and Disease@MESH:D003924 loci had lower P values in LADA than expected by chance (Supplementary Fig. 3). Approximately 90.6% of type 1 Disease@MESH:D003920 loci (Supplementary Table 9) had directional consistency in LADA (P = 4.51 x 10-12) and 72.3% of type 2 Disease@MESH:D003920 loci (Supplementary Table 10) had directional consistency in LADA (P = 2.10 x 10-4). Combining type 1 and Disease@MESH:D003924 loci, 81.4% had directional consistency in LADA (P = 1.40 x 10-13). Therefore, we observed a significant enrichment of established type 1 and Disease@MESH:D003924 loci having the same directional effect in LADA", "type": "paragraph"}, {"sent": "Next, we compared LADA with type 2 Disease@MESH:D003920 at the genome-wide level. Similar to the results of LADA versus population control subjects, LADA (n = 2,454) versus type 2 Disease@MESH:D003920 (n = 10,396) yielded genome-wide significance for the same four type 1 Disease@MESH:D003920 risk loci (Table 1). We then performed a GWAS of LADA (n = 2,454) versus type 1 Disease@MESH:D003920 (n = 968) to assess whether any differences could be detected. Only the Gene@3117 region was significantly different between type 1 Disease@MESH:D003920 and LADA, representing a relative depletion of the lead signal in LADA when compared with type 1 Disease@MESH:D003920 (Mutation@rs9273368-A, OR [95% CI] = 0.335 [0.256-0.385]; P = 8.46 x 10-40) (Table 1). Leveraging the entire genome-wide summary statistics, genetic correlation analyses showed that LADA was positively correlated with both type 1 Disease@MESH:D003920 (with the inclusion of the Gene@3117; rg [Disease@None] = 0.385 [0.136]; P = 0.0047) and Disease@MESH:D003924 (without the Gene@3117; rg [Disease@None] = 0.281 [0.106]; P = 0.008)", "type": "paragraph"}, {"sent": "Stratifying LADA case subjects into tertiles resulted in the detection of the same four loci, although the magnitude of the associations differed between the top tertile versus population control subjects, the top two tertiles versus population control subjects, and the bottom tertile versus population control subjects (Supplementary Table 11). As expected, the ORs for the leading loci were strongest in the case subjects with LADA with the highest GADA titers. For example, Mutation@rs9273368 (Gene@3119) showed the strongest association with LADA in the analysis including the top tertile of GADA titer (OR [95% CI) = 3.30 [2.81-3.88]; P = 1.89 x 10-47) and the lowest association in the bottom GADA tertile (OR [95% CI] = 2.42 [2.06-2.85]; P = 2.13 x 10-26). Furthermore, only the Gene@3119 locus was significantly associated in the case subjects with LADA with the lowest GADA titers, whereas the Gene@26191, Gene@723961, and Gene@10019 loci were only evident among case subjects with higher GADA titers. Furthermore, Mutation@rs7903146 at Gene@6934 had a slightly higher OR in the group with the lowest GADA titer than that with the highest GADA titer (1.09 vs. 1.05, respectively)", "type": "paragraph"}, {"sent": "To further investigate differences in the Gene@3117 region between LADA and type 1 Disease@MESH:D003920, we imputed this region using SNP2HLA in 2,159 case subjects with LADA from the Action LADA plus Children's Hospital of Philadelphia plus Swedish cohorts and 1,990 patients with type 1 Disease@MESH:D003920 (Wellcome Trust Case Control Consortium) and compared the frequencies of the leading type 1 Disease@MESH:D003920-associated Gene@3117 haplotypes (Supplementary Table 12). After removing haplotypes with <1% frequency, 15 known type 1 Disease@MESH:D003920-associated Gene@3117 haplotypes were tested for association in LADA compared with type 1 Disease@MESH:D003920. Eleven type 1 Disease@MESH:D003920 haplotypes were significantly different in frequency between case subjects with LADA and type 1 Disease@MESH:D003920 after correction for multiple testing (P < 0.003), with all but four being protective against type 1 Disease@MESH:D003920. The four type 1 Disease@MESH:D003920 susceptibility haplotypes, Gene@3123*0301-DQA1*0501-DQB1*0201, Gene@3123*0401-DQA1*0301-DQB1*0302, Gene@3123*0404-DQA1*0301-DQB1*0302, and Gene@3123*0405-DQA1*0301-DQB1*0302, had significantly lower frequencies in LADA than in type 1 Disease@MESH:D003920", "type": "paragraph"}, {"sent": "Taken collectively, GWAS and Gene@3117 haplotype analyses based on established associations, along with gene set enrichment analyses, support the hypothesis that the strongest genetic risk loci for LADA are shared with type 1 Disease@MESH:D003920 but that established type 2 Disease@MESH:D003920 alleles also play a weaker role, as evidenced by the enrichment of established type 2 Disease@MESH:D003920 loci in LADA and the positive genetic correlation between LADA and Disease@MESH:D003924. The strong type 1 Disease@MESH:D003920-like signature seen in this study in adult Disease@MESH:D003922 could be explained by the differing genetic architectures between the two main types of Disease@MESH:D003920, with type 1 Disease@MESH:D003920 having multiple low-frequency risk variants with high ORs, whereas type 2 Disease@MESH:D003920 has many common risk variants with smaller effect sizes. Given these architectural differences, any trait with a type 1 Disease@MESH:D003920-like genetic component will detect type 1 signals first and would only subsequently detect the type 2 signals with increased statistical power (Supplementary Table 3)", "type": "paragraph"}, {"sent": "Furthermore, this has important implications for genetic studies of type 2 Disease@MESH:D003920, in which case subjects with misdiagnosed Disease@MESH:D003922 are not routinely screened out. With increasing sample sizes and the ability to detect additional loci, type 2 Disease@MESH:D003920 GWAS that are contaminated with adult autoimmune case subjects will inevitably begin to detect type 1 Disease@MESH:D003920-associated genetic loci, potentially misassigning these loci to type 2 Disease@MESH:D003920 etiology", "type": "paragraph"}, {"sent": "In comparing LADA to the general population, we identified a novel independent genome-wide significant signal at the Gene@5209 locus that persisted after conditioning on the two nearby type 1 Disease@MESH:D003920-associated signals on chromosome 10p15. Cumulative evidence for the 10p15 locus suggests it is a complex region associated with Disease@MESH:D003922, given that it already harbors two established risk alleles for type 1 Disease@MESH:D003920 as well as our signal for LADA. Previous studies strongly support Gene@5209 as a plausible biological candidate in Disease@MESH:D003920, given its gene product's role as a regulator of glycolysis and Gene@3630 signaling. In mice, a pair of complementary studies showed that disrupted Gene@170768 in adipose tissue exacerbated Gene@3630 resistance and adipose tissue Disease@MESH:D007249, whereas overexpression of the gene was protective. Furthermore, Gene@5209 plays a role in Disease@MESH:D001327; in T cells from patients with Disease@MESH:D001172, Gene@5209 is lost, leading to Disease@MESH:D018149, which in turn lead to an inability to mount a normal immune response and an increase in T-cell apoptosis. Further studies are thus warranted to investigate the role of Gene@5209 in LADA and to determine whether this signal is truly a distinguishing feature between adult and childhood-onset Disease@MESH:D003922", "type": "paragraph"}, {"sent": "Although the lead genome-wide significant loci are shared with those for type 1 Disease@MESH:D003920 risk, they clearly have a diminished impact in LADA. To further investigate the differences between LADA and type 1 Disease@MESH:D003920 at the Gene@3117 region, we performed a comparative haplotype analysis that showed a decreased frequency of type 1 Disease@MESH:D003920-associated risk haplotypes in LADA. This could be partly explained by the established age gradient in Gene@3117 frequencies seen in patients with type 1 Disease@MESH:D003920; however, Gene@3117 risk genotype frequencies have also been shown to differ between patients with LADA and patients with type 1 Disease@MESH:D003920 with age at onset older than 35 years. Future in-depth studies of the differences in Gene@3117 risk haplotypes between type 1 Disease@MESH:D003920 and LADA, taking age and ethnicity into account, are therefore also warranted", "type": "paragraph"}, {"sent": "In terms of type 2 Disease@MESH:D003920-associated loci, our results differ from previous candidate studies. For instance, our previously reported Gene@6927 locus was not observed in this setting. Furthermore, although previous studies showed an association for the leading type 2 Disease@MESH:D003920 risk locus at Gene@6934 with LADA, our data show relatively limited support of this finding (Supplementary Table 10) (LADA vs. population control subjects, Mutation@rs7903146-T: OR [95% CI] = 1.107 [1.024-1.20]; P = 0.011), which may be due to the limited power of our study to detect type 2 Disease@MESH:D003920 signals (Supplementary Table 2). To understand the evidence supporting the previous association, we examined the allele frequencies of the lead variant in each contributing cohort. This revealed that the difference in risk allele frequency between case and control subjects was cohort specific, with only one case-control set (Action LADA case vs. BMDCS control subjects) not supporting this association, principally due to the higher frequency of the risk allele in the control set (Supplementary Table 13). One possibility is that inclusion or exclusion of patients with type 2 Disease@MESH:D003920 from control cohorts would affect the frequency of the risk allele; however, sensitivity analysis with control sets that either excluded or included patients with Disease@MESH:D003920 in Swedish and Danish samples showed the persistence of an association (Supplementary Table 13), although not at the genome-wide significance level. Interestingly, a recent study found that the type 2 Disease@MESH:D003920 risk allele at the key Gene@6934 locus was associated with case subjects with type 1 Disease@MESH:D003920 who were older than 12 years at onset and positive for only a single autoimmune antibody. That study provides further evidence for a role for type 2 Disease@MESH:D003920 genetic risk in later-onset Disease@MESH:D003922 and resonates with the genome-wide observations we report in this study in adults", "type": "paragraph"}, {"sent": "The precise diagnostic criteria used to distinguish LADA from adult-onset type 1 and Disease@MESH:D003924 remain under debate. These differences in opinion have hindered the collection of well-phenotyped, clearly defined LADA cohorts for genetic studies and are reflected in the cohorts we included in this study (e.g., in terms of heterogeneous age inclusion thresholds and differences in autoantibody testing). In this study, we strove to be inclusive to maximize our sample size and statistical power, but we acknowledge that stringent, deeply phenotyped cohorts are needed to truly address where adult Disease@MESH:D003922 is placed on the Disease@MESH:D003920 spectrum. Another debate surrounds the idea that LADA cohorts may simply be collections of poorly phenotyped case subjects with adult-onset type 1 and Disease@MESH:D003924 and refutes the idea that LADA is a unique disease entity. However, GADA assays have a specificity of 95-98%, so by implication, some case subjects with type 2 Disease@MESH:D003920 with low-level GADA can be incorrectly classified as case subjects with LADA; these would, however, represent only a very small fraction of case subjects because the predictive specificity of GADA would have been increased by our cohort enrichment as with any biomarker assay. Conversely, the small percentage of case subjects with LADA who do not have GADA positivity but have other islet autoantibodies and are misclassified as having type 2 Disease@MESH:D003920 could affect the estimate of genetic correlation between LADA and Disease@MESH:D003924 to a small degree. Future studies should focus on defining the heterogeneity and misdiagnosis rates among patients with LADA", "type": "paragraph"}, {"sent": "Despite these limitations, using the definition of LADA presented in this study, we identified factors that potentially distinguish this form of adult Disease@MESH:D003922 from childhood-onset type 1 Disease@MESH:D003920 as well as type 2 Disease@MESH:D003920: 1) a novel signal at the Gene@5209 locus and 2) attenuation of type 1-associated Gene@3117 risk haplotypes. Overall, we find the presence of both a Disease@MESH:D003922 and a type 2 Disease@MESH:D003920-like metabolic genetic component consistent with the phenotypic features of both main Disease@MESH:D003920 types, suggesting that LADA as defined in this study is a hybrid of these two major diseases. Our findings promote the hypothesis that the polygenic component that contributes susceptibility to type 2 Disease@MESH:D003920 can act as a modifier to type 1 Disease@MESH:D003920 risk, possibly as a \"second hit\" in individuals who have moderate underlying autoimmune susceptibility that is insufficient to trigger childhood type 1 Disease@MESH:D003920 but greater than that of the general population and sufficient to lead to clinical Disease@MESH:D003920 in adulthood. Taken together, future studies should examine the role of BMI, which is lower in type 1 Disease@MESH:D003920 and higher among patients with Disease@MESH:D003924, in adult Disease@MESH:D003922, as well as further defining the role of factors that potentially distinguish adult Disease@MESH:D003922 from type 1 and Disease@MESH:D003924", "type": "paragraph"}, {"sent": "In this first GWAS of LADA, we show that the leading genome-wide significant signals point toward LADA as being a late-onset form of type 1 Disease@MESH:D003920, albeit with a genetically attenuated potency of key type 1 Disease@MESH:D003920-associated Gene@3117 haplotypes, but also with a type 2 Disease@MESH:D003920-like genetic component. Further in-depth studies are necessary to address how LADA and Disease@MESH:D003922 develop and to study the impact of heterogeneity among case subjects with LADA, as well as a need for functional studies to investigate how the glycolytic regulator Gene@5209 is situated at the intersection of Disease@MESH:D003922. Furthermore, our LADA data set should act as a resource to help mitigate the unaccounted presence of Disease@MESH:D003922 in patients masquerading as type 2 Disease@MESH:D003920, with implications for both GWAS and clinical management", "type": "paragraph"}]}