{"sentences": [{"sent": "Genome-wide association studies (GWAS) have discovered numerous genomic loci associated with Disease@MESH:D000544 (AD), yet the causal genes and variants remain incompletely identified. We performed an updated genome-wide AD meta-analysis, which identified 37 risk loci, including novel associations near Gene@8030, Gene@81619, Gene@8440, and Gene@200734. Using three SNP-level fine-mapping methods, we identified 21 SNPs with greater than 50% probability each of being causally involved in AD risk, and others strongly suggested by functional annotation. We followed this with colocalization analyses across 109 gene expression quantitative trait loci (eQTL) datasets, and prioritization of genes using protein interaction networks and tissue-specific expression. Combining this information into a quantitative score, we find that evidence converges on likely causal genes, including the above four genes, and those at previously discovered AD loci, including Gene@274, Gene@83464, Gene@2185, Gene@29992, and Gene@57091", "type": "abstract"}, {"sent": "Genome-wide association studies (GWAS) for family history of disease, known as GWAS-by-proxy (GWAX), are a powerful method for performing genetic discovery in large, unselected cohort biobanks, particularly for age-related diseases. Recent meta-analyses have combined GWAS of diagnosed late-onset Disease@MESH:D000544 (AD) with GWAX for family history of AD in the UK Biobank, and reported 12 novel disease-associated genomic loci. However, the causal genetic variants and genes which influence AD risk at these and previously discovered loci have only been clearly identified in a few cases. Discovering causal variants has led to deeper insight into molecular mechanisms of Disease@MESH:D003141, including Disease@MESH:D009765, Disease@MESH:D012559, and Disease@MESH:D015212. For AD, known causal variants include the epsilon4 haplotype in Gene@348, the strongest genetic risk factor for late-onset AD, and a common nonsynonymous variant that strongly alters splicing of CD33 exon 2. Likely causal rare nonsynonymous variants have also been discovered in Gene@54209 , Gene@5336 and Gene@51225 . These findings have strengthened support for a causal role of microglial activation in AD", "type": "paragraph"}, {"sent": "Although non-synonymous variants are highly enriched in trait associations, most human trait-associated variants do not alter protein-coding sequence and are thought to mediate their effects via altered gene expression, which is likely to occur in a cell type-dependent manner. A growing number of studies have mapped genetic variants affecting gene expression, known as expression quantitative trait loci (eQTLs), in diverse tissues or sorted cell types. While it has become common to integrate GWAS results with eQTLs, this is often limited to a small number of datasets thought to be relevant", "type": "paragraph"}, {"sent": "To identify putative causal genetic variants for AD, we performed a meta-analysis of GWAX in the UK Biobank with the latest GWAS for diagnosed AD, followed by fine-mapping using three alternative methods. Notably, this updated GWAS tested more genetic variants than the Lambert et al. study used in meta-analyses by Jansen et al. and Marioni et al. (11.5 vs. 7.1 million). The increased power from our meta-analysis revealed four additional AD risk loci, and the higher density genotype imputation identified new candidate causal variants at both novel and established loci. We also performed statistical colocalization analyses with a broad collection of eQTL datasets, including a recent study on primary microglia, to identify candidate genes mediating risk at AD loci. We find that multiple lines of evidence, including colocalization, tissue- or cell type-specific expression, and information propagation in gene networks, converge on a set of likely causal AD genes", "type": "paragraph"}, {"sent": "We performed a GWAX in the UK Biobank for family history of AD, based on 53,042 unique individuals who were either diagnosed with AD or who reported a parent or sibling having Disease@MESH:D003704, and 355,900 controls. This identified 13 risk loci (P < 5 x 10-8), 10 of which have been reported previously. Three novel loci were located near Gene@8440, Gene@5617, and Gene@51059. Notably, Gene@5617 has been reported as a CSF biomarker of AD. We next did a fixed-effects meta-analysis of these GWAX results with the Kunkle et al. stage 1 GWAS meta-analysis of 21,982 cases with diagnosed AD and 41,944 controls, across 10,687,126 overlapping variants (Fig. 1). This revealed 34 AD risk loci (P < 5 x 10-8), 22 of which were reported in Kunkle et al., while 8 others were reported in either Jansen et al. or Marioni et al.. Four loci were novel, located near Gene@8440, Gene@81619, Gene@200734, and Gene@8030. Notably, the Gene@5617 and Gene@51059 regions showed no evidence of association in Kunkle et al. (P > 0.1), and hence were not significant in meta-analysis. We included 37 loci in our follow-up analyses, which included three loci found at suggestive significance (P < 5 x 10-7) near Gene@10320, Gene@9256, and Gene@81615 (Fig. 1 and Supplementary Table 1). LD score regression showed that most of the inflation in summary statistics was due to the polygenicity of AD rather than confounding by population structure (lambda_GC = 1.140, intercept = 1.0285 with SE = 0.0069; Supplementary Table 2). Of our 37 loci, 16 were nominally replicated (P < 0.05) in either the Gr@Gene@1636 study (4,120 probable AD cases and 3,289 controls) or the FinnGen biobank (v3, 3,697 cases and 131,941 controls) (Supplementary Table 3). Among our four novel loci, only Gene@81619 replicated with P < 0.05 (in FinnGen), although power was limited in these smaller datasets (estimated at 28-76%), and most of the alleles had concordant directions of effect. In a meta-analysis with all four datasets, support for most loci was strengthened (Extended Data Fig. 1), including novel loci Gene@81619, Gene@8030 and Gene@8440, but was weakened for Gene@200734 (meta-analysis P = 1.3 x 10-7). Although not included in downstream analyses, four new loci became genome-wide significant, near Gene@2896, Gene@3500, Gene@81858, and Gene@114132 (Supplementary Table 3)", "type": "paragraph"}, {"sent": "Next, we applied stepwise conditioning using GCTA, with linkage disequilibrium (LD) determined from UK Biobank samples, to identify independent signals at the discovered loci. Apart from Gene@348, 9 loci had two independent signals, while the Gene@54209 locus had three signals (Fig. 1c). Interestingly, a number of the loci discovered recently had multiple signals: Gene@8440, Gene@2041, Gene@102, Gene@1636, and APP-Gene@9510. To extract insight from both new and established Disease@MESH:D000544 discoveries, we performed comprehensive colocalization, annotation, fine-mapping and network analyses to identify causal genes and variants (Fig. 1a)", "type": "paragraph"}, {"sent": "To identify genes whose expression may be altered by risk variants, we performed statistical colocalization between each of 36 risk loci (excluding Gene@348) and a set of 109 eQTL datasets representing a wide variety of tissues, cell types and conditions (Fig. 2 and Supplementary Table 4). The eQTL datasets include a study of primary microglia from 93 brain surgery donors, a meta-analysis of 1,433 brain cortex samples, 49 tissues from GTEx, and 57 eQTL datasets uniformly reprocessed as part of the eQTL catalogue. The latter include multiple studies in tissues of potential relevance to AD, such as brain, as well as sorted blood immune cell types under different stimulation conditions. For each gene, the colocalization analysis reports the probability that the GWAS and eQTL share a causal variant, referred to as hypothesis 4 (H4)", "type": "paragraph"}, {"sent": "Some studies using colocalization have suggested that there is relatively limited overlap between GWAS associations and eQTLs above that expected by chance. A possible reason is that colocalization analyses can have low sensitivity to detect shared causal variants between traits, which could occur for a number of reasons. First, when a locus has multiple causal variants, and not all causal effects are shared between the two studies, colocalization may not be detected. Second, if the relevant tissue, cell type, or cellular context has not been assayed, then a colocalization may not be found. Third, differences in LD patterns between studies can reduce the likelihood of a positive colocalization. Lastly, low power in either study can further reduce the colocalization probability. To mitigate the first effect, we performed colocalizations separately for each conditionally independent AD signal, to model the case where not all causal variants are shared, as well as for the combined AD signal at each locus. Problems relating to power, LD mismatch, or missing the relevant cell type or context are partially mitigated by our use of a large number of highly-powered eQTL datasets, which include those with stimulated conditions", "type": "paragraph"}, {"sent": "Across the 36 loci, we found 391 colocalizations with at least 80% probability of a shared causal variant between AD and eQTL, representing 80 distinct genes at 27 loci (Supplementary Tables 5 and 6). The genes implicated by colocalization include many that have previously been investigated for roles in AD, such as Gene@2185 , Gene@274 , Gene@29992 , CD33 , and Gene@54209 , as well as novel candidates including Gene@2207, Gene@81619, Gene@83464, and Gene@1636. However, the presence of multiple genes with colocalization evidence within individual loci suggests that additional lines of evidence are important for prioritizing relevant genes", "type": "paragraph"}, {"sent": "Confirming the causal genes underlying AD risk will ultimately require experiments to identify the molecular mechanisms by which gene function is altered. Such experiments must be motivated by strong hypotheses regarding potentially causal variants and their possible effects. To identify candidate causal variants, we used three distinct fine-mapping methods: single causal variant fine-mapping on each conditionally independent signal; FINEMAP, limiting the number of causal variants at each locus to the number of signals determined by GCTA; and PAINTOR, a method that leverages enrichments in functional genomic annotations to improve causal variant identification (see Methods)", "type": "paragraph"}, {"sent": "As a reference panel for our analyses, we used LD computed from UK Biobank participants. Previous work has shown that using reference panels that are either too small or poorly matched can result in spurious fine-mapping signals. For this reason, we conducted a sensitivity analysis (described in the Supplementary Note) by using the same reference panel for conditional analysis and fine-mapping on the non-UK Biobank portion of our meta-analysis (Kunkle et al.). This gave comparable independent signals and SNP probabilities to the full meta-analysis, with the exception of a few loci, namely Gene@10347, HLA, Gene@2041, and Gene@79746 (Extended Data Fig. 2)", "type": "paragraph"}, {"sent": "We used 44 annotations individually as input to PAINTOR (Supplementary Table 7); these included ATAC-seq peaks from primary microglia or iPSC-derived macrophages, DNase peaks from the Roadmap Epigenomics project, variant consequence annotations, and evolutionary conservation (Fig. 3). We also used scores from DeepSEA and SpliceAI, deep-learning methods that predict the effects of variants on transcription factor binding or splicing. Missense mutations were the most enriched annotation, with 19.2-fold increased odds of being causal SNPs, but they comprised only 1% of input SNPs. Blood or immune DNase Disease@MESH:D004342 peaks merged from 24 Roadmap Epigenomics tissues provided the highest model likelihood, as these peaks covered 16% of SNPs, despite a lower 6.4-fold enrichment. Variants with a non-zero score from SpliceAI, which predicts changes to gene splicing, were also highly enriched (9.3-fold)", "type": "paragraph"}, {"sent": "We next built a multi-annotation model in PAINTOR following a stepwise selection procedure, which identified a minimal but informative set of three annotations: blood and immune DNase, nonsynonymous coding variants, and variants with SpliceAI score greater than 0.01. We used probabilities from this PAINTOR model, and computed the mean causal probability per variant across the three fine-mapping methods", "type": "paragraph"}, {"sent": "There were 21 variants with mean causal probability above 50% across the fine-mapping methods, and 79 further variants with probabilities from 10-50% (Table 1 and Supplementary Table 8). These include SNPs near established AD risk genes, such as Mutation@rs6733839 ~20 kb upstream of Gene@274, which has recently been shown to alter a microglial MEF2C binding site and to regulate Gene@274 expression specifically in microglia. High-confidence variants also include a well-known missense SNP in Gene@29992 , and a splice-altering missense SNP in CD33 . Missense SNP Mutation@rs4147918 in Gene@10347 had 55% causal probability, and Gene@10347 harbored 5 further missense SNPs with probabilities greater than 0.01%, at varying allele frequencies. Notably, Mutation@rs4147918 and 6 other variants within Gene@10347, including the lead SNP Mutation@rs12151021, had positive SpliceAI scores. This is consistent with reports of a burden of deleterious variants at Gene@10347 associated with AD, as well as potential changes to splicing caused by intronic variable tandem repeats", "type": "paragraph"}, {"sent": "A number of newly identified AD risk genes had high-confidence fine-mapped variants. These include the Gene@8440 rare intronic SNP Mutation@rs143080277 (>99% probability, MAF 0.4%), Gene@83464 missense SNP Mutation@rs117618017 (90% probability), Mutation@rs2830489 near Gene@9510 (72% probability), and Mutation@rs268120 intronic in Gene@200734 (56% probability)", "type": "paragraph"}, {"sent": "Manual review highlighted a number of candidate causal variants, where the annotation-based SNP probability was higher than that of the other two methods (Fig. 4). Within Gene@81619, Mutation@rs1870137 and Mutation@rs1870138 reside within a DNase Disease@MESH:D004342 peak found broadly across tissues, which is also an ATAC peak in microglia. Of these, Mutation@rs1870138 lies at the centre of a ChIP-seq peak for binding of multiple transcription factors, including Gene@2353/JUN and Gene@2623. The AD risk allele Mutation@rs1870138-G alters an invariant position of a binding motif for Gene@6886, a gene highly expressed in microglia, and which is a binding partner for Gene@2623. This allele is also associated with increased monocyte count and increased risk for Disease@MESH:D015212. Notably, the AD signal in the region colocalizes with both an eQTL and a splicing QTL for Gene@81619 in multiple datasets, and Mutation@rs1870138-G associates with higher Gene@81619 expression in brain and in microglia, but with lower expression in some GTEx tissues", "type": "paragraph"}, {"sent": "Missense SNP Mutation@rs117618017 in exon 1 of Gene@83464 (Thr27Ile) is the likely single causal variant at its locus, with fine-mapping probability of 90% (Fig. 4b). Gene@83464 is a component of the gamma-secretase complex, other members of which (Gene@5663, Gene@5664) have rare variants associated with early-onset AD. Interestingly, the AD signal colocalizes with an Gene@83464 eQTL in monocytes, neutrophils and T-cells, and Mutation@rs117618017-T associates with higher AD risk and higher Gene@83464 expression across datasets. This allele introduces a motif for transcriptional regulator Gene@7528, and is predicted by DeepSEA to increase Gene@7528 binding in multiple ENCODE cell lines. Therefore, it is an open question whether AD risk is mediated by altered Gene@83464 protein structure or altered gene expression", "type": "paragraph"}, {"sent": "Finally, the AD association on chromosome 20 colocalizes with an eQTL for Gene@57091 in Blueprint monocytes and in GTEx whole blood. While intronic lead SNP Mutation@rs6014724 (55% probability) shows no evidence of transcription factor (Gene@2152) binding in ENCODE data, Mutation@rs17462136 (7% probability) lies in a region of dense Gene@2152 binding in the 5' UTR of Gene@57091 (Fig. 4c). The nucleotide position is highly conserved (Gene@81603 score 3.46) and overlaps an ATAC peak in microglia, and the Mutation@rs17462136-C allele introduces a TEAD1 binding motif. In addition, Mutation@rs17462136 is more strongly associated with Gene@57091 expression in multiple eQTL datasets than is Mutation@rs6014724", "type": "paragraph"}, {"sent": "As a further line of evidence, we developed a method that leverages gene network connectivity to prioritize genes at individual loci. We first constructed a gene interaction network combining information from the STRING, IntAct and Gene@9402 databases. Next, we nominated 32 candidate AD genes (Supplementary Table 9), based on our other evidence sources as well as literature reports, and used these as seed genes similar to the approach used in the priority index for drug discovery. For each locus in turn, we used as input all seed genes except those at the locus, and propagated information through the network with the page rank algorithm. The \"networkScore\" for a gene thus represents the degree to which the gene is supported by its interaction with top AD candidate genes at other loci, unbiased by any locus-specific features", "type": "paragraph"}, {"sent": "Across AD loci, our selected seed genes were highly enriched for having high network-based gene scores (one-tailed Wilcoxon rank sum test, P = 5 x 10-9; Extended Data Fig. 3). At our four novel AD loci, the nearest gene (Gene@8440, Gene@81619, Gene@200734, Gene@8030) in each case was one of the top two highest-scoring genes within 500 kb. Many established or recently discovered AD genes were also the top gene within 500 kb by network score, including Gene@1636, Gene@274, Gene@57091, Gene@23607, Gene@8301, Gene@5336, and Gene@2185. At the Gene@123041 locus, Gene@79890 was strongly supported, whereas Gene@123041 was not, in line with evidence from deleterious rare variants that Gene@79890 may be causal", "type": "paragraph"}, {"sent": "Genes highly ranked by network propagation also include many outside of genome-wide significant AD loci (Supplementary Table 10). Consistent with their involvement in AD, such genes tended to have SNPs with lower P values nearby than did remaining genes (Fig. 5a and Extended Data Fig. 3c), suggesting that numerous AD loci remain to be discovered with larger GWAS sample sizes. Top network-ranked genes include Gene@10288 (nearby Mutation@rs3855678 P = 9.8 x 10-6), which encodes a leukocyte immunoglobulin-like receptor that recognizes multiple HLA alleles, and which may also be involved in amyloid-beta fibril growth; Gene@19 (Mutation@rs59237458 P = 4 x 10-6), involved in phospholipid transfer to apolipoproteins and previously associated with AD; Gene@6720 (Mutation@rs35763683 P = 2 x 10-6), required for lipid homeostasis; and Gene@375790 (Mutation@rs2710871 P = 4 x 10-6), involved in synapse formation in mature hippocampal neurons. Overall, genes with high network ranks were strongly enriched in biological processes and pathways that have previously been associated with AD, including clathrin-mediated endocytosis, activation of immune response, phagocytosis, Ephrin signaling, and complement activation (Supplementary Table 11)", "type": "paragraph"}, {"sent": "To understand the contribution of cell-type specific gene expression to AD risk, we used fgwas to assess the genome-wide enrichment of SNPs near genes highly expressed in specific cell types, based on a single-nucleus sequencing dataset of 49,495 nuclei from six human brain cortical areas. Out of 18 broad cell type clusters, only microglia showed clear enrichment of AD risk (odds ratio (OR) 6.0) near genes with expression above the 90th percentile across cell types (Fig. 5b). We performed a similar analysis looking at bulk gene expression across human tissues from GTEx, along with a small number of additional RNA-seq datasets, including sorted primary microglia from brain surgeries (Extended Data Fig. 4 and Supplementary Table 12). This gave consistent results, with microglia showing strong enrichment (OR 4.4), followed by tissues rich in immune cells, including spleen (Gene@79291) and whole blood (Gene@391548). Notably, iPSC-derived microglia showed similar enrichment to primary microglia, while bulk brain tissues (including hippocampus) showed no enrichment", "type": "paragraph"}, {"sent": "Determining the genes responsible for AD risk across GWAS loci is challenging, in part because few genes have been definitively confirmed as having a causal role. We therefore developed a comprehensive gene prioritization score, which incorporates quantitative information based on five lines of evidence: gene distance to lead SNPs, colocalization, network score, bulk and single-cell gene expression, and the sum of fine-mapped probability for any coding SNPs within a gene (Fig. 6, Extended Data Figs. 5 and 6, and Supplementary Table 13)", "type": "paragraph"}, {"sent": "We first explored how best to use colocalization information. We found that genes with maximum colocalization probability (maxH4) above 0.9 had higher prioritization scores based on the other four predictors, but this was not the case for genes with weaker colocalization evidence (Extended Data Fig. 5a). We also examined colocalizations in different cell type or tissue groups, such as brain, microglia, and other GTEx tissues. There was little evidence that colocalizing genes within any specific groups had higher total scores than other groups (Extended Data Fig. 5b), although this conclusion was limited by the low number of studies in some cell types, such as microglia. We therefore based our colocalization score on the maximum colocalization probability across tissues (> 0.9) and normalized this to the range 0-1", "type": "paragraph"}, {"sent": "A priori, we do not know which lines of evidence are most important for prioritizing genes. We therefore sought a systematic way to identify appropriate weights for the predictors. Although we do not know the causal AD genes, we selected two independent, unbiased sets of candidate genes for use in supervised learning: genes nearest to the GWAS peaks, and genes with high network scores (>80th percentile). In order to identify weights for our predictive features, we defined two models to discriminate these two gene sets from others within 500 kb, in each case using cross-validated lasso-regularized logistic regression with the remaining variables as predictors. As expected, when predicting genes nearest GWAS peaks, the highest-weight predictor was fine-mapped coding variants; however, only a few loci have such variants. The most informative predictor, determined based on change in mean-squared error when the predictor is left out, was colocalization, followed by coding variants and then network score (Supplementary Table 14). When predicting high network score genes, the most informative predictor was distance to GWAS peak, followed by microglial gene expression, and neither colocalization nor coding variant predictors improved the model. For both models, including hippocampus expression (GTEx) or single-cell astrocyte expression resulted in worse models (increased mean squared error)", "type": "paragraph"}, {"sent": "We defined our gene prioritization \"model score\" as the average of the predictions from our two models. The model score identified as top-ranked many AD candidate genes previously suggested as causal (Fig. 6). Exemplifying the importance of integrating genetic evidence sources, Gene@10347, Gene@6653, and Gene@1378 were top-ranked by overall score at their respective loci, despite having only moderate network-based scores, while Gene@6653, Gene@8301, and Gene@6688 were top-ranked despite having limited eQTL colocalization evidence", "type": "paragraph"}, {"sent": "While our prioritization further supports many established AD candidate genes, it also implicates novel genes. Among these are Gene@2207, which has been reported as a hub gene in microglial gene modules associated with Disease@MESH:D019636, and has been experimentally shown to influence microglial phagocytosis. Another candidate is Gene@7791, which receives a top network score, is highly expressed in microglia, and which was recently nominated as an AD risk gene based on chromatin interactions between the Gene@7791 promoter and AD risk variants in a Gene@7791 enhancer", "type": "paragraph"}, {"sent": "Identifying therapeutic targets for human diseases is a key goal of human genetics research, and is particularly important for Disease@MESH:D019636 such as AD, for which no disease-modifying therapies yet exist. However, identifying the causal genes and genetic variants from GWAS is challenging, since non-coding associations can act via regulation of distal genes. We approached this challenge for AD by performing comprehensive fine-mapping, eQTL colocalization, network analysis, and quantitative gene prioritization", "type": "paragraph"}, {"sent": "Our meta-analysis identified four novel associations near Gene@8440, Gene@200734, Gene@81619, and Gene@8030. Each of these was the nearest gene to the association peak and was supported by both eQTL colocalization and network ranking. Yet, despite the large number of eQTL datasets that we used, colocalization of likely AD risk genes was sometimes found in only one or a few datasets; this was the case for Gene@200734 (TwinsUK LCL coloc probability 0.99), Gene@79890 (GTEx frontal cortex probability 0.94), and Gene@29992 (Fairfax LPS-2hr monocyte coloc probability 0.99). Many factors could account for dataset-specific colocalizations, such as biological differences in sample state, differences in LD match between the GWAS and eQTL datasets, and technical differences in the transcriptome annotations used for eQTL discovery. As a result, absence of colocalization provides only weak evidence for lack of an effect in a given tissue type, whereas positive colocalization provides strong support for a shared genetic effect. It is therefore useful to look broadly across eQTL studies for colocalization, which will be facilitated by resources that simplify access to these datasets, such as the eQTL catalogue", "type": "paragraph"}, {"sent": "One of our most confidently prioritized genes was Gene@83464, encoding a gamma-secretase complex component involved in APP processing. Gene@83464 harbors the likely causal missense variant Mutation@rs117618017, yet also has strong colocalization evidence that higher expression correlates with higher AD risk. One possibility is that impaired function of Gene@83464 due to the missense variant leads to upregulation of Gene@83464 transcription. This interpretation would be consistent with evidence from both mice and humans that loss of Gene@83464 and gamma-secretase function leads to AD. It is noteworthy, however, that recent experiments failed to find an effect of the Mutation@rs117618017 variant on gamma-secretase activity in HEK cells", "type": "paragraph"}, {"sent": "Among our novel associations, Gene@81619 has a role in defining the localization of Gene@102, another recently discovered AD gene that is a key component of the alpha-secretase complex and that could thus mediate AD risk via processing of Gene@351. However, Gene@102 also cleaves the microglia-associated protein Gene@54209 to generate its soluble ligand-binding domain. Our fine-mapping showed that the risk SNP Mutation@rs1870138 is also associated with higher risk for Disease@MESH:D015212 (Disease@MESH:D015212), an immune-mediated disease, and with higher monocyte count in UK Biobank participants. Since Gene@81619 is expressed more highly in immune cell types, including microglia, than in brain tissue, it is also plausible that AD risk is mediated by its effect on either immune cell count or activation. Recently proposed AD candidate genes supported by our analyses include Gene@79890, Gene@9957, and Gene@2207. As noted above, Gene@2207 is a microglial master regulator; Gene@79890 interacts with both Gene@274 and Gene@23607 in the early endocytic pathway; Gene@9957 is involved in cellular uptake of Gene@4137 and was recently been associated with AD in an independent Norwegian sample", "type": "paragraph"}, {"sent": "In summary, our study reports quantitative gene prioritization for 36 AD-associated regions, as well as AD-specific gene network scores beyond these loci. Our genetic findings highlight the presence of diverse mechanisms in AD pathogenesis and suggest candidate targets for therapeutic development", "type": "paragraph"}, {"sent": "Sample QC, variant QC and imputation was performed on all UK Biobank (UKB) participants as described in Bycroft et al.. After genotype imputation, 93,095,623 variants across 487,409 individuals were available for analysis. To exclude individuals of non-European ancestry, we extracted \"White British\" ancestry participants as described in Bycroft et al.. These individuals self-reported their ethnic background as \"British\" and have similar genetic ancestry based on principal components (PC) analysis. To extract additional individuals of European ancestry, we followed a similar approach to Bycroft et al. and applied Aberrant on PCs 1v2, 3v4 and 5v6 across the individuals who self-reported as \"Irish\" or \"Any other white background\". We identified first-degree relatives by applying KING v2.0 to 147,522 UKB participants who had at least one relative identified in Bycroft et al. (UKB Field 22021). For each first-degree relative pair, we prioritized AD cases and proxy-cases (see below) for inclusion, and otherwise excluded one of the pair at random. We also excluded variants with low imputation quality (INFO < 0.3) and/or those with minor allele frequencies below 0.0005, resulting in 25,647,815 variants available for analysis", "type": "paragraph"}, {"sent": "AD cases were extracted from UKB self-report (field 20002), ICD10 diagnoses (fields 41202 and 41204) and ICD10 cause of Disease@MESH:D003643 (fields 40001 and 40002) data. UKB participants were asked whether they have a biological father, mother or sibling who suffered from Disease@MESH:D000544/Disease@MESH:D003704 (UKB fields 20107, 20110, and 20111, respectively). We extracted all participants with at least one affected relative as proxy-cases. Participants who answered \"Do not know\" or \"Prefer not to answer\" were excluded from analyses. All remaining individuals were denoted as controls", "type": "paragraph"}, {"sent": "There were 898 AD cases, 52,791 AD proxy cases and 355,900 controls in the combined white British and white non-British cohorts. For association analyses, we lumped the true and proxy-cases together (53,042 unique affected individuals) and used the linear-mixed model implemented in BOLT-LMM", "type": "paragraph"}, {"sent": "To enable meta-analysis combining the UKB cohorts with external case-control studies, we first transformed the AD proxy BOLT-LMM summary statistics from the linear scale to a 1/0 log odds ratio:  with standard error:  where betaLMM and seLMM are the SNP effect sizes and standard errors respectively from BOLT-LMM, and f is the fraction of cases in the sample. Since the affected individuals in our analysis include both true and proxy-cases, we then multiplied the transformed logORs and standard errors by 1.897 to approximate the logORs obtained from a true case/control study", "type": "paragraph"}, {"sent": "We combined the transformed UKB white British cohort, UKB white non-British cohort and the Stage 1 summary statistics from Kunkle et al. using a fixed-effects (inverse variance weighted) meta-analysis across 10,687,126 overlapping variants. For display purposes (Supplementary Table 8), we used CrossMap to convert variant positions from GRCh37 to GRCh38", "type": "paragraph"}, {"sent": "To assess replication of our discovered signals, we downloaded the publicly available summary statistics for the Gr@Gene@1636 study of AD from the GWAS catalog, and for the FinnGen GWAS of phenotypes \"Disease@MESH:D000544, wide definition\" and \"Disease@MESH:D000544 (Late onset)\" from FinnGen release 3. We extracted summary results for our lead SNPs, or a partner in strong LD when the lead SNP was not found, and present these in Supplementary Table 3. We estimated power to detect our four novel loci at nominal significance (P < 0.05) using the genetic power calculator (zzz.bwh.harvard.edu/Gene@2995/cc2.html) with the genotype relative risks estimated from our meta-analysis, and the allele frequency and case/control count from the GWAS study of interest (Gr@Gene@1636 or FinnGen), and assuming a disease prevalence of 5%. We performed an inverse variance-weighted meta-analysis of all four studies (Kunkle et al., UKB, Gr@Gene@1636, and FinnGen \"AD wide\"), similar to our discovery meta-analysis", "type": "paragraph"}, {"sent": "To run GCTA, we prepared plink input files with genotypes from 10,000 randomly sampled UKB individuals at variants within +/- 5 Mb from each lead SNP. We excluded variants with INFO < 0.85, or which had a P-value from Cochran's Q test for study heterogeneity < 0.001. We also excluded variants with minor allele frequency (MAF) in UKB below 0.1%, as LD estimates are unreliable at low allele counts. We selected these thresholds after manual examination of fine-mapping results, where we found that more lenient cutoffs led either FINEMAP or PAINTOR to select implausible causal variants at a few loci, such as pairs of very weakly associated rare variants to explain a common variant signal. We ran GCTA (v1.92.1) --cojo-slct with a threshold of P < 10-5 to identify secondary signals at each locus, and then retained only loci with a lead P-value below 5 x 10-8. For the HLA locus, we used a GCTA P-value threshold of 5 x 10-8. We also retained the loci Gene@9256, Gene@10320, and Gene@81615 since they had P < 5 x 10-8 in an earlier version of our analysis. We excluded the Gene@348 locus from conditional analysis and fine-mapping because the strength of association in the region would require a more perfect LD panel match to avoid spurious signals", "type": "paragraph"}, {"sent": "We then ran FINEMAP (v1.3) at each locus, with --n-causal-snps given as the number of independent SNPs determined by GCTA. For FINEMAP, we excluded variants with MAF < 0.2%. For loci with multiple signals, we also used GCTA --cojo-cond to condition on each independent SNP identified in the previous analysis, and retained SNPs within 500 kb of any conditionally independent SNP at the locus. To fine-map based on GCTA conditional signals, we converted beta and standard error values to approximate Bayes Factors (BF) using a prior of W = 0.1 (in Wakefield notation), and used the WTCCC single-causal variant method, probability = SNP BF / sum(all SNP BFs)", "type": "paragraph"}, {"sent": "To assess sensitivity of the results to our choice of reference panel, we applied the same steps (GCTA + FINEMAP) to summary statistics from the Kunkle et al. sub-study, which are described further in the Supplementary Note", "type": "paragraph"}, {"sent": "For eQTL colocalization, we downloaded summary statistics (see URLs) and determined eQTL genes at FDR 5% for each dataset in a uniform manner, first using Bonferroni correction of lead SNP nominal P values based on the number of variants tested for the gene, and using the Benjamini-Hochberg method to compute FDR. QTL calling for primary microglia was performed with RASQUAL with the --no-posterior-update option. For datasets in GRCh38 coordinates, we first used CrossMap to convert back to GRCh37 coordinates to match variants between eQTL and GWAS. We used the coloc package with default priors to perform colocalization tests between GWAS and eQTLs having lead variants within 500 kb of each other, and passed to coloc all variants within 200 kb of each lead variant. We also ran coloc using P-values for each conditionally independent GWAS signal, obtained with GCTA as described above", "type": "paragraph"}, {"sent": "We used the Ensembl VEP online Web tool (www.ensembl.org/vep) to predict variant consequences, and to add selected annotations (Supplementary Table 7). We downloaded bed files based on imputed data for Roadmap Epigenomics DNase and 25-state genome segmentations for 127 epigenomes. We grouped these into groups \"all\", \"brain\" (epigenomes 7, 9, 10, 53, 54, 67, 68, 69, 70, 71, 72, 73, 74, 81, 82, 125), and \"blood & immune\" (epigenomes 33, 34, 37, 38, 39, 40, 41, 42, 43, 44, 45, 47, 48, 62, 29, 30, 31, 32, 35, 36, 46, 50, 51, 116). We considered 9 genome segmentation states to represent enhancers: TxReg, TxEnh5, TxEnh3, TxEnhW, EnhA1, EnhA2, EnhAF, EnhW1, EnhW2. We used bedtools to determine overlaps, and counted the number of overlaps for each variant with peaks in the above groups. We downloaded FANTOM5 permissive enhancer annotations from fantom.gsc.riken.jp/5/data/. We downloaded pre-computed SpliceAI scores for variants within genes from github.com/Illumina/SpliceAI. We merged filtered whole-genome and exome scores together, and for each AD variant annotated the maximum score across splice donor gain, donor loss, acceptor gain, acceptor loss. We used DeepSEA (deepsea.princeton.edu) to annotate variants selected for functional fine-mapping with DeepSEA's \"functional significance\" score. BigWig files with PhastCons, PhyloP and Gene@81603 RS scores were downloaded from UCSC. We downloaded microglial ATAC-seq based on the study by Gosselin et al., aligned reads to GRCh37 with bwa 0.7.15, and called multisample peaks across all 15 datasets using MACS2. We prepared bigWig files from alignments by using bedtools genomecov, followed by bedGraphToBigWig. To visualise microglia ATAC-seq tracks we adapted code from wiggleplotr", "type": "paragraph"}, {"sent": "For fine-mapping with PAINTOR, we first restricted the number of considered variants for computational feasibility, by selecting 3,207 variants which had (i) FINEMAP probability >= 0.01% based on the GCTA-identified number of causal variants at the locus, or (ii) had FINEMAP probability >= 1% when run with either 1 or 2 causal variants, or (iii) were among the top 20 variants at the locus by FINEMAP probability. We defined binary annotations for input to PAINTOR based on the features described above, thresholding certain scores at multiple levels (e.g. CADD >= 5, 10, 20). For Roadmap annotations, we included a category based on whether a variant was in a peak or enhancer in >= 10 epigenomes. We ran PAINTOR v3.1 once for each of the 43 annotations (Fig. 2 and Supplementary Table 7), allowing two causal variants per locus", "type": "paragraph"}, {"sent": "We built a multi-annotation model using forward stepwise selection. We selected the best annotation by log-likelihood (LLK), Blood & immune DNase, and then ran PAINTOR again for each combination of this annotation and the 42 remaining annotations. We added a top-ranking annotation at each iteration until the model LLK improvement was less than 1. This occurred at iteration 4, and so we kept the first three annotations in the combined model. We computed the mean causal probability for each SNP as the mean of the three fine-mapping methods at loci with two or more signals, or as the mean of the FINEMAP and PAINTOR probabilities for loci with one signal, since FINEMAP gives approximately the same results as WTCCC fine-mapping for a single causal variant", "type": "paragraph"}, {"sent": "For network analysis, we created a gene interaction network based on selecting all edges between protein-coding genes from systematic studies (>1,000 interactions) in the IntAct and Gene@9402 databases, and edges from STRING v10.5 with edge score > 0.75. This combined network included 18,055 genes and 540,421 edges. We identified 28 top candidate genes across AD loci (Supplementary Table 9) to use as seed genes, and assigned weight to these as the -log10(P value) of the locus lead SNP. We added four genes from the literature (Gene@4137, Gene@5663, Gene@5664, Gene@51225), with a weight (equivalent -log10(P)) of 15. For three loci, the nearest gene was not present in the network (Gene@79746, Gene@81615, Gene@388325). For each locus, we used all seed genes as input except those at the same locus, and propagated information through the network with the personalized PageRank algorithm, included in the igraph R package. Since a gene's resulting PageRank was highly correlated with its node degree, we compared the PageRank of each gene to the distribution of PageRanks obtained for the same gene in 1,000 iterations of network propagation, where the same number of seed genes were randomly selected. We computed the percentile of a gene's true PageRank relative to the 1,000 network propagations with randomized inputs. Although the distribution of PageRank percentile was fairly uniform, we further normalised this to a uniform distribution across genes, so that a Pagerank percentile of 90% indicates that a gene's PageRank relative to permutations is above that of 90% of genes. To determine gene set enrichment, we used the top 1,000 genes by network rank as input to gProfiler with default settings, with the set of all genes ranked by the network as a background set. To determine enrichment of Disease@MESH:D000544 near genes in specific bins of PageRank percentile (Fig. 5a), we first determined for each gene the minimum SNP P value within 10 kb of the gene's footprint. We excluded genes within 1 Mb of Gene@348. Then, for genes in each PageRank percentile bin, we used Fisher's exact test to determine the odds ratio for a gene in that bin (relative to genes with PageRank percentile <50%) to have a minimum SNP P value in the given bin (relative to genes with minimum SNP P > 0.01)", "type": "paragraph"}, {"sent": "Gene expression values for all tissues were determined in units of transcripts per million (TPM). Both GTEx v8 and the eQTL catalogue provide tables of the median TPM expression across samples for each tissue and gene. For primary microglia, we obtained a table of read counts per gene, computed using FeatureCounts 1.5.3 as described, from which we computed median TPM. For use in gene prioritization and enrichment analyses, we first selected four GTEx brain tissues (cortex, hippocampus, substantia nigra, cerebellum) to avoid over-representing brain, and then the remaining 41 GTEx tissues, as well primary microglia and in-house expression data from iPSC-derived microglia, iPSC-derived Gene@63973 cortical neurons, and iPSC-derived neurons from growth factor differentiation. For each gene, we determined the TPM expression relative to all tissues/cell types", "type": "paragraph"}, {"sent": "Single-cell gene expression data were obtained from the Allen Brain Institute as a gene-by-cell counts table, based on Smart-seq profiling of six human brain cortical areas. For each cell type \"subclass\" as defined in the metadata (but excluding VLMC for having too few cells, and the outlier subclass labelled \"exclude\"), counts were summed across cells and then normalised to TPM within each subclass. We determined each gene's TPM expression in each subclass relative to all 18 subclasses", "type": "paragraph"}, {"sent": "We determined the GRCh37 coordinates of 18,055 genes present in the gene network using the R package annotables 0.1.91. For each Disease@MESH:D000544, excluding the Gene@348 region (chr19:44-47 Mb), we determined the nearest gene. We defined annotation inputs for fgwas labelling a SNP 1 if it was nearest to a gene with network score in a given percentile bin (50-60, 60-70, 70-80, 80-90, 90-95, >95) and 0 otherwise. We ran fgwas (-cc) with all network annotations as input, so that enrichments are with respect to SNPs nearest to genes with network score < 50th percentile. For every bulk gene expression dataset selected above, we defined an annotation for SNPs nearest genes with relative expression above the 80th (or 90th) percentile, and similarly for cell types from single-cell gene expression. We ran fgwas once for each expression annotation to determine enrichment of SNPs near high-expression genes relative to remaining genes (Supplementary Table 12)", "type": "paragraph"}, {"sent": "The coding score is the sum of the mean fine-mapping probability for missense or LoF variants in a gene", "type": "paragraph"}, {"sent": "The expression score is the sum of component scores for bulk and single-cell microglial expression, and rewards genes with expression percentile above the 50th:", "type": "paragraph"}, {"sent": "Genes without measured expression in a given dataset (bulk, single-cell) are assigned an exprScore of zero for that dataset", "type": "paragraph"}, {"sent": "Recent evidence from both eQTLs and metabolite GWAS suggests that genomic distance from the association peak is a strong predictor of causal target genes. The distance score is defined to give reasonable scores over the main range of interest of 0 - 200 kb: where x is the minimum distance from the gene's footprint to the region defined by independent lead SNPs at a GWAS locus, maxDist is 500,000 and distBias is 100 (Extended Data Fig. 6)", "type": "paragraph"}, {"sent": "The coloc score is defined based on the maximum value across QTL datasets of the \"H4\" hypothesis probability, and rewards colocalisation probabilities above 0.9: ", "type": "paragraph"}, {"sent": "The network score is determined based on the pagerank percentile for a gene relative to permutations: ", "type": "paragraph"}, {"sent": "Genes not present in the network are assigned a networkScore of zero", "type": "paragraph"}, {"sent": "The total score for a gene is the sum of the above five scores", "type": "paragraph"}, {"sent": "To give appropriate weight to each component, we trained lasso-regularized logistic regression models with cross-validation using glmnet. As input we used all protein-coding genes within 500 kb of our Disease@MESH:D000544 peaks, excluding the Gene@348 region due to lack of colocalisation information, and excluding genes not present in the network. For the distance model, genes within 10 kb of each GWAS peak (40 genes) were set as positives, genes 10-100 kb were excluded, and genes >100 kb (394 genes) were set as negatives. These were predicted using the four non-distance predictors. For the network model, genes with pagerank percentile >80% (143 genes) were set as positives, those with pagerank percentile 50-80% were excluded, the 230 other genes were set as negatives, and these were predicted using the four non-network predictors. In each case, we selected the model that minimized mean squared error (MSE), shown in Supplementary Table 14, and used those parameters to generate predictions (in the range 0-1) for all genes at the AD loci. We defined the model score for a gene as the average prediction from the two models. To determine the importance of the predictors to each model (apart from looking at regression coefficients) we ran glmnet models excluding each predictor in turn. If the MSE was lower with a predictor excluded then we removed it from the final model. For each model, we compared the MSE when using our quantitative predictors as defined above, or using categorical predictors by thresholding the predictors into 2-4 bins. For both models, the quantitative predictors gave improved MSE. We also examined models that included as predictors expression scores from astrocytes (based on the single-cell data) and from brain hippocampus (based on the GTEx data), but for both models this resulted in higher MSE and the regularization set the coefficients to zero", "type": "paragraph"}, {"sent": "Association of AD loci in discovery + replication dataset (\"global\") meta-analysis. For most loci, association significance is increased in the global meta-analysis (blue bars) relative to the discovery analysis (grey bars). The dashed vertical line shows P = 5 x 10-8. P-values were computed by inverse variance weighted meta-analysis, and bars show the -log10(P) for the SNP with minimum P value at the locus in either the discovery or global meta-analysis", "type": "fig_caption"}, {"sent": "Comparison of fine-mapping in the meta-analysis vs. Kunkle et al. Scatterplots showing, for each locus, SNP probabilities from FINEMAP applied to either the Kunkle et al. + UK Biobank meta-analysis (x-axis), or to only Kunkle et al. The number of causal variants at each locus was set to the number detected by GCTA in the meta-analysis. For most of the 36 loci, SNP probabilities are well correlated. For a few loci that are well powered in Kunkle et al., this is not the case, namely Gene@10347, Gene@2041, Gene@79746, and HLA. For these loci, fine-mapping results should be interpreted with caution. Six other loci are not well correlated (Gene@9507, Gene@83464, Gene@10320, Gene@5336, Gene@81615, and Gene@79001), but these loci are poorly powered in Kunkle et al. (lead P values 2.1 x 10-6 to 2.1 x 10-3)", "type": "fig_caption"}, {"sent": " a, The Pagerank percentile of all genes (within 500 kb) at each Disease@MESH:D000544 locus containing a seed gene is shown, with seed genes highlighted in blue. b, A violin/boxplot shows that seed genes have a markedly higher network Pagerank percentile than remaining genes (P = 2.4 x 10-9, one-tailed Wilcoxon rank sum test). c, Log odds ratio enrichment of AD risk among SNPs nearest to genes with network Pagerank percentile in different bins, determined using fgwas (whiskers represent 95% confidence intervals)", "type": "fig_caption"}, {"sent": "Expression enrichments for GTEx + microglia. Shown are the log odds ratio enrichments of AD risk among SNPs with relative gene expression in each tissue above the 80th (or 90th) percentile across tissues. Whiskers represent 95% confidence intervals determined by fgwas", "type": "fig_caption"}, {"sent": " a, Genes with maximum colocalization H4 probability >0.9 have higher Pagerank percentile (left boxplot) and higher total score (sum of the four non-coloc predictors, right boxplot) than do genes without colocalisation (<0.5). Genes with intermediate colocalisation evidence (bins 0.5 - 0.8 and 0.8 - 0.9) show little evidence of having higher scores by the other metrics. Based on this, we chose a maxColoc probability of 0.9 as the lower bound for our colocalization score. b, Boxplot of the total score (excluding coloc) for genes that have a colocalisation probability > 0.9 in at least one QTL dataset within each tissue group. The most significant difference is between totalScore for genes with microglial colocalizations vs. the genes with colocalization in \"other\" tissues (non-immune GTEx tissues), but the for a difference is weak (P = 0.041, Wilcoxon rank sum test). In all cases, boxplots show the 25th, median, and 75th percentile of the distribution, with whiskers extending to the largest (and smallest) value no further than 1.5 times the interquartile range from the boxplot hinge", "type": "fig_caption"}, {"sent": "The distance score assigned to genes near an Disease@MESH:D000544 peak, which decreases approximately linearly (past a distance of 1 kb) with increasing log-scaled distance up to 500 kb", "type": "fig_caption"}, {"sent": "Summary statistics from the meta-analysis are available through the NHGRI-EBI GWAS Catalog under accessions GCST90012877 and GCST90012878", "type": "paragraph"}, {"sent": "Code for analyses described here can be found at github.com/jeremy37/AD_finemap", "type": "paragraph"}, {"sent": " a, Summary of AD meta-analysis and data processing steps. b, Manhattan plot of the meta-analysis of GWAS for diagnosed AD and our GWAX in UK Biobank. Novel genome-wide significant loci are labelled in blue, sub-threshold loci in red, and recently discovered loci replicated in our analysis in black. c, The number of independent signals at each locus which is either recently discovered or which has more than one signal, as well as the meta-analysis P value the lead SNP at the locus. *The Gene@5336 locus was significant (P < 5 x 10-8) when including Kunkle stage 3 SNPs. Conditional analyses were not done at Gene@348 due to the strength of the signal (see Methods)", "type": "fig_caption"}, {"sent": "For genes with the top overall colocalization scores across AD risk loci, the colocalization probability (H4) is shown for selected brain, microglia, and monocyte eQTL datasets. For three loci with multiple signals (Gene@274, Gene@2041, Gene@2185-Gene@1191), scores are shown separately for the conditionally independent signals. The last column shows, for each gene, the number of eQTL datasets with a colocalization probability above 0.8 (Supplementary Tables 5 and 6)", "type": "fig_caption"}, {"sent": " a, Number of variants with mean causal probability > 1% for each independent signal. Variant counts for independent signals are shown in different shades. b, PAINTOR outputs, showing (left) log-likelihood (LLK) of model for each individual annotation; (middle) log-odds enrichments for individual genomic annotations determined by PAINTOR; (right) fraction of SNPs which are in each annotation (among those selected by FINEMAP probability > 0.01%). Annotations selected for the final model are shown with a black border", "type": "fig_caption"}, {"sent": " a, SNP Mutation@rs1870138 in an intron of Gene@81619 disrupts an invariant position of a Gene@6886 motif. b, Missense SNP Mutation@rs117618017 in exon 1 of Gene@83464. c, SNP Mutation@rs17462136 in the 5' UTR of Gene@57091 introduces a TEAD1 motif. Each panel shows (top) locus plot with GWAS P-values, SNP color representing LD to the lead SNP; (middle) expanded view of a subregion showing the mean SNP probabilities from fine-mapping; (bottom) read density of ATAC-sequencing assay from primary microglia", "type": "fig_caption"}, {"sent": " a, Enrichment of low GWAS P values within 10 kb of genes having high vs. low network pagerank percentile (low defined as below 50th percentile). Whiskers represent 95% confidence intervals based on Fisher's exact test for n = 18,055 genes. b, Enrichment of AD risk near genes with high expression in each brain cell type (above 80th or 90th percentile) relative to the other cell types. Cell types are defined based on single-cell clusters defined in Hodge et al.. Neuronal cells are defined either by cortical layer (L4, L5, L6), and/or by projection target (IT, intratelencephalic; CT, corticothalamic; ET, Disease@MESH:C538104 tract; NP, near-projecting), or by binary marker genes (Gene@24141, Gene@5080, Gene@5816, Gene@7432, Gene@6750). OPC, oligodendrocyte precursor cells. Whiskers represent 95% confidence intervals as determined by fgwas", "type": "fig_caption"}, {"sent": "The top gene at each locus is shown, as well as the next 13 top genes by model score; for three loci where a non-coding gene was the top scoring, we also show the top scoring protein-coding gene. Score components for each gene are indicated by colored bars, and points show the distribution of scores for all genes within 500 kb at the locus. Bold gene names are those with evidence of causality based on rare variants from other studies. Scores for all genes are listed in Supplementary Table 13", "type": "fig_caption"}]}