{"sentences": [{"sent": "Disease@MESH:D003928 (Disease@MESH:D003928) and Disease@MESH:D003930 (Disease@MESH:D003930) comprise major Disease@OMIM:603933 that occur with a high concordance rate in patients and are considered to potentially share pathogeneses. In this case-control study, we sought to investigate whether Disease@MESH:D003930-related single nucleotide polymorphisms (SNPs) exert pleiotropic effects on renal function outcomes among patients with Disease@MESH:D003920", "type": "abstract"}, {"sent": "A total of 33 Disease@MESH:D003930-related SNPs were identified by replicating published SNPs and via a genome-wide association study. Furthermore, we assessed the cumulative effects by creating a weighted genetic risk score and evaluated the discriminatory and prediction ability of these genetic variants using Disease@MESH:D003928 cases according to estimated glomerular filtration rate (eGFR) status along with a cohort with early Disease@MESH:D007674 (ERFD)", "type": "abstract"}, {"sent": "Multivariate logistic regression models revealed that the Disease@MESH:D003930-related SNPs afforded no individual or cumulative genetic effect on the Disease@MESH:D007674 risk, eGFR status or ERFD outcome among patients with type two Disease@MESH:D003920 in Taiwan", "type": "abstract"}, {"sent": "Our findings indicate that larger studies would be necessary to clearly ascertain the effects of individual genetic variants and further investigation is also required to identify other genetic pathways underlying Disease@MESH:D003928", "type": "abstract"}, {"sent": "Disease@MESH:D003928 (Disease@MESH:D003928) and Disease@MESH:D003930 (Disease@MESH:D003930) comprise major Disease@OMIM:603933 that occur with a high concordance rate in patients and are considered to potentially share pathogeneses", "type": "paragraph"}, {"sent": "Genetic loci with pleiotropic effects, whereby one genetic locus can affect more than one phenotype, may underlie the association between Disease@MESH:D003928 and Disease@MESH:D003930 phenotypes", "type": "paragraph"}, {"sent": "We identified a total of 33 Disease@MESH:D003930-related single nucleotide polymorphisms (SNPs) by replicating SNPs on candidate genes previously identified through meta-analyses and genome-wide association study (GWAS) (10 SNPs were replicated) and through GWAS performed on subjects with Disease@MESH:D003930 with estimated glomerular filtration rate (eGFR) >60 mL/Gene@966.73 m2 and albumin-to-creatinine ratio <300 mg/g (23 SNPs were identified)", "type": "paragraph"}, {"sent": "These Disease@MESH:D003930-related SNPs contributed no individual or cumulative genetic effect on the Disease@MESH:D007674 risk, eGFR status or early Disease@MESH:D007674 outcome among patients with Disease@MESH:D003920 in Taiwan, as confirmed by multivariate logistic regression models", "type": "paragraph"}, {"sent": "Further evidence for the genetic pleiotropy of Disease@OMIM:603933 should be sought using a cohort of a larger size in Taiwan", "type": "paragraph"}, {"sent": "Further investigation is required to identify other genetic pathways underlying Disease@MESH:D003928", "type": "paragraph"}, {"sent": "Disease@MESH:D007674 constitutes a frequent and serious complication of Disease@MESH:D003920. Approximately 20%-40% of patients with type two Disease@MESH:D003920 (T2D) will develop Disease@MESH:D003928 (Disease@MESH:D003928) and many will further progress to end-stage Disease@MESH:D007674 (ESRD) via a relentless decline in glomerular filtration rate (GFR). According to Yang et al, the increased prevalence of Disease@MESH:D003928 (Disease@MESH:D003928) in Taiwan is the main cause of the increases in prevalence and incidence of ESRD. Notably, analysis of the international statistics collected in the US Renal Data System indicates that Taiwan has the highest incidence and the second highest prevalence of ESRD worldwide.", "type": "paragraph"}, {"sent": "Several risk factors for developing Disease@MESH:D003928 have been identified, such as age, duration of Disease@MESH:D003920, Disease@MESH:D000419 grade, early GFR decline, increased or variability of hemoglobin A1c (HbA1c) and systolic blood pressure (SBP), serum uric acid, presence of concomitant microvascular complications and positive family history. Additionally, hereditary components are considered to constitute a significant risk factor for Disease@MESH:D003928. Numerous genes, such as Gene@6934, Gene@1636 and Gene@57619 were identified to be associated with Disease@MESH:D003928 through a candidate gene approach, genome-wide association study (GWAS) or meta-analysis. However, the genetic mechanism of Disease@MESH:D003928 remains unclear. Furthermore, research suggests that the presence of Disease@MESH:D003930 (Disease@MESH:D003930) may be considered as a vital clinical biomarker for the diagnosis of Disease@MESH:D003928 among patients with Disease@MESH:D003920 (MAU). Disease@MESH:D003928 and Disease@MESH:D003930 comprise two major microvascular complications of Disease@MESH:D003920 and occur with a high concordance rate in patients with Disease@MESH:D003920. Studies have suggested that these two Disease@MESH:D003925 might share common pathogeneses, such as Disease@MESH:D044882, angiogenesis, Disease@MESH:D007249 and oxidative stress. Therefore, genetic loci with pleiotropic effects, whereby one genetic locus can affect more than one phenotype, may underlie the association between Disease@MESH:D003930 and Disease@MESH:D003928 phenotypes. However, to date only a few genetic polymorphisms have been reported to be associated with these two complications, including Gene@3586 and Gene@6513.", "type": "paragraph"}, {"sent": "The aim of this study is to investigate whether Disease@MESH:D003930-related single nucleotide polymorphisms (SNPs) exert a pleiotropic effect on renal function outcomes among patients with Disease@MESH:D003920. The Disease@MESH:D003930-related SNPs were identified by replicating published SNPs and via GWAS among patients with T2D in Taiwan. Furthermore, we assessed their cumulative effects by creating a weighted genetic risk score (wGRS) and evaluated the discriminatory and predictive ability of these genetic variants using Disease@MESH:D003928 cases according to estimated GFR (eGFR) status along with a cohort with early Disease@MESH:D007674 (ERFD) in the Taiwanese population", "type": "paragraph"}, {"sent": "The present study was broadly divided into three stages: stage I, Disease@MESH:D003930-related genetic marker selection, selection of genetic markers related to Disease@MESH:D003930 via the GWAS method and replication of reported SNPs among 206 Disease@MESH:D003930 cases and 206 non-Disease@MESH:D003930 controls; stage II, verification of Disease@MESH:D003930-related SNPs by using Disease@MESH:D003928 cases, investigation of the effect of Disease@MESH:D003930-related genes in Disease@MESH:D003920 by using 567 Disease@MESH:D003928 cases (eGFR <60 mL/Gene@966.73 m2) and 909 non-Disease@MESH:D003928 controls (eGFR >90 mL/Gene@966.73 m2) and stage III: verification of Disease@MESH:D003930-related SNPs on Disease@MESH:D003920, verification of Disease@MESH:D003930-related SNPs by using 417 subjects with ERFD (eGFR decline >3.3 mL/year) and 417 subjects without ERFD. No overlap was allowed for the subjects among the three stages. Detailed information for study population selection for each stage is described in the 'Study population' section. An overall flow chart is shown in figure 1", "type": "paragraph"}, {"sent": "Flow chart for three stages of study design. Disease@MESH:D003928, Disease@MESH:D003928; Disease@MESH:D003930, Disease@MESH:D003930; ERFD, early Disease@MESH:D007674; SNP, single nucleotide polymorphism", "type": "fig_caption"}, {"sent": "Subjects with T2D have been enrolled at the China Medical University Hospital since 2010, and were recruited from the Taiwan Biobank. Detailed information about the number of subjects from different sources at each stage is provided in online supplementary table S1. Informed consent was obtained from all participants. The study was conducted in accordance with the Declaration of Helsinki", "type": "paragraph"}, {"sent": "Among these subjects, 1947 subjects without Disease@MESH:D012164 (non-Disease@MESH:D003930 group) and 245 subjects with Disease@MESH:D012164 (Disease@MESH:D003930 group) exhibited eGFR >60 mL/min/1.73 m2 and albumin-to-creatinine ratio (ACR) <300 mg/g. The clinical information was collected via questionnaires, while the Disease@MESH:D012164 status was self-reported. After pairwise matching according to HbA1c and disease duration, 206 Disease@MESH:D003930 and 206 non-Disease@MESH:D003930 cases were used for the selection of Disease@MESH:D003930-related SNPs. The flow chart for patient selection is shown in online supplementary figure S1(a)", "type": "paragraph"}, {"sent": "We used a cross-sectional study design to investigate the effect of Disease@MESH:D003930-related genes on Disease@MESH:D003928. After excluding 412 subjects with Disease@MESH:D003930 for marker selection, a total of 1476 subjects with T2D, including 567 subjects with eGFR <60 mL/min/1.73 m2 and 909 subjects with eGFR >90 mL/Gene@966.73 m2, were selected from our database. None of these subjects exhibited Disease@MESH:D003930", "type": "paragraph"}, {"sent": "We used a nested case-control study design to investigate the effect of Disease@MESH:D003930-related genes on ERFD. A total of 950 subjects with T2D had available follow-up information from our database. After 1:1 matching according to gender, disease duration, HbA1c and eGFR, two groups of 417 subjects each were identified who exhibited or did not exhibit ERFD during the follow-up period (1.24+-1.10 and 2.86+-2.16 years of follow-up for ERFD and non-ERFD groups, respectively). ERFD was defined as >3.3 mL/min/1.73 m2 decline in eGFR per year. The Modified Diet in Disease@MESH:D007674 equation was used to estimate eGFR. The flow chart for patient selection is shown in online supplementary figure S1(b)", "type": "paragraph"}, {"sent": "Data regarding age, gender, age at T2D diagnosis and ocular history were collected from questionnaires. For each patient, SBP, diastolic blood pressure (DBP) and body mass index (BMI) were determined, and blood samples were collected by venipuncture for genomic DNA isolation and serological tests, including fasting glucose and HbA1c, at the time of enrollment in the study", "type": "paragraph"}, {"sent": "Genomic DNA extracted from peripheral blood leukocytes with the Genomic DNA kit (Qiagen, California, USA) was genotyped using various platforms including Illumina HumanHap550-Duo BeadChips, Affymetrix Axiom genome-wide CHB array, and Affymetrix Axiom genome-wide TWB array, according to standard quality control procedures. Detailed information of the array used at each stage is provided in online supplementary table S1. Because the GWAS results were obtained using different genotyping platforms, genotype imputations were done separately in the three platforms and were performed according to a three-step genotype imputation approach. First, we used SHAPEIT to prephase the study genotypes into full haplotypes. Second, we performed imputation using IMPUTE2 (http://mathgen.stats.ox.ac.uk/impute/impute_v2.html) and the phase I 1000 Genomes Project reference panel (June 2011 interim release) consisting of 1094 phased individuals from multiple ancestry groups (The 1000 Genomes Project Consortium, 2010). Third, we used GTOOL software (http://www.well.ox.ac.uk/%7Ecfreeman/software/gwas/gtool.html) to homogenize strand annotation by merging the imputed results obtained from each set of genotyped data", "type": "paragraph"}, {"sent": "Genotype and imputed genotype data were quality controlled (QC), and SNPs were excluded from further analysis if (1) only one allele appeared in cases and controls; (2) the total call rate was <95% for both cases and controls; (3) the minor allele frequency was <0.05 in the controls (the Han Chinese population); (4) they significantly departed from Hardy-Weinberg equilibrium proportions (p<0.05); (5) they had low imputation quality (info<0.4) and (6) excessive identity by descent (pi>0.1875), which represented first-degree or second-degree relatives", "type": "paragraph"}, {"sent": "Population substructure was evaluated in the merged dataset using genotyped SNPs that passed QC with reference populations from the 1000 Genomes Project and based on our own samples by multidimensional scaling (MDS) analysis, using the PLINK module. The MDS method detects meaningful underlying dimensions that explain observed genetic distance. During the MDS of matrices, the graphs of mutual arrangement of studied populations in the two-dimensional space were obtained (see online supplementary figure S2 (a)(b)). Also, population outliers were evaluated by visual examination of MDS plots. And the components were evaluated based on the scree plot (see online supplementary figure S2 (c)). The first 10 MDS components which calculated based on our own samples were included as covariates in association test models to minimize spurious associations and maximize the detection power to identify genuine associations", "type": "paragraph"}, {"sent": "The genetic markers related to Disease@MESH:D003930 status were selected using two methods: GWAS and a candidate gene approach to replicate reported SNPs. Detailed information is described in the following sections \"Genome-wide association study\" and \"Replication\", and the flow chart for genetic marker selection is presented in figure 2", "type": "paragraph"}, {"sent": "Flow chart for selection of genetic markers. Disease@MESH:D003930, Disease@MESH:D003930; GWAS, genome-wide association study; SNP, single nucleotide polymorphism", "type": "fig_caption"}, {"sent": "To obtain a robust prioritization of SNPs for use in predictive models, we used the bootstrapping method in GWAS. We resampled the data 1000 times, producing a SNP ranking for each bootstrap sampling based on p values from an additive model adjusting for the first 10 MDS components using PLINK 1.9. Each bootstrap sample was generated by randomly selecting 80% of the individuals with replacement. For each bootstrap sample, the top 300 SNPs and those consistently present in 20% of bootstrapping results were identified. A total of 26 SNPs identified by GWAS were enrolled into model building. The Manhattan plot (see online supplementary figure S3) and quantile-quantile plot (see online supplementary figure S4) based on 206 Disease@MESH:D003930 cases and 206 non-Disease@MESH:D003930 controls are presented as online supplementary materials. There was no indication of inflation of test statistics, with the lambda GC value being equal to 1.00713", "type": "paragraph"}, {"sent": "A total of 49 genetic loci (see online supplementary table S2) that were reported from published papers were replicated in the 206 Disease@MESH:D003930 cases and 206 non-Disease@MESH:D003930 controls mentioned in the 'Disease@MESH:D003930 cases for genetic marker selection' section. For the un-typed SNPs, imputation was performed, and the genotype data were quality controlled as described above. A 100 bootstrapping subsampling method was also applied. The significant SNPs (p values <0.05 under the additive inherited genetic model) were ranked in each bootstrapping subsampling and 144 SNPs located on 11 loci consistently present in >80% of bootstrapping results were selected. After removing highly correlated SNPs (D'>0.8), 18 SNPs were enrolled into model building", "type": "paragraph"}, {"sent": "The wGRS in the prediction model was calculated among the Disease@MESH:D003930 cases. Among 44 SNPs (26 SNPs from GWAS and 18 from replication), 33 SNPs (23 SNPs from GWAS and 10 from replication) remained significant in the logistic regression model (with backward selection) after adjusting for low-density lipoprotein (LDL) and ACR. The genotype information for 33 SNP is shown in online supplementary table S3. These 33 SNPs were used to calculate the wGRS. Detailed description of the wGRS calculation has been reported previously; the formula is as follows: wGRS=33/77.189x((rs767763x2.025)+(rs16958803x1.992)+(Mutation@rs4129423x2.036)+(rs1559438x1.287)+(rs62324351x1.926)+(Mutation@rs3791242x2.587)+(rs77625440x2.289)+(rs56170305x1.769)+(rs10055994x5.019)+(rs28610956x1.457)+(rs12076129x2.795)+(Mutation@rs4665299x1.950)+(Mutation@rs6433562x2.253)+(rs12991409x2.191)+(rs11889778x2.160)+(rs75759133x1.362)+(Mutation@rs7374667x1.665)+(Mutation@rs34766496 x2.453)+(rs200796238x1.809)+(rs62328468x2.080)+(Mutation@rs6841985x1.966)+(Mutation@rs6554985x3.221)+(rs35019626x1.931)+(rs60421526x3.803)+(rs73357792x2.014)+(rs12680033x2.463)+(rs11318592x1.110)+(Mutation@rs4618795x1.990)+(rs7940618x1.870)+(Mutation@rs1263663x3.007)+(Mutation@rs75631519x4.166)+(rs1894151x5.049)+(Mutation@rs6065597x1.494)). Furthermore, the Disease@MESH:D003930-related wGRS was calculated for each individual among the Disease@MESH:D003928 cases and the ERFD cohort. For investigating the cumulative effect of Disease@MESH:D003930-related wGRS on Disease@MESH:D003928 complications, subjects were divided into three groups according to the distribution of wGRS in Disease@MESH:D003928 cases and ERFD cohort", "type": "paragraph"}, {"sent": "Continuous data are presented as means with SD, and categorical data are presented as proportions. We used t-test to compare mean values of continuous variables, and chi2 test to compare the frequencies of categorical variables between two groups. We estimated ORs and 95% CIs of variables by using logistic regression to examine the independent association between GRS and the Disease@MESH:D003928 or ERFD end point. We used three steps to select independent variables that result in a 'best' model. First, we conducted a univariate analysis of each variable. Second, we selected variables with p<0.05 as a candidate in the multivariate model. Third, we constructed a multivariate model with the candidate variables by using the backward selection method. Receiver operating characteristic (ROC) curves were generated to quantify the predictive accuracy of the models, and the area under the curve (AUC) was used to assess the discriminatory ability of the models. The statistical significance of the difference between the AUC values was determined using Z statistics. All statistical analyses were performed using SPSS software V.21.0 for Windows (IBM, Armonk, New York, USA) or R V.3.4.4 (R Core Team, 2018). Additionally, to minimize the mean of paired distance on matching variables for each case and control pair, we performed 'pairmatch' in R, which retained most of the cases in our database and matched controls.", "type": "paragraph"}, {"sent": "We identified a total of 18 Disease@MESH:D003930-related SNPs by replicating published SNPs and 26 through GWAS by using the matched 206 Disease@MESH:D003930 cases and 206 non-Disease@MESH:D003930 controls. The demographic information of subjects with Disease@MESH:D003930 is shown in online supplementary table S4. Then, we used a logistic regression model with backward selection to select the SNPs for calculating the wGRS after adjusting for LDL and ACR. A total of 33 SNPs presented a p value <0.1 and were included in GRS. The genotype information for each SNP is shown in online supplementary table S3. The mean number of risk alleles was 35.87+-4.44 (range 24-47), and the mean wGRS was 39.05+-4.30 (range 27.66-48.63). The distribution of risk alleles and wGRS is shown in online supplementary figure S5", "type": "paragraph"}, {"sent": "We enrolled a total of 1476 subjects with T2D including 567 with eGFR <60 mL/min/1.73 m2 (as cases) and 909 with eGFR >90 mL/min/1.73 m2 (as controls). The male-to-female ratios were 1.01 (457/452) for the control group and 1.26 (316/251) for the case group (p=0.041 by Pearson's chi2 test). Disease@MESH:D003928 cases were significantly older, with Disease@MESH:D003920 duration, having higher BMI, SBP and ACR values and lower HbA1c, DBP, high-density lipoprotein (HDL) and LDL compared with those of the controls (p=0.016, 0.002 and <0.001 for BMI, HbA1c and all other parameters, respectively; table 1). The individual effect of 33 Disease@MESH:D003930-SNPs on eGFR status is shown in online supplementary table S5", "type": "paragraph"}, {"sent": "To determine the impact of the cumulative effect of Disease@MESH:D003930-related SNPs on Disease@MESH:D003928, a logistic regression model was used. wGRSs were divided into three groups based on the number of risk alleles. (The distribution of risk alleles and wGRS is shown in online supplementary figure S6(a)). All significant covariates in the univariate model and wGRS (forced in) were retained in the model. With a backward selection, age, BMI, HDL, LDL, ACR and wGRS were selected into the final model. Compared with individuals in the lowest range of wGRS, the ORs with 95% CIs for those in the middle and high range were 1.65 (1.01 to 2.72) and 1.20 (0.72 to 2.01), respectively. These results suggest that the 33 Disease@MESH:D003930-related SNPs exert no cumulative effect on the eGFR status among patients with T2D (table 2). To assess the discriminatory ability of the models, the AUC was calculated as 0.88 (95% CI 0.85 to 0.91). However, no significant increase in the AUC value was observed after adding genetic factors (wGRS) (Figure 3A)", "type": "paragraph"}, {"sent": "The cumulative effect of Disease@MESH:D003930-related SNPs on patients with Disease@MESH:D003920 with different eGFR status in the multivariate logistic regression mode", "type": "table_caption"}, {"sent": "Receiver operating characteristic (ROC) curve and area under the curve (AUC) in the patients with Disease@MESH:D003920. ROC curves and AUC of the models built for estimated glomerular filtration rate status (A) and early Disease@MESH:D007674 outcome (B) (AUC=0.879 and 0.701, respectively). The diagonal line indicates zero predictive value of the model. GRS, genetic risk score", "type": "fig_caption"}, {"sent": "A total of 950 subjects with T2D had follow-up information. After 1:1 matching based on gender, disease duration, HbA1c and eGFR at baseline, 417 exhibited and 417 did not exhibit ERFD during the follow-up period (1.24+-1.10 and 2.86+-2.16 years of follow-up for ERFD and non-ERFD groups, respectively). However, on matching according to disease duration, the subjects in the ERFD group were older than those in the non-ERFD group (mean (SD) age of 57.99 (9.99) vs 56.15 (10.58), respectively). Moreover, SBP and DBP were significantly higher, and LDL was lower in the ERFD group when compared with those in the non-ERFD group (p<0.001 for all parameters; table 3). The individual effect of 33 Disease@MESH:D003930-SNPs on ERFD status is shown in online supplementary table S6", "type": "paragraph"}, {"sent": "To determine the impact of the cumulative effect of Disease@MESH:D003930-related SNPs on ERFD, a logistic regression model was used. wGRSs were divided into three groups based on the number of risk alleles among subjects. (The distribution of risk alleles and wGRS is shown in online supplementary figure S6(b).) All significant covariates in the univariate model and GRS (force in) were included in the model. With backward selection, follow-up time, urine creatinine and wGRS were selected into the final model. Compared with individuals in the lowest range of wGRS, the ORs with 95% CIs for those in the middle and high range were 1.16 (0.76 to 1.77) and 0.89 (0.58 to 1.37), respectively. These results suggested that the 33 Disease@MESH:D003930-related SNPs afforded no cumulative effect on the ERFD risk (table 4). The AUC value for the discriminatory ability of the models was 0.70 (95% CI 0.6 to 0.75). Additionally, no significant increase in the AUC value was observed after adding genetic factors (wGRS) (figure 3B)", "type": "paragraph"}, {"sent": "The cumulative effect of Disease@MESH:D003930-related SNPs on Disease@MESH:D003920 patients with ERFD* outcomes in the multivariate logistic regression mode", "type": "table_caption"}, {"sent": "Here, we investigated whether Disease@MESH:D003930-related SNPs affect renal function among patients with Disease@MESH:D003920. We identified a total of 33 Disease@MESH:D003930-related SNPs by replicating SNPs on candidate genes previously identified through meta-analyses and GWAS (10 SNPs were replicated) and through GWAS performed on our subjects with Disease@MESH:D003930 with eGFR >60 mL/min/1.73 m2 and ACR <300 mg/g (23 SNPs were identified). The Disease@MESH:D003930-related SNPs contributed no individual or cumulative genetic effect on the Disease@MESH:D007674 risk, eGFR status or ERFD outcome among patients with Disease@MESH:D003920, as confirmed by multivariate logistic regression models", "type": "paragraph"}, {"sent": "Current literature suggests that the presence of one pre-existing microvascular complication (Disease@MESH:D007674) may contribute to the development of another. Retinal vascular geometry can independently predict the incidence of Disease@MESH:D007674 and may be a useful tool to identify individuals at high risk for Disease@MESH:D007674 early in the course of Disease@MESH:D003924 (T1D). El-Asrar et al  reported that patients with T1D and Disease@MESH:D003930 were 13.39 times more likely to develop Disease@MESH:D003928 than those without Disease@MESH:D003930. Moreover, Yang et al  reported that the urine proteome specific for Disease@MESH:D005128 could predict Disease@MESH:D051436 (eGFR, 60 mL/Gene@966.73 m2) in a 5.3 years prospective cohort for T2D", "type": "paragraph"}, {"sent": "However, only a few genetic reports support possible pleiotropy between Disease@MESH:D003928 and Disease@MESH:D003930. Hosseini et al  tested previous suggestive signals for Disease@MESH:D003928 for association with severe Disease@MESH:D003930, but none of the loci showed a significant association after multiple testing. In the present study, we identified Disease@MESH:D003930-related SNPs from GWAS and performed replication by using patients with Disease@MESH:D003930 and MAU among the Han population in Taiwan. In addition, some of the identified genes, such as guanylate cyclase 1 soluble subunit beta 1, signal transducer and activator of transcription-4 and G protein-coupled receptor 35 were reportedly related to renal perfusion and renin release, cell proliferation and differentiation and vascular endothelial relaxation. These pathophysiological associations may be related to Disease@MESH:D007674 or Disease@MESH:D003925; however, none of the genetic variants significantly correlated with Disease@MESH:D003928 risk among patients with T2D in previous studies or the present study. This may be owing to limited statistical power or might suggest the lack of genetic pleiotropy effect among these two tested Disease@MESH:D003925", "type": "paragraph"}, {"sent": "We recognize several limitations that may contribute to the lack of significant findings in the present study. First, a limited number of Disease@MESH:D003930-related SNPs were identified, which may be due to the small sample size for the process of genetic marker selection, although a matched case-control study design was used in the present study to control for potential confounding factors. However, the effect sizes obtained from such matching may differ from the effect sizes in the whole sample. Therefore, we performed an analysis in which we replicated 33 identified Disease@MESH:D003930-SNPs in a larger population (234 Disease@MESH:D003930 and 2368 non-Disease@MESH:D003930), from which 3 Disease@MESH:D003930-related SNPs (Mutation@rs6841985 from GWAS; Mutation@rs1559438 and Mutation@rs56170305 from replication) remained significantly related to Disease@MESH:D003930 status. The wGRS was calculated based on the effect sizes for the three Disease@MESH:D003930-related SNPs obtained from the larger population. However, these three Disease@MESH:D003930-related SNPs still contributed to no individual (see online supplementary table S7) or cumulative genetic effect on the Disease@MESH:D007674 risk, eGFR status or ERFD outcome in the multivariate logistic regression models (see online supplementary table S8-9). Second, the validity of association (with Disease@MESH:D003930) at many of these loci is unconfirmed or lacks robust replication. This may be due to differences among studies regarding the phenotype definition, the method used to identify Disease@MESH:D012164, ethnic population or other confounding factors. Although the self-reported Disease@MESH:D003930 status was used in the present study, we confirmed high consistency in our limited database between the self-reported Disease@MESH:D003930 status and that reported by an ophthalmologist (n=749; accuracy: 612/749=81.7%). Furthermore, a high validity of self-report of laser treatments of Disease@MESH:D003930, as compared with fundus photography grading, was observed in the EDIC study T1D cohort. Third, inadequate statistical power may have contributed to the lack of significant associations between single loci and eGFR status and ERFD outcome. Dichotomized outcomes (for eGFR and ERFD) were used in the present analyses, which may reduce the power as compared with the analysis of the outcomes as quantitative measures. However, when the continuous quantitative eGFR was considered as the outcome, and the continuous quantitative wGRS was used as predictor in the linear regression models (with the sample size increased to 3100), no significant effect of wGRS was observed on eGFR outcome even after controlling for other potential confounding factors (see online supplementary table S10). Moreover, the logistic regression models based on conventional variables have high discriminatory power with AUC of 0.88 (on eGFR status) and 0.70 (on ERFD risk) in this study, and inclusion of genetic predictor variants (wGRS) did not significantly change the AUCs. Based on these results, there could be either no pleiotropic effect between these two Disease@MESH:D003925 or the effect sizes of Disease@MESH:D003930-related SNPs on eGFR status and ERFD outcomes may be small. Therefore, larger sample sizes are warranted in these two evaluations. The use of modified equations for calculating eGFR based on Asian populations may also be worth considering in future studies. Lastly, the information of medical use, such as antihypertension or statin therapy, was not collected for the subjects during enrollment. This is potentially relevant to blood pressure and lipids levels and might have confounded the results", "type": "paragraph"}, {"sent": "In conclusion, we identified no individual or cumulative genetic effect of the Disease@MESH:D003930-related SNPs on Disease@MESH:D007674 risk, eGFR status or ERFD outcome among patients with Disease@MESH:D003920 in Taiwan using multivariate logistic regression models. Further evidence for the pleiotropy of microvascular complications should be sought using a cohort of a larger size in the near future", "type": "paragraph"}]}