{"sentences": [{"sent": "Disease@MESH:D001943 susceptibility variants frequently show heterogeneity in associations by Disease@MESH:D009369 subtype. To identify novel loci, we performed a genome-wide association study (GWAS) including 133,384 Disease@MESH:D001943 cases and 113,789 controls, plus 18,908 Gene@672 mutation carriers (9,414 with Disease@MESH:D001943) of European ancestry, using both standard and novel methodologies that account for underlying Disease@MESH:D009369 heterogeneity by Gene@2099 (Gene@2099), Gene@5241 (Gene@5241), and human Gene@2064 (Gene@2064) status and Disease@MESH:D009369 grade. We identified 32 novel susceptibility loci (P < 5.0 x 10-8), 15 of which showed evidence for associations with at least one Disease@MESH:D009369 feature (false discovery rate (FDR) <0.05). Five loci showed associations (P<0.05) in opposite directions between luminal- and non-luminal subtypes. In-silico analyses showed these five loci contained cell-specific enhancers that differed between normal luminal and basal mammary cells. The genetic correlations between five intrinsic-like subtypes ranged from 0.35 to 0.80. The proportion of genome-wide chip heritability explained by all known susceptibility loci was 37.6% for triple-negative and 54.2% for luminal A-like disease. The odds ratios of polygenic risk scores (PRSs), which included 330 variants, for the highest 1% quantiles compared to middle quantiles were 5.63 and 3.02 for luminal A-like and triple-negative disease, respectively. These findings provide an improved understanding of genetic predisposition to Disease@MESH:D001943 subtypes and will inform the development of subtype-specific polygenic risk scores", "type": "abstract"}, {"sent": "Based on the largest GWAS to date from the Disease@MESH:D001943 Association Consortium (BCAC), over 170 independent Disease@MESH:D001943 susceptibility variants have been identified. Many of these variants show differential associations by Disease@MESH:D009369 subtypes, particularly Gene@2099-positive versus Gene@2099-negative or triple-negative disease. However, prior GWAS have not simultaneously accounted for the high correlations between multiple, correlated Disease@MESH:D009369 markers, such as Gene@2099, Gene@5241, Gene@2064 and grade, to identify specific source(s) of etiologic heterogeneity. We performed a Disease@MESH:D001943 GWAS using both standard analyses and a novel two-stage polytomous regression method that efficiently characterizes etiologic heterogeneity while accounting for Disease@MESH:D009369 marker correlations and missing data", "type": "paragraph"}, {"sent": "The study populations and genotyping are described elsewhere and in the Online Methods. Briefly, we analyzed data from 118,474 cases and 96,201 controls of European ancestry participating in 82 studies from the BCAC and 9,414 affected and 9,494 unaffected Gene@672 mutation carriers from 60 studies from the Consortium of Investigators of Modifiers of Gene@672;675 (CIMBA) with genotyping data from one of two Illumina genome-wide custom arrays. In analyses of overall Disease@MESH:D001943, we also included summary level data from 11 other Disease@MESH:D001943 (14,910 cases and 17,588 controls) without subtype information. Our study expands upon previous BCAC GWAS with additional data on 10,407 cases and 7,815 controls, an approximate increase of 10% and 9%, respecitvely. (Supplementary Tables 1-4)", "type": "paragraph"}, {"sent": "The statistical methods are further described in the Online Methods and in Extended Data Figure 1. To identify variants for overall Disease@MESH:D001943 (invasive, in situ or unknown invasiveness) in BCAC, we used standard logistic regression to estimate odds ratios (OR) and 95% confidence-intervals (CI) adjusting for country and principal components (PCs). iCOGS and OncoArray data were evaluated separately and the results were combined with those from the 11 other GWAS using fixed-effects meta-analysis", "type": "paragraph"}, {"sent": "To identify Disease@MESH:D001943 susceptibility variants displaying evidence of heterogeneity, we used a novel score-test based on a two-stage polytomous model that allows flexible, yet parsimonious, modelling of associations in the presence of underlying heterogeneity by Gene@2099, Gene@5241, Gene@2064 and/or grade (Online Methods, Supplementary Note). The model handles missing Disease@MESH:D009369 characteristic data by implementing an efficient Expectation-Maximization algorithm. These analyses were restricted to BCAC controls and invasive cases (Online Methods). We fit an additional two-stage model to estimate case-control ORs and 95% CI between the variants and intrinsic-like subtypes defined by combinations of Gene@2099, Gene@5241, Gene@2064 and grade (Online Methods): (1) luminal A-like, (2) luminal B/Gene@2064-negative-like, (3) luminal B-like, (4) Gene@2064-enriched-like and (5) triple-negative or basal-like. We analyzed iCOGS and OncoArray data separately, adjusting for PCs and age, and meta-analyzed the results using a fixed-effects model. We evaluated the effect of country using a leave-one-out sensitivity analysis (Online Methods)", "type": "paragraph"}, {"sent": "Among Gene@672 mutation carriers who are prone to develop triple-negative disease, we estimated per-allele hazard ratios (HRs) within a retrospective cohort analysis framework. We assumed estimated ORs for BCAC triple-negative cases and estimated HRs from CIMBA Gene@672 carriers approximated the same underlying relative risk, and we used a fixed-effect meta-analysis to combine these results (Online Methods). Among all novel variants, we used the two-stage polytomous model to test for heterogeneity in associations across subtypes, globally and by Disease@MESH:D009369-specific markers (Online Methods)", "type": "paragraph"}, {"sent": "Overall, we identified 32 novel independent susceptibility loci marked by variants with P < 5.0 x 10-8 (Figure 1, Supplementary Table 5-7, Supplementary Figure 1-5): 22 variants using standard logistic regression, 16 variants using the two-stage polytomous model (eight of which were detected by standard logistic regression) and three variants in the CIMBA/BCAC-triple-negative meta-analysis (Mutation@rs78378222 was also detected by the two-stage polytomous model in BCAC). Fourteen additional variants (P < 5.0 x 10-8) were excluded, 13 because they lacked evidence of association independent of known susceptibility variants in conditional analyses (P >= 1.0 x 10-6; Supplementary Table 8-10), and one (chr22:40042814) for showing a high-degree of sensitivity in the leave-one-out country analysis following exclusion of studies from the USA (Supplementary Figure 6). Supplementary Figures 7-8 and Supplementary Table 11 show associations between all 32 variants and the intrinsic-like subtypes", "type": "paragraph"}, {"sent": "Fifteen of the 32 variants showed heterogeneity evidence (FDR < 0.05) according to the global heterogeneity test (Figure 2, Supplementary Table 12). Gene@2099 (7 variants) and grade (7 variants) most often contributed to observed heterogeneity (marker-specific P < 0.05), followed by Gene@2064 (4 variants) and Gene@5241 (2 variants). Mutation@rs17215231, identified in the CIMBA/BCAC-triple-negative meta-analysis, was the only variant found exclusively associated with triple-negative disease (OR=0.85, 95%CI=0.81-0.89). Mutation@rs2464195, also identified in the CIMBA/BCAC-triple-negative meta-analysis, was associated with both triple-negative (OR=0.93, 95%CI=0.91-0.96) and luminal B-like subtypes (OR=0.96, 95%CI=0.92-0.99; Supplementary Table 11) and is in linkage disequilibrium (LD; r2=0.62) with Mutation@rs7953249, which is differentially associated with risk of Disease@MESH:D010051 subtypes. Five variants showed associations with luminal and non-luminal subtypes in opposite directions (Figure 3). Four variants were associated in opposite directions with luminal A-like and triple-negative subtypes (respectively, for Mutation@rs78378222 OR=1.13, 95%CI=1.05-1.20 vs OR=0.67, 95%CI=0.57-0.80; for Mutation@rs206435 OR=1.03, 95%CI=1.01-1.05 vs OR=0.95, 95%CI=0.92-0.98; for Mutation@rs141526427 OR=0.96, 95%CI=0.94-0.98 vs OR=1.04, 95%CI=1.01-1.08; and for Mutation@rs6065254 OR=0.96, 95%CI=0.94-0.97 vs OR=1.04, 95%CI=1.01-1.07). The Disease@MESH:D009369-marker heterogeneity test showed associations for Mutation@rs78378222 with Gene@2099 (PER = 7.0 x 10-6) and Gene@2064 (PHER2 = 2.07 x 10-4), Mutation@rs206435 with Gene@2099 (PER = 2.8 x 10-3) and grade (Pgrade = 2.8 x 10-4) and Mutation@rs141526427 (PER = 1.3 x 10-3) and Mutation@rs6065254 (PER = 4.3 x 10-3) with Gene@2099. Mutation@rs7924772 showed opposite case-control associations between Gene@2064-negative and Gene@2064-positive subtypes and, consistent with these findings, was exclusively associated with Gene@2064 (PHER2 = 1.4 x 10-6; Figure 3). Mutation@rs78378222, located in the 3' UTR of Gene@7157, also showed opposite associations with high-grade Disease@MESH:D009369 (OR=0.75, P = 3.7 x 10-4) and low-grade Disease@MESH:D009369 (OR=1.58, P = 1.5 x 10-4; -). Prior analyses did not find Mutation@rs78378222 associated with Disease@MESH:D001943 risk, likely due to its opposite effects between subtypes", "type": "paragraph"}, {"sent": "Candidate causal variants were defined (CCVs; Online Methods) for each novel locus and we investigated the CCVs in relation to previously-annotated enhancers in primary breast cells. Based on combinations of H3K4me1 and H3K27ac histone modification ChIP-seq signals, putative enhancers in basal cells (BC), luminal progenitor cells (LP) and mature luminal cells (LM) were characterized as \"OFF,\" \"PRIMED\", and \"ACTIVE\" (Online Methods). We defined \"ANYSWITCH\" enhancers as those exhibiting different characterizations between cell types. Among the five loci identified with associations in opposite directions between subtypes, at least one CCV per locus overlapped an \"ANYSWITCH\" enhancer (Figure 4). For example, Mutation@rs78378222 overlapped an ACTIVE enhancer in basal cells, PRIMED in luminal progenitor cells and OFF in mature luminal cells. In comparison, 63% of the loci with consistent direction of associations across subtypes overlapped with an \"ANYSWITCH\" enhancer (Supplementary Table 13-14). These results suggest that some variants may modulate enhancer activity in a cell-type specific manner, thus, differentially influencing risk of Disease@MESH:D009369 subtypes", "type": "paragraph"}, {"sent": "We used INQUIST to intersect CCVs with functional annotation data from public databases to identify potential target genes (Supplementary Note, Supplementary Table 15). We predicted 179 unique target genes for 26 of the 32 independent signals. Notably, Mutation@rs78378222 has been reported associated with Gene@7157 mRNA levels in blood and adipose tissue, which we did not replicate in breast tissue. However, our findings of Mutation@rs78378222 overlapping a cell type-specific regulatory element in breast basal epithelial cells, implicates enhancer function as another potential Gene@7157 transcriptional control mechanism. Twenty-three target genes in 14 regions were predicted with high confidence (designated \"Level 1\"), of which 22 target genes in 13 regions were predicted to be distally regulated. Four target genes were previously predicted by INQUISIT, Gene@10623, Gene@27246, Gene@6659 and Gene@6926 - a known somatic Disease@MESH:D001943 driver gene - and genes implicated by transcriptome-wide association studies (Gene@730091 and Gene@54059)", "type": "paragraph"}, {"sent": "We used LD-regression to investigate genetic correlations between subtypes and compare enrichment of genomic features between luminal A-like and triple-negative subtypes (Online Methods). All subtypes were moderately- to highly correlated, with luminal A-like and triple-negative having a correlation of 0.46 (SE=0.05). The correlation in Disease@MESH:D001943 of Gene@672 carriers and triple-negative was 0.83 (SE=0.08), suggesting a high-degree of similarity in the genetic basis between these subtypes (Figure 5; Supplementary Table 16). To compare genomic enrichment, we first evaluated 53 annotations and found triple-negative Disease@MESH:D009369 were most enriched for \"super-enhancers, extend500bp\" (3.04-fold, P = 3.3 x 10-6), and \"digital genomic footprint, extend500bp\" (from DNase hypersensitive sites) (2.2-fold, P = 4.0 x 10-4); however, no annotations significantly differed between luminal A-like and triple-negative Disease@MESH:D009369 (Supplementary Table 17, Supplementary Figure 9). Investigating cell-specific enrichment of histone markers H3K4me1, H3K3me3, H3K9ac and H3K27ac (Supplementary Note) found both luminal-A and triple-negative subtypes enriched for gastrointestinal cell types and suppression of central nervous system cell types (Supplementary Figure 10)", "type": "paragraph"}, {"sent": "The proportion of genome-wide chip heritability explained by the 32 novel variants, plus 178 previously identified variants, was 54.2%, 37.6% and 26.9% for luminal A-like, triple-negative and Gene@672 carriers, respectively (Table 1, Supplementary Table 18). These 210 variants explained approximately 18.3% of the two-fold familial relative risk for Disease@MESH:D001943, while all reliably imputable variants on the OncoArray explained 37.1% (Online Methods). The per-standard deviation ORs between PRSs for luminal-A like and triple-negative subtypes (Online Methods), that included 313 published variants and 17 novel variants that were independent of the 313 variants (Supplementary Table 19), was 1.83 (95% CI=1.78-1.88) and 1.65 (1.57-1.73), with corresponding area under receiver-operator curves of 66.09 and 63.58, respectively (Extended Data Figure 2-6)", "type": "paragraph"}, {"sent": "These analyses demonstrate the benefit of combining standard GWAS methods with methods accounting for underlying Disease@MESH:D009369 heterogeneity. Moreover, these methods and results may help clarify mechanisms predisposing to specific molecular subtypes, and provide precise risk estimates for subtypes to inform development of subtype-specific PRSs. However, to expand the generalizability of our findings, these analyses should be replicated and expanded in multi-ancestry populations", "type": "paragraph"}, {"sent": "The overall Disease@MESH:D001943 analyses included women of European ancestry from 82 BCAC studies from over 20 countries, with genotyping data derived from two Illumina genome-wide custom arrays, the iCOGS and OncoArray (Supplementary Table 1). Most of the studies were case-control studies in the general population, or hospital setting, or nested within population-based cohorts, but a subset of studies oversampled cases with a family history of the disease. We included controls and cases of Disease@MESH:D001943, Disease@MESH:D009369 in-situ, and cases of unknown invasiveness. Information on clinicopathologic characteristics were collected by the individual studies and combined in a central database after quality control checks. We used BCAC database version 'freeze' 10 for these analyses. Among a subset of participants (n=16,766) that were genotyped on both the iCOGS and OncoArray arrays, we kept only the OncoArray data. One study (LMBC) contributing to the iCOGS dataset was excluded due to inflation of the test statistics that was not corrected by adjustment for the first ten PCs. We also excluded OncoArray data from Norway (the Norwegian Disease@MESH:D001943 Study) because there were no controls available from Norway with OncoArray data. All participating studies were approved by their appropriate ethics or institutional review board and all participants provided informed consent. The total sample size for this analysis, including iCOGS, OncoArray and other GWAS data, comprised 133,384 cases and 113,789 controls", "type": "paragraph"}, {"sent": "In the GWAS analyses accounting for underlying heterogeneity according to Gene@2099, Gene@5241, Gene@2064 and grade, we included genotyping data from 81 BCAC studies. These analyses were restricted to controls and cases of Disease@MESH:D001943. We excluded cases of Disease@MESH:D002278 and cases with missing information on invasiveness, as ~96% of in-situ cases were missing some or all of the Disease@MESH:D009369 markers and in-situ cases potentially have different Disease@MESH:D009369 correlations compared to invasive cases, which could potentially bias the estimates from Expectation-Maximization algorithm (Supplementary Table 2). We also excluded all studies from a specific country if there were no controls for that country, or if the Disease@MESH:D009369 marker data were missing on two or more of the Disease@MESH:D009369 marker subtypes (see footnote of Supplementary Table 2 for further explanation of excluded studies). We did not include the summary results from the 14,910 cases and 17,588 controls from the 11 other GWAS in subtype analyses because these studies did not provide data on Disease@MESH:D009369 characteristics. We also excluded invasive cases (n=293) and controls (n=4,285) with missing data on age at diagnosis or age at enrollment, information required by the Expectation-Maximization algorithm to impute missing Disease@MESH:D009369 characteristics. In total, the final sample for the two-stage polytomous logistic regression comprised 106,278 invasive cases and 91,477 controls", "type": "paragraph"}, {"sent": "Participants included from CIMBA were women of European ancestry, aged 18 years or older with a pathogenic Gene@672 variant. Most participants were sampled through Disease@MESH:D009369 genetics clinics. In some instances, multiple members of the same family were enrolled. OncoArray genotype data was available from 58 studies from 24 countries. Following quality control and removal of participants that overlapped with the BCAC OncoArray study, data were available on 15,566 Gene@672 mutation carriers, of whom 7,784 were affected with Disease@MESH:D001943 (Supplementary Table 3). We also obtained iCOGS genotype data on 3,342 Gene@672 mutation carriers (1,630 with Disease@MESH:D001943) from 54 studies through CIMBA. All Gene@672 mutation carriers provided written informed consent and participated under ethically approved protocols", "type": "paragraph"}, {"sent": "Details on genotype calling, quality control and imputation for the OncoArray, iCOGS, and GWAS are described elsewhere. Genotyped or imputed variants (including bi-allelic and multi-allelic single nucleotide polymorphisms (SNPs) and small indels) marking each of the loci were determined using the iCOGS and the OncoArray genotyping arrays and imputation to the 1000 Genomes Project (Phase 3) reference panel. We included variants, from each component GWAS with an imputation quality score of >0.3. We restricted analysis to variants with a minor allele frequency >0.005 in the overall Disease@MESH:D001943 analysis and >0.01 in the subtype analysis", "type": "paragraph"}, {"sent": "Prior studies identified susceptibility variants from genome-wide analyses at a significance level P < 5.0 x 10-8 for all Disease@MESH:D001943 types, Gene@2099-negative or Gene@2099-positive breast Disease@MESH:D009369, in Gene@672 or Gene@675 mutation carriers, or in meta-analyses of these. We defined known Disease@MESH:D001943 susceptibility variants as those variants that were identified or replicated in prior BCAC analyses. To help ensure that novel, independent susceptibility variants were identified, we excluded from these analyses variants within 500 kb of a previously published variant. These excluded regions have been subject to a separate, fine-mapping conditional analyses that are focused on identifying additional independent susceptibility variants in these regions", "type": "paragraph"}, {"sent": "Logistic regression analyses were conducted separately for the iCOGS and OncoArray datasets, adjusting for country and the array-specific first 10 PCs for ancestry informative variants. The methods for estimating PCs have been described elsewhere. For the remaining GWAS, adjustment for inflation was done by adjusting for up to three PCs and using genomic control adjustment, as previously described. We evaluated the associations between approximately 10.8 million variants with imputation quality scores (r2) >=0.3 and minor allele frequency (MAF) >0.005. We excluded variants located within +-500 kb of, or in LD (r2>=0.1) with known susceptibility variants. The association effect size estimates from these, and the previously derived estimates from the 11 other GWAS, were then combined using a fixed effects meta-analysis. Since individual level genotyping data were not available for some previous GWAS, we conservatively approximated the potential overlap between the GWAS and iCOGS and OncoArray datasets, based on the populations contributing to each GWAS (iCOGS/GWAS: 626 controls and 923 cases; OncoArray/GWAS: 20 controls and 990 cases). We then used these adjusted data to estimate the correlation in the effect size estimates, and incorporated these into the meta-analysis using the method of Lin and Sullivan", "type": "paragraph"}, {"sent": "We described the two-stage polytomous logistic regression in more detail elsewhere (Supplementary Note). In brief, this method allows for efficient testing of a variant-disease association in the presence of Disease@MESH:D009369 subtype heterogeneity defined by multiple Disease@MESH:D009369 characteristics, while accounting for multiple testing and missing data on Disease@MESH:D009369 characteristics. In the first stage, the model uses a polytomous logistic regression to model case-control ORs between the variants and all possible subtypes that could be of interest, defined by the combination of the Disease@MESH:D009369 markers. For example, in a model fit to evaluate heterogeneity according to Gene@2099, Gene@5241 and Gene@2064 positive/negative status, and grade of differentiation (low, intermediate and high grade), the first stage incorporates case-control ORs for 24 subtypes defined by the cross-classification of these factors. The second stage restructures the first-stage subtype-specific case-control ORs parameters into second-stage parameters through a decomposition procedure resulting in a second-stage baseline parameter that represents a case-control OR of a baseline Disease@MESH:D009369 subtype, and case-case ORs parameters for each individual Disease@MESH:D009369 characteristic. The second-stage case-case parameters can be used to perform heterogeneity tests with respect to each specific Disease@MESH:D009369 marker while adjusting for the other Disease@MESH:D009369 markers in the model. The two-stage model efficiently handles missing data by implementing an Expectation-Maximization algorithm that essentially performs iterative \"imputation\" of the missing Disease@MESH:D009369 characteristics conditional on available Disease@MESH:D009369 characteristics and baseline covariates based on an underlying two-stage polytomous model. In the two-stage model, the frequency of different Disease@MESH:D009369 subtypes corresponding to different combinations of the Disease@MESH:D009369 characteristics are allowed to vary freely through the model-free specification of the intercepts of the first-stage polytomous model (alpham, see Supplementary Note for details), in other words, the intercepts are kept saturated. As these parameters are estimated from the data itself, the methodology accounts for the correlation among the Disease@MESH:D009369 markers in a robust manner that does not require strong modelling assumptions", "type": "paragraph"}, {"sent": "To identify novel susceptibility loci, we used both a fixed-effect two-stage polytomous model and a mixed-effect two-stage polytomous model. The score-test we developed based on the mixed-effect model allows coefficients associated with individual Disease@MESH:D009369 characteristics to enter as either fixed- or random-effect terms. Our previous analyses have shown that incorporation of random effect terms can improve power of the score-test by essentially reducing the effective degrees-of-freedom associated with fixed effects related to exploratory markers (i.e., markers for which there is little prior evidence to suggest that they are a source of heterogeneity). On the other hand, incorporation of fixed-effect terms can preserve distinct associations of known important Disease@MESH:D009369 characteristics, such as Gene@2099. In the mixed-effect two-stage polytomous model, we therefore kept Gene@2099 as a fixed effect, but modeled Gene@5241, Gene@2064 and grade as random effects. We evaluated variants with MAF >0.01 (~10.0 million) and r2>=0.3, and excluded variants within +-500 kb of, or in LD (r2>=0.1) with known susceptibility variants. A MAF >0.01 was chosen to ensure an adequate sample size to generate stable estimates. We reported variants that passed the p-value threshold of P < 5.0 x 10-8 in either the fixed- or mixed-effect models", "type": "paragraph"}, {"sent": "Both fixed/mixed-effect models adjusted for top ten PCs and age. As age is correlated with the Disease@MESH:D009369 characteristics, we added age as a covariate to improve the statistical power of Expectation-Maximization (EM) algorithm. Country was not adjusted for in the subtype analyses, since doing so required adequate sample size of each subtype in each country to allow for convergence of the two-stage polytomous model. Instead, we assessed the influence of country on signals identified by the two-stage models by performing a 'leave one out' sensitivity analyses in which we reevaluated novel signals after excluding data from each individual country. Data from the OncoArray and Disease@None were analyzed separately and then meta-analyzed using fixed-effects meta-analysis", "type": "paragraph"}, {"sent": "We tested for associations between variants and Disease@MESH:D001943 risk for Gene@672 mutation carriers using a score test statistic based on the retrospective likelihood of observing the variant genotypes conditional on Disease@MESH:D001943 phenotypes (Disease@MESH:D001943 status and censoring time). Analyses were performed separately for iCOGS and OncoArray data. To allow for non-independence among related individuals, a kinship-adjusted test was used that accounted for familial correlations. We stratified analyses by country of residence and, for countries where the strata were sufficiently large (United States and Canada), by Ashkenazi Jewish ancestry. The results from the iCOGS and OncoArray data were then pooled using fixed-effects meta-analysis", "type": "paragraph"}, {"sent": "As the great majority of Gene@672 related Disease@MESH:D001943 are triple-negative, we performed a meta-analysis with the BCAC triple-negative results to increase the power to detect associations for the triple-negative subtype. We performed a fixed-effects meta-analysis of the results from BCAC triple-negative cases and CIMBA Gene@672 mutation carriers, using an inverse-variance fixed-effects approach implemented in METAL. The estimates of association used were the logarithm of the per-allele hazard ratio estimate for association with Disease@MESH:D001943 risk for Gene@672 mutation carriers from CIMBA and the logarithm of the per-allele odds ratio estimate for association with risk of triple-negative Disease@MESH:D001943 based on BCAC data", "type": "paragraph"}, {"sent": "We performed two sets of conditional analyses. First, we investigated for evidence of multiple independent signals in identified loci by performing forward selection logistic regression, in which we adjusted the lead variant and analyzed association for all remaining variants within +-500 kb of the lead variants, irrespective of LD. Second, we confirmed the independence of 20 variants that were located within +-2 MB of a known susceptibility region by conditioning the identified signals on the nearby known signal. Since these 20 variants are already genome-wide significant in the original GWAS scan and the conditional analyses restricted to local regions, we therefore used a significance threshold of P < 1 x 10-6 to control for type-one error", "type": "paragraph"}, {"sent": "We evaluated all novel signals for evidence of heterogeneity using the two-stage polytomous model. We first performed a global test for heterogeneity under the mixed-effect model test to identify variants showing evidence of heterogeneity with respect to any of the underlying Disease@MESH:D009369 markers, Gene@2099, Gene@5241, Gene@2064 and/or grade. We accounted for multiple testing of the global heterogeneity test using a FDR <0.05 under the Benjamini-Hochberg procedure. Among the variants with observed heterogeneity, we then further used a fixed-effect two-stage model to evaluate influence of specific Disease@MESH:D009369 characteristic(s) driving observed heterogeneity, adjusted for the other markers in the model. We also fit a separate fixed-effect two-stage models to estimate case-control ORs and 95% confidence intervals (CI) for five surrogate intrinsic-like subtypes defined by combinations of Gene@2099, Gene@5241, Gene@2064 and grade: (1) luminal A-like (Gene@2099+ and/or Gene@5241+, Gene@2064-, grade 1 & 2); (2) luminal B/Gene@2064-negative-like (Gene@2099+ and/or Gene@5241+, Gene@2064-, grade 3); (3) luminal B-like (Gene@2099+ and/or Gene@5241+, Gene@2064+); (4) Gene@2064-enriched-like (Gene@2099- and Gene@5241-, Gene@2064+), and (5) triple-negative (Gene@2099-, Gene@5241-, Gene@2064-). Further, we conducted sensitivity analysis by fitting a standard polytomous model among cases with complete data on the five-intrinsic-like subtypes for the 32 novel variants and compared these results with the results from two-stage polytomous model accounting for missing Disease@MESH:D009369 data", "type": "paragraph"}, {"sent": "We defined credible sets of candidate causal variants (CCVs) as variants located within +-500 kb of the lead variants in each novel region and with P values within 100-fold of magnitude of the lead variants. This is approximately equivalent to selecting variants whose posterior probability of causality is within two orders of magnitude of the most significant variant. This approach was applied for detecting a set of potentially causal variants for all 32 identified variants. For the novel variants located within +-2 Mb of the known signals, we used the conditional P values to adjust for the known signals' associations", "type": "paragraph"}, {"sent": "We obtained enhancer maps for three enriched primary breast sub-populations (basal, luminal progenitor, and mature luminal) from Pellacani et al.. Enhancer annotations were defined as ACTIVE, PRIMED, or OFF based on a combination of H3K27ac and H3K4me1 histone modification ChIP-seq signals using FPKM thresholds as previously described. Briefly, genomic regions containing high H3K4me1 signal observed in any cell type were used to define the superset of breast regulatory elements. Sub-population cell type-specific H3K27ac signal (which is characteristic of active elements) within these elements was used as a measure of overall regulatory activity, where \"ACTIVE\" sites were characterized by H3K4me1-high, H3K27ac-high; \"PRIMED\" by H3K4me1-high, H3K27ac-low; and \"OFF\" by H3K4me1-low, H3K27ac-low. This enabled annotation of each enhancer element as either \"OFF\", \"PRIMED\" or \"ACTIVE\" in all cell types. We then defined enhancers which exhibit differing states between at least one cell type as \"ANYSWITCH\" enhancers", "type": "paragraph"}, {"sent": "We used LD score regression to estimate the genetic correlation between five intrinsic-like Disease@MESH:D001943 subtypes. The analysis used the summary statistics based on the meta-analysis of the OncoArray, and iCOGS, and CIMBA meta-analysis. The genetic correlation analysis was restricted to the ~1 million variants included in HapMap 3 with MAF > 1% and imputation quality score R2>0.3 in the OncoArray data. Since two-stage polytomous models integrated an imputation algorithm for missing Disease@MESH:D009369 characteristic data, we modified the LD score regression to generate the effective sample size for each variant (Supplementary Note)", "type": "paragraph"}, {"sent": "Genetic variance corresponds to heritability on the frailty-scale, which assumes a polygenetic log-additive model as the underlying model. Under the log-additive model, the frailty-scale heritability explained by the identified variants can be estimated by:  where n is the total number of identified variants, pi is the MAF for ith variant,  is the log odds ratio estimate for the ith variant, and taui is the is the standard error of  To obtain the frailty scale heritability for Disease@MESH:D001943 explained by all of the GWAS variants, we used LD score regression to estimate heritability  using the full set of summary statistics from either standard logistic regression for overall Disease@MESH:D001943, the two-stage polytomous regression for the intrinsic-like subtypes, or the CIMBA Gene@672 analysis for Gene@672 carriers.  is characterized by population variance of the underlying true polygenetic risk scores as , where Gm is the standardized genotype for mth variant, betam is the true log odds ratio mth variant, and M are the total number of causal variants among the GWAS variants. Thus, the proportion of heritability explained by identified variants relative to all imputable variants is:", "type": "paragraph"}, {"sent": "To estimate the proportion of the familial risk of Disease@MESH:D001943 that is explained by susceptibility variants, we defined the familial relative risk, lambda, as the familial relative risk assuming a polygenic log-additive model that explains all the Disease@MESH:D006402. Under the frailty scale, we define the broad sense heritability as sigma2. The relationship between lambda and sigma2 was shown to be sigma2 = 2 * log(lambda). We assumed lambda = 2 as the overall familial relative risk of Disease@MESH:D001943 thus sigma2 = 2log (2) and the proportion of the familial relative risk explained by identified susceptibility variants is , and the proportion of the familial relative risk explained by GWAS variants is . Analysis of heritability and the proportion of explained familial risk were restricted to 106,278 invasive cases and 91,477 controls (Supplementary Table 2). In addition, we compared estimates of GWAS chip hereditability across five-intrinsic subtypes using LD-score regression where the summary statistics were derived using either standard polytomous model applied to complete cases or the novel two-stage method that incorporates cases with missing Disease@MESH:D009369 characteristics", "type": "paragraph"}, {"sent": "We constructed PRSs for the intrinsic-like subtypes, incorporating the newly identified variants and 313 variants previously reported in the development of PRSs for overall and Gene@2099-specific Disease@MESH:D001943. The 313 SNPs include SNPs that didn't reach genome-wide significance. After excluding variants within 500 kb of the 313 SNPs or LD>=0.1, 17 out of the 32 novel variants were independent with the 313 SNPs. The BCAC data were split into the training dataset and test dataset with a proportion of 80% and 20%, respectively. Half of the test dataset were five studies nested within prospective cohorts including KARMA, MMHS, PLCO, SISTER, UKBGS (Supplementary Table 2) and the other half was randomly selected among the subjects in OncoArray, excluding studies of Disease@MESH:D001943, studies or sub studies with oversampling for family history, cases with ambiguous diagnosis, and cases with missing Disease@MESH:D009369 characteristics. We obtained the overall and Gene@2099-specific log odds ratios for 313 SNPs by respectively fitting standard and Gene@2099-specific logistic regression on the training dataset. We obtained the log odds ratio for 330 SNPs by fitting the fixed-effect two-stage polytomous model for five intrinsic-like subtypes on the training dataset (Supplementary Table 19)", "type": "paragraph"}, {"sent": "Further information on research design is available in the Nature Research Reporting Summary linked to this article", "type": "paragraph"}, {"sent": "Summary level statistics are available from http://bcac.ccge.medschl.cam.ac.uk/bcacdata/ and http://cimba.ccge.medschl.cam.ac.uk/projects/. Requests for data can be made to the corresponding author or the Data Access Coordination Committees (DACCs) of BCAC (see above URL) and CIMBA (see above URL). BCAC DACC approval is required to access data from the ABCFS, ABCS, ABCTB, BBCC, BBCS, BCEES, BCFR-NY, BCFR-PA, BCFR-UT, BCINIS, BSUCH, CBCS, CECILE, CGPS, CTS, DIETCOMPLYF, ESTHER, GC-HBOC, GENICA, GEPARSIXTO, GESBC, HABCS, HCSC, HEBCS, HMBCS, HUBCS, KARBAC, KBCP, LMBC, MABCS, MARIE, MBCSG, MCBCS, MISS, MMHS, MTLGEBCS, NC-BCFR, OFBCR, ORIGO, pKARMA, Gene@57630, PREFACE, RBCS, SKKDKFZS, SUCCESSB, SUCCESSC, SZBCS, TNBCC, UCIBCS, UKBGS and UKOPS studies (Supplementary Table 1). CIMBA DACC approval is required to access data from the BCFR-ON, CONSIT TEAM, DKFZ, EMBRACE, FPGMX, GC-HBOC, GEMO, G-FAST, HEBCS, HEBON, IHCC, INHERIT, IOVHBOCS, IPOBCS, MCGILL, MODSQUAD, NAROD, OCGN, OUH and UKGRFOCR studies (Supplementary Table 3)", "type": "paragraph"}, {"sent": "The data analysis code of this paper is available at https://github.com/andrewhaoyu/breast_Disease@MESH:D009369_data_analysis. The implementation of this two-stage polytomous regression method is available in a R package called TOP (https://github.com/andrewhaoyu/TOP) with a detailed tutorial available at https://github.com/andrewhaoyu/TOP/blob/master/inst/TOP.pdf", "type": "paragraph"}, {"sent": "Analyses included investigating for susceptibility variants for overall Disease@MESH:D001943 (invasive, in-situ or unknown invasiveness) and for susceptibility variants accounting for Disease@MESH:D009369 heterogeneity according to the Gene@2099 (Gene@2099), Gene@5241 (Gene@5241), human Gene@2064 (Gene@2064), and grade, and specifically investigating for variants that predispose for risk of the triple-negative subtype. 1) Genotyping data from two Illumina genome-wide custom arrays, the iCOGS and Oncoarray, and imputed to the 1000 Genomes Project (Phase 3). (2) Overall Disease@MESH:D001943 (invasive, in-situ, or unknown invasiveness) analyses included 82 studies from the Disease@MESH:D001943 Association Consortium (BCAC; 118,474 cases and 96,201 controls) and summary level data from 11 other Disease@MESH:D001943 (14,910 cases and 17,588 controls; Supplementary Table 1). (3) Analyses accounting for Disease@MESH:D009369 marker heterogeneity according to Gene@2099, Gene@5241, Gene@2064 and grade included 81 studies from BCAC (106,278 invasive cases and 91,477 controls). (4) Analyses investigating triple-negative susceptibility variants included 91,477 controls and 8,602 triple-negative TN (effective sample, see Supplementary Note) cases from BCAC and 9,414 affected and 9,494 unaffected Gene@672;675 carriers from 60 studies from the Consortium of Investigators of Modifiers of Gene@672;675 (CIMBA; Supplementary Table 3). (5) Variants excluded following conditional analyses showing the identified variants to not be independent (P>1x10-6) of 178 known susceptibility variants (see Online Methods). (6) See Supplementary Figure 6 for results of country-specific sensitivity analyses. (7) See Supplementary Table 5 for the 22 independent susceptibility variants identified in overall Disease@MESH:D001943 analyses. (8) See Supplementary Table 6 for the 16 independent susceptibility variants identified using two-stage polytomous regression, accounting for Disease@MESH:D009369 markers heterogeneity according to Gene@2099, Gene@5241, Gene@2064, and grade. Note that 8 of the 16 variants were also detected in the overall Disease@MESH:D001943 analysis (9) See Supplementary Table 7 for the 3 independent susceptibility variants identified in the CIMBA / BCAC- triple-negative TN meta-analysis. Note that Mutation@rs78378222 was detected in both the analyses using the two-stage polytomous regression and in CIMBA / BCAC- triple-negative TN", "type": "fig_caption"}, {"sent": "Odds ratios for different quantiles of the PRS against the middle quantile of the PRS. The odds ratios were estimated using the test dataset like (n = 7,325 Luminal-A like cases, n = 20,815 controls)", "type": "fig_caption"}, {"sent": "Odds ratios for different quantiles of the PRS against the middle quantile of the PRS. The odds ratios were estimated using the test dataset like (n= 1,779 Luminal B/Gene@2064-negative-like cases, n = 20,815 controls)", "type": "fig_caption"}, {"sent": "Odds ratios for different quantiles of the PRS against the middle quantile of the PRS. The odds ratios were estimated using the test dataset like (n = 1,682 Luminal B-like cases, n = 20,815 controls)", "type": "fig_caption"}, {"sent": "Odds ratios for different quantiles of the PRS against the middle quantile of the PRS. The odds ratios were estimated using the test dataset like (n = 718 Gene@2064-enriched- like, n = 20,815 controls)", "type": "fig_caption"}, {"sent": "Odds ratios for different quantiles of the PRS against the middle quantile of the PRS. The odds ratios were estimated using the test dataset like (n = 2,006 triple-negative cases, n = 20,815 controls)", "type": "fig_caption"}, {"sent": "Ideogram of all the independent genome-wide significant Disease@MESH:D001943 susceptibility variants in overall, subtypes, BCAC triple-negative (TN) and CIMBA Gene@672 carriers meta-analysis. The 32 novel variants are labeled with arrows. The other significant variants are within +-500 or LD > 0.3 with previously reported variants", "type": "fig_caption"}, {"sent": "Heatmap and clustering of p-values from marker specific heterogeneity test for 32 Disease@MESH:D001943 susceptibility loci (n = 106,278 invasive cases, n = 91,477 controls). P-values are for associations between the most significant variants marking each loci and Gene@2099 (Gene@2099), Gene@5241 (Gene@5241), human Gene@2064 (Gene@2064) or grade, adjusting for top ten principal components and age. P-values are raw p-values from two-tailed z-test statistics. Fifteen variants in red color were significant according to the global heterogeneity tests (FDR <0.05), of which 14 were identified by methods accounting for Disease@MESH:D009369 heterogeneity. TN, triple negative", "type": "fig_caption"}, {"sent": "Susceptibility variants with associations in opposite direction across subtypes. The case-control odds ratios (OR) and 95% confidence intervals (95% CI) (left panel) are for associations of each of the five variants and risk for Disease@MESH:D001943 intrinsic-like subtypes estimated from the first-stage of the two-stage polytomous regression fixed-effects model (n = 106,278 invasive cases, n = 91,477 controls). The case-case ORs 95%CI (right panel) are estimated from the second stage parameters of a fixed effect two-stage polytomous models testing for heterogeneity between the five variants and Gene@2099 (Gene@2099), Gene@5241 (Gene@5241), human Gene@2064 (Gene@2064) and grade, where Gene@2099, Gene@5241, Gene@2064, and grade are mutually adjusted for each other. MAF, minor allele frequency", "type": "fig_caption"}, {"sent": "Heatmap of candidate causal variants (CCVs) overlapping with enhancer states in primary breast subpopulations for five variants with associations in opposite direction across subtypes. Three different breast subpopulations were considered: basal cells (BC), luminal progenitor (LP) and luminal cells mature (LM). Based on a combination of H3K4me1 and H3K27ac histone modification ChiP-seq signals, putative enhancers in BC, LP, and LM were characterized as \"OFF\", \"PRIMED\" and \"ACTIVE\" (Online Methods). The CCVs overlapping with enhancers were colored as red, otherwise were white", "type": "fig_caption"}, {"sent": "Genetic correlation between the five intrinsic-like Disease@MESH:D001943 subtypes and Gene@672 mutation carriers estimated through LD score regression. See Supplementary Table 16 for further details. Both the color and size of the circles reflect the strength of the genetic correlations", "type": "fig_caption"}, {"sent": "Genetic variance of Disease@MESH:D001943 explained by identified susceptibility variants and all reliably genome-wide imputable variants", "type": "table_caption"}]}